{"type":"FeatureCollection","features":[{"type":"Feature","geometry":{"type":"Point","coordinates":[121.549815,25.063374]},"properties":{"city":"taipei","name":"五花馬-松山機場","reg_no":"A-154060356-00002-9","address":"臺北市松山區敦化北路340之10號2樓","district":"松山區","result":"優"}},{"type":"Feature","geometry":{"type":"Point","coordinates":[121.549815,25.063374]},"properties":{"city":"taipei","name":"林翠華養生饅頭-松山機場","reg_no":"A-202265142-00001-2","address":"臺北市松山區敦化北路340之10號2樓","district":"松山區","result":"優"}},{"type":"Feature","geometry":{"type":"Point","coordinates":[121.549815,25.063374]},"properties":{"city":"taipei","name":"二師兄肉羹-松山機場","reg_no":"A-183048655-00006-3","address":"臺北市松山區敦化北路340之10號2樓","district":"松山區","result":"優"}},{"type":"Feature","geometry":{"type":"Point","coordinates":[121.551732,25.05883]},"properties":{"city":"taipei","name":"麥當勞民生二和德昌(股)公司","reg_no":"A-112411160-00927-2","address":"臺北市松山區民生東路5段234號","district":"松山區","result":"優"}},{"type":"Feature","geometry":{"type":"Point","coordinates":[121.557355,25.084566]},"properties":{"city":"taipei","name":"麥當勞 - 台北北安","reg_no":"A-112411160-01008-3","address":"臺北市中山區北安路626號1樓","district":"中山區","result":"優"}},{"type":"Feature","geometry":{"type":"Point","coordinates":[121.533847,25.054692]},"properties":{"city":"taipei","name":"麥當勞-長春","reg_no":"A-112411160-00856-3","address":"臺北市中山區長春路172號","district":"中山區","result":"優"}},{"type":"Feature","geometry":{"type":"Point","coordinates":[121.534984,25.061897]},"properties":{"city":"taipei","name":"麥當勞-台北民權II分公司","reg_no":"A-112411160-00907-0","address":"臺北市中山區民權東路2段43號1樓","district":"中山區","result":"優"}},{"type":"Feature","geometry":{"type":"Point","coordinates":[121.556709,25.082926]},"properties":{"city":"taipei","name":"韓姜熙的小廚房 - 台北大直店","reg_no":"A-128841757-00112-4","address":"臺北市中山區敬業三路20號B1","district":"中山區","result":"優"}},{"type":"Feature","geometry":{"type":"Point","coordinates":[121.524435,25.063064]},"properties":{"city":"taipei","name":"台北中山雅樂軒酒店","reg_no":"A-142647488-00001-2","address":"臺北市中山區雙城街1號","district":"中山區","result":"優"}},{"type":"Feature","geometry":{"type":"Point","coordinates":[121.514573,25.053401]},"properties":{"city":"taipei","name":"Mo-Mo-Paradise台北中山牧場","reg_no":"A-116098275-00011-8","address":"臺北市中山區南京西路6號2樓","district":"中山區","result":"優"}},{"type":"Feature","geometry":{"type":"Point","coordinates":[121.595903,25.0645]},"properties":{"city":"taipei","name":"麥當勞-民權一","reg_no":"A-112411160-00900-3","address":"臺北市松山區民權東路3段128號1樓","district":"松山區","result":"優"}},{"type":"Feature","geometry":{"type":"Point","coordinates":[121.554954,25.052314]},"properties":{"city":"taipei","name":"麥當勞-台北南京六","reg_no":"A-112411160-01715-8","address":"臺北市松山區南京東路4段57號","district":"松山區","result":"優"}},{"type":"Feature","geometry":{"type":"Point","coordinates":[121.552092,25.056749]},"properties":{"city":"taipei","name":"樂雅樂餐廳-敦化店","reg_no":"A-123932737-00003-7","address":"臺北市松山區敦化北路199巷9號1樓","district":"松山區","result":"優"}},{"type":"Feature","geometry":{"type":"Point","coordinates":[121.56126,24.983436]},"properties":{"city":"taipei","name":"大來自助餐-台北市萬芳醫院","reg_no":"A-154280160-00002-6","address":"臺北市文山區興隆路3段111號B1","district":"文山區","result":"優"}},{"type":"Feature","geometry":{"type":"Point","coordinates":[121.56126,24.983436]},"properties":{"city":"taipei","name":"我家養生料理-台北市萬芳醫院","reg_no":"A-137884600-00001-5","address":"臺北市文山區興隆路3段111號B1","district":"文山區","result":"優"}},{"type":"Feature","geometry":{"type":"Point","coordinates":[121.533035,25.109595]},"properties":{"city":"taipei","name":"麥當勞-台北德行餐廳","reg_no":"A-112411160-00945-2","address":"臺北市士林區臺北市士林區德行東路227號1樓","district":"士林區","result":"優"}},{"type":"Feature","geometry":{"type":"Point","coordinates":[121.514191,25.064679]},"properties":{"city":"taipei","name":"麥當勞-重北一餐廳","reg_no":"A-112411160-00862-0","address":"臺北市士林區臺北市士林區重慶北路4段123號","district":"士林區","result":"優"}},{"type":"Feature","geometry":{"type":"Point","coordinates":[121.518555,25.040776]},"properties":{"city":"taipei","name":"西雅圖極品咖啡-台大醫院店","reg_no":"A-116852172-00045-9","address":"臺北市中正區中山南路7號","district":"中正區","result":"優"}},{"type":"Feature","geometry":{"type":"Point","coordinates":[121.517055,25.047176]},"properties":{"city":"taipei","name":"乾杯股份有限公司-黑毛屋(微風北車店)","reg_no":"A-170443909-00048-6","address":"臺北市中正區北平西路3號2樓","district":"中正區","result":"優"}},{"type":"Feature","geometry":{"type":"Point","coordinates":[121.518991,25.046234]},"properties":{"city":"taipei","name":"台北凱撒大飯店-王朝中餐廳","reg_no":"A-103631207-00003-3","address":"臺北市中正區忠孝西路1段38號","district":"中正區","result":"優"}},{"type":"Feature","geometry":{"type":"Point","coordinates":[121.518991,25.046234]},"properties":{"city":"taipei","name":"凱撒大飯店-checkers自助餐","reg_no":"A-103631207-00002-2","address":"臺北市中正區忠孝西路1段38號2樓","district":"中正區","result":"優"}},{"type":"Feature","geometry":{"type":"Point","coordinates":[121.526363,25.041384]},"properties":{"city":"taipei","name":"麥當勞-台北濟南","reg_no":"A-112411160-00931-7","address":"臺北市中正區濟南路2段66號1樓","district":"中正區","result":"優"}},{"type":"Feature","geometry":{"type":"Point","coordinates":[121.575969,25.001273]},"properties":{"city":"taipei","name":"麥當勞-台北木柵店","reg_no":"A-112411160-00952-0","address":"臺北市文山區木柵路3段57號1樓","district":"文山區","result":"優"}},{"type":"Feature","geometry":{"type":"Point","coordinates":[121.593283,24.973078]},"properties":{"city":"taipei","name":"麥當勞-台北指南店","reg_no":"A-112411160-00990-2","address":"臺北市文山區指南路2段67號1樓","district":"文山區","result":"優"}},{"type":"Feature","geometry":{"type":"Point","coordinates":[121.507343,25.044226]},"properties":{"city":"taipei","name":"肉多多-台北西門營業所","reg_no":"A-183053426-00085-2","address":"臺北市萬華區漢中街42號4樓","district":"萬華區","result":"優"}},{"type":"Feature","geometry":{"type":"Point","coordinates":[121.505278,25.044917]},"properties":{"city":"taipei","name":"麥當勞-昆明","reg_no":"A-112411160-00832-7","address":"臺北市萬華區昆明街92之4號","district":"萬華區","result":"優"}},{"type":"Feature","geometry":{"type":"Point","coordinates":[121.578764,25.036732]},"properties":{"city":"taipei","name":"麥當勞-松山車站","reg_no":"A-112411160-01200-7","address":"臺北市信義區松山路11號1樓","district":"信義區","result":"優"}},{"type":"Feature","geometry":{"type":"Point","coordinates":[121.615837,25.057322]},"properties":{"city":"taipei","name":"樂雅樂餐廳-南港店","reg_no":"A-123932737-00010-5","address":"臺北市南港區經貿二路66之1號","district":"南港區","result":"優"}},{"type":"Feature","geometry":{"type":"Point","coordinates":[121.611534,25.05317]},"properties":{"city":"taipei","name":"涓豆腐-南港車站店","reg_no":"A-128841757-00043-7","address":"臺北市南港區忠孝東路7段369號8樓C棟","district":"南港區","result":"優"}},{"type":"Feature","geometry":{"type":"Point","coordinates":[121.614969,25.058743]},"properties":{"city":"taipei","name":"乾杯-南港中信店","reg_no":"A-170443909-00027-3","address":"臺北市南港區經貿二路186之1號2樓","district":"南港區","result":"優"}},{"type":"Feature","geometry":{"type":"Point","coordinates":[121.567465,25.038618]},"properties":{"city":"taipei","name":"台北艾麗酒店-宴會廳","reg_no":"A-153098740-00002-6","address":"臺北市信義區松高路18號5樓","district":"信義區","result":"優"}},{"type":"Feature","geometry":{"type":"Point","coordinates":[121.567465,25.038618]},"properties":{"city":"taipei","name":"台北艾麗酒店-La Farfalla","reg_no":"A-153098740-00001-5","address":"臺北市信義區松高路18號6樓","district":"信義區","result":"優"}},{"type":"Feature","geometry":{"type":"Point","coordinates":[121.566664,25.03936]},"properties":{"city":"taipei","name":"黑毛屋本家-信義店","reg_no":"A-170443909-00022-8","address":"臺北市信義區松高路19號6樓","district":"信義區","result":"優"}},{"type":"Feature","geometry":{"type":"Point","coordinates":[121.56666,25.036082]},"properties":{"city":"taipei","name":"老乾杯-信義店","reg_no":"A-170443909-00014-9","address":"臺北市信義區松壽路9號8樓","district":"信義區","result":"優"}},{"type":"Feature","geometry":{"type":"Point","coordinates":[121.566797,25.038814]},"properties":{"city":"taipei","name":"麥當勞-新光信義","reg_no":"A-112411160-01105-1","address":"臺北市信義區松高路12號B2","district":"信義區","result":"優"}},{"type":"Feature","geometry":{"type":"Point","coordinates":[121.519327,25.089341]},"properties":{"city":"taipei","name":"三澧企業股份有限公司-天吉屋 台北京站店","reg_no":"A-116098275-00017-4","address":"臺北市大同區承德路1段1號1樓","district":"大同區","result":"優"}},{"type":"Feature","geometry":{"type":"Point","coordinates":[121.519327,25.089341]},"properties":{"city":"taipei","name":"三澧企業股份有限公司-BELLINI Pasta Pasta 台北京站店","reg_no":"A-116098275-00023-1","address":"臺北市大同區承德路1段1號4樓","district":"大同區","result":"優"}},{"type":"Feature","geometry":{"type":"Point","coordinates":[121.519327,25.089341]},"properties":{"city":"taipei","name":"三澧企業股份有限公司 Mo-Mo-Paradise 台北京站牧場","reg_no":"A-116098275-00009-5","address":"臺北市大同區承德路1段1號4樓","district":"大同區","result":"優"}},{"type":"Feature","geometry":{"type":"Point","coordinates":[121.579008,25.051704]},"properties":{"city":"taipei","name":"紅蕃茄餐飲-臺北市立中崙高中 ","reg_no":"A-124399710-00036-2","address":"臺北市松山區八德路4段101號","district":"松山區","result":"優"}},{"type":"Feature","geometry":{"type":"Point","coordinates":[121.505278,25.044917]},"properties":{"city":"taipei","name":"築間-台北西門町店","reg_no":"A-183293333-00019-2","address":"臺北市萬華區昆明街92之1號2樓","district":"萬華區","result":"優"}},{"type":"Feature","geometry":{"type":"Point","coordinates":[121.505572,25.045313]},"properties":{"city":"taipei","name":"樂麵屋 (西門店)","reg_no":"A-128514120-00005-6","address":"臺北市萬華區昆明街25號","district":"萬華區","result":"優"}},{"type":"Feature","geometry":{"type":"Point","coordinates":[121.506657,25.044523]},"properties":{"city":"taipei","name":"兩餐年糕火鍋吃到飽 西門店","reg_no":"A-145899471-00013-9","address":"臺北市萬華區西寧南路123號4樓","district":"萬華區","result":"優"}},{"type":"Feature","geometry":{"type":"Point","coordinates":[121.495751,25.038089]},"properties":{"city":"taipei","name":"石二鍋台北家樂福桂林店","reg_no":"A-161210008-00036-5","address":"臺北市萬華區桂林路1號","district":"萬華區","result":"優"}},{"type":"Feature","geometry":{"type":"Point","coordinates":[121.536318,25.046905]},"properties":{"city":"taipei","name":"品粹國際股份有限公司-Molino de Urdániz 渥達尼斯磨坊","reg_no":"A-124970147-00001-3","address":"臺北市中山區建國北路1段61號GF","district":"中山區","result":"優"}},{"type":"Feature","geometry":{"type":"Point","coordinates":[121.530307,25.063197]},"properties":{"city":"taipei","name":"鬍鬚張股份有限公司-鬍鬚張-台北吉林店","reg_no":"A-122721208-00011-4","address":"臺北市中山區吉林路220號","district":"中山區","result":"優"}},{"type":"Feature","geometry":{"type":"Point","coordinates":[121.555907,25.083572]},"properties":{"city":"taipei","name":"登峰旅館股份有限公司-薇閣精品旅館-大直館","reg_no":"A-127316811-00001-8","address":"臺北市中山區敬業三路11號","district":"中山區","result":"優"}},{"type":"Feature","geometry":{"type":"Point","coordinates":[121.556709,25.082926]},"properties":{"city":"taipei","name":"荃鴻股份有限公司Krispy Kreme-美麗華","reg_no":"A-154055473-00016-8","address":"臺北市中山區敬業三路20號B1","district":"中山區","result":"優"}},{"type":"Feature","geometry":{"type":"Point","coordinates":[121.539251,25.079455]},"properties":{"city":"taipei","name":"鬍鬚張股份有限公司鬍鬚張-大直北安店","reg_no":"A-122721208-00031-6","address":"臺北市中山區北安路631號","district":"中山區","result":"優"}},{"type":"Feature","geometry":{"type":"Point","coordinates":[121.542365,25.052796]},"properties":{"city":"taipei","name":"台北國賓大飯店-國賓中餐廳","reg_no":"A-111636802-00001-6","address":"臺北市中山區遼寧街177號2樓","district":"中山區","result":"優"}},{"type":"Feature","geometry":{"type":"Point","coordinates":[121.542365,25.052796]},"properties":{"city":"taipei","name":"台北國賓大飯店-A CUT牛排館","reg_no":"A-111636802-00004-9","address":"臺北市中山區遼寧街177號2樓","district":"中山區","result":"優"}},{"type":"Feature","geometry":{"type":"Point","coordinates":[121.520905,25.099616]},"properties":{"city":"taipei","name":"臺北市士林區文昌國民小學駐點廚房 (上將食品)","reg_no":"A-131008061-00001-8","address":"臺北市士林區文林路615巷20號","district":"士林區","result":"優"}},{"type":"Feature","geometry":{"type":"Point","coordinates":[121.552555,25.117972]},"properties":{"city":"taipei","name":"臺北市私立華興高級中等學校廚房","reg_no":"A-101056109-00001-1","address":"臺北市士林區仰德大道1段101號","district":"士林區","result":"優"}},{"type":"Feature","geometry":{"type":"Point","coordinates":[121.531935,25.11417]},"properties":{"city":"taipei","name":"開飯川食堂-天母店","reg_no":"A-179955280-00199-2","address":"臺北市士林區忠誠路2段55號5樓","district":"士林區","result":"優"}},{"type":"Feature","geometry":{"type":"Point","coordinates":[121.531935,25.11417]},"properties":{"city":"taipei","name":"饗泰多-天母店","reg_no":"A-179955280-00200-5","address":"臺北市士林區忠誠路2段55號5樓","district":"士林區","result":"優"}},{"type":"Feature","geometry":{"type":"Point","coordinates":[121.531935,25.11417]},"properties":{"city":"taipei","name":"果然匯-天母店","reg_no":"A-179955280-00201-6","address":"臺北市士林區忠誠路2段55號B1","district":"士林區","result":"優"}},{"type":"Feature","geometry":{"type":"Point","coordinates":[121.517055,25.047176]},"properties":{"city":"taipei","name":"beard papa 微風北車店","reg_no":"A-180292991-00002-0","address":"臺北市中正區北平西路3號1樓","district":"中正區","result":"優"}},{"type":"Feature","geometry":{"type":"Point","coordinates":[121.517055,25.047176]},"properties":{"city":"taipei","name":"徹思叔叔起司蛋糕-微風北車店","reg_no":"A-153740383-00009-0","address":"臺北市中正區北平西路3號1樓","district":"中正區","result":"優"}},{"type":"Feature","geometry":{"type":"Point","coordinates":[121.518555,25.040776]},"properties":{"city":"taipei","name":"老董牛肉麵-微風台大醫院店","reg_no":"A-194050426-00006-4","address":"臺北市中正區中山南路7號B1","district":"中正區","result":"優"}},{"type":"Feature","geometry":{"type":"Point","coordinates":[121.518555,25.040776]},"properties":{"city":"taipei","name":"安永鮮食-微風台大醫院店","reg_no":"A-153949524-00027-8","address":"臺北市中正區中山南路7號B1","district":"中正區","result":"優"}},{"type":"Feature","geometry":{"type":"Point","coordinates":[121.518555,25.040776]},"properties":{"city":"taipei","name":"明德素食園-微風台大醫院店","reg_no":"A-127787256-00002-4","address":"臺北市中正區中山南路7號B1","district":"中正區","result":"優"}},{"type":"Feature","geometry":{"type":"Point","coordinates":[121.518555,25.040776]},"properties":{"city":"taipei","name":"太傻包子-微風台大醫院店","reg_no":"A-278958562-00001-0","address":"臺北市中正區中山南路7號B1","district":"中正區","result":"優"}},{"type":"Feature","geometry":{"type":"Point","coordinates":[121.523115,25.025418]},"properties":{"city":"taipei","name":"鬍鬚張-台北南昌店","reg_no":"A-122721208-00027-1","address":"臺北市中正區南昌路1段70號","district":"中正區","result":"優"}},{"type":"Feature","geometry":{"type":"Point","coordinates":[121.544039,25.041842]},"properties":{"city":"taipei","name":"鬍鬚張-台北華山店","reg_no":"F-122721208-00050-2","address":"臺北市中正區忠孝東路1段150號","district":"中正區","result":"優"}},{"type":"Feature","geometry":{"type":"Point","coordinates":[121.595903,25.0645]},"properties":{"city":"taipei","name":"石二鍋台北民權東店","reg_no":"A-161210008-00025-3","address":"臺北市中山區民權東路3段19號","district":"中山區","result":"優"}},{"type":"Feature","geometry":{"type":"Point","coordinates":[121.549815,25.063374]},"properties":{"city":"taipei","name":"松山機場聯合貴賓室(高雄空廚公司)","reg_no":"A-170750455-00015-7","address":"臺北市松山區敦化北路340之9號3樓","district":"松山區","result":"優"}},{"type":"Feature","geometry":{"type":"Point","coordinates":[121.531618,25.095139]},"properties":{"city":"taipei","name":"大地酒店-奇岩一號","reg_no":"A-153952668-00007-9","address":"臺北市北投區奇岩路1號","district":"北投區","result":"優"}},{"type":"Feature","geometry":{"type":"Point","coordinates":[121.531618,25.095139]},"properties":{"city":"taipei","name":"大地酒店-月兒彎彎","reg_no":"A-153952668-00005-7","address":"臺北市北投區奇岩路1號","district":"北投區","result":"優"}},{"type":"Feature","geometry":{"type":"Point","coordinates":[121.517954,25.081538]},"properties":{"city":"taipei","name":"劍潭國小廚房 (味安餐飲)","reg_no":"A-183160925-00012-5","address":"臺北市士林區通河街16號","district":"士林區","result":"優"}},{"type":"Feature","geometry":{"type":"Point","coordinates":[121.514443,25.024928]},"properties":{"city":"taipei","name":"螢橋國小廚房 (味安餐飲)","reg_no":"A-183160925-00013-6","address":"臺北市中正區詔安街29號","district":"中正區","result":"優"}},{"type":"Feature","geometry":{"type":"Point","coordinates":[121.579008,25.051704]},"properties":{"city":"taipei","name":"松山國小廚房 (味安餐飲)","reg_no":"A-183160925-00007-9","address":"臺北市松山區八德路4段746號","district":"松山區","result":"優"}},{"type":"Feature","geometry":{"type":"Point","coordinates":[121.554955,25.036696]},"properties":{"city":"taipei","name":"幸安國民小學午餐廚房 (中原食品)","reg_no":"A-122640634-00021-8","address":"臺北市大安區仁愛路3段22號","district":"大安區","result":"優"}},{"type":"Feature","geometry":{"type":"Point","coordinates":[121.591361,25.088584]},"properties":{"city":"taipei","name":"鬍鬚張-內湖湖光店","reg_no":"A-122721208-00079-8","address":"臺北市內湖區功路3段177號1樓","district":"內湖區","result":"優"}},{"type":"Feature","geometry":{"type":"Point","coordinates":[121.608953,25.068023]},"properties":{"city":"taipei","name":"南湖國民小學午餐廚房(中原食品)","reg_no":"A-122640634-00019-5","address":"臺北市內湖區康寧路3段200號","district":"內湖區","result":"優"}},{"type":"Feature","geometry":{"type":"Point","coordinates":[121.572466,25.08351]},"properties":{"city":"taipei","name":"麗山國民小學駐點廚房 (上將食品)","reg_no":"A-108611406-00001-5","address":"臺北市內湖區港華街100號","district":"內湖區","result":"優"}},{"type":"Feature","geometry":{"type":"Point","coordinates":[121.619539,25.055385]},"properties":{"city":"taipei","name":"宮保王食品有限公司","reg_no":"A-197307955-00001-4","address":"臺北市南港區南港路3段149巷49弄12、14號","district":"南港區","result":"優"}},{"type":"Feature","geometry":{"type":"Point","coordinates":[121.546231,25.083587]},"properties":{"city":"taipei","name":"佳善自助餐-實踐大學店","reg_no":"A-200234907-00001-5","address":"臺北市中山區大直街70號","district":"中山區","result":"優"}},{"type":"Feature","geometry":{"type":"Point","coordinates":[121.546231,25.083587]},"properties":{"city":"taipei","name":"輔大豬排-實踐大學店","reg_no":"A-200132697-00000-7","address":"臺北市中山區大直街70號","district":"中山區","result":"優"}},{"type":"Feature","geometry":{"type":"Point","coordinates":[121.529632,25.031939]},"properties":{"city":"taipei","name":"樂麵屋 (永康公園店)","reg_no":"A-128514120-00004-5","address":"臺北市大安區永康街10巷3號","district":"大安區","result":"優"}},{"type":"Feature","geometry":{"type":"Point","coordinates":[121.529632,25.031939]},"properties":{"city":"taipei","name":"Rice℃afé杓文字","reg_no":"A-142863611-00002-1","address":"臺北市大安區永康街10巷7號","district":"大安區","result":"優"}},{"type":"Feature","geometry":{"type":"Point","coordinates":[121.520045,25.043187]},"properties":{"city":"taipei","name":"成功高中-紅太陽廚房","reg_no":"A-189780471-00007-9","address":"臺北市中正區濟南路1段71號","district":"中正區","result":"優"}},{"type":"Feature","geometry":{"type":"Point","coordinates":[121.546668,25.020725]},"properties":{"city":"taipei","name":"和平國民小學午餐廚房(中原食品)","reg_no":"A-122640634-00025-2","address":"臺北市大安區敦南街76巷28號","district":"大安區","result":"優"}},{"type":"Feature","geometry":{"type":"Point","coordinates":[121.544039,25.041842]},"properties":{"city":"taipei","name":"和逸飯店-台北忠孝館","reg_no":"A-154180916-00001-3","address":"臺北市中正區忠孝東路1段31號","district":"中正區","result":"優"}},{"type":"Feature","geometry":{"type":"Point","coordinates":[121.519327,25.089341]},"properties":{"city":"taipei","name":"饗食天堂京站店","reg_no":"A-179955280-00112-7","address":"臺北市大同區承德路1段1號4樓","district":"大同區","result":"優"}},{"type":"Feature","geometry":{"type":"Point","coordinates":[121.519327,25.089341]},"properties":{"city":"taipei","name":"開飯川食堂京站店","reg_no":"A-179955280-00121-7","address":"臺北市大同區承德路1段1號4樓","district":"大同區","result":"優"}},{"type":"Feature","geometry":{"type":"Point","coordinates":[121.520045,25.043187]},"properties":{"city":"taipei","name":"成功高中-熱食一 (品大餐飲)","reg_no":"A-200209691-00001-7","address":"臺北市中正區濟南路1段71號","district":"中正區","result":"優"}},{"type":"Feature","geometry":{"type":"Point","coordinates":[121.515329,25.056563]},"properties":{"city":"taipei","name":"鬍鬚張-美食文化館","reg_no":"A-122721208-00002-4","address":"臺北市大同區寧夏路54號","district":"大同區","result":"優"}},{"type":"Feature","geometry":{"type":"Point","coordinates":[121.520045,25.043187]},"properties":{"city":"taipei","name":"開南高級中等學校熱食部 (冠霖物流)","reg_no":"A-127754430-00004-4","address":"臺北市中正區濟南路1段6號","district":"中正區","result":"優"}},{"type":"Feature","geometry":{"type":"Point","coordinates":[121.504276,25.154732]},"properties":{"city":"taipei","name":"大屯國民小學午餐廚房 (中原食品)","reg_no":"A-122640634-00022-9","address":"臺北市北投區復興三路312號","district":"北投區","result":"優"}},{"type":"Feature","geometry":{"type":"Point","coordinates":[121.498104,25.135916]},"properties":{"city":"taipei","name":"麥當勞-台北中央","reg_no":"A-112411160-01114-1","address":"臺北市北投區中央北路4段532號1樓","district":"北投區","result":"優"}},{"type":"Feature","geometry":{"type":"Point","coordinates":[121.573666,25.073638]},"properties":{"city":"taipei","name":"Mo-Mo-Paradise 內湖大潤發牧場","reg_no":"A-116098275-00038-7","address":"臺北市內湖區舊宗路1段188號","district":"內湖區","result":"優"}},{"type":"Feature","geometry":{"type":"Point","coordinates":[121.593124,25.085777]},"properties":{"city":"taipei","name":"麥當勞-內湖金龍","reg_no":"A-112411160-01697-7","address":"臺北市內湖區金龍路6號","district":"內湖區","result":"優"}},{"type":"Feature","geometry":{"type":"Point","coordinates":[121.567965,25.080826]},"properties":{"city":"taipei","name":"樂雅樂餐廳-西湖店","reg_no":"A-123932737-00067-7","address":"臺北市內湖區瑞光路583巷31號1樓","district":"內湖區","result":"優"}},{"type":"Feature","geometry":{"type":"Point","coordinates":[121.59363,25.084126]},"properties":{"city":"taipei","name":"北村豆腐家-內湖潤泰店","reg_no":"A-128841757-00032-5","address":"臺北市內湖區成功路4段188號2樓","district":"內湖區","result":"良"}},{"type":"Feature","geometry":{"type":"Point","coordinates":[121.523114,25.116369]},"properties":{"city":"taipei","name":"西雅圖極品咖啡-振興醫院店","reg_no":"A-116852172-00019-0","address":"臺北市北投區振興街45號","district":"北投區","result":"優"}},{"type":"Feature","geometry":{"type":"Point","coordinates":[121.499844,25.129454]},"properties":{"city":"taipei","name":"樂雅樂餐廳-北投店","reg_no":"A-123932737-00001-5","address":"臺北市北投區北投路2段9號1樓","district":"北投區","result":"優"}},{"type":"Feature","geometry":{"type":"Point","coordinates":[121.509695,25.113524]},"properties":{"city":"taipei","name":"鬍鬚張-台北石牌店","reg_no":"F-122721208-00051-3","address":"臺北市北投區石牌路2段25號","district":"北投區","result":"優"}},{"type":"Feature","geometry":{"type":"Point","coordinates":[121.575959,25.075881]},"properties":{"city":"taipei","name":"鬍鬚張-內湖瑞光店","reg_no":"A-122721208-00037-2","address":"臺北市內湖區瑞光路301號","district":"內湖區","result":"優"}},{"type":"Feature","geometry":{"type":"Point","coordinates":[121.466276,25.130012]},"properties":{"city":"taipei","name":"小王子的飛行旅程餐廳-國立臺北藝術大學","reg_no":"A-152610926-00012-2","address":"臺北市北投區學園路1號","district":"北投區","result":"優"}},{"type":"Feature","geometry":{"type":"Point","coordinates":[121.466276,25.130012]},"properties":{"city":"taipei","name":"達文西廚房-國立臺北藝術大學","reg_no":"A-183052094-00000-9","address":"臺北市北投區學園路1號","district":"北投區","result":"優"}},{"type":"Feature","geometry":{"type":"Point","coordinates":[121.582612,25.086044]},"properties":{"city":"taipei","name":"築間-台北內湖店","reg_no":"A-183293333-00079-8","address":"臺北市內湖區內湖路1段318號","district":"內湖區","result":"優"}},{"type":"Feature","geometry":{"type":"Point","coordinates":[121.523114,25.116369]},"properties":{"city":"taipei","name":"悅廚-振興醫院店","reg_no":"A-179394302-00001-6","address":"臺北市北投區振興街45號","district":"北投區","result":"優"}},{"type":"Feature","geometry":{"type":"Point","coordinates":[121.533367,25.125206]},"properties":{"city":"taipei","name":"麥當勞 - 士林餐廳","reg_no":"A-112411160-00855-2","address":"臺北市士林區中山北路5段602號","district":"士林區","result":"優"}},{"type":"Feature","geometry":{"type":"Point","coordinates":[121.533367,25.125206]},"properties":{"city":"taipei","name":"士林 萬麗酒店 宴會廳","reg_no":"A-153751439-00003-8","address":"臺北市士林區中山北路5段470巷8號","district":"士林區","result":"優"}},{"type":"Feature","geometry":{"type":"Point","coordinates":[121.533367,25.125206]},"properties":{"city":"taipei","name":"士林 萬麗酒店 Tea Lab茶坊","reg_no":"A-153751439-00004-9","address":"臺北市士林區中山北路5段470巷8號","district":"士林區","result":"優"}},{"type":"Feature","geometry":{"type":"Point","coordinates":[121.533367,25.125206]},"properties":{"city":"taipei","name":"士林 萬麗酒店 R-bar","reg_no":"A-153751439-00005-0","address":"臺北市士林區中山北路5段470巷8號","district":"士林區","result":"優"}},{"type":"Feature","geometry":{"type":"Point","coordinates":[121.533367,25.125206]},"properties":{"city":"taipei","name":"士林 萬麗酒店 士林廚房","reg_no":"A-153751439-00002-7","address":"臺北市士林區中山北路5段470巷8號","district":"士林區","result":"優"}},{"type":"Feature","geometry":{"type":"Point","coordinates":[121.533367,25.125206]},"properties":{"city":"taipei","name":"士林 萬麗酒店 萬麗軒","reg_no":"A-153751439-00001-6","address":"臺北市士林區中山北路5段470巷8號","district":"士林區","result":"優"}},{"type":"Feature","geometry":{"type":"Point","coordinates":[121.574333,25.040053]},"properties":{"city":"taipei","name":"饗饗餐廳 信義店","reg_no":"A-179955280-00142-0","address":"臺北市信義區忠孝東路5段68號46樓","district":"信義區","result":"優"}},{"type":"Feature","geometry":{"type":"Point","coordinates":[121.574333,25.040053]},"properties":{"city":"taipei","name":"彭園會館 台北館","reg_no":"A-127973174-00001-9","address":"臺北市信義區忠孝東路5段297號5樓","district":"信義區","result":"良"}},{"type":"Feature","geometry":{"type":"Point","coordinates":[121.567277,25.038729]},"properties":{"city":"taipei","name":"藏壽司 松高店","reg_no":"A-154669129-00022-4","address":"臺北市信義區松高路16號B1","district":"信義區","result":"優"}},{"type":"Feature","geometry":{"type":"Point","coordinates":[121.567277,25.038729]},"properties":{"city":"taipei","name":"TGI Fridays星期五餐廳　松高店","reg_no":"A-123932928-00023-1","address":"臺北市信義區松高路16號3樓","district":"信義區","result":"優"}},{"type":"Feature","geometry":{"type":"Point","coordinates":[121.567277,25.038729]},"properties":{"city":"taipei","name":"饗泰多餐廳 松高店","reg_no":"A-179955280-00127-3","address":"臺北市信義區松高路16號3樓","district":"信義區","result":"優"}},{"type":"Feature","geometry":{"type":"Point","coordinates":[121.567277,25.038729]},"properties":{"city":"taipei","name":"德州牛排餐廳 松高店","reg_no":"A-154687739-00001-8","address":"臺北市信義區松高路16號3樓","district":"信義區","result":"優"}},{"type":"Feature","geometry":{"type":"Point","coordinates":[121.567277,25.038729]},"properties":{"city":"taipei","name":"掌門精釀啤酒餐廳 松高店","reg_no":"A-152312692-00001-9","address":"臺北市信義區松高路16號4樓","district":"信義區","result":"優"}},{"type":"Feature","geometry":{"type":"Point","coordinates":[121.566264,25.035351]},"properties":{"city":"taipei","name":"饗食天堂餐廳 信義店","reg_no":"A-179955280-00113-8","address":"臺北市信義區松壽路12號6樓","district":"信義區","result":"優"}},{"type":"Feature","geometry":{"type":"Point","coordinates":[121.566264,25.035351]},"properties":{"city":"taipei","name":"兩餐年糕火鍋餐廳 信義店","reg_no":"A-169713432-00002-5","address":"臺北市信義區松壽路12號4樓","district":"信義區","result":"良"}},{"type":"Feature","geometry":{"type":"Point","coordinates":[121.548206,24.996086]},"properties":{"city":"taipei","name":"臺北市景興國小-中原食品","reg_no":"A-122640634-00029-6","address":"臺北市文山區景華街150巷21號","district":"文山區","result":"優"}},{"type":"Feature","geometry":{"type":"Point","coordinates":[121.56237,24.984039]},"properties":{"city":"taipei","name":"石二鍋-台北興隆店","reg_no":"A-161210008-00029-7","address":"臺北市文山區興隆路4段149號1樓","district":"文山區","result":"優"}},{"type":"Feature","geometry":{"type":"Point","coordinates":[121.531618,25.095139]},"properties":{"city":"taipei","name":"大地酒店-喜歡廳","reg_no":"A-153952668-00006-8","address":"臺北市北投區奇岩路1號","district":"北投區","result":"優"}},{"type":"Feature","geometry":{"type":"Point","coordinates":[121.523114,25.116369]},"properties":{"city":"taipei","name":"珍品軒-振興醫院店","reg_no":"A-200227204-00001-7","address":"臺北市北投區振興街45號","district":"北投區","result":"優"}},{"type":"Feature","geometry":{"type":"Point","coordinates":[121.491554,25.137917]},"properties":{"city":"taipei","name":"桃源國民小學(宏遠國際餐飲股份有限公司)","reg_no":"A-125094980-00007-2","address":"臺北市北投區中央北路3段40巷45號","district":"北投區","result":"優"}},{"type":"Feature","geometry":{"type":"Point","coordinates":[121.570823,24.987577]},"properties":{"city":"taipei","name":"力行國民小學(宏遠國際餐飲股份有限公司)","reg_no":"A-125094980-00036-4","address":"臺北市文山區木新路3段155巷7號","district":"文山區","result":"優"}},{"type":"Feature","geometry":{"type":"Point","coordinates":[121.522338,25.08153]},"properties":{"city":"taipei","name":"木槿花","reg_no":"A-142735778-00002-3","address":"臺北市士林區承德路5段55號","district":"士林區","result":"優"}},{"type":"Feature","geometry":{"type":"Point","coordinates":[121.522338,25.08153]},"properties":{"city":"taipei","name":"突厥","reg_no":"A-152660679-00003-2","address":"臺北市士林區承德路5段55號","district":"士林區","result":"優"}},{"type":"Feature","geometry":{"type":"Point","coordinates":[121.522338,25.08153]},"properties":{"city":"taipei","name":"熊大廚","reg_no":"A-200162777-00001-0","address":"臺北市士林區承德路5段55號","district":"士林區","result":"優"}},{"type":"Feature","geometry":{"type":"Point","coordinates":[121.522338,25.08153]},"properties":{"city":"taipei","name":"呀咪食堂","reg_no":"A-200151742-00001-0","address":"臺北市士林區承德路5段55號","district":"士林區","result":"優"}},{"type":"Feature","geometry":{"type":"Point","coordinates":[121.522338,25.08153]},"properties":{"city":"taipei","name":"鼎豐Food","reg_no":"A-200123471-00001-8","address":"臺北市士林區承德路5段55號","district":"士林區","result":"優"}},{"type":"Feature","geometry":{"type":"Point","coordinates":[121.522338,25.08153]},"properties":{"city":"taipei","name":"漢堡王-兒童新樂園","reg_no":"A-123309178-00043-8","address":"臺北市士林區承德路5段55號","district":"士林區","result":"優"}},{"type":"Feature","geometry":{"type":"Point","coordinates":[121.522338,25.08153]},"properties":{"city":"taipei","name":"葡兒飛","reg_no":"A-180703050-00025-8","address":"臺北市士林區承德路5段55號","district":"士林區","result":"優"}},{"type":"Feature","geometry":{"type":"Point","coordinates":[121.522338,25.08153]},"properties":{"city":"taipei","name":"義品院","reg_no":"A-199697368-00013-9","address":"臺北市士林區承德路5段55號","district":"士林區","result":"優"}},{"type":"Feature","geometry":{"type":"Point","coordinates":[121.508885,25.050693]},"properties":{"city":"taipei","name":"臺北市立聯合醫院中興院區","reg_no":"A-400126705-00002-4","address":"臺北市大同區鄭州路145號B1營養科","district":"大同區","result":"優"}},{"type":"Feature","geometry":{"type":"Point","coordinates":[121.517055,25.047176]},"properties":{"city":"taipei","name":"大戶屋-微風台北車站店","reg_no":"A-153089762-00024-4","address":"臺北市中正區北平西路3號2樓","district":"中正區","result":"優"}},{"type":"Feature","geometry":{"type":"Point","coordinates":[121.518991,25.046234]},"properties":{"city":"taipei","name":"大戶屋-台北凱撒店","reg_no":"A-153089762-00017-6","address":"臺北市中正區忠孝西路1段38號B1","district":"中正區","result":"優"}},{"type":"Feature","geometry":{"type":"Point","coordinates":[121.525412,25.058479]},"properties":{"city":"taipei","name":"彭園湘菜林森店","reg_no":"A-112465165-00001-9","address":"臺北市中山區林森北路380號2、3樓","district":"中山區","result":"優"}},{"type":"Feature","geometry":{"type":"Point","coordinates":[121.552869,25.034177]},"properties":{"city":"taipei","name":"湘8老","reg_no":"A-154359481-00001-8","address":"臺北市大安區安和路2段74巷8號","district":"大安區","result":"優"}},{"type":"Feature","geometry":{"type":"Point","coordinates":[121.5161,25.064792]},"properties":{"city":"taipei","name":"臺北市市立大同國小(統鮮美食股份有限公司)","reg_no":"A-153691897-00037-6","address":"臺北市大同區大龍街51號","district":"大同區","result":"優"}},{"type":"Feature","geometry":{"type":"Point","coordinates":[121.563901,25.034027]},"properties":{"city":"taipei","name":"鼎泰豐-台北101店","reg_no":"A-186125275-00006-0","address":"臺北市信義區市府路45號B1","district":"信義區","result":"優"}},{"type":"Feature","geometry":{"type":"Point","coordinates":[121.563901,25.034027]},"properties":{"city":"taipei","name":"凱林鐵板燒-台北101店","reg_no":"A-169456052-00001-6","address":"臺北市信義區市府路45號B1","district":"信義區","result":"優"}},{"type":"Feature","geometry":{"type":"Point","coordinates":[121.563901,25.034027]},"properties":{"city":"taipei","name":"雪嶽山-台北101店","reg_no":"A-153717587-00010-2","address":"臺北市信義區市府路45號B1","district":"信義區","result":"優"}},{"type":"Feature","geometry":{"type":"Point","coordinates":[121.563901,25.034027]},"properties":{"city":"taipei","name":"阿官火鍋-台北101店","reg_no":"A-125003736-00054-3","address":"臺北市信義區市府路45號B1","district":"信義區","result":"優"}},{"type":"Feature","geometry":{"type":"Point","coordinates":[121.586154,25.046508]},"properties":{"city":"taipei","name":"臺北市立聯合醫院忠孝醫院供膳場所、臺北市立聯合醫院忠孝院區附設護理之家","reg_no":"A-400126705-00006-8","address":"臺北市南港區同德路87號B1營養科","district":"南港區","result":"優"}},{"type":"Feature","geometry":{"type":"Point","coordinates":[121.589377,25.055377]},"properties":{"city":"taipei","name":"凱鴻素食有限公司","reg_no":"A-189624042-00001-4","address":"臺北市南港區松河街406號1樓","district":"南港區","result":"優"}},{"type":"Feature","geometry":{"type":"Point","coordinates":[121.619539,25.055385]},"properties":{"city":"taipei","name":"鉅登團膳食品有限公司","reg_no":"A-153323036-00000-3","address":"臺北市南港區南港路3段80巷32號2樓","district":"南港區","result":"優"}},{"type":"Feature","geometry":{"type":"Point","coordinates":[121.60719,25.056336]},"properties":{"city":"taipei","name":"紅蕃茄自助餐-南港高工","reg_no":"A-124399710-00056-4","address":"臺北市南港區興中路29號","district":"南港區","result":"良"}},{"type":"Feature","geometry":{"type":"Point","coordinates":[121.542298,24.99219]},"properties":{"city":"taipei","name":"遠百企業股份有限公司-景美分公司","reg_no":"A-105714195-00075-2","address":"臺北市文山區景中街30巷12號","district":"文山區","result":"優"}},{"type":"Feature","geometry":{"type":"Point","coordinates":[121.565778,25.026564]},"properties":{"city":"taipei","name":"Q Burger 信義吳興店","reg_no":"A-191120573-00001-7","address":"臺北市信義區吳興街281巷59號","district":"信義區","result":"優"}},{"type":"Feature","geometry":{"type":"Point","coordinates":[121.555836,25.032715]},"properties":{"city":"taipei","name":"國立臺灣師範大學附屬高級中學-富秝餐飲有限公司","reg_no":"A-200180197-00002-7","address":"臺北市大安區信義路3段143號","district":"大安區","result":"優"}},{"type":"Feature","geometry":{"type":"Point","coordinates":[121.574333,25.040053]},"properties":{"city":"taipei","name":"有限責任臺北市立松山高級工農職業學校員生消費合作社","reg_no":"A-173992941-00001-3","address":"臺北市信義區忠孝東路5段236巷15號自強樓B1","district":"信義區","result":"優"}},{"type":"Feature","geometry":{"type":"Point","coordinates":[121.560431,25.035595]},"properties":{"city":"taipei","name":"松山高中 黑金珠咖啡館","reg_no":"A-150657348-00002-8","address":"臺北市信義區基隆路1段156號","district":"信義區","result":"優"}},{"type":"Feature","geometry":{"type":"Point","coordinates":[121.555935,25.024214]},"properties":{"city":"taipei","name":"Q Burger 信義信安店","reg_no":"A-190628186-00001-9","address":"臺北市信義區信安街127號","district":"信義區","result":"優"}},{"type":"Feature","geometry":{"type":"Point","coordinates":[121.561734,25.044655]},"properties":{"city":"taipei","name":"誠品行旅-The Chapter","reg_no":"A-153931593-00001-7","address":"臺北市信義區菸廠路98號1樓","district":"信義區","result":"優"}},{"type":"Feature","geometry":{"type":"Point","coordinates":[121.561734,25.044655]},"properties":{"city":"taipei","name":"誠品行旅-In Between","reg_no":"A-153931593-00002-8","address":"臺北市信義區菸廠路98號2樓","district":"信義區","result":"優"}},{"type":"Feature","geometry":{"type":"Point","coordinates":[121.509395,25.024568]},"properties":{"city":"taipei","name":"駐外福星國小廚房-統鮮美食股份有限公司","reg_no":"A-153691897-00038-7","address":"臺北市萬華區中華路1段66號","district":"萬華區","result":"優"}},{"type":"Feature","geometry":{"type":"Point","coordinates":[121.597055,25.062747]},"properties":{"city":"taipei","name":"萬芳高中熱食部(連大莊企業有限公司)","reg_no":"A-180529551-00006-9","address":"臺北市文山區興隆路3段115巷1號","district":"文山區","result":"優"}},{"type":"Feature","geometry":{"type":"Point","coordinates":[121.491176,25.030928]},"properties":{"city":"taipei","name":"大理高中熱食部(連大莊企業有限公司)","reg_no":"A-180529551-00010-4","address":"臺北市萬華區長順街2號","district":"萬華區","result":"優"}},{"type":"Feature","geometry":{"type":"Point","coordinates":[121.495751,25.028476]},"properties":{"city":"taipei","name":"華江高中早餐部(連大莊企業有限公司)","reg_no":"A-180529551-00019-3","address":"臺北市萬華區西藏路213號","district":"萬華區","result":"優"}},{"type":"Feature","geometry":{"type":"Point","coordinates":[121.495751,25.028476]},"properties":{"city":"taipei","name":"華江高中熱食部(連大莊企業有限公司)","reg_no":"A-180529551-00005-8","address":"臺北市萬華區西藏路213號","district":"萬華區","result":"優"}},{"type":"Feature","geometry":{"type":"Point","coordinates":[121.49519,25.024406]},"properties":{"city":"taipei","name":"Q Burger 萬華寶興店","reg_no":"A-200150834-00001-1","address":"臺北市萬華區寶興街149號1樓","district":"萬華區","result":"優"}},{"type":"Feature","geometry":{"type":"Point","coordinates":[121.501472,25.033339]},"properties":{"city":"taipei","name":"格萊天漾大飯店-12F","reg_no":"A-152810086-00005-3","address":"臺北市萬華區艋舺大道101號12樓","district":"萬華區","result":"優"}},{"type":"Feature","geometry":{"type":"Point","coordinates":[121.501472,25.033339]},"properties":{"city":"taipei","name":"格萊天漾大飯店-13F","reg_no":"A-152810086-00001-9","address":"臺北市萬華區艋舺大道101號13樓","district":"萬華區","result":"優"}},{"type":"Feature","geometry":{"type":"Point","coordinates":[121.501472,25.033339]},"properties":{"city":"taipei","name":"格萊天漾大飯店-14F","reg_no":"A-152810086-00002-0","address":"臺北市萬華區艋舺大道101號14樓","district":"萬華區","result":"優"}},{"type":"Feature","geometry":{"type":"Point","coordinates":[121.501472,25.033339]},"properties":{"city":"taipei","name":"格萊天漾大飯店-15F","reg_no":"A-152810086-00003-1","address":"臺北市萬華區艋舺大道101號15樓","district":"萬華區","result":"優"}},{"type":"Feature","geometry":{"type":"Point","coordinates":[121.501472,25.033339]},"properties":{"city":"taipei","name":"格萊天漾大飯店-16F","reg_no":"A-152810086-00004-2","address":"臺北市萬華區艋舺大道101號16樓","district":"萬華區","result":"優"}},{"type":"Feature","geometry":{"type":"Point","coordinates":[121.509296,25.025265]},"properties":{"city":"taipei","name":"環球敦品產後護理之家","reg_no":"A-177011217-00000-4","address":"臺北市中正區中華路2段77號","district":"中正區","result":"優"}},{"type":"Feature","geometry":{"type":"Point","coordinates":[121.511618,25.025236]},"properties":{"city":"taipei","name":"台糖台北會館","reg_no":"A-103794905-00047-6","address":"臺北市中正區中華路1段39號","district":"中正區","result":"優"}},{"type":"Feature","geometry":{"type":"Point","coordinates":[121.505813,25.044623]},"properties":{"city":"taipei","name":"Friday's-西門餐廳","reg_no":"A-123932928-00006-2","address":"臺北市萬華區武昌街2段72號2樓","district":"萬華區","result":"優"}},{"type":"Feature","geometry":{"type":"Point","coordinates":[121.505813,25.044623]},"properties":{"city":"taipei","name":"JAI宅","reg_no":"A-185107849-00004-4","address":"臺北市萬華區武昌街2段50巷10號2樓","district":"萬華區","result":"優"}},{"type":"Feature","geometry":{"type":"Point","coordinates":[121.507692,25.042798]},"properties":{"city":"taipei","name":"我!就厲害燒烤吃到飽 西門店","reg_no":"A-125100343-00001-7","address":"臺北市萬華區漢中街127號4、5樓","district":"萬華區","result":"優"}},{"type":"Feature","geometry":{"type":"Point","coordinates":[121.50625,25.046117]},"properties":{"city":"taipei","name":"成真咖啡-台北西門店","reg_no":"A-183294656-00001-2","address":"臺北市萬華區漢口街2段53巷2號","district":"萬華區","result":"優"}},{"type":"Feature","geometry":{"type":"Point","coordinates":[121.519396,25.07018]},"properties":{"city":"taipei","name":"朱媽媽小吃店","reg_no":"A-200079980-00001-3","address":"臺北市大同區酒泉街10巷1號","district":"大同區","result":"優"}},{"type":"Feature","geometry":{"type":"Point","coordinates":[121.509194,25.047845]},"properties":{"city":"taipei","name":"Thai boat noodle original","reg_no":"A-200220411-00001-0","address":"臺北市萬華區中華路2段8號","district":"萬華區","result":"優"}},{"type":"Feature","geometry":{"type":"Point","coordinates":[121.507817,25.047533]},"properties":{"city":"taipei","name":"富宏牛肉麵","reg_no":"A-200173060-00001-7","address":"臺北市萬華區洛陽街67號","district":"萬華區","result":"優"}},{"type":"Feature","geometry":{"type":"Point","coordinates":[121.50316,25.031104]},"properties":{"city":"taipei","name":"威尼斯點心坊","reg_no":"A-101492756-00001-3","address":"臺北市萬華區莒光路145號","district":"萬華區","result":"良"}},{"type":"Feature","geometry":{"type":"Point","coordinates":[121.519498,25.070568]},"properties":{"city":"taipei","name":"ASI南洋風味館","reg_no":"A-200112607-00001-7","address":"臺北市大同區酒泉街26之4號","district":"大同區","result":"良"}},{"type":"Feature","geometry":{"type":"Point","coordinates":[121.519731,25.070284]},"properties":{"city":"taipei","name":"坂京鍋燒麵","reg_no":"A-200079788-00001-9","address":"臺北市大同區酒泉街10巷17號","district":"大同區","result":"優"}},{"type":"Feature","geometry":{"type":"Point","coordinates":[121.51967,25.069864]},"properties":{"city":"taipei","name":"21工房","reg_no":"A-116735133-00003-0","address":"臺北市大同區酒泉街10巷25號","district":"大同區","result":"優"}},{"type":"Feature","geometry":{"type":"Point","coordinates":[121.519327,25.089341]},"properties":{"city":"taipei","name":"晶湯匙","reg_no":"A-112856563-00003-7","address":"臺北市大同區承德路1段1號4樓","district":"大同區","result":"優"}},{"type":"Feature","geometry":{"type":"Point","coordinates":[121.514339,25.064767]},"properties":{"city":"taipei","name":"君城本家-重慶門市","reg_no":"A-154332478-00002-6","address":"臺北市大同區重慶北路3段53號1樓","district":"大同區","result":"優"}},{"type":"Feature","geometry":{"type":"Point","coordinates":[121.507551,25.045003]},"properties":{"city":"taipei","name":"天天利美食坊","reg_no":"A-200110346-00001-5","address":"臺北市萬華區漢中街32巷1號","district":"萬華區","result":"良"}},{"type":"Feature","geometry":{"type":"Point","coordinates":[121.522338,25.08153]},"properties":{"city":"taipei","name":"四海遊龍-台北兒童新樂園","reg_no":"A-124293977-00170-9","address":"臺北市士林區承德路5段55號","district":"士林區","result":"優"}},{"type":"Feature","geometry":{"type":"Point","coordinates":[121.522338,25.08153]},"properties":{"city":"taipei","name":"鴻屋蛋包飯","reg_no":"A-199697368-00014-0","address":"臺北市士林區承德路5段55號","district":"士林區","result":"優"}},{"type":"Feature","geometry":{"type":"Point","coordinates":[121.522338,25.08153]},"properties":{"city":"taipei","name":"花蓮扁食-台北新兒童樂園","reg_no":"A-170837404-00006-7","address":"臺北市士林區承德路5段55號","district":"士林區","result":"優"}},{"type":"Feature","geometry":{"type":"Point","coordinates":[121.57541,25.035068]},"properties":{"city":"taipei","name":"KADOKADO-台北101店","reg_no":"A-128310379-00001-2","address":"臺北市信義區信義路5段7號89樓","district":"信義區","result":"優"}},{"type":"Feature","geometry":{"type":"Point","coordinates":[121.52169,25.063296]},"properties":{"city":"taipei","name":"Q Burger 中山天祥店","reg_no":"A-188141238-00001-4","address":"臺北市中山區天祥路22號1樓","district":"中山區","result":"優"}},{"type":"Feature","geometry":{"type":"Point","coordinates":[121.554954,25.052314]},"properties":{"city":"taipei","name":"點水樓-南京店","reg_no":"A-127549234-00002-6","address":"臺北市松山區南京東路4段61號","district":"松山區","result":"優"}},{"type":"Feature","geometry":{"type":"Point","coordinates":[121.570041,25.051492]},"properties":{"city":"taipei","name":"城市商旅-臺北南東館","reg_no":"A-202292788-00001-8","address":"臺北市松山區南京東路411號B3-7樓","district":"松山區","result":"優"}},{"type":"Feature","geometry":{"type":"Point","coordinates":[121.54488,25.054441]},"properties":{"city":"taipei","name":"大來商旅（桃莉廚房）","reg_no":"A-112518228-00001-8","address":"臺北市松山區長春路432號1-7樓","district":"松山區","result":"優"}},{"type":"Feature","geometry":{"type":"Point","coordinates":[121.55605,25.032512]},"properties":{"city":"taipei","name":"秀蘭 Gourmet","reg_no":"A-124322213-00001-8","address":"臺北市大安區信義路2段198巷5之5號1樓","district":"大安區","result":"良"}},{"type":"Feature","geometry":{"type":"Point","coordinates":[121.534456,25.064585]},"properties":{"city":"taipei","name":"Q Burger 中山農安店","reg_no":"A-191041521-00001-2","address":"臺北市中山區農安街170號1樓、地下室","district":"中山區","result":"優"}},{"type":"Feature","geometry":{"type":"Point","coordinates":[121.586519,25.078404]},"properties":{"city":"taipei","name":"內湖高中熱食部(連大莊企業有限公司)","reg_no":"A-180529551-00012-6","address":"臺北市內湖區文德路218號","district":"內湖區","result":"良"}},{"type":"Feature","geometry":{"type":"Point","coordinates":[121.582612,25.086044]},"properties":{"city":"taipei","name":"湘之坊-內湖高工熱食部","reg_no":"A-199094649-00002-0","address":"臺北市內湖區內湖路1段520號B1","district":"內湖區","result":"優"}},{"type":"Feature","geometry":{"type":"Point","coordinates":[121.57901,25.082035]},"properties":{"city":"taipei","name":"Q Burger 內湖港墘店","reg_no":"A-188373216-00001-7","address":"臺北市內湖區麗山街68巷16號1樓及地下室","district":"內湖區","result":"優"}},{"type":"Feature","geometry":{"type":"Point","coordinates":[121.573666,25.073638]},"properties":{"city":"taipei","name":"好市多股份有限公司-內湖分公司","reg_no":"A-196972798-00011-7","address":"臺北市內湖區舊宗路1段268號","district":"內湖區","result":"優"}},{"type":"Feature","geometry":{"type":"Point","coordinates":[121.583579,25.056558]},"properties":{"city":"taipei","name":"士福美食股份有限公司","reg_no":"A-183475761-00000-9","address":"臺北市內湖區新明路193、195號","district":"內湖區","result":"優"}},{"type":"Feature","geometry":{"type":"Point","coordinates":[121.529613,25.092198]},"properties":{"city":"taipei","name":"柯達大飯店臺北一店","reg_no":"A-112398429-00000-6","address":"臺北市中山區中山北路2段11巷1號","district":"中山區","result":"優"}},{"type":"Feature","geometry":{"type":"Point","coordinates":[121.529613,25.092198]},"properties":{"city":"taipei","name":"柯達大飯店臺北二店","reg_no":"A-170491824-00000-3","address":"臺北市中山區中山北路2段139號","district":"中山區","result":"優"}},{"type":"Feature","geometry":{"type":"Point","coordinates":[121.595918,25.064426]},"properties":{"city":"taipei","name":"大戶屋-民權東路一段店","reg_no":"A-153089762-00030-1","address":"臺北市中山區民權東路1段9號B1","district":"中山區","result":"優"}},{"type":"Feature","geometry":{"type":"Point","coordinates":[121.535105,25.054986]},"properties":{"city":"taipei","name":"大同高中熟食部(連大莊企業有限公司)","reg_no":"A-180529551-00008-1","address":"臺北市中山區長春路167號","district":"中山區","result":"優"}},{"type":"Feature","geometry":{"type":"Point","coordinates":[121.513239,25.062797]},"properties":{"city":"taipei","name":"Q Burger 大橋頭店","reg_no":"A-190094555-00001-6","address":"臺北市大同區民權西路226號","district":"大同區","result":"優"}},{"type":"Feature","geometry":{"type":"Point","coordinates":[121.518609,25.058791]},"properties":{"city":"taipei","name":"成淵熱食部","reg_no":"A-180529551-00027-2","address":"臺北市大同區承德路2段235號","district":"大同區","result":"優"}},{"type":"Feature","geometry":{"type":"Point","coordinates":[121.518609,25.058791]},"properties":{"city":"taipei","name":"成淵早餐部","reg_no":"A-180529551-00028-3","address":"臺北市大同區承德路2段235號","district":"大同區","result":"優"}},{"type":"Feature","geometry":{"type":"Point","coordinates":[121.514107,25.064446]},"properties":{"city":"taipei","name":"臺北車站智選假日酒店","reg_no":"A-129050746-00000-1","address":"臺北市大同區重慶北路1段73號","district":"大同區","result":"優"}},{"type":"Feature","geometry":{"type":"Point","coordinates":[121.514339,25.064767]},"properties":{"city":"taipei","name":"臺北市立啟聰學校","reg_no":"A-103771706-00001-0","address":"臺北市大同區重慶北路3段320號","district":"大同區","result":"優"}},{"type":"Feature","geometry":{"type":"Point","coordinates":[121.579753,25.043347]},"properties":{"city":"taipei","name":"統鮮美食駐外雙永國小廚房","reg_no":"A-153691897-00040-0","address":"臺北市信義區松山路287巷5號","district":"信義區","result":"優"}},{"type":"Feature","geometry":{"type":"Point","coordinates":[121.533642,25.020093]},"properties":{"city":"taipei","name":"美樂食餐飲-大安森林食堂","reg_no":"A-154651346-00001-3","address":"臺北市大安區新生南路1段161之3號","district":"大安區","result":"優"}},{"type":"Feature","geometry":{"type":"Point","coordinates":[121.54945,25.043615]},"properties":{"city":"taipei","name":"驥園川菜餐廳","reg_no":"A-200114776-00001-6","address":"臺北市大安區敦化南路1段324號B1","district":"大安區","result":"良"}},{"type":"Feature","geometry":{"type":"Point","coordinates":[121.549691,25.034088]},"properties":{"city":"taipei","name":"五月雪客家私房珍釀","reg_no":"A-125673165-00001-4","address":"臺北市大安區敦化南路1段329巷16號","district":"大安區","result":"優"}},{"type":"Feature","geometry":{"type":"Point","coordinates":[121.544277,25.03012]},"properties":{"city":"taipei","name":"勺日zhuori","reg_no":"A-170805613-00001-9","address":"臺北市大安區復興南路1段206號1樓","district":"大安區","result":"優"}},{"type":"Feature","geometry":{"type":"Point","coordinates":[121.544277,25.03012]},"properties":{"city":"taipei","name":"真的好海鮮餐廳","reg_no":"A-128671839-00001-3","address":"臺北市大安區復興南路1段222號1樓、B1","district":"大安區","result":"良"}},{"type":"Feature","geometry":{"type":"Point","coordinates":[121.54945,25.043615]},"properties":{"city":"taipei","name":"BELLINI Caffe 臺北敦南店","reg_no":"A-116098275-00025-3","address":"臺北市大安區敦化南路1段370號B1、B2","district":"大安區","result":"優"}},{"type":"Feature","geometry":{"type":"Point","coordinates":[121.54945,25.043615]},"properties":{"city":"taipei","name":"ULV Restaurant","reg_no":"A-200167496-00001-3","address":"臺北市大安區敦化南路1段160巷18號1樓","district":"大安區","result":"優"}},{"type":"Feature","geometry":{"type":"Point","coordinates":[121.54945,25.043615]},"properties":{"city":"taipei","name":"Mamak檔忠孝店","reg_no":"A-180676602-00026-1","address":"臺北市大安區敦化南路1段187巷72號1樓","district":"大安區","result":"優"}},{"type":"Feature","geometry":{"type":"Point","coordinates":[121.534075,25.024603]},"properties":{"city":"taipei","name":"莫宰羊精緻羊肉料理","reg_no":"A-128216918-00003-8","address":"臺北市大安區新生南路3段28號","district":"大安區","result":"良"}},{"type":"Feature","geometry":{"type":"Point","coordinates":[121.54945,25.043615]},"properties":{"city":"taipei","name":"侍燒肉","reg_no":"A-190396290-00001-7","address":"臺北市大安區敦化南路1段177巷22號1樓","district":"大安區","result":"優"}},{"type":"Feature","geometry":{"type":"Point","coordinates":[121.54816,25.025191]},"properties":{"city":"taipei","name":"梵燒肉","reg_no":"A-142990665-00001-0","address":"臺北市大安區敦化南路1段235號2樓","district":"大安區","result":"優"}},{"type":"Feature","geometry":{"type":"Point","coordinates":[121.54567,25.03479]},"properties":{"city":"taipei","name":"橘色","reg_no":"A-113841505-00001-6","address":"臺北市大安區大安路1段135號","district":"大安區","result":"優"}},{"type":"Feature","geometry":{"type":"Point","coordinates":[121.553848,25.042222]},"properties":{"city":"taipei","name":"不一樣乾麵","reg_no":"A-200125580-00001-1","address":"臺北市大安區延吉街70巷5弄10號1樓","district":"大安區","result":"良"}},{"type":"Feature","geometry":{"type":"Point","coordinates":[121.61258,25.053227]},"properties":{"city":"taipei","name":"玉喜飯店","reg_no":"A-180530207-00001-4","address":"臺北市大安區忠孝東路4段289號3-5樓","district":"大安區","result":"良"}},{"type":"Feature","geometry":{"type":"Point","coordinates":[121.554878,25.036936]},"properties":{"city":"taipei","name":"春申食府","reg_no":"A-150759197-00001-2","address":"臺北市大安區仁愛路4段66號B1","district":"大安區","result":"優"}},{"type":"Feature","geometry":{"type":"Point","coordinates":[121.553905,25.035223]},"properties":{"city":"taipei","name":"謙安和","reg_no":"A-153933184-00003-7","address":"臺北市大安區安和路1段127巷4號","district":"大安區","result":"優"}},{"type":"Feature","geometry":{"type":"Point","coordinates":[121.556339,25.040843]},"properties":{"city":"taipei","name":"LADY M 臺北旗艦店","reg_no":"A-142868475-00002-4","address":"臺北市大安區光復南路240巷26號","district":"大安區","result":"優"}},{"type":"Feature","geometry":{"type":"Point","coordinates":[121.552243,25.032878]},"properties":{"city":"taipei","name":"蘭ORCHID","reg_no":"A-143670887-00001-2","address":"臺北市大安區安和路2段83號","district":"大安區","result":"優"}},{"type":"Feature","geometry":{"type":"Point","coordinates":[121.544277,25.03012]},"properties":{"city":"taipei","name":"Indulge Bistro","reg_no":"A-129227955-00001-0","address":"臺北市大安區復興南路1段219巷11號1樓","district":"大安區","result":"優"}},{"type":"Feature","geometry":{"type":"Point","coordinates":[121.556709,25.082926]},"properties":{"city":"taipei","name":"哈根達斯 - 美麗華","reg_no":"A-186384960-00019-2","address":"臺北市中山區敬業三路20號1樓","district":"中山區","result":"優"}},{"type":"Feature","geometry":{"type":"Point","coordinates":[121.559215,25.082734]},"properties":{"city":"taipei","name":"點水樓 - 大直店","reg_no":"A-127549234-00015-0","address":"臺北市中山區樂群三路299號3樓","district":"中山區","result":"優"}},{"type":"Feature","geometry":{"type":"Point","coordinates":[121.556709,25.082926]},"properties":{"city":"taipei","name":"涓豆腐 - 美麗華店","reg_no":"A-128841757-00039-2","address":"臺北市中山區敬業三路20號3樓","district":"中山區","result":"優"}},{"type":"Feature","geometry":{"type":"Point","coordinates":[121.556709,25.082926]},"properties":{"city":"taipei","name":"壽司郎 - 美麗華","reg_no":"A-152929520-00018-1","address":"臺北市中山區敬業三路20號2樓","district":"中山區","result":"優"}},{"type":"Feature","geometry":{"type":"Point","coordinates":[121.557963,25.08282]},"properties":{"city":"taipei","name":"添好運 - 美麗華店","reg_no":"A-154752668-00035-9","address":"臺北市中山區敬業三路22號2樓","district":"中山區","result":"優"}},{"type":"Feature","geometry":{"type":"Point","coordinates":[121.557963,25.08282]},"properties":{"city":"taipei","name":"Fridays - 美麗華店","reg_no":"A-123932928-00012-9","address":"臺北市中山區敬業三路22號2樓","district":"中山區","result":"良"}},{"type":"Feature","geometry":{"type":"Point","coordinates":[121.556709,25.082926]},"properties":{"city":"taipei","name":"駱姐正雞酒","reg_no":"A-170437940-00009-1","address":"臺北市中山區敬業三路20號B1","district":"中山區","result":"優"}},{"type":"Feature","geometry":{"type":"Point","coordinates":[121.556709,25.082926]},"properties":{"city":"taipei","name":"新佳坡海南雞飯","reg_no":"A-191066022-00001-5","address":"臺北市中山區敬業三路20號B1","district":"中山區","result":"優"}},{"type":"Feature","geometry":{"type":"Point","coordinates":[121.556709,25.082926]},"properties":{"city":"taipei","name":"軒記蚵仔煎","reg_no":"F-113830417-00005-5","address":"臺北市中山區敬業三路20號B1","district":"中山區","result":"優"}},{"type":"Feature","geometry":{"type":"Point","coordinates":[121.556709,25.082926]},"properties":{"city":"taipei","name":"朱記餡餅粥店-美麗華","reg_no":"A-153095716-00055-4","address":"臺北市中山區敬業三路20號B1","district":"中山區","result":"優"}},{"type":"Feature","geometry":{"type":"Point","coordinates":[121.556709,25.082926]},"properties":{"city":"taipei","name":"豆之味豆腐坊","reg_no":"A-128578518-00004-6","address":"臺北市中山區敬業三路20號B1","district":"中山區","result":"優"}},{"type":"Feature","geometry":{"type":"Point","coordinates":[121.556709,25.082926]},"properties":{"city":"taipei","name":"Jamba Juice","reg_no":"A-154055473-00017-9","address":"臺北市中山區敬業三路20號B1","district":"中山區","result":"優"}},{"type":"Feature","geometry":{"type":"Point","coordinates":[121.556709,25.082926]},"properties":{"city":"taipei","name":"酷聖石冰淇淋 - 美麗華","reg_no":"A-128459597-00014-2","address":"臺北市中山區敬業三路20號B1","district":"中山區","result":"優"}},{"type":"Feature","geometry":{"type":"Point","coordinates":[121.556709,25.082926]},"properties":{"city":"taipei","name":"大心Express - 美麗華","reg_no":"A-153710347-00005-3","address":"臺北市中山區敬業三路20號B1","district":"中山區","result":"優"}},{"type":"Feature","geometry":{"type":"Point","coordinates":[121.556709,25.082926]},"properties":{"city":"taipei","name":"杏桃鬆餅屋 - 大直美麗華店","reg_no":"A-150906000-00005-3","address":"臺北市中山區敬業三路20號B1","district":"中山區","result":"優"}},{"type":"Feature","geometry":{"type":"Point","coordinates":[121.556709,25.082926]},"properties":{"city":"taipei","name":"靜岡勝政日式豬排 - 大直美麗華店","reg_no":"A-150906000-00011-0","address":"臺北市中山區敬業三路20號B1","district":"中山區","result":"優"}},{"type":"Feature","geometry":{"type":"Point","coordinates":[121.556709,25.082926]},"properties":{"city":"taipei","name":"哈根達斯 - 美麗華影城","reg_no":"A-186384960-00015-8","address":"臺北市中山區敬業三路20號","district":"中山區","result":"優"}},{"type":"Feature","geometry":{"type":"Point","coordinates":[121.556709,25.082926]},"properties":{"city":"taipei","name":"美琪蒙古烤肉","reg_no":"A-127337604-00001-1","address":"臺北市中山區敬業三路20號5樓","district":"中山區","result":"優"}},{"type":"Feature","geometry":{"type":"Point","coordinates":[121.556709,25.082926]},"properties":{"city":"taipei","name":"Meat love - 美麗華","reg_no":"A-182813125-00001-9","address":"臺北市中山區敬業三路20號5樓","district":"中山區","result":"優"}},{"type":"Feature","geometry":{"type":"Point","coordinates":[121.556709,25.082926]},"properties":{"city":"taipei","name":"時時香 - 美麗華店","reg_no":"A-153710347-00004-2","address":"臺北市中山區敬業三路20號5樓","district":"中山區","result":"優"}},{"type":"Feature","geometry":{"type":"Point","coordinates":[121.556709,25.082926]},"properties":{"city":"taipei","name":"唐點小聚 - 美麗華店","reg_no":"A-155827835-00002-3","address":"臺北市中山區敬業三路20號5樓","district":"中山區","result":"優"}},{"type":"Feature","geometry":{"type":"Point","coordinates":[121.549392,25.078736]},"properties":{"city":"taipei","name":"統鮮美食駐外永安國小廚房","reg_no":"A-153691897-00041-1","address":"臺北市中山區明水路397巷19弄1號","district":"中山區","result":"優"}},{"type":"Feature","geometry":{"type":"Point","coordinates":[121.556709,25.082926]},"properties":{"city":"taipei","name":"BEPPIN PASTA - 美麗華","reg_no":"A-150906000-00001-9","address":"臺北市中山區敬業三路20號5樓","district":"中山區","result":"優"}},{"type":"Feature","geometry":{"type":"Point","coordinates":[121.556709,25.082926]},"properties":{"city":"taipei","name":"大戶屋 - 美麗華店","reg_no":"A-153089762-00022-2","address":"臺北市中山區敬業三路20號B1","district":"中山區","result":"優"}},{"type":"Feature","geometry":{"type":"Point","coordinates":[121.556709,25.082926]},"properties":{"city":"taipei","name":"溫野菜 - 美麗華店","reg_no":"A-142855289-00012-4","address":"臺北市中山區敬業三路20號5樓","district":"中山區","result":"優"}},{"type":"Feature","geometry":{"type":"Point","coordinates":[121.556709,25.082926]},"properties":{"city":"taipei","name":"金色三麥 - 美麗華店","reg_no":"A-124692475-00001-8","address":"臺北市中山區敬業三路20號5樓","district":"中山區","result":"優"}},{"type":"Feature","geometry":{"type":"Point","coordinates":[121.54945,25.043615]},"properties":{"city":"taipei","name":"開飯川食堂敦化店","reg_no":"A-179955280-00133-0","address":"臺北市大安區敦化南路1段246號B2","district":"大安區","result":"優"}},{"type":"Feature","geometry":{"type":"Point","coordinates":[121.554441,25.027812]},"properties":{"city":"taipei","name":"鬍鬚張-台北通化店","reg_no":"A-122721208-00032-7","address":"臺北市大安區通化街18號","district":"大安區","result":"優"}},{"type":"Feature","geometry":{"type":"Point","coordinates":[121.549521,25.054138]},"properties":{"city":"taipei","name":"Beimaru米三角日式飯糰專賣店","reg_no":"A-138567758-00001-8","address":"臺北市松山區敦化北路153之1號 ","district":"松山區","result":"優"}},{"type":"Feature","geometry":{"type":"Point","coordinates":[121.574796,25.050985]},"properties":{"city":"taipei","name":"齒牛香牛肉麵","reg_no":"A-200163248-00001-4","address":"臺北市松山區饒河街104號","district":"松山區","result":"良"}},{"type":"Feature","geometry":{"type":"Point","coordinates":[121.545043,25.053753]},"properties":{"city":"taipei","name":"君悅排骨-捷運南京店","reg_no":"A-186311094-00001-1","address":"臺北市松山區慶城街23號","district":"松山區","result":"優"}},{"type":"Feature","geometry":{"type":"Point","coordinates":[121.566073,25.062178]},"properties":{"city":"taipei","name":"品麟生猛活海鮮","reg_no":"A-200152470-00001-9","address":"臺北市松山區新東街60巷17號","district":"松山區","result":"良"}},{"type":"Feature","geometry":{"type":"Point","coordinates":[121.559742,25.045594]},"properties":{"city":"taipei","name":"戰醬燒肉","reg_no":"A-200240120-00001-9","address":"臺北市松山區市民大道4段157號","district":"松山區","result":"良"}},{"type":"Feature","geometry":{"type":"Point","coordinates":[121.579019,25.05167]},"properties":{"city":"taipei","name":"王記府城肉粽","reg_no":"A-153111005-00002-6","address":"臺北市松山區八德路2段374號1樓","district":"松山區","result":"優"}},{"type":"Feature","geometry":{"type":"Point","coordinates":[121.556463,25.052104]},"properties":{"city":"taipei","name":"はま寿司-南京復興店","reg_no":"A-154181892-00215-4","address":"臺北市松山區南京東路3段270號","district":"松山區","result":"優"}},{"type":"Feature","geometry":{"type":"Point","coordinates":[121.545451,25.053281]},"properties":{"city":"taipei","name":"HOOTERS美式餐廳","reg_no":"A-180654972-00002-1","address":"臺北市松山區慶城街18號、18號之1","district":"松山區","result":"優"}},{"type":"Feature","geometry":{"type":"Point","coordinates":[121.576734,25.050322]},"properties":{"city":"taipei","name":"蘿莎娜小廚房La Locanda","reg_no":"A-143700030-00001-6","address":"臺北市松山區八德路3段12巷52弄18號1樓","district":"松山區","result":"優"}},{"type":"Feature","geometry":{"type":"Point","coordinates":[121.557053,25.04968]},"properties":{"city":"taipei","name":"御膳煲養生雞湯館","reg_no":"A-200249200-00001-7","address":"臺北市松山區光復北路60巷17號","district":"松山區","result":"優"}},{"type":"Feature","geometry":{"type":"Point","coordinates":[121.54468,25.052838]},"properties":{"city":"taipei","name":"春水堂-慶城店","reg_no":"A-116881418-00004-9","address":"臺北市松山區慶城街1號2樓","district":"松山區","result":"優"}},{"type":"Feature","geometry":{"type":"Point","coordinates":[121.548162,25.053856]},"properties":{"city":"taipei","name":"少點鹽健康餐盒專賣小巨蛋店","reg_no":"A-202305287-00001-7","address":"臺北市松山區敦化北路120巷7弄5號","district":"松山區","result":"優"}},{"type":"Feature","geometry":{"type":"Point","coordinates":[121.554954,25.052314]},"properties":{"city":"taipei","name":"薺元小館","reg_no":"A-128203147-00001-6","address":"臺北市松山區南京東路4段19號","district":"松山區","result":"優"}},{"type":"Feature","geometry":{"type":"Point","coordinates":[121.552272,25.054855]},"properties":{"city":"taipei","name":"君悅排骨-敦北店","reg_no":"A-113460049-00001-6","address":"臺北市松山區敦化北路155巷2號1樓","district":"松山區","result":"優"}},{"type":"Feature","geometry":{"type":"Point","coordinates":[121.566339,25.050805]},"properties":{"city":"taipei","name":"犁園湯包館","reg_no":"A-125666072-00003-5","address":"臺北市松山區南京東路3段256巷24號","district":"松山區","result":"良"}},{"type":"Feature","geometry":{"type":"Point","coordinates":[121.554954,25.052314]},"properties":{"city":"taipei","name":"鍋爸涮涮鍋-南京店","reg_no":"A-200119161-00001-9","address":"臺北市松山區南京東路4段50號B1","district":"松山區","result":"良"}},{"type":"Feature","geometry":{"type":"Point","coordinates":[121.550919,25.054871]},"properties":{"city":"taipei","name":"花娘小館","reg_no":"A-200095305-00001-2","address":"臺北市松山區敦化北路165巷15號","district":"松山區","result":"良"}},{"type":"Feature","geometry":{"type":"Point","coordinates":[121.55538,25.052589]},"properties":{"city":"taipei","name":"百八魚場-南京店","reg_no":"A-153112784-00035-7","address":"臺北市松山區南京東路5段208號","district":"松山區","result":"良"}},{"type":"Feature","geometry":{"type":"Point","coordinates":[121.576734,25.050322]},"properties":{"city":"taipei","name":"醉楓園小館","reg_no":"A-120986441-00001-3","address":"臺北市松山區八德路3段8巷5號1樓","district":"松山區","result":"良"}},{"type":"Feature","geometry":{"type":"Point","coordinates":[121.548139,25.046673]},"properties":{"city":"taipei","name":"吉品海鮮餐廳","reg_no":"A-127952760-00003-9","address":"臺北市松山區敦化南路1段1號1樓","district":"松山區","result":"優"}},{"type":"Feature","geometry":{"type":"Point","coordinates":[121.550164,25.054766]},"properties":{"city":"taipei","name":"扶風堂","reg_no":"A-142848133-00001-2","address":"臺北市松山區敦化北路165巷5號","district":"松山區","result":"優"}},{"type":"Feature","geometry":{"type":"Point","coordinates":[121.576734,25.050322]},"properties":{"city":"taipei","name":"中崙巧味亭日本料理","reg_no":"A-200233003-00001-1","address":"臺北市松山區八德路3段84號","district":"松山區","result":"良"}},{"type":"Feature","geometry":{"type":"Point","coordinates":[121.550695,25.054208]},"properties":{"city":"taipei","name":"京鼎小館","reg_no":"A-183935619-00001-3","address":"臺北市松山區敦化北路155巷13號","district":"松山區","result":"良"}},{"type":"Feature","geometry":{"type":"Point","coordinates":[121.579008,25.051704]},"properties":{"city":"taipei","name":"池上傳統便當","reg_no":"A-200077600-00001-0","address":"臺北市松山區八德路4段53號1樓","district":"松山區","result":"良"}},{"type":"Feature","geometry":{"type":"Point","coordinates":[121.576734,25.050322]},"properties":{"city":"taipei","name":"上島咖啡-八德店","reg_no":"A-122662833-00008-8","address":"臺北市松山區八德路3段32號1樓","district":"松山區","result":"優"}},{"type":"Feature","geometry":{"type":"Point","coordinates":[121.548139,25.046673]},"properties":{"city":"taipei","name":"三井料理美術館","reg_no":"A-127749845-00001-5","address":"臺北市松山區敦化南路1段108號B1-1","district":"松山區","result":"優"}},{"type":"Feature","geometry":{"type":"Point","coordinates":[121.565582,25.049654]},"properties":{"city":"taipei","name":"米與多蜜-台北東興店","reg_no":"A-182773117-00005-9","address":"臺北市松山區東興路23號1樓","district":"松山區","result":"優"}},{"type":"Feature","geometry":{"type":"Point","coordinates":[121.576734,25.050322]},"properties":{"city":"taipei","name":"珍蜜咖啡館","reg_no":"A-200166215-00001-1","address":"臺北市松山區八德路3段2號1樓","district":"松山區","result":"優"}},{"type":"Feature","geometry":{"type":"Point","coordinates":[121.548139,25.046673]},"properties":{"city":"taipei","name":"磚窯古早味餐廳","reg_no":"A-173705997-00001-6","address":"臺北市松山區敦化南路1段7之1號","district":"松山區","result":"良"}},{"type":"Feature","geometry":{"type":"Point","coordinates":[121.580882,25.045518]},"properties":{"city":"taipei","name":"鬍鬚張-台北永吉店","reg_no":"A-122721208-00006-8","address":"臺北市南港區永吉路533號","district":"南港區","result":"優"}},{"type":"Feature","geometry":{"type":"Point","coordinates":[121.614969,25.058743]},"properties":{"city":"taipei","name":"開飯川食堂南港店","reg_no":"A-179955280-00124-0","address":"臺北市南港區經貿二路186之1號C棟3樓","district":"南港區","result":"優"}},{"type":"Feature","geometry":{"type":"Point","coordinates":[121.616125,25.058395]},"properties":{"city":"taipei","name":"樂麵屋 (南港店)","reg_no":"A-128514120-00008-9","address":"臺北市南港區經貿二路166號A棟2樓","district":"南港區","result":"優"}},{"type":"Feature","geometry":{"type":"Point","coordinates":[121.587647,25.039389]},"properties":{"city":"taipei","name":"Q Burger 南港福德店","reg_no":"A-188359967-00001-4","address":"臺北市南港區福德街312號1樓","district":"南港區","result":"優"}},{"type":"Feature","geometry":{"type":"Point","coordinates":[121.608358,25.054164]},"properties":{"city":"taipei","name":"悟饕池上飯包-台北南港店","reg_no":"A-172979786-00002-5","address":"臺北市南港區南港路2段211號1樓","district":"南港區","result":"優"}},{"type":"Feature","geometry":{"type":"Point","coordinates":[121.614969,25.058743]},"properties":{"city":"taipei","name":"朱記餡餅粥店-南港中信店","reg_no":"A-153095716-00020-6","address":"臺北市南港區經貿二路186之1號C棟3樓","district":"南港區","result":"優"}},{"type":"Feature","geometry":{"type":"Point","coordinates":[121.616125,25.058395]},"properties":{"city":"taipei","name":"雅悅會館文華館","reg_no":"A-184435578-00007-9","address":"臺北市南港區經貿二路166號A棟3樓","district":"南港區","result":"優"}},{"type":"Feature","geometry":{"type":"Point","coordinates":[121.521686,25.095278]},"properties":{"city":"taipei","name":"富源號","reg_no":"A-200196585-00001-4","address":"臺北市士林區文昌路28號1樓","district":"士林區","result":"良"}},{"type":"Feature","geometry":{"type":"Point","coordinates":[121.531446,25.116518]},"properties":{"city":"taipei","name":"番紅花印度美饌-天母店","reg_no":"A-128220173-00001-4","address":"臺北市士林區天母東路38之6號","district":"士林區","result":"優"}},{"type":"Feature","geometry":{"type":"Point","coordinates":[121.53624,25.118362]},"properties":{"city":"taipei","name":"金蓬萊台菜餐廳","reg_no":"A-200126133-00001-6","address":"臺北市士林區天母東路101號","district":"士林區","result":"優"}},{"type":"Feature","geometry":{"type":"Point","coordinates":[121.521868,25.084568]},"properties":{"city":"taipei","name":"風月涼麵","reg_no":"A-200245690-00001-6","address":"臺北市士林區前港街30號","district":"士林區","result":"良"}},{"type":"Feature","geometry":{"type":"Point","coordinates":[121.533327,25.117064]},"properties":{"city":"taipei","name":"翡宴印度餐廳","reg_no":"A-153927824-00001-9","address":"臺北市士林區天母東路50巷22之1號","district":"士林區","result":"良"}},{"type":"Feature","geometry":{"type":"Point","coordinates":[121.531874,25.117455]},"properties":{"city":"taipei","name":"豚王拉麵","reg_no":"A-153658314-00003-6","address":"臺北市士林區天母東路50巷10弄2號","district":"士林區","result":"優"}},{"type":"Feature","geometry":{"type":"Point","coordinates":[121.533141,25.117285]},"properties":{"city":"taipei","name":"原味錄黑糖刨冰","reg_no":"A-200081765-00001-7","address":"臺北市士林區天母東路50巷20之9號","district":"士林區","result":"良"}},{"type":"Feature","geometry":{"type":"Point","coordinates":[121.532145,25.119658]},"properties":{"city":"taipei","name":"倈得有限公司-天母分公司","reg_no":"A-128225043-00002-6","address":"臺北市士林區中山北路7段31號","district":"士林區","result":"良"}},{"type":"Feature","geometry":{"type":"Point","coordinates":[121.556709,25.082926]},"properties":{"city":"taipei","name":"莫凡彼 - 美麗華店","reg_no":"A-127542696-00001-0","address":"臺北市中山區敬業三路20號3樓","district":"中山區","result":"優"}},{"type":"Feature","geometry":{"type":"Point","coordinates":[121.509695,25.113524]},"properties":{"city":"taipei","name":"君城本家-石牌門市","reg_no":"A-154332478-00008-2","address":"臺北市北投區石牌路2段64號","district":"北投區","result":"優"}},{"type":"Feature","geometry":{"type":"Point","coordinates":[121.546231,25.083587]},"properties":{"city":"taipei","name":"蘭軒中國菜-實踐大學店","reg_no":"A-200001145-00001-1","address":"臺北市中山區大直街70號","district":"中山區","result":"優"}},{"type":"Feature","geometry":{"type":"Point","coordinates":[121.541992,25.137621]},"properties":{"city":"taipei","name":"阿德的店","reg_no":"A-200102922-00001-6","address":"臺北市士林區光華路26巷8號","district":"士林區","result":"良"}},{"type":"Feature","geometry":{"type":"Point","coordinates":[121.543397,25.137345]},"properties":{"city":"taipei","name":"CINE CAFE","reg_no":"A-200105700-00001-3","address":"臺北市士林區長春街12號","district":"士林區","result":"良"}},{"type":"Feature","geometry":{"type":"Point","coordinates":[121.524789,25.094763]},"properties":{"city":"taipei","name":"福勝亭-士林店","reg_no":"A-197301707-00271-2","address":"臺北市士林區文林路438號","district":"士林區","result":"優"}},{"type":"Feature","geometry":{"type":"Point","coordinates":[121.529384,25.090193]},"properties":{"city":"taipei","name":"杏禹濃茶","reg_no":"A-202305058-00001-3","address":"臺北市士林區中山北路6段822號","district":"士林區","result":"優"}},{"type":"Feature","geometry":{"type":"Point","coordinates":[121.522628,25.102144]},"properties":{"city":"taipei","name":"君城本家-芝山店","reg_no":"A-154332478-00009-3","address":"臺北市士林區福國路70號","district":"士林區","result":"優"}},{"type":"Feature","geometry":{"type":"Point","coordinates":[121.522781,25.105742]},"properties":{"city":"taipei","name":"荖子鍋-家樂福天母店","reg_no":"F-200199956-00001-4","address":"臺北市士林區德行西路47號1樓","district":"士林區","result":"優"}},{"type":"Feature","geometry":{"type":"Point","coordinates":[121.520805,25.102799]},"properties":{"city":"taipei","name":"典華雅聚-士林店","reg_no":"A-182856355-00000-0","address":"臺北市士林區福華路114號","district":"士林區","result":"優"}},{"type":"Feature","geometry":{"type":"Point","coordinates":[121.531935,25.11417]},"properties":{"city":"taipei","name":"高麗味","reg_no":"A-200082194-00001-4","address":"臺北市士林區忠誠路2段152號","district":"士林區","result":"優"}},{"type":"Feature","geometry":{"type":"Point","coordinates":[121.531935,25.11417]},"properties":{"city":"taipei","name":"洋蔥-天母店","reg_no":"A-128465893-00001-4","address":"臺北市士林區忠誠路2段132號","district":"士林區","result":"良"}},{"type":"Feature","geometry":{"type":"Point","coordinates":[121.574031,25.116711]},"properties":{"city":"taipei","name":"青青食尚花園會館","reg_no":"A-112872178-00001-5","address":"臺北市士林區至善路2段266巷32-64號","district":"士林區","result":"優"}},{"type":"Feature","geometry":{"type":"Point","coordinates":[121.550661,25.003122]},"properties":{"city":"taipei","name":"Q Burger 文山福興店","reg_no":"A-190577150-00001-3","address":"臺北市文山區福興路45號","district":"文山區","result":"優"}},{"type":"Feature","geometry":{"type":"Point","coordinates":[121.552274,25.059188]},"properties":{"city":"taipei","name":"鬍鬚張-台北民生店","reg_no":"A-122721208-00007-9","address":"臺北市松山區民生東路4段76號","district":"松山區","result":"優"}},{"type":"Feature","geometry":{"type":"Point","coordinates":[121.557489,25.042152]},"properties":{"city":"taipei","name":"國聯大飯店-北馥樓","reg_no":"A-112211114-00002-3","address":"臺北市大安區光復南路200號2樓","district":"大安區","result":"優"}},{"type":"Feature","geometry":{"type":"Point","coordinates":[121.534075,25.024603]},"properties":{"city":"taipei","name":"麥當勞-台北新生","reg_no":"A-112411160-00834-9","address":"臺北市大安區新生南路3段88之2號","district":"大安區","result":"優"}},{"type":"Feature","geometry":{"type":"Point","coordinates":[121.529632,25.031939]},"properties":{"city":"taipei","name":"人从众厚切牛排(台北永康店)","reg_no":"A-142438460-00001-0","address":"臺北市大安區永康街10巷2號","district":"大安區","result":"優"}},{"type":"Feature","geometry":{"type":"Point","coordinates":[121.574333,25.040053]},"properties":{"city":"taipei","name":"Wired TOKYO-統一時代店","reg_no":"A-189398566-00001-3","address":"臺北市信義區忠孝東路5段8號5樓","district":"信義區","result":"優"}},{"type":"Feature","geometry":{"type":"Point","coordinates":[121.574333,25.040053]},"properties":{"city":"taipei","name":"米達人-統一時代店","reg_no":"A-145128707-00005-7","address":"臺北市信義區忠孝東路5段8號B2","district":"信義區","result":"優"}},{"type":"Feature","geometry":{"type":"Point","coordinates":[121.574333,25.040053]},"properties":{"city":"taipei","name":"大戶屋-統一時代店","reg_no":"A-153089762-00021-1","address":"臺北市信義區忠孝東路5段8號B2","district":"信義區","result":"優"}},{"type":"Feature","geometry":{"type":"Point","coordinates":[121.574333,25.040053]},"properties":{"city":"taipei","name":"首塢爾-統一時代店","reg_no":"A-153718045-00020-3","address":"臺北市信義區忠孝東路5段8號B2","district":"信義區","result":"優"}},{"type":"Feature","geometry":{"type":"Point","coordinates":[121.574333,25.040053]},"properties":{"city":"taipei","name":"億長御坊-統一時代店","reg_no":"A-183160707-00008-8","address":"臺北市信義區忠孝東路5段8號B2","district":"信義區","result":"優"}},{"type":"Feature","geometry":{"type":"Point","coordinates":[121.574333,25.040053]},"properties":{"city":"taipei","name":"北村豆腐家-統一時代店","reg_no":"A-128841757-00024-6","address":"臺北市信義區忠孝東路5段8號B2","district":"信義區","result":"優"}},{"type":"Feature","geometry":{"type":"Point","coordinates":[121.574333,25.040053]},"properties":{"city":"taipei","name":"涓豆腐 -統一時代店","reg_no":"A-128841757-00058-3","address":"臺北市信義區忠孝東路5段8號7樓","district":"信義區","result":"優"}},{"type":"Feature","geometry":{"type":"Point","coordinates":[121.574333,25.040053]},"properties":{"city":"taipei","name":"涮乃葉-統一時代店","reg_no":"A-127766105-00060-8","address":"臺北市信義區忠孝東路5段8號3樓","district":"信義區","result":"優"}},{"type":"Feature","geometry":{"type":"Point","coordinates":[121.530367,25.047939]},"properties":{"city":"taipei","name":"鮨隆","reg_no":"A-200124535-00001-0","address":"臺北市中山區新生北路2段60-5號1樓","district":"中山區","result":"優"}},{"type":"Feature","geometry":{"type":"Point","coordinates":[121.527695,25.03775]},"properties":{"city":"taipei","name":"山海樓","reg_no":"A-170847135-00004-7","address":"臺北市中正區仁愛路2段94號","district":"中正區","result":"優"}},{"type":"Feature","geometry":{"type":"Point","coordinates":[121.524237,25.06656]},"properties":{"city":"taipei","name":"欣葉台菜創始店","reg_no":"A-112107610-00001-7","address":"臺北市中山區雙城街34之1號1樓、2樓、B1","district":"中山區","result":"優"}},{"type":"Feature","geometry":{"type":"Point","coordinates":[121.562128,25.057861]},"properties":{"city":"taipei","name":"築間-台北三民店","reg_no":"A-183293333-00097-8","address":"臺北市松山區三民路25號","district":"松山區","result":"優"}},{"type":"Feature","geometry":{"type":"Point","coordinates":[121.556463,25.052104]},"properties":{"city":"taipei","name":"釜山順豆腐-微風南京店","reg_no":"A-142493316-00001-1","address":"臺北市松山區南京東路3段337號B2","district":"松山區","result":"優"}},{"type":"Feature","geometry":{"type":"Point","coordinates":[121.556463,25.052104]},"properties":{"city":"taipei","name":"和民手作廚房-微風南京店","reg_no":"A-127725371-00037-2","address":"臺北市松山區南京東路3段337號B2","district":"松山區","result":"優"}},{"type":"Feature","geometry":{"type":"Point","coordinates":[121.549815,25.063374]},"properties":{"city":"taipei","name":"大心-台北松山機場店","reg_no":"A-180176590-00004-8","address":"臺北市松山區敦化北路340之9號","district":"松山區","result":"優"}},{"type":"Feature","geometry":{"type":"Point","coordinates":[121.549815,25.063374]},"properties":{"city":"taipei","name":"WING CAFÉ-松山機場","reg_no":"A-189400818-00024-2","address":"臺北市松山區敦化北路340之9號","district":"松山區","result":"優"}},{"type":"Feature","geometry":{"type":"Point","coordinates":[121.549815,25.063374]},"properties":{"city":"taipei","name":"好饗廚房-松山機場","reg_no":"A-189400818-00001-7","address":"臺北市松山區敦化北路340之9號","district":"松山區","result":"優"}},{"type":"Feature","geometry":{"type":"Point","coordinates":[121.549815,25.063374]},"properties":{"city":"taipei","name":"品川蘭-松山機場","reg_no":"A-197301707-00267-7","address":"臺北市松山區敦化北路340之9號2樓","district":"松山區","result":"優"}},{"type":"Feature","geometry":{"type":"Point","coordinates":[121.549815,25.063374]},"properties":{"city":"taipei","name":"SUBWAY-松山機場","reg_no":"A-200121256-00002-8","address":"臺北市松山區敦化北路340之9號","district":"松山區","result":"優"}},{"type":"Feature","geometry":{"type":"Point","coordinates":[121.549815,25.063374]},"properties":{"city":"taipei","name":"翰林茶館-松山機場","reg_no":"A-184957153-00210-3","address":"臺北市松山區敦化北路340之10號","district":"松山區","result":"優"}},{"type":"Feature","geometry":{"type":"Point","coordinates":[121.516369,25.056981]},"properties":{"city":"taipei","name":"西悠巢旅台北館","reg_no":"A-153597817-00001-4","address":"臺北市大同區民生西路198號","district":"大同區","result":"優"}},{"type":"Feature","geometry":{"type":"Point","coordinates":[121.541203,25.135172]},"properties":{"city":"taipei","name":"臺北市立陽明教養院","reg_no":"A-128192021-00002-5","address":"臺北市士林區凱旋路61巷4弄9號","district":"士林區","result":"優"}},{"type":"Feature","geometry":{"type":"Point","coordinates":[121.533976,25.117914]},"properties":{"city":"taipei","name":"KEY COFFEE天母新光三越","reg_no":"A-122175159-00002-2","address":"臺北市士林區天母東路68號B1","district":"士林區","result":"優"}},{"type":"Feature","geometry":{"type":"Point","coordinates":[121.526264,25.09535]},"properties":{"city":"taipei","name":"就愛豐盛號","reg_no":"A-124929653-00000-8","address":"臺北市士林區中正路223巷4號1樓","district":"士林區","result":"優"}},{"type":"Feature","geometry":{"type":"Point","coordinates":[121.523942,25.094674]},"properties":{"city":"taipei","name":"禾膳股份有限公司-士林餐飲場所(禾馨士林產後護理之家)","reg_no":"A-150898254-00001-0","address":"臺北市士林區中正路289之1號1樓","district":"士林區","result":"優"}},{"type":"Feature","geometry":{"type":"Point","coordinates":[121.547157,25.118005]},"properties":{"city":"taipei","name":"Q Burger 北投知行店","reg_no":"A-188307027-00001-4","address":"臺北市士林區知行路249號","district":"士林區","result":"優"}},{"type":"Feature","geometry":{"type":"Point","coordinates":[121.470068,25.127563]},"properties":{"city":"taipei","name":"好市多股份有限公司北投分公司","reg_no":"A-196972798-00034-2","address":"臺北市北投區立德路117號","district":"北投區","result":"優"}},{"type":"Feature","geometry":{"type":"Point","coordinates":[121.504399,25.13711]},"properties":{"city":"taipei","name":"大戶屋-新北投店","reg_no":"A-153089762-00034-5","address":"臺北市北投區泉源路12號2樓之1","district":"北投區","result":"優"}},{"type":"Feature","geometry":{"type":"Point","coordinates":[121.505126,25.136118]},"properties":{"city":"taipei","name":"北投水美溫泉會館","reg_no":"A-113114499-00000-0","address":"臺北市北投區光明路224號","district":"北投區","result":"優"}},{"type":"Feature","geometry":{"type":"Point","coordinates":[121.508484,25.08302]},"properties":{"city":"taipei","name":"統鮮美食駐外葫蘆國小廚房","reg_no":"A-153691897-00042-2","address":"臺北市士林區環河北路3段95號","district":"士林區","result":"優"}},{"type":"Feature","geometry":{"type":"Point","coordinates":[121.549347,25.151421]},"properties":{"city":"taipei","name":"國際大旅舘","reg_no":"A-129697908-00001-9","address":"臺北市北投區湖山路1段7號","district":"北投區","result":"優"}},{"type":"Feature","geometry":{"type":"Point","coordinates":[121.519748,25.111359]},"properties":{"city":"taipei","name":"Q Burger 北投懷德店","reg_no":"A-200222777-00001-7","address":"臺北市北投區建民路161之5號1樓","district":"北投區","result":"優"}},{"type":"Feature","geometry":{"type":"Point","coordinates":[121.531563,25.105195]},"properties":{"city":"taipei","name":"臺北市立聯合醫院陽明院區 營養科供膳場所","reg_no":"A-400126705-00007-9","address":"臺北市士林區雨聲街105號B1營養科","district":"士林區","result":"優"}},{"type":"Feature","geometry":{"type":"Point","coordinates":[121.529384,25.090193]},"properties":{"city":"taipei","name":"妻家房-天母SOGO","reg_no":"A-153718045-00027-0","address":"臺北市士林區中山北路6段77號8樓","district":"士林區","result":"優"}},{"type":"Feature","geometry":{"type":"Point","coordinates":[121.529384,25.090193]},"properties":{"city":"taipei","name":"漢來海港-天母SOGO店","reg_no":"A-154830904-00001-2","address":"臺北市士林區中山北路6段77號7樓","district":"士林區","result":"優"}},{"type":"Feature","geometry":{"type":"Point","coordinates":[121.521756,25.052539]},"properties":{"city":"taipei","name":"老爺會館 台北南西","reg_no":"A-112142980-00001-6","address":"臺北市中山區南京西路1號8樓","district":"中山區","result":"良"}},{"type":"Feature","geometry":{"type":"Point","coordinates":[121.520661,25.052434]},"properties":{"city":"taipei","name":"大戶屋 誠品南西店","reg_no":"A-153089762-00042-4","address":"臺北市中山區南京西路14號B1","district":"中山區","result":"優"}},{"type":"Feature","geometry":{"type":"Point","coordinates":[121.528042,25.052293]},"properties":{"city":"taipei","name":"大倉久和 歐風館","reg_no":"A-128469069-00003-5","address":"臺北市中山區南京東路1段9號2樓","district":"中山區","result":"優"}},{"type":"Feature","geometry":{"type":"Point","coordinates":[121.528042,25.052293]},"properties":{"city":"taipei","name":"大倉久和 宴會廳","reg_no":"A-128469069-00005-7","address":"臺北市中山區南京東路1段9號3樓","district":"中山區","result":"優"}},{"type":"Feature","geometry":{"type":"Point","coordinates":[121.528042,25.052293]},"properties":{"city":"taipei","name":"大倉久和  桃花林","reg_no":"A-128469069-00004-6","address":"臺北市中山區南京東路1段9號2樓","district":"中山區","result":"優"}},{"type":"Feature","geometry":{"type":"Point","coordinates":[121.528042,25.052293]},"properties":{"city":"taipei","name":"大倉久和  山里","reg_no":"A-128469069-00006-8","address":"臺北市中山區南京東路1段9號5樓","district":"中山區","result":"優"}},{"type":"Feature","geometry":{"type":"Point","coordinates":[121.5337,25.053331]},"properties":{"city":"taipei","name":"大倉久和  麵包廚","reg_no":"A-128469069-00010-3","address":"臺北市中山區南京東路1段9號B2","district":"中山區","result":"優"}},{"type":"Feature","geometry":{"type":"Point","coordinates":[121.5337,25.053331]},"properties":{"city":"taipei","name":"大倉久和  點心廚","reg_no":"A-128469069-00007-9","address":"臺北市中山區南京東路1段9號B2","district":"中山區","result":"優"}},{"type":"Feature","geometry":{"type":"Point","coordinates":[121.529568,25.030692]},"properties":{"city":"taipei","name":"麻醉坊","reg_no":"A-200137748-00001-0","address":"臺北市大安區永康街37之2號","district":"大安區","result":"良"}},{"type":"Feature","geometry":{"type":"Point","coordinates":[121.52762,25.030128]},"properties":{"city":"taipei","name":"DA ANTONIO by隨意鳥地方（公企中心店）","reg_no":"A-150796340-00005-7","address":"臺北市大安區金華街187號","district":"大安區","result":"優"}},{"type":"Feature","geometry":{"type":"Point","coordinates":[121.529182,25.029861]},"properties":{"city":"taipei","name":"歐嬤德式美食 金華店","reg_no":"A-182949278-00002-9","address":"臺北市大安區金華街221號","district":"大安區","result":"優"}},{"type":"Feature","geometry":{"type":"Point","coordinates":[121.53016,25.030704]},"properties":{"city":"taipei","name":"草原風蒙古火鍋","reg_no":"A-185045751-00000-3","address":"臺北市大安區永康街37巷18號","district":"大安區","result":"優"}},{"type":"Feature","geometry":{"type":"Point","coordinates":[121.530711,25.030474]},"properties":{"city":"taipei","name":"鴉埠咖啡","reg_no":"A-200154703-00001-0","address":"臺北市大安區永康街41巷26號1樓","district":"大安區","result":"優"}},{"type":"Feature","geometry":{"type":"Point","coordinates":[121.529446,25.032166]},"properties":{"city":"taipei","name":"8% ice cafe","reg_no":"A-153928416-00001-7","address":"臺北市大安區永康街23巷6號1樓","district":"大安區","result":"優"}},{"type":"Feature","geometry":{"type":"Point","coordinates":[121.529769,25.030695]},"properties":{"city":"taipei","name":"成真咖啡-台北永康店","reg_no":"A-126223646-00001-0","address":"臺北市大安區永康街37巷6號","district":"大安區","result":"優"}},{"type":"Feature","geometry":{"type":"Point","coordinates":[121.527056,25.033822]},"properties":{"city":"taipei","name":"MR Energy 能量先生-台北東門店","reg_no":"A-179847706-00001-7","address":"臺北市大安區金山南路2段7號","district":"大安區","result":"優"}},{"type":"Feature","geometry":{"type":"Point","coordinates":[121.527056,25.033822]},"properties":{"city":"taipei","name":"饃饃噠商行","reg_no":"A-200230798-00001-9","address":"臺北市大安區金山南路2段25之1號1樓","district":"大安區","result":"優"}},{"type":"Feature","geometry":{"type":"Point","coordinates":[121.529576,25.029916]},"properties":{"city":"taipei","name":"魚鼎食場","reg_no":"A-200192713-00001-3","address":"臺北市大安區永康街53號","district":"大安區","result":"良"}},{"type":"Feature","geometry":{"type":"Point","coordinates":[121.528508,25.031532]},"properties":{"city":"taipei","name":"鑫華小吃店","reg_no":"A-194901616-00001-5","address":"臺北市大安區愛國東路101號","district":"大安區","result":"良"}},{"type":"Feature","geometry":{"type":"Point","coordinates":[121.52948,25.030626]},"properties":{"city":"taipei","name":"好公道金雞園","reg_no":"A-126256168-00000-4","address":"臺北市大安區永康街28之1號","district":"大安區","result":"良"}},{"type":"Feature","geometry":{"type":"Point","coordinates":[121.527258,25.03097]},"properties":{"city":"taipei","name":"無一物海產粥","reg_no":"A-200192943-00001-8","address":"臺北市大安區金華街183巷22號","district":"大安區","result":"良"}},{"type":"Feature","geometry":{"type":"Point","coordinates":[121.527347,25.031068]},"properties":{"city":"taipei","name":"Muko Brunch","reg_no":"A-200209386-00001-8","address":"臺北市大安區金華街183巷8號","district":"大安區","result":"優"}},{"type":"Feature","geometry":{"type":"Point","coordinates":[121.55605,25.032512]},"properties":{"city":"taipei","name":"Petit Doux 微兜 永康店","reg_no":"A-124692475-00019-7","address":"臺北市大安區信義路2段198巷7之3號1樓","district":"大安區","result":"優"}},{"type":"Feature","geometry":{"type":"Point","coordinates":[121.544548,25.03296]},"properties":{"city":"taipei","name":"福圓號-永康門市","reg_no":"A-154355725-00026-2","address":"臺北市大安區信義路2段248號1樓","district":"大安區","result":"優"}},{"type":"Feature","geometry":{"type":"Point","coordinates":[121.495751,25.038089]},"properties":{"city":"taipei","name":"家樂福桂林店-即食熟食區","reg_no":"A-122662550-00000-6","address":"臺北市萬華區桂林路1號3樓","district":"萬華區","result":"優"}},{"type":"Feature","geometry":{"type":"Point","coordinates":[121.495751,25.038089]},"properties":{"city":"taipei","name":"北村豆腐家","reg_no":"A-128841757-00072-9","address":"臺北市萬華區桂林路1號","district":"萬華區","result":"優"}},{"type":"Feature","geometry":{"type":"Point","coordinates":[121.527056,25.033822]},"properties":{"city":"taipei","name":"空中咖啡館","reg_no":"A-200230513-00000-3","address":"臺北市大安區金山南路2段85巷7號","district":"大安區","result":"優"}},{"type":"Feature","geometry":{"type":"Point","coordinates":[121.530391,25.032352]},"properties":{"city":"taipei","name":"頂尖高手夢幻鹹酥雞","reg_no":"A-110354184-00001-5","address":"臺北市大安區永康街15號之8","district":"大安區","result":"優"}},{"type":"Feature","geometry":{"type":"Point","coordinates":[121.529453,25.033203]},"properties":{"city":"taipei","name":"豆豆里-永康旗艦店","reg_no":"A-183166884-00001-3","address":"臺北市大安區永康街2巷7號","district":"大安區","result":"優"}},{"type":"Feature","geometry":{"type":"Point","coordinates":[121.52913,25.032759]},"properties":{"city":"taipei","name":"雲鼎阿二麻辣","reg_no":"A-183798565-00001-0","address":"臺北市大安區永康街6巷13號","district":"大安區","result":"優"}},{"type":"Feature","geometry":{"type":"Point","coordinates":[121.529328,25.032373]},"properties":{"city":"taipei","name":"府岸海產城","reg_no":"A-177875825-00001-8","address":"臺北市大安區永康街8巷7號1樓","district":"大安區","result":"優"}},{"type":"Feature","geometry":{"type":"Point","coordinates":[121.53075,25.033071]},"properties":{"city":"taipei","name":"府城台南美食","reg_no":"A-152602658-00001-3","address":"臺北市大安區永康街8之1號","district":"大安區","result":"良"}},{"type":"Feature","geometry":{"type":"Point","coordinates":[121.528919,25.031373]},"properties":{"city":"taipei","name":"五燈獎","reg_no":"A-190749180-00001-7","address":"臺北市大安區永康街14巷3號1樓","district":"大安區","result":"優"}},{"type":"Feature","geometry":{"type":"Point","coordinates":[121.529472,25.032485]},"properties":{"city":"taipei","name":"食藝手創","reg_no":"A-152596425-00001-7","address":"臺北市大安區永康街13巷5號","district":"大安區","result":"優"}},{"type":"Feature","geometry":{"type":"Point","coordinates":[121.529613,25.092198]},"properties":{"city":"taipei","name":"新葡苑-台北中山店","reg_no":"A-127717442-00001-3","address":"臺北市中山區中山北路2段24之3號","district":"中山區","result":"優"}},{"type":"Feature","geometry":{"type":"Point","coordinates":[121.530114,25.03309]},"properties":{"city":"taipei","name":"大來小館","reg_no":"A-126232286-00001-0","address":"臺北市大安區永康街7巷2號","district":"大安區","result":"優"}},{"type":"Feature","geometry":{"type":"Point","coordinates":[121.52943,25.032654]},"properties":{"city":"taipei","name":"朱記餡餅粥-永康店","reg_no":"A-153095716-00037-4","address":"臺北市大安區永康街6巷10號","district":"大安區","result":"優"}},{"type":"Feature","geometry":{"type":"Point","coordinates":[121.529626,25.032679]},"properties":{"city":"taipei","name":"誠記越南麵食館","reg_no":"A-127157715-00001-4","address":"臺北市大安區永康街6巷1號及1之1號","district":"大安區","result":"良"}},{"type":"Feature","geometry":{"type":"Point","coordinates":[121.554074,25.022375]},"properties":{"city":"taipei","name":"Saizeriya薩莉亞義大利料理餐廳-師大店","reg_no":"A-128854801-00002-6","address":"臺北市大安區和平東路1段129之1號","district":"大安區","result":"優"}},{"type":"Feature","geometry":{"type":"Point","coordinates":[121.527056,25.033822]},"properties":{"city":"taipei","name":"享鴨台北金山南店","reg_no":"A-184630426-00485-8","address":"臺北市大安區金山南路2段2號2樓","district":"大安區","result":"優"}},{"type":"Feature","geometry":{"type":"Point","coordinates":[121.544277,25.03012]},"properties":{"city":"taipei","name":"馬辣復興店","reg_no":"A-150895382-00000-8","address":"臺北市大安區復興南路1段152~162號4樓","district":"大安區","result":"優"}},{"type":"Feature","geometry":{"type":"Point","coordinates":[121.526848,25.030265]},"properties":{"city":"taipei","name":"65咖啡","reg_no":"A-200192407-00001-3","address":"臺北市大安區金華街179號","district":"大安區","result":"優"}},{"type":"Feature","geometry":{"type":"Point","coordinates":[121.529632,25.031939]},"properties":{"city":"taipei","name":"永康刀削麵","reg_no":"A-200200892-00001-1","address":"臺北市大安區永康街10巷5號","district":"大安區","result":"優"}},{"type":"Feature","geometry":{"type":"Point","coordinates":[121.527056,25.033822]},"properties":{"city":"taipei","name":"八方雲集 大安金山南店","reg_no":"A-170472679-00859-2","address":"臺北市大安區金山南路2段8號","district":"大安區","result":"優"}},{"type":"Feature","geometry":{"type":"Point","coordinates":[121.547138,25.035186]},"properties":{"city":"taipei","name":"牡丹","reg_no":"A-127524228-00001-1","address":"臺北市大安區四維路52巷17號","district":"大安區","result":"優"}},{"type":"Feature","geometry":{"type":"Point","coordinates":[121.543934,25.036749]},"properties":{"city":"taipei","name":"台北馥敦飯店復南館","reg_no":"A-180506001-00000-8","address":"臺北市大安區復興南路2段41號","district":"大安區","result":"良"}},{"type":"Feature","geometry":{"type":"Point","coordinates":[121.495751,25.038089]},"properties":{"city":"taipei","name":"爭鮮-桂林家樂福店","reg_no":"A-197286918-00033-4","address":"臺北市萬華區桂林路1號","district":"萬華區","result":"優"}},{"type":"Feature","geometry":{"type":"Point","coordinates":[121.54945,25.043615]},"properties":{"city":"taipei","name":"慕軒飯店 Gustoso義大利餐廳","reg_no":"A-154180182-00000-7","address":"臺北市大安區敦化南路1段331號2樓","district":"大安區","result":"優"}},{"type":"Feature","geometry":{"type":"Point","coordinates":[121.530923,25.091506]},"properties":{"city":"taipei","name":"丹迪旅店-台北天津","reg_no":"A-111087209-00000-6","address":"臺北市中山區中山北路1段135巷13號","district":"中山區","result":"優"}},{"type":"Feature","geometry":{"type":"Point","coordinates":[121.548434,25.033025]},"properties":{"city":"taipei","name":"柯達大飯店-台北敦南","reg_no":"A-153362678-00000-8","address":"臺北市大安區敦化南路2段238號","district":"大安區","result":"優"}},{"type":"Feature","geometry":{"type":"Point","coordinates":[121.530923,25.091506]},"properties":{"city":"taipei","name":"柯達大飯店-台北天津","reg_no":"A-145076709-00000-6","address":"臺北市中山區中山北路1段53巷22號","district":"中山區","result":"優"}},{"type":"Feature","geometry":{"type":"Point","coordinates":[121.545961,25.026615]},"properties":{"city":"taipei","name":"MUME(慕梅餐飲股份有限公司)","reg_no":"A-124571253-00001-8","address":"臺北市大安區四維路28號","district":"大安區","result":"優"}},{"type":"Feature","geometry":{"type":"Point","coordinates":[121.533393,25.059376]},"properties":{"city":"taipei","name":"柯達大飯店台北松江","reg_no":"A-153991965-00000-5","address":"臺北市中山區松江路251號","district":"中山區","result":"優"}},{"type":"Feature","geometry":{"type":"Point","coordinates":[121.531124,25.057509]},"properties":{"city":"taipei","name":"柯達大飯店台北長安","reg_no":"A-145096677-00000-2","address":"臺北市中山區松江路61之1號","district":"中山區","result":"優"}},{"type":"Feature","geometry":{"type":"Point","coordinates":[121.54826,25.082089]},"properties":{"city":"taipei","name":"Restaurant Page 頁小館","reg_no":"A-142849652-00000-8","address":"臺北市中山區北安路595巷20弄4號1樓","district":"中山區","result":"優"}},{"type":"Feature","geometry":{"type":"Point","coordinates":[121.554878,25.036936]},"properties":{"city":"taipei","name":"The Tavernist","reg_no":"A-151231068-00001-5","address":"臺北市大安區仁愛路4段27巷25號12樓","district":"大安區","result":"優"}},{"type":"Feature","geometry":{"type":"Point","coordinates":[121.61258,25.053227]},"properties":{"city":"taipei","name":"愛兒家產後護理","reg_no":"A-200117988-00000-3","address":"臺北市大安區忠孝東路4段87號6樓","district":"大安區","result":"優"}},{"type":"Feature","geometry":{"type":"Point","coordinates":[121.590747,25.081033]},"properties":{"city":"taipei","name":"楊記蚌麵三總店","reg_no":"A-185125500-00001-5","address":"臺北市內湖區成功路2段325號B1","district":"內湖區","result":"優"}},{"type":"Feature","geometry":{"type":"Point","coordinates":[121.590747,25.081033]},"properties":{"city":"taipei","name":"老董牛肉麵-三總店","reg_no":"A-194050426-00004-2","address":"臺北市內湖區成功路2段325號B1","district":"內湖區","result":"優"}},{"type":"Feature","geometry":{"type":"Point","coordinates":[121.590747,25.081033]},"properties":{"city":"taipei","name":"明德素食園三總店","reg_no":"A-180443463-00001-1","address":"臺北市內湖區成功路2段325號B1","district":"內湖區","result":"優"}},{"type":"Feature","geometry":{"type":"Point","coordinates":[121.590747,25.081033]},"properties":{"city":"taipei","name":"好好吃大餛飩","reg_no":"A-152531845-00001-2","address":"臺北市內湖區成功路2段325號B1","district":"內湖區","result":"優"}},{"type":"Feature","geometry":{"type":"Point","coordinates":[121.590747,25.081033]},"properties":{"city":"taipei","name":"小南門三總店","reg_no":"A-124977367-00003-6","address":"臺北市內湖區成功路2段325號B1","district":"內湖區","result":"優"}},{"type":"Feature","geometry":{"type":"Point","coordinates":[121.590747,25.081033]},"properties":{"city":"taipei","name":"花蓮扁食-三總店","reg_no":"A-170837404-00029-2","address":"臺北市內湖區成功路2段325號B1","district":"內湖區","result":"優"}},{"type":"Feature","geometry":{"type":"Point","coordinates":[121.566264,25.035351]},"properties":{"city":"taipei","name":"撈王鍋物料理","reg_no":"A-151199200-00001-6","address":"臺北市信義區松壽路12號9樓","district":"信義區","result":"優"}},{"type":"Feature","geometry":{"type":"Point","coordinates":[121.566264,25.035351]},"properties":{"city":"taipei","name":"刁民酸菜魚信義店","reg_no":"A-189135564-00001-0","address":"臺北市信義區松壽路12號1樓、B1","district":"信義區","result":"優"}},{"type":"Feature","geometry":{"type":"Point","coordinates":[121.568122,25.039512]},"properties":{"city":"taipei","name":"L'ATELIER de Joël Robuchon 侯布雄法式餐廳","reg_no":"A-128832856-00001-1","address":"臺北市信義區松仁路28號5樓","district":"信義區","result":"優"}},{"type":"Feature","geometry":{"type":"Point","coordinates":[121.568122,25.039512]},"properties":{"city":"taipei","name":"SALON DE THE de Joël Robuchon 侯布雄法式茶點沙龍","reg_no":"A-128832856-00002-2","address":"臺北市信義區松仁路28號3樓","district":"信義區","result":"優"}},{"type":"Feature","geometry":{"type":"Point","coordinates":[121.574333,25.040053]},"properties":{"city":"taipei","name":"餵我早餐忠孝店","reg_no":"A-188088120-00001-4","address":"臺北市信義區忠孝東路5段252號1樓","district":"信義區","result":"優"}},{"type":"Feature","geometry":{"type":"Point","coordinates":[121.562641,25.029834]},"properties":{"city":"taipei","name":"珠寶盒法式點心坊","reg_no":"A-153930567-00000-6","address":"臺北市信義區莊敬路239巷1弄1號","district":"信義區","result":"優"}},{"type":"Feature","geometry":{"type":"Point","coordinates":[121.61258,25.053227]},"properties":{"city":"taipei","name":"吉天婦羅-台北SOGO忠孝店","reg_no":"A-116098275-00041-1","address":"臺北市大安區忠孝東路4段45號11樓","district":"大安區","result":"優"}},{"type":"Feature","geometry":{"type":"Point","coordinates":[121.54945,25.043615]},"properties":{"city":"taipei","name":"乾杯-本店","reg_no":"A-170443909-00001-5","address":"臺北市大安區敦化南路1段236巷17號","district":"大安區","result":"優"}},{"type":"Feature","geometry":{"type":"Point","coordinates":[121.590747,25.081033]},"properties":{"city":"taipei","name":"三軍總醫院營養部","reg_no":"A-400130525-00000-7","address":"臺北市內湖區成功路2段325號","district":"內湖區","result":"優"}},{"type":"Feature","geometry":{"type":"Point","coordinates":[121.558322,25.04554]},"properties":{"city":"taipei","name":"松山意舍酒店que原木燒烤餐廳","reg_no":"A-129073240-00006-1","address":"臺北市松山區市民大道7段8號17樓","district":"松山區","result":"優"}},{"type":"Feature","geometry":{"type":"Point","coordinates":[121.560221,25.08308]},"properties":{"city":"taipei","name":"泰市場","reg_no":"A-104268726-00012-6","address":"臺北市中山區植福路200號4樓","district":"中山區","result":"優"}},{"type":"Feature","geometry":{"type":"Point","coordinates":[121.514148,25.064724]},"properties":{"city":"taipei","name":"家樂福重慶店-即食熟食區 ","reg_no":"A-122662550-00352-6","address":"臺北市大同區重慶北路2段171號","district":"大同區","result":"優"}},{"type":"Feature","geometry":{"type":"Point","coordinates":[121.515202,25.053139]},"properties":{"city":"taipei","name":"馬辣-中山店","reg_no":"A-100130577-00000-1","address":"臺北市大同區南京西路22號B1","district":"大同區","result":"優"}},{"type":"Feature","geometry":{"type":"Point","coordinates":[121.573666,25.073638]},"properties":{"city":"taipei","name":"花蓮扁食-內湖2店","reg_no":"A-170837404-00016-8","address":"臺北市內湖區舊宗路1段188號1樓","district":"內湖區","result":"優"}},{"type":"Feature","geometry":{"type":"Point","coordinates":[121.573666,25.073638]},"properties":{"city":"taipei","name":"三商巧福-舊宗店","reg_no":"A-197301707-00120-5","address":"臺北市內湖區舊宗路1段188號1樓","district":"內湖區","result":"優"}},{"type":"Feature","geometry":{"type":"Point","coordinates":[121.559215,25.082734]},"properties":{"city":"taipei","name":"Taïrroir 態芮","reg_no":"A-183773207-00000-5","address":"臺北市中山區樂群三路299號6樓","district":"中山區","result":"優"}},{"type":"Feature","geometry":{"type":"Point","coordinates":[121.554878,25.036936]},"properties":{"city":"taipei","name":"臺北市立聯合醫院-仁愛院區","reg_no":"A-400126705-00001-3","address":"臺北市大安區仁愛路4段10號B1","district":"大安區","result":"優"}},{"type":"Feature","geometry":{"type":"Point","coordinates":[121.514148,25.064724]},"properties":{"city":"taipei","name":"爭鮮-重慶店","reg_no":"A-197286918-00032-3","address":"臺北市大同區重慶北路2段171號","district":"大同區","result":"優"}},{"type":"Feature","geometry":{"type":"Point","coordinates":[121.529613,25.092198]},"properties":{"city":"taipei","name":"LadyM 晶華店","reg_no":"A-142868475-00004-6","address":"臺北市中山區中山北路2段39巷3號","district":"中山區","result":"優"}},{"type":"Feature","geometry":{"type":"Point","coordinates":[121.514148,25.064724]},"properties":{"city":"taipei","name":"荖子鍋股份有限公司","reg_no":"A-200173624-00001-3","address":"臺北市大同區重慶北路2段171號","district":"大同區","result":"優"}},{"type":"Feature","geometry":{"type":"Point","coordinates":[121.512726,25.054053]},"properties":{"city":"taipei","name":"城市商旅-南西館","reg_no":"A-127339770-00000-6","address":"臺北市大同區南京西路169號","district":"大同區","result":"優"}},{"type":"Feature","geometry":{"type":"Point","coordinates":[121.514148,25.064724]},"properties":{"city":"taipei","name":"百八魚場","reg_no":"A-153112784-00044-7","address":"臺北市大同區重慶北路2段171號","district":"大同區","result":"優"}},{"type":"Feature","geometry":{"type":"Point","coordinates":[121.611534,25.05317]},"properties":{"city":"taipei","name":"台北六福萬怡酒店-宴會廳","reg_no":"A-154397437-00004-4","address":"臺北市南港區忠孝東路7段359號9樓","district":"南港區","result":"優"}},{"type":"Feature","geometry":{"type":"Point","coordinates":[121.611534,25.05317]},"properties":{"city":"taipei","name":"台北六福萬怡酒店-粵亮廣式料理","reg_no":"A-154397437-00002-2","address":"臺北市南港區忠孝東路7段359號8樓","district":"南港區","result":"優"}},{"type":"Feature","geometry":{"type":"Point","coordinates":[121.611534,25.05317]},"properties":{"city":"taipei","name":"台北六福萬怡酒店-敘日全日餐廳","reg_no":"A-154397437-00001-1","address":"臺北市南港區忠孝東路7段359號7樓","district":"南港區","result":"優"}},{"type":"Feature","geometry":{"type":"Point","coordinates":[121.528165,25.030041]},"properties":{"city":"taipei","name":"游壽司-金華店","reg_no":"A-110379360-00001-8","address":"臺北市大安區金華街201號","district":"大安區","result":"優"}},{"type":"Feature","geometry":{"type":"Point","coordinates":[121.549815,25.063374]},"properties":{"city":"taipei","name":"洋洋肉骨茶-松山機場","reg_no":"A-183048655-00010-8","address":"臺北市松山區敦化北路340之10號2樓","district":"松山區","result":"優"}},{"type":"Feature","geometry":{"type":"Point","coordinates":[121.549815,25.063374]},"properties":{"city":"taipei","name":"占元府-松山機場","reg_no":"A-183008366-00007-9","address":"臺北市松山區敦化北路340之10號2樓","district":"松山區","result":"優"}},{"type":"Feature","geometry":{"type":"Point","coordinates":[121.558735,25.050593]},"properties":{"city":"taipei","name":"知己知米私府餐盒/李鴻記餐盒公司","reg_no":"A-194212772-00001-3","address":"臺北市松山區光復北路85巷13號1樓","district":"松山區","result":"優"}},{"type":"Feature","geometry":{"type":"Point","coordinates":[121.558735,25.050593]},"properties":{"city":"taipei","name":"阿福號三明治專門店","reg_no":"A-172979694-00000-1","address":"臺北市松山區光復北路85巷13號1樓","district":"松山區","result":"優"}},{"type":"Feature","geometry":{"type":"Point","coordinates":[121.549815,25.063374]},"properties":{"city":"taipei","name":"環亞機場貴賓室-台灣松山國際機場","reg_no":"A-142617610-00004-9","address":"臺北市松山區敦化北路340之9號3樓","district":"松山區","result":"優"}},{"type":"Feature","geometry":{"type":"Point","coordinates":[121.56126,24.983436]},"properties":{"city":"taipei","name":"壹品香扁食-台北市立萬芳醫院","reg_no":"A-190644685-00004-4","address":"臺北市文山區興隆路3段111號B1","district":"文山區","result":"優"}},{"type":"Feature","geometry":{"type":"Point","coordinates":[121.56126,24.983436]},"properties":{"city":"taipei","name":"總會有機會Club 25","reg_no":"A-154677325-00001-8","address":"臺北市文山區興隆路3段111號B1","district":"文山區","result":"優"}},{"type":"Feature","geometry":{"type":"Point","coordinates":[121.518555,25.040776]},"properties":{"city":"taipei","name":"龍凰號-微風台大醫院店","reg_no":"A-191944751-00002-0","address":"臺北市中正區中山南路7號B1","district":"中正區","result":"優"}},{"type":"Feature","geometry":{"type":"Point","coordinates":[121.509395,25.024568]},"properties":{"city":"taipei","name":"明水然樂-台北西門營業所","reg_no":"A-183053426-00099-7","address":"臺北市萬華區中華路1段88號4樓","district":"萬華區","result":"優"}},{"type":"Feature","geometry":{"type":"Point","coordinates":[121.509395,25.024568]},"properties":{"city":"taipei","name":"狂一鍋-台北西門店","reg_no":"A-183053426-00097-5","address":"臺北市萬華區中華路1段88號4樓","district":"萬華區","result":"優"}},{"type":"Feature","geometry":{"type":"Point","coordinates":[121.611534,25.05317]},"properties":{"city":"taipei","name":"樂雅樂餐廳-生技店","reg_no":"A-123932737-00068-8","address":"臺北市南港區忠孝東路7段508號2樓","district":"南港區","result":"優"}},{"type":"Feature","geometry":{"type":"Point","coordinates":[121.611534,25.05317]},"properties":{"city":"taipei","name":"麥當勞-南港車站","reg_no":"A-112411160-01817-1","address":"臺北市南港區忠孝東路7段359號1樓B0601","district":"南港區","result":"優"}},{"type":"Feature","geometry":{"type":"Point","coordinates":[121.617093,25.035585]},"properties":{"city":"taipei","name":"總理的定食","reg_no":"A-202298106-00001-8","address":"臺北市南港區研究院路3段245號","district":"南港區","result":"優"}},{"type":"Feature","geometry":{"type":"Point","coordinates":[121.568122,25.039512]},"properties":{"city":"taipei","name":"田原香-寶麗廣塲","reg_no":"A-154382758-00027-9","address":"臺北市信義區松仁路28號B2","district":"信義區","result":"優"}},{"type":"Feature","geometry":{"type":"Point","coordinates":[121.57541,25.035068]},"properties":{"city":"taipei","name":"Diamond Tony's 隨意鳥地方","reg_no":"A-123996788-00001-1","address":"臺北市信義區信義路5段7號85樓","district":"信義區","result":"優"}},{"type":"Feature","geometry":{"type":"Point","coordinates":[121.567465,25.038618]},"properties":{"city":"taipei","name":"台北艾麗酒店-The terrace","reg_no":"A-153098740-00003-7","address":"臺北市信義區松高路18號6樓","district":"信義區","result":"優"}},{"type":"Feature","geometry":{"type":"Point","coordinates":[121.499719,25.022697]},"properties":{"city":"taipei","name":"八方悅鍋物(萬華長泰店)","reg_no":"A-200203626-00001-9","address":"臺北市萬華區長泰街77號","district":"萬華區","result":"優"}},{"type":"Feature","geometry":{"type":"Point","coordinates":[121.556892,25.043733]},"properties":{"city":"taipei","name":"青花驕-台北光復店","reg_no":"A-184630426-00452-2","address":"臺北市大安區光復南路100號1樓","district":"大安區","result":"優"}},{"type":"Feature","geometry":{"type":"Point","coordinates":[121.517055,25.047176]},"properties":{"city":"taipei","name":"小樂木桶燒-微風台北車站","reg_no":"A-195433528-00001-8","address":"臺北市中正區北平西路3號2樓","district":"中正區","result":"優"}},{"type":"Feature","geometry":{"type":"Point","coordinates":[121.517055,25.047176]},"properties":{"city":"taipei","name":"本村炸雞-微風台北車站","reg_no":"A-124763442-00011-2","address":"臺北市中正區北平西路3號2樓","district":"中正區","result":"優"}},{"type":"Feature","geometry":{"type":"Point","coordinates":[121.517055,25.047176]},"properties":{"city":"taipei","name":"花火禾茶-微風台北車站店","reg_no":"A-195117803-00001-3","address":"臺北市中正區北平西路3號1樓","district":"中正區","result":"優"}},{"type":"Feature","geometry":{"type":"Point","coordinates":[121.517055,25.047176]},"properties":{"city":"taipei","name":"頂呱呱-微風台北車站","reg_no":"A-130862692-00022-8","address":"臺北市中正區北平西路3號1樓","district":"中正區","result":"優"}},{"type":"Feature","geometry":{"type":"Point","coordinates":[121.517055,25.047176]},"properties":{"city":"taipei","name":"關北紅豆餅-微風台北車站店","reg_no":"A-124375652-00132-8","address":"臺北市中正區北平西路3號1樓","district":"中正區","result":"優"}},{"type":"Feature","geometry":{"type":"Point","coordinates":[121.534788,25.061897]},"properties":{"city":"taipei","name":"台灣壽司郎-台北民權建國店","reg_no":"A-152929520-00005-7","address":"臺北市中山區民權東路3段2號1樓","district":"中山區","result":"優"}},{"type":"Feature","geometry":{"type":"Point","coordinates":[121.521341,25.057875]},"properties":{"city":"taipei","name":"米哥烘焙坊-雙連門市","reg_no":"A-189455989-00000-5","address":"臺北市中山區民生西路23號","district":"中山區","result":"優"}},{"type":"Feature","geometry":{"type":"Point","coordinates":[121.530923,25.091506]},"properties":{"city":"taipei","name":"青花驕台北中山北店","reg_no":"A-184630426-00352-1","address":"臺北市中山區中山北路1段137號、139號1-4樓","district":"中山區","result":"優"}},{"type":"Feature","geometry":{"type":"Point","coordinates":[121.518991,25.046234]},"properties":{"city":"taipei","name":"Krispy Kreme-台北站前店","reg_no":"A-154055473-00003-4","address":"臺北市中正區忠孝西路1段49號B1","district":"中正區","result":"優"}},{"type":"Feature","geometry":{"type":"Point","coordinates":[121.518991,25.046234]},"properties":{"city":"taipei","name":"占元府-新光三越站前店","reg_no":"A-183008366-00004-6","address":"臺北市中正區忠孝西路1段66號B1","district":"中正區","result":"優"}},{"type":"Feature","geometry":{"type":"Point","coordinates":[121.514892,25.045817]},"properties":{"city":"taipei","name":"台灣壽司郎-台北館前店","reg_no":"A-152929520-00001-3","address":"臺北市中正區館前路8號2樓","district":"中正區","result":"優"}},{"type":"Feature","geometry":{"type":"Point","coordinates":[121.532549,25.015744]},"properties":{"city":"taipei","name":"築間-台北南門店","reg_no":"A-183293333-00192-4","address":"臺北市中正區羅斯福路1段13號2樓","district":"中正區","result":"優"}},{"type":"Feature","geometry":{"type":"Point","coordinates":[121.518555,25.040776]},"properties":{"city":"taipei","name":"BONGOUSSE-微風台大醫院店","reg_no":"A-150876104-00010-0","address":"臺北市中正區中山南路7號B1","district":"中正區","result":"優"}},{"type":"Feature","geometry":{"type":"Point","coordinates":[121.518555,25.040776]},"properties":{"city":"taipei","name":"本粥-微風台大醫院店","reg_no":"A-182998050-00003-2","address":"臺北市中正區中山南路7號B1","district":"中正區","result":"優"}},{"type":"Feature","geometry":{"type":"Point","coordinates":[121.518555,25.040776]},"properties":{"city":"taipei","name":"非越即泰-微風台大醫院店","reg_no":"A-154837370-00008-3","address":"臺北市中正區中山南路7號B1","district":"中正區","result":"優"}},{"type":"Feature","geometry":{"type":"Point","coordinates":[121.522338,25.08153]},"properties":{"city":"taipei","name":"雲朵列車","reg_no":"A-202295314-00000-5","address":"臺北市士林區承德路5段55號","district":"士林區","result":"優"}},{"type":"Feature","geometry":{"type":"Point","coordinates":[121.565775,25.034435]},"properties":{"city":"taipei","name":"真珠微風南山店","reg_no":"A-179955280-00254-4","address":"臺北市信義區松智路17號5樓","district":"信義區","result":"優"}},{"type":"Feature","geometry":{"type":"Point","coordinates":[121.578764,25.036732]},"properties":{"city":"taipei","name":"米哥烘焙坊-松山門市","reg_no":"A-189455989-00047-6","address":"臺北市信義區松山路11號","district":"信義區","result":"優"}},{"type":"Feature","geometry":{"type":"Point","coordinates":[121.570823,24.987577]},"properties":{"city":"taipei","name":"米哥烘焙坊-景美門市","reg_no":"A-113825420-00007-0","address":"臺北市文山區木新路3段327號","district":"文山區","result":"優"}},{"type":"Feature","geometry":{"type":"Point","coordinates":[121.570823,24.987577]},"properties":{"city":"taipei","name":"火鍋世家-木柵木新店","reg_no":"A-200052425-00000-7","address":"臺北市文山區木新路3段58號","district":"文山區","result":"優"}},{"type":"Feature","geometry":{"type":"Point","coordinates":[121.54945,25.043615]},"properties":{"city":"taipei","name":"復興實驗高中廚房 (味安餐飲)","reg_no":"A-193761975-00001-6","address":"臺北市大安區敦化南路1段262號","district":"大安區","result":"優"}},{"type":"Feature","geometry":{"type":"Point","coordinates":[121.539913,25.010588]},"properties":{"city":"taipei","name":"老先覺-台北公館","reg_no":"A-172995913-00001-4","address":"臺北市大安區羅斯福路3段283巷18號","district":"大安區","result":"優"}},{"type":"Feature","geometry":{"type":"Point","coordinates":[121.530595,25.019178]},"properties":{"city":"taipei","name":"台灣壽司郎-台北公館店","reg_no":"A-152929520-00017-0","address":"臺北市中正區羅斯福路4段68號2樓","district":"中正區","result":"優"}},{"type":"Feature","geometry":{"type":"Point","coordinates":[121.570823,24.987577]},"properties":{"city":"taipei","name":"錢都日式涮涮鍋-木柵木新店","reg_no":"A-188380862-00001-2","address":"臺北市文山區木新路3段60號","district":"文山區","result":"優"}},{"type":"Feature","geometry":{"type":"Point","coordinates":[121.554053,25.020329]},"properties":{"city":"taipei","name":"鬍鬚張-台北安居店","reg_no":"A-122721208-00171-1","address":"臺北市大安區安居街48號1樓","district":"大安區","result":"優"}},{"type":"Feature","geometry":{"type":"Point","coordinates":[121.56582,25.024671]},"properties":{"city":"taipei","name":"鬍鬚張-京簡康台北吳興店","reg_no":"A-122721208-00170-0","address":"臺北市信義區吳興街26號1樓","district":"信義區","result":"優"}},{"type":"Feature","geometry":{"type":"Point","coordinates":[121.546231,25.083587]},"properties":{"city":"taipei","name":"包子商行-實踐大學店","reg_no":"A-195134113-00001-6","address":"臺北市中山區大直街70號","district":"中山區","result":"優"}},{"type":"Feature","geometry":{"type":"Point","coordinates":[121.546231,25.083587]},"properties":{"city":"taipei","name":"炒香-實踐大學店","reg_no":"A-202297999-00001-7","address":"臺北市中山區大直街70號","district":"中山區","result":"優"}},{"type":"Feature","geometry":{"type":"Point","coordinates":[121.546231,25.083587]},"properties":{"city":"taipei","name":"花現廚房-實踐大學店","reg_no":"A-179875054-00001-4","address":"臺北市中山區大直街70號","district":"中山區","result":"優"}},{"type":"Feature","geometry":{"type":"Point","coordinates":[121.546231,25.083587]},"properties":{"city":"taipei","name":"渣等-實踐大學店","reg_no":"A-202289182-00001-2","address":"臺北市中山區大直街70號","district":"中山區","result":"優"}},{"type":"Feature","geometry":{"type":"Point","coordinates":[121.553985,25.025334]},"properties":{"city":"taipei","name":"順成蛋糕-信義店","reg_no":"A-200000543-00001-2","address":"臺北市信義區基隆路2段91號","district":"信義區","result":"優"}},{"type":"Feature","geometry":{"type":"Point","coordinates":[121.535491,25.149986]},"properties":{"city":"taipei","name":"湖山國民小學午餐廚房 (中原食品)","reg_no":"A-122640634-00031-9","address":"臺北市北投區湖底路11號","district":"北投區","result":"優"}},{"type":"Feature","geometry":{"type":"Point","coordinates":[121.522338,25.08153]},"properties":{"city":"taipei","name":"瓦非屋","reg_no":"A-154014987-00001-7","address":"臺北市士林區承德路5段55號","district":"士林區","result":"優"}},{"type":"Feature","geometry":{"type":"Point","coordinates":[121.522338,25.08153]},"properties":{"city":"taipei","name":"小食光","reg_no":"A-202294452-00000-7","address":"臺北市士林區承德路5段55號","district":"士林區","result":"優"}},{"type":"Feature","geometry":{"type":"Point","coordinates":[121.529458,25.024491]},"properties":{"city":"taipei","name":"龍泉居","reg_no":"A-200159382-00000-7","address":"臺北市大安區龍泉街23號","district":"大安區","result":"優"}},{"type":"Feature","geometry":{"type":"Point","coordinates":[121.545956,24.995232]},"properties":{"city":"taipei","name":"火鍋世家-台北景華店","reg_no":"A-200052419-00000-0","address":"臺北市文山區景華街98號1樓","district":"文山區","result":"優"}},{"type":"Feature","geometry":{"type":"Point","coordinates":[121.574333,25.040053]},"properties":{"city":"taipei","name":"馬可先生健康烘焙-忠孝店","reg_no":"A-128467554-00005-4","address":"臺北市信義區忠孝東路5段259號","district":"信義區","result":"優"}},{"type":"Feature","geometry":{"type":"Point","coordinates":[121.574031,25.116711]},"properties":{"city":"taipei","name":"台北市私立衛理女子高級中學","reg_no":"A-129902909-00000-8","address":"臺北市士林區至善路2段321號","district":"士林區","result":"優"}},{"type":"Feature","geometry":{"type":"Point","coordinates":[121.577939,25.077572]},"properties":{"city":"taipei","name":"凱旋酒店55餐廳","reg_no":"A-200171537-00001-4","address":"臺北市內湖區江南街55號2樓","district":"內湖區","result":"優"}},{"type":"Feature","geometry":{"type":"Point","coordinates":[121.521344,25.11755]},"properties":{"city":"taipei","name":"蘇杭-北護店","reg_no":"A-152209487-00006-1","address":"臺北市北投區明德路365號","district":"北投區","result":"優"}},{"type":"Feature","geometry":{"type":"Point","coordinates":[121.521344,25.11755]},"properties":{"city":"taipei","name":"台灣壽司郎-台北石牌店","reg_no":"A-152929520-00047-3","address":"臺北市北投區明德路365號","district":"北投區","result":"優"}},{"type":"Feature","geometry":{"type":"Point","coordinates":[121.521344,25.11755]},"properties":{"city":"taipei","name":"21Plus-石牌門市","reg_no":"A-189627033-00206-4","address":"臺北市北投區明德路365號","district":"北投區","result":"優"}},{"type":"Feature","geometry":{"type":"Point","coordinates":[121.523114,25.116369]},"properties":{"city":"taipei","name":"小飯桌-振興醫院店","reg_no":"A-200223610-00015-9","address":"臺北市北投區振興街45號","district":"北投區","result":"優"}},{"type":"Feature","geometry":{"type":"Point","coordinates":[121.523114,25.116369]},"properties":{"city":"taipei","name":"天天健康便當-振興醫院店","reg_no":"A-278967175-00002-1","address":"臺北市北投區振興街45號","district":"北投區","result":"優"}},{"type":"Feature","geometry":{"type":"Point","coordinates":[121.582612,25.086044]},"properties":{"city":"taipei","name":"馬可先生健康烘焙-內湖店","reg_no":"A-189770993-00002-2","address":"臺北市內湖區內湖路1段361號","district":"內湖區","result":"優"}},{"type":"Feature","geometry":{"type":"Point","coordinates":[121.582612,25.086044]},"properties":{"city":"taipei","name":"好食多涮涮鍋-西湖店","reg_no":"A-202292662-00001-9","address":"臺北市內湖區內湖路1段360巷2之1號2樓","district":"內湖區","result":"優"}},{"type":"Feature","geometry":{"type":"Point","coordinates":[121.608953,25.068023]},"properties":{"city":"taipei","name":"Roger Café-康寧大學","reg_no":"A-200172661-00002-4","address":"臺北市內湖區康寧路3段75巷137號小木屋","district":"內湖區","result":"優"}},{"type":"Feature","geometry":{"type":"Point","coordinates":[121.540921,25.057292]},"properties":{"city":"taipei","name":"麵線歐爸-萬芳醫院店","reg_no":"A-154041773-00009-8","address":"臺北市文山區修龍路3段111號B1","district":"文山區","result":"優"}},{"type":"Feature","geometry":{"type":"Point","coordinates":[121.557414,25.046122]},"properties":{"city":"taipei","name":"老先覺-台北光復南店","reg_no":"A-202288022-00001-4","address":"臺北市松山區光復南路5號","district":"松山區","result":"優"}},{"type":"Feature","geometry":{"type":"Point","coordinates":[121.580671,25.043915]},"properties":{"city":"taipei","name":"米哥烘焙坊-大巨蛋門市","reg_no":"A-113825420-00009-2","address":"臺北市信義區忠孝東路4段515號D棟","district":"信義區","result":"優"}},{"type":"Feature","geometry":{"type":"Point","coordinates":[121.556463,25.052104]},"properties":{"city":"taipei","name":"滷台味-微風南京","reg_no":"A-154553149-00075-6","address":"臺北市松山區南京東路3段337號地下室2樓","district":"松山區","result":"優"}},{"type":"Feature","geometry":{"type":"Point","coordinates":[121.556463,25.052104]},"properties":{"city":"taipei","name":"這味泰泰-微風南京","reg_no":"A-124970174-00028-2","address":"臺北市松山區南京東路3段337號地下室2樓","district":"松山區","result":"優"}},{"type":"Feature","geometry":{"type":"Point","coordinates":[121.495999,25.122312]},"properties":{"city":"taipei","name":"金鑽小吃店-八方悅鍋物-關渡捷運","reg_no":"A-200225408-00000-0","address":"臺北市北投區大度路3段296巷36號","district":"北投區","result":"優"}},{"type":"Feature","geometry":{"type":"Point","coordinates":[121.525771,25.090955]},"properties":{"city":"taipei","name":"米哥烘焙坊-大東門市","reg_no":"A-189455989-00001-6","address":"臺北市士林區大東路82之1號","district":"士林區","result":"優"}},{"type":"Feature","geometry":{"type":"Point","coordinates":[121.574333,25.040053]},"properties":{"city":"taipei","name":"台灣壽司郎-台北永春店","reg_no":"A-152929520-00013-6","address":"臺北市信義區忠孝東路5段297之1號1樓","district":"信義區","result":"優"}},{"type":"Feature","geometry":{"type":"Point","coordinates":[121.568691,25.035964]},"properties":{"city":"taipei","name":"老井信義餐飲","reg_no":"A-193679624-00001-5","address":"臺北市信義區松仁路101號B1","district":"信義區","result":"優"}},{"type":"Feature","geometry":{"type":"Point","coordinates":[121.566797,25.038814]},"properties":{"city":"taipei","name":"Krispy Kreme - 新光店A8","reg_no":"A-154055473-00045-0","address":"臺北市信義區松高路12號B2","district":"信義區","result":"優"}},{"type":"Feature","geometry":{"type":"Point","coordinates":[121.567277,25.038729]},"properties":{"city":"taipei","name":"莫凡彼-微風松高店","reg_no":"A-127542696-00071-7","address":"臺北市信義區松高路16號3樓","district":"信義區","result":"優"}},{"type":"Feature","geometry":{"type":"Point","coordinates":[121.507589,25.126902]},"properties":{"city":"taipei","name":"臺北市北投區清江國民小學(宏遠國際餐飲股份有限公司)","reg_no":"A-125094980-00044-3","address":"臺北市北投區公館路220號","district":"北投區","result":"優"}},{"type":"Feature","geometry":{"type":"Point","coordinates":[121.558155,25.060044]},"properties":{"city":"taipei","name":"八方悅鍋物-民生興安店","reg_no":"A-202304522-00000-7","address":"臺北市松山區民生東路3段140巷13號","district":"松山區","result":"優"}},{"type":"Feature","geometry":{"type":"Point","coordinates":[121.555387,25.055249]},"properties":{"city":"taipei","name":"百變全球餐飲-光復店","reg_no":"A-100064794-00000-8","address":"臺北市松山區光復北路8號1樓","district":"松山區","result":"優"}},{"type":"Feature","geometry":{"type":"Point","coordinates":[121.522338,25.08153]},"properties":{"city":"taipei","name":"Melis Sweetie","reg_no":"A-152660679-00005-4","address":"臺北市士林區承德路5段55號","district":"士林區","result":"優"}},{"type":"Feature","geometry":{"type":"Point","coordinates":[121.522338,25.08153]},"properties":{"city":"taipei","name":"貓貓小站","reg_no":"A-200123471-00002-9","address":"臺北市士林區承德路5段55號","district":"士林區","result":"優"}},{"type":"Feature","geometry":{"type":"Point","coordinates":[121.522338,25.08153]},"properties":{"city":"taipei","name":"大眼蝦","reg_no":"A-125669818-00001-4","address":"臺北市士林區承德路5段55號","district":"士林區","result":"優"}},{"type":"Feature","geometry":{"type":"Point","coordinates":[121.563901,25.034027]},"properties":{"city":"taipei","name":"POPEYES-台北101店","reg_no":"A-189152079-00006-5","address":"臺北市信義區市府路45號B1","district":"信義區","result":"優"}},{"type":"Feature","geometry":{"type":"Point","coordinates":[121.524844,25.094563]},"properties":{"city":"taipei","name":"拿坡里披薩炸雞士林店","reg_no":"A-197301707-00008-0","address":"臺北市士林區文林路430號1樓","district":"士林區","result":"優"}},{"type":"Feature","geometry":{"type":"Point","coordinates":[121.57541,25.035068]},"properties":{"city":"taipei","name":"KAFE D-台北101店","reg_no":"A-150824845-00107-2","address":"臺北市信義區信義路5段7號89樓","district":"信義區","result":"優"}},{"type":"Feature","geometry":{"type":"Point","coordinates":[121.57541,25.035068]},"properties":{"city":"taipei","name":"迷客夏-台北101店","reg_no":"A-128949151-00802-7","address":"臺北市信義區信義路5段7號89樓","district":"信義區","result":"優"}},{"type":"Feature","geometry":{"type":"Point","coordinates":[121.563901,25.034027]},"properties":{"city":"taipei","name":"奎士咖啡-台北101店","reg_no":"A-183097938-00006-1","address":"臺北市信義區市府路45號B1","district":"信義區","result":"優"}},{"type":"Feature","geometry":{"type":"Point","coordinates":[121.563901,25.034027]},"properties":{"city":"taipei","name":"美利港式茶檔公司-台北101店","reg_no":"A-193716120-00001-8","address":"臺北市信義區市府路45號B1","district":"信義區","result":"優"}},{"type":"Feature","geometry":{"type":"Point","coordinates":[121.525555,25.093136]},"properties":{"city":"taipei","name":"REEDS士林店（嘉穗創意食品股份有限公司）","reg_no":"A-124535031-00013-5","address":"臺北市士林區文林路340之1號","district":"士林區","result":"優"}},{"type":"Feature","geometry":{"type":"Point","coordinates":[121.512174,25.031211]},"properties":{"city":"taipei","name":"建國中學早餐部(連大莊企業有限公司)","reg_no":"A-180529551-00026-1","address":"臺北市中正區南海路56號","district":"中正區","result":"優"}},{"type":"Feature","geometry":{"type":"Point","coordinates":[121.526124,25.094706]},"properties":{"city":"taipei","name":"十盛-台北士林店","reg_no":"A-160686965-00000-4","address":"臺北市士林區中正路235巷24號1樓","district":"士林區","result":"優"}},{"type":"Feature","geometry":{"type":"Point","coordinates":[121.533367,25.125206]},"properties":{"city":"taipei","name":"豚之家有限公司","reg_no":"A-152203842-00002-6","address":"臺北市士林區中山北路5段523號1樓","district":"士林區","result":"優"}},{"type":"Feature","geometry":{"type":"Point","coordinates":[121.526687,25.095335]},"properties":{"city":"taipei","name":"堤諾義大利比薩 Tino's Pizza 士林中正門市","reg_no":"A-153913146-00022-4","address":"臺北市士林區中正路209號1樓","district":"士林區","result":"優"}},{"type":"Feature","geometry":{"type":"Point","coordinates":[121.526145,25.094643]},"properties":{"city":"taipei","name":"小紅帽麵包","reg_no":"A-200145980-00003-9","address":"臺北市士林區中正路235巷26號1樓","district":"士林區","result":"優"}},{"type":"Feature","geometry":{"type":"Point","coordinates":[121.52644,25.095612]},"properties":{"city":"taipei","name":"堤亞摩事業有限公司","reg_no":"A-124787090-00005-0","address":"臺北市士林區中正路210之5號","district":"士林區","result":"優"}},{"type":"Feature","geometry":{"type":"Point","coordinates":[121.533367,25.125206]},"properties":{"city":"taipei","name":"Bar DAD","reg_no":"A-193591607-00001-9","address":"臺北市士林區中山北路5段505巷24號1樓","district":"士林區","result":"優"}},{"type":"Feature","geometry":{"type":"Point","coordinates":[121.525715,25.094336]},"properties":{"city":"taipei","name":"2派克脆皮雞排","reg_no":"A-124357660-00193-4","address":"臺北市士林區文林路404巷21號","district":"士林區","result":"優"}},{"type":"Feature","geometry":{"type":"Point","coordinates":[121.524155,25.096359]},"properties":{"city":"taipei","name":"士林9份芋圓","reg_no":"A-200002094-00001-5","address":"臺北市士林區文林路493號1樓","district":"士林區","result":"優"}},{"type":"Feature","geometry":{"type":"Point","coordinates":[121.524169,25.097097]},"properties":{"city":"taipei","name":"Bremen不萊梅","reg_no":"A-142339102-00001-3","address":"臺北市士林區文林路514之1號1、2樓","district":"士林區","result":"優"}},{"type":"Feature","geometry":{"type":"Point","coordinates":[121.525536,25.092623]},"properties":{"city":"taipei","name":"大塊牛排","reg_no":"A-200003469-00001-2","address":"臺北市士林區文林路341號","district":"士林區","result":"優"}},{"type":"Feature","geometry":{"type":"Point","coordinates":[121.523955,25.097126]},"properties":{"city":"taipei","name":"小聚人複合式餐飲","reg_no":"A-200193995-00001-6","address":"臺北市士林區文林路527號1樓","district":"士林區","result":"優"}},{"type":"Feature","geometry":{"type":"Point","coordinates":[121.524645,25.095308]},"properties":{"city":"taipei","name":"南美咖啡","reg_no":"A-112216960-00001-6","address":"臺北市士林區文林路446號1樓","district":"士林區","result":"優"}},{"type":"Feature","geometry":{"type":"Point","coordinates":[121.526077,25.095197]},"properties":{"city":"taipei","name":"怡客咖啡股份有限公司","reg_no":"A-184501598-00197-5","address":"臺北市士林區中正路231號","district":"士林區","result":"優"}},{"type":"Feature","geometry":{"type":"Point","coordinates":[121.52412,25.097188]},"properties":{"city":"taipei","name":"永和豆漿-文林店","reg_no":"A-176373459-00001-3","address":"臺北市士林區文林路526號","district":"士林區","result":"優"}},{"type":"Feature","geometry":{"type":"Point","coordinates":[121.526207,25.094452]},"properties":{"city":"taipei","name":"歐品鄉廚餐坊","reg_no":"A-117762397-00001-1","address":"臺北市士林區中正路235巷32號","district":"士林區","result":"優"}},{"type":"Feature","geometry":{"type":"Point","coordinates":[121.526166,25.094579]},"properties":{"city":"taipei","name":"得正","reg_no":"A-188303866-00001-1","address":"臺北市士林區中正路235巷28號","district":"士林區","result":"優"}},{"type":"Feature","geometry":{"type":"Point","coordinates":[121.526186,25.094515]},"properties":{"city":"taipei","name":"老虎醬溫州大餛飩","reg_no":"A-200145026-00001-8","address":"臺北市士林區中正路235巷30號","district":"士林區","result":"優"}},{"type":"Feature","geometry":{"type":"Point","coordinates":[121.526541,25.094273]},"properties":{"city":"taipei","name":"50嵐","reg_no":"A-200185420-00000-9","address":"臺北市士林區中正路235巷38號","district":"士林區","result":"優"}},{"type":"Feature","geometry":{"type":"Point","coordinates":[121.526286,25.094196]},"properties":{"city":"taipei","name":"龜記茗品","reg_no":"A-166641441-00051-6","address":"臺北市士林區中正路235巷40號","district":"士林區","result":"優"}},{"type":"Feature","geometry":{"type":"Point","coordinates":[121.526319,25.094178]},"properties":{"city":"taipei","name":"有小癮個人酸菜魚 士林中正店","reg_no":"A-193709866-00001-7","address":"臺北市士林區中正路235巷41號","district":"士林區","result":"優"}},{"type":"Feature","geometry":{"type":"Point","coordinates":[121.526422,25.093721]},"properties":{"city":"taipei","name":"花香見咖啡烘焙工作室","reg_no":"A-200207705-00001-1","address":"臺北市士林區中正路235巷57號","district":"士林區","result":"優"}},{"type":"Feature","geometry":{"type":"Point","coordinates":[121.525474,25.094357]},"properties":{"city":"taipei","name":"牛有廖","reg_no":"A-200118708-00001-5","address":"臺北市士林區美德街16巷8號","district":"士林區","result":"優"}},{"type":"Feature","geometry":{"type":"Point","coordinates":[121.525286,25.094494]},"properties":{"city":"taipei","name":"有幸福咖啡","reg_no":"A-200127302-00001-5","address":"臺北市士林區美德街21號1樓","district":"士林區","result":"優"}},{"type":"Feature","geometry":{"type":"Point","coordinates":[121.525049,25.095777]},"properties":{"city":"taipei","name":"第二人生咖啡館士林店","reg_no":"A-188308742-00001-9","address":"臺北市士林區美德街74號1樓","district":"士林區","result":"優"}},{"type":"Feature","geometry":{"type":"Point","coordinates":[121.584191,24.989314]},"properties":{"city":"taipei","name":"臺北市政府社會局委託佳醫長照社團法人經營管理臺北市兆如老人安養護中心","reg_no":"A-193107323-00000-6","address":"臺北市文山區政大二街129號","district":"文山區","result":"優"}},{"type":"Feature","geometry":{"type":"Point","coordinates":[121.54945,25.043615]},"properties":{"city":"taipei","name":"順成蛋糕-忠孝一店","reg_no":"A-122345859-00001-7","address":"臺北市大安區敦化南路1段212號","district":"大安區","result":"優"}},{"type":"Feature","geometry":{"type":"Point","coordinates":[121.563901,25.034027]},"properties":{"city":"taipei","name":"初魚鮨 初魚鉄板料亭-臺北101店","reg_no":"A-190323071-00033-9","address":"臺北市信義區市府路45號4樓","district":"信義區","result":"優"}},{"type":"Feature","geometry":{"type":"Point","coordinates":[121.568669,25.04302]},"properties":{"city":"taipei","name":"焦糖楓-永吉店","reg_no":"A-154199324-00001-6","address":"臺北市信義區永吉路30巷120號","district":"信義區","result":"優"}},{"type":"Feature","geometry":{"type":"Point","coordinates":[121.576176,25.045653]},"properties":{"city":"taipei","name":"拿坡里披薩炸雞永吉店","reg_no":"A-197301707-00013-6","address":"臺北市信義區永吉路343號1樓","district":"信義區","result":"優"}},{"type":"Feature","geometry":{"type":"Point","coordinates":[121.563901,25.034027]},"properties":{"city":"taipei","name":"興葉蚵仔煎-臺北101店","reg_no":"A-118408439-00001-6","address":"臺北市信義區市府路45號B1","district":"信義區","result":"優"}},{"type":"Feature","geometry":{"type":"Point","coordinates":[121.60719,25.056336]},"properties":{"city":"taipei","name":"紅蕃茄醬早餐-南港高工","reg_no":"A-124399710-00069-8","address":"臺北市南港區興中路29號","district":"南港區","result":"優"}},{"type":"Feature","geometry":{"type":"Point","coordinates":[121.60719,25.056336]},"properties":{"city":"taipei","name":"甜品美食屋-南港高工","reg_no":"A-124399710-00057-5","address":"臺北市南港區興中路29號","district":"南港區","result":"優"}},{"type":"Feature","geometry":{"type":"Point","coordinates":[121.604822,25.057413]},"properties":{"city":"taipei","name":"第一餐盒股份有限公司","reg_no":"A-128673689-00025-4","address":"臺北市南港區重陽路263巷8號2樓","district":"南港區","result":"優"}},{"type":"Feature","geometry":{"type":"Point","coordinates":[121.559266,24.990038]},"properties":{"city":"taipei","name":"靜心學校財團法人臺北市私立靜心高級中等學校(上林餐飲事業股份有限公司)","reg_no":"A-116530835-00008-7","address":"臺北市文山區興隆路2段46號B1","district":"文山區","result":"優"}},{"type":"Feature","geometry":{"type":"Point","coordinates":[121.597055,25.062747]},"properties":{"city":"taipei","name":"萬芳高中早餐部(連大莊企業有限公司)","reg_no":"A-180529551-00018-2","address":"臺北市文山區興隆路3段115巷1號","district":"文山區","result":"優"}},{"type":"Feature","geometry":{"type":"Point","coordinates":[121.554137,25.030693]},"properties":{"city":"taipei","name":"焦糖楓-通化店","reg_no":"A-154199324-00002-7","address":"臺北市大安區通化街48號","district":"大安區","result":"優"}},{"type":"Feature","geometry":{"type":"Point","coordinates":[121.509296,25.025265]},"properties":{"city":"taipei","name":"焦糖楓-南機場店","reg_no":"A-193738399-00001-0","address":"臺北市中正區中華路2段307巷15號","district":"中正區","result":"優"}},{"type":"Feature","geometry":{"type":"Point","coordinates":[121.506275,25.042594]},"properties":{"city":"taipei","name":"焦糖楓-西門店","reg_no":"A-154199324-00009-4","address":"臺北市萬華區成都路46號","district":"萬華區","result":"優"}},{"type":"Feature","geometry":{"type":"Point","coordinates":[121.540857,25.060982]},"properties":{"city":"taipei","name":"拿坡里披薩炸雞龍江店","reg_no":"A-197301707-00006-8   ","address":"臺北市中山區龍江路303號","district":"中山區","result":"優"}},{"type":"Feature","geometry":{"type":"Point","coordinates":[121.533367,25.125206]},"properties":{"city":"taipei","name":"小胖擼串士林店","reg_no":"A-202283189-00001-3","address":"臺北市士林區中山北路5段505巷23號","district":"士林區","result":"優"}},{"type":"Feature","geometry":{"type":"Point","coordinates":[121.522338,25.08153]},"properties":{"city":"taipei","name":"萃茶風","reg_no":"A-154162662-00002-2","address":"臺北市士林區承德路5段55號","district":"士林區","result":"優"}},{"type":"Feature","geometry":{"type":"Point","coordinates":[121.552815,25.082474]},"properties":{"city":"taipei","name":"家傳膳食有限公司","reg_no":"F-166415108-00000-4","address":"臺北市中山區樂群三路56號5樓","district":"中山區","result":"優"}},{"type":"Feature","geometry":{"type":"Point","coordinates":[121.530157,25.048405]},"properties":{"city":"taipei","name":"中山女高熟食部","reg_no":"A-154325075-00002-1","address":"臺北市中山區長安東路2段141號","district":"中山區","result":"優"}},{"type":"Feature","geometry":{"type":"Point","coordinates":[121.531385,25.05742]},"properties":{"city":"taipei","name":"拿坡里披薩炸雞松江店","reg_no":"A-197301707-00575-9","address":"臺北市中山區松江路42號","district":"中山區","result":"優"}},{"type":"Feature","geometry":{"type":"Point","coordinates":[121.535105,25.054986]},"properties":{"city":"taipei","name":"大同高中早餐部（連大莊企業有限公司）","reg_no":"A-180529551-00017-1","address":"臺北市中山區長春路167號","district":"中山區","result":"優"}},{"type":"Feature","geometry":{"type":"Point","coordinates":[121.548407,25.05559]},"properties":{"city":"taipei","name":"但馬家涮涮鍋","reg_no":"A-128202098-00013-3","address":"臺北市松山區敦化北路166號3樓","district":"松山區","result":"優"}},{"type":"Feature","geometry":{"type":"Point","coordinates":[121.533847,25.051567]},"properties":{"city":"taipei","name":"JR東日本大飯店臺北-Platform","reg_no":"A-183530737-00005-9","address":"臺北市中山區南京東路3段133號1樓","district":"中山區","result":"優"}},{"type":"Feature","geometry":{"type":"Point","coordinates":[121.533847,25.051567]},"properties":{"city":"taipei","name":"JR東日本大飯店臺北-The Bar","reg_no":"A-183530737-00009-3","address":"臺北市中山區南京東路3段133號3樓","district":"中山區","result":"優"}},{"type":"Feature","geometry":{"type":"Point","coordinates":[121.527878,25.057863]},"properties":{"city":"taipei","name":"火鍋世家（民生ㄧ店）","reg_no":"A-188143165-00001-5","address":"臺北市中山區民生東路2段75號","district":"中山區","result":"優"}},{"type":"Feature","geometry":{"type":"Point","coordinates":[121.528822,25.065197]},"properties":{"city":"taipei","name":"米哥烘焙坊-農安門市","reg_no":"A-189455989-00002-7","address":"臺北市中山區農安街12之6號","district":"中山區","result":"優"}},{"type":"Feature","geometry":{"type":"Point","coordinates":[121.61258,25.053227]},"properties":{"city":"taipei","name":"焦糖楓-忠孝店","reg_no":"A-154199324-00010-6","address":"臺北市大安區忠孝東路4段10號1樓","district":"大安區","result":"優"}},{"type":"Feature","geometry":{"type":"Point","coordinates":[121.617555,25.068074]},"properties":{"city":"taipei","name":"拿坡里披薩炸雞東湖店","reg_no":"A-197301707-00095-6","address":"臺北市內湖區東湖路161號","district":"內湖區","result":"優"}},{"type":"Feature","geometry":{"type":"Point","coordinates":[121.575546,25.077865]},"properties":{"city":"taipei","name":"國泰內湖產後護理之家","reg_no":"A-200254162-00001-0","address":"臺北市內湖區瑞光路337號C棟13樓","district":"內湖區","result":"優"}},{"type":"Feature","geometry":{"type":"Point","coordinates":[121.573666,25.073638]},"properties":{"city":"taipei","name":"一条通-舊宗門市","reg_no":"A-155019806-00004-6","address":"臺北市內湖區舊宗路1段128號1樓","district":"內湖區","result":"優"}},{"type":"Feature","geometry":{"type":"Point","coordinates":[121.529178,25.02465]},"properties":{"city":"taipei","name":"小李米粉湯","reg_no":"A-200223008-00001-5","address":"臺北市大安區師大路39巷17號","district":"大安區","result":"優"}},{"type":"Feature","geometry":{"type":"Point","coordinates":[121.528842,25.02427]},"properties":{"city":"taipei","name":"騎士碁","reg_no":"A-179827407-00001-3","address":"臺北市大安區師大路49巷10號1樓","district":"大安區","result":"優"}},{"type":"Feature","geometry":{"type":"Point","coordinates":[121.528766,25.02471]},"properties":{"city":"taipei","name":"阿諾可麗餅","reg_no":"A-200229240-00001-9","address":"臺北市大安區師大路39巷1號1樓","district":"大安區","result":"優"}},{"type":"Feature","geometry":{"type":"Point","coordinates":[121.553985,25.025334]},"properties":{"city":"taipei","name":"統鮮美食駐外三興國小廚房","reg_no":"A-153691897-00043-3","address":"臺北市信義區基隆路2段99號","district":"信義區","result":"優"}},{"type":"Feature","geometry":{"type":"Point","coordinates":[121.557963,25.08282]},"properties":{"city":"taipei","name":"排排沾 - 美麗華店","reg_no":"A-155858668-00007-6","address":"臺北市中山區敬業三路22號B1","district":"中山區","result":"優"}},{"type":"Feature","geometry":{"type":"Point","coordinates":[121.557963,25.08282]},"properties":{"city":"taipei","name":"日春木瓜牛奶 - 美麗華","reg_no":"A-278958543-00005-3","address":"臺北市中山區敬業三路22號B1","district":"中山區","result":"優"}},{"type":"Feature","geometry":{"type":"Point","coordinates":[121.557963,25.08282]},"properties":{"city":"taipei","name":"鴨覓 - 美麗華店","reg_no":"A-193526016-00001-1","address":"臺北市中山區敬業三路22號5樓","district":"中山區","result":"優"}},{"type":"Feature","geometry":{"type":"Point","coordinates":[121.608953,25.068023]},"properties":{"city":"taipei","name":"壬甲健康饗食館(南湖高中學生餐廳)","reg_no":"A-185166348-00001-0","address":"臺北市內湖區康寧路3段220號","district":"內湖區","result":"優"}},{"type":"Feature","geometry":{"type":"Point","coordinates":[121.527056,25.033822]},"properties":{"city":"taipei","name":"米哥烘焙坊-東門店","reg_no":"A-189455989-00024-1","address":"臺北市大安區金山南路2段2號","district":"大安區","result":"優"}},{"type":"Feature","geometry":{"type":"Point","coordinates":[121.551656,25.026394]},"properties":{"city":"taipei","name":"上官木桶鍋(樂利店)","reg_no":"A-202267464-00001-1","address":"臺北市大安區樂利路52號","district":"大安區","result":"優"}},{"type":"Feature","geometry":{"type":"Point","coordinates":[121.54567,25.03479]},"properties":{"city":"taipei","name":"好食多涮涮鍋-大安店","reg_no":"A-202294206-00001-5","address":"臺北市大安區大安路1段19巷8號1樓","district":"大安區","result":"優"}},{"type":"Feature","geometry":{"type":"Point","coordinates":[121.575973,25.001248]},"properties":{"city":"taipei","name":"Q Burger 文山光輝店","reg_no":"A-100212346-00001-7","address":"臺北市文山區木柵路1段270、274號1樓","district":"文山區","result":"優"}},{"type":"Feature","geometry":{"type":"Point","coordinates":[121.511576,25.051541]},"properties":{"city":"taipei","name":"米哥烘焙坊-社子門市","reg_no":"A-189455989-00028-5","address":"臺北市大同區延平北路6段57號","district":"大同區","result":"優"}},{"type":"Feature","geometry":{"type":"Point","coordinates":[121.570823,24.987577]},"properties":{"city":"taipei","name":"景美熱食部(連大莊企業有限公司)","reg_no":"A-180529551-00025-0","address":"臺北市文山區木新路3段312號","district":"文山區","result":"優"}},{"type":"Feature","geometry":{"type":"Point","coordinates":[121.529339,25.023868]},"properties":{"city":"taipei","name":"大台北平價滷味","reg_no":"A-200136499-00001-2","address":"臺北市大安區龍泉街54號前","district":"大安區","result":"優"}},{"type":"Feature","geometry":{"type":"Point","coordinates":[121.570823,24.987577]},"properties":{"city":"taipei","name":"景美早餐部(連大莊企業有限公司)","reg_no":"A-180529551-00029-4","address":"臺北市文山區木新路3段312號","district":"文山區","result":"優"}},{"type":"Feature","geometry":{"type":"Point","coordinates":[121.525715,25.094336]},"properties":{"city":"taipei","name":"士林家人涼麵","reg_no":"A-202270750-00001-3","address":"臺北市士林區文林路404巷21號1樓","district":"士林區","result":"優"}},{"type":"Feature","geometry":{"type":"Point","coordinates":[121.526069,25.094876]},"properties":{"city":"taipei","name":"TWOS早午餐Brunch Cafe專賣店","reg_no":"A-200154448-00001-6","address":"臺北市士林區中正路235巷21號","district":"士林區","result":"優"}},{"type":"Feature","geometry":{"type":"Point","coordinates":[121.526387,25.094887]},"properties":{"city":"taipei","name":"貳貳参商號","reg_no":"A-200197624-00002-0","address":"臺北市士林區中正路223巷11號","district":"士林區","result":"優"}},{"type":"Feature","geometry":{"type":"Point","coordinates":[121.525503,25.094609]},"properties":{"city":"taipei","name":"靜心健康素食坊","reg_no":"A-200016076-00001-0","address":"臺北市士林區美德街26號","district":"士林區","result":"優"}},{"type":"Feature","geometry":{"type":"Point","coordinates":[121.611534,25.05317]},"properties":{"city":"taipei","name":"Krispy Kreme-南港環球","reg_no":"A-154055473-00049-4","address":"臺北市南港區忠孝東路7段371號B1","district":"南港區","result":"優"}},{"type":"Feature","geometry":{"type":"Point","coordinates":[121.614969,25.058743]},"properties":{"city":"taipei","name":"石研室爆炒石頭火鍋-南港中信店","reg_no":"A-124356965-00005-3","address":"臺北市南港區經貿二路186號C棟3樓","district":"南港區","result":"優"}},{"type":"Feature","geometry":{"type":"Point","coordinates":[121.611534,25.05317]},"properties":{"city":"taipei","name":"青花驕台北南港車站店","reg_no":"A-184630426-00575-8","address":"臺北市南港區忠孝東路7段299號9樓","district":"南港區","result":"優"}},{"type":"Feature","geometry":{"type":"Point","coordinates":[121.606444,25.055028]},"properties":{"city":"taipei","name":"火鍋世家(南港興中店)","reg_no":"A-125583930-00001-4","address":"臺北市南港區興中路12巷25號1樓","district":"南港區","result":"優"}},{"type":"Feature","geometry":{"type":"Point","coordinates":[121.562025,25.055992]},"properties":{"city":"taipei","name":"第一餐盒股份有限公司 (健康國小群組)","reg_no":"A-128673689-00020-9","address":"臺北市松山區三民路43巷1號","district":"松山區","result":"優"}},{"type":"Feature","geometry":{"type":"Point","coordinates":[121.554878,25.036936]},"properties":{"city":"taipei","name":"鮨中澤","reg_no":"A-160725812-00001-0","address":"臺北市大安區仁愛路4段452巷6號1樓","district":"大安區","result":"優"}},{"type":"Feature","geometry":{"type":"Point","coordinates":[121.556709,25.082926]},"properties":{"city":"taipei","name":"八色MiNi - 美麗華","reg_no":"A-155858668-00003-2","address":"臺北市中山區敬業三路20號B1","district":"中山區","result":"優"}},{"type":"Feature","geometry":{"type":"Point","coordinates":[121.533367,25.125206]},"properties":{"city":"taipei","name":"黑豆坊咖啡","reg_no":"A-200195295-00001-1","address":"臺北市士林區中山北路5段527號1樓","district":"士林區","result":"優"}},{"type":"Feature","geometry":{"type":"Point","coordinates":[121.533367,25.125206]},"properties":{"city":"taipei","name":"雅力根坊","reg_no":"A-200045730-00003-1","address":"臺北市士林區中山北路5段511號","district":"士林區","result":"優"}},{"type":"Feature","geometry":{"type":"Point","coordinates":[121.526104,25.09477]},"properties":{"city":"taipei","name":"米太丰手作飯糰-士林店","reg_no":"A-200250141-00001-3","address":"臺北市士林區中正路235巷22號","district":"士林區","result":"優"}},{"type":"Feature","geometry":{"type":"Point","coordinates":[121.527277,25.095795]},"properties":{"city":"taipei","name":"Banana  Bleu-士林店","reg_no":"A-190146478-00003-0","address":"臺北市士林區中正路182號","district":"士林區","result":"優"}},{"type":"Feature","geometry":{"type":"Point","coordinates":[121.526606,25.09564]},"properties":{"city":"taipei","name":"松屋-士林中正店","reg_no":"A-155841908-00017-6","address":"臺北市士林區中正路208號","district":"士林區","result":"優"}},{"type":"Feature","geometry":{"type":"Point","coordinates":[121.526104,25.09477]},"properties":{"city":"taipei","name":"UG-士林捷運店","reg_no":"A-180676602-00082-3","address":"臺北市士林區中正路235巷22號","district":"士林區","result":"優"}},{"type":"Feature","geometry":{"type":"Point","coordinates":[121.533367,25.125206]},"properties":{"city":"taipei","name":"隱咖哩","reg_no":"A-200156428-00001-6","address":"臺北市士林區中山北路5段505巷1號","district":"士林區","result":"優"}},{"type":"Feature","geometry":{"type":"Point","coordinates":[121.523115,25.025418]},"properties":{"city":"taipei","name":"上官木桶鍋(中正店)","reg_no":"A-190223214-00001-2","address":"臺北市中正區南昌路1段97號1樓","district":"中正區","result":"優"}},{"type":"Feature","geometry":{"type":"Point","coordinates":[121.52548,25.096428]},"properties":{"city":"taipei","name":"熊吞炭火日式燒肉丼飯","reg_no":"A-200150525-00001-8","address":"臺北市士林區福壽街37號","district":"士林區","result":"優"}},{"type":"Feature","geometry":{"type":"Point","coordinates":[121.514339,25.064767]},"properties":{"city":"taipei","name":"馬可先生-重慶門市","reg_no":"A-128205601-00001-3","address":"臺北市大同區重慶北路3段298號","district":"大同區","result":"優"}},{"type":"Feature","geometry":{"type":"Point","coordinates":[121.496511,25.03168]},"properties":{"city":"taipei","name":"拿坡里披薩炸雞西園店","reg_no":"A-197301707-00033-8","address":"臺北市萬華區西園路2段244號","district":"萬華區","result":"優"}},{"type":"Feature","geometry":{"type":"Point","coordinates":[121.592538,25.053651]},"properties":{"city":"taipei","name":"第一餐盒股份有限公司 (玉成國小群組)","reg_no":"A-128673689-00003-0","address":"臺北市南港區昆陽街9號旁巷子內","district":"南港區","result":"優"}},{"type":"Feature","geometry":{"type":"Point","coordinates":[121.512174,25.031211]},"properties":{"city":"taipei","name":"建中熱食部(連大莊企業有限公司)","reg_no":"A-180529551-00024-9","address":"臺北市中正區南海路56號","district":"中正區","result":"優"}},{"type":"Feature","geometry":{"type":"Point","coordinates":[121.574333,25.040053]},"properties":{"city":"taipei","name":"12MINI快煮鍋-統一時代店","reg_no":"A-161210008-00167-0","address":"臺北市信義區忠孝東路5段8號B2","district":"信義區","result":"優"}},{"type":"Feature","geometry":{"type":"Point","coordinates":[121.574333,25.040053]},"properties":{"city":"taipei","name":"COMEME-統一時代店","reg_no":"A-183121228-00013-9","address":"臺北市信義區忠孝東路5段8號B2","district":"信義區","result":"優"}},{"type":"Feature","geometry":{"type":"Point","coordinates":[121.574333,25.040053]},"properties":{"city":"taipei","name":"龜記-統一時代店","reg_no":"A-166641441-00139-3","address":"臺北市信義區忠孝東路5段8號B2","district":"信義區","result":"優"}},{"type":"Feature","geometry":{"type":"Point","coordinates":[121.574333,25.040053]},"properties":{"city":"taipei","name":"魚君-統一時代店","reg_no":"A-152881785-00009-1","address":"臺北市信義區忠孝東路5段8號B2","district":"信義區","result":"優"}},{"type":"Feature","geometry":{"type":"Point","coordinates":[121.574333,25.040053]},"properties":{"city":"taipei","name":"麵屋一燈-統一時代店","reg_no":"A-183589309-00023-8","address":"臺北市信義區忠孝東路5段8號B2","district":"信義區","result":"優"}},{"type":"Feature","geometry":{"type":"Point","coordinates":[121.549815,25.063374]},"properties":{"city":"taipei","name":"周氏蝦捲-松山機場","reg_no":"A-153132395-00073-9","address":"臺北市松山區敦化北路340之9號","district":"松山區","result":"優"}},{"type":"Feature","geometry":{"type":"Point","coordinates":[121.514148,25.064724]},"properties":{"city":"taipei","name":"薩莉亞-重慶家樂福店","reg_no":"A-128854801-00019-4","address":"臺北市大同區重慶北路2段171號","district":"大同區","result":"優"}},{"type":"Feature","geometry":{"type":"Point","coordinates":[121.514148,25.064724]},"properties":{"city":"taipei","name":"丸龜-重慶家樂福店","reg_no":"A-153919541-00043-2","address":"臺北市大同區重慶北路2段171號","district":"大同區","result":"優"}},{"type":"Feature","geometry":{"type":"Point","coordinates":[121.514148,25.064724]},"properties":{"city":"taipei","name":"三商巧福-重慶店","reg_no":"A-197301707-00356-6","address":"臺北市大同區重慶北路2段171號","district":"大同區","result":"優"}},{"type":"Feature","geometry":{"type":"Point","coordinates":[121.514148,25.064724]},"properties":{"city":"taipei","name":"台北互舍酒店｜HUs Restaurant互餐廳","reg_no":"A-190364826-00000-6","address":"臺北市大同區重慶北路2段172號2樓","district":"大同區","result":"優"}},{"type":"Feature","geometry":{"type":"Point","coordinates":[121.516458,25.111874]},"properties":{"city":"taipei","name":"八方悅鍋物(石牌立農店)","reg_no":"A-188206554-00001-7","address":"臺北市北投區立農街2段295號1樓","district":"北投區","result":"優"}},{"type":"Feature","geometry":{"type":"Point","coordinates":[121.533367,25.125206]},"properties":{"city":"taipei","name":"爭厚厚切牛排-士林店","reg_no":"A-200192586-00000-0","address":"臺北市士林區中山北路5段547號","district":"士林區","result":"優"}},{"type":"Feature","geometry":{"type":"Point","coordinates":[121.533367,25.125206]},"properties":{"city":"taipei","name":"荷麵亭-士林店","reg_no":"A-200193451-00001-3","address":"臺北市士林區中山北路5段505巷42弄2號","district":"士林區","result":"優"}},{"type":"Feature","geometry":{"type":"Point","coordinates":[121.533367,25.125206]},"properties":{"city":"taipei","name":"巧克力雲莊-士林店","reg_no":"A-124498520-00003-5","address":"臺北市士林區中山北路5段505巷32號1樓","district":"士林區","result":"優"}},{"type":"Feature","geometry":{"type":"Point","coordinates":[121.524862,25.097461]},"properties":{"city":"taipei","name":"聚鍋士林中正店","reg_no":"A-184630426-00521-9","address":"臺北市士林區中正路179號","district":"士林區","result":"優"}},{"type":"Feature","geometry":{"type":"Point","coordinates":[121.526552,25.095127]},"properties":{"city":"taipei","name":"TAKEAWAY COFFEE","reg_no":"A-200136699-00001-4","address":"臺北市士林區中正路213巷2之1號","district":"士林區","result":"優"}},{"type":"Feature","geometry":{"type":"Point","coordinates":[121.525854,25.09547]},"properties":{"city":"taipei","name":"順成蛋糕-士林店","reg_no":"A-200000543-00005-6","address":"臺北市士林區中正路230號","district":"士林區","result":"優"}},{"type":"Feature","geometry":{"type":"Point","coordinates":[121.531935,25.11417]},"properties":{"city":"taipei","name":"順成蛋糕-忠誠店","reg_no":"A-200000543-00002-3","address":"臺北市士林區忠誠路2段142號1樓","district":"士林區","result":"優"}},{"type":"Feature","geometry":{"type":"Point","coordinates":[121.500708,25.139203]},"properties":{"city":"taipei","name":"八方悅鍋物(北投永興店)","reg_no":"A-200225093-00000-0","address":"臺北市北投區永興路1段54號","district":"北投區","result":"優"}},{"type":"Feature","geometry":{"type":"Point","coordinates":[121.491477,25.137951]},"properties":{"city":"taipei","name":"統鮮美食駐外北投國小廚房","reg_no":"A-153691897-00044-4","address":"臺北市北投區中央北路1段73號","district":"北投區","result":"優"}},{"type":"Feature","geometry":{"type":"Point","coordinates":[121.517703,25.082689]},"properties":{"city":"taipei","name":"Q Burger 士林福港店","reg_no":"A-196668656-00001-1","address":"臺北市士林區福港街292號","district":"士林區","result":"優"}},{"type":"Feature","geometry":{"type":"Point","coordinates":[121.574333,25.040053]},"properties":{"city":"taipei","name":"默爾 pasta pizza-統一時代店","reg_no":"A-142680303-00018-3","address":"臺北市信義區忠孝東路5段8號7樓","district":"信義區","result":"優"}},{"type":"Feature","geometry":{"type":"Point","coordinates":[121.529384,25.090193]},"properties":{"city":"taipei","name":"燒肉LIKE-天母SOGO","reg_no":"A-153769515-00017-7","address":"臺北市士林區中山北路6段77號6樓","district":"士林區","result":"優"}},{"type":"Feature","geometry":{"type":"Point","coordinates":[121.529384,25.090193]},"properties":{"city":"taipei","name":"四代目菊川-天母SOGO","reg_no":"A-153352952-00055-2","address":"臺北市士林區中山北路6段77號8樓","district":"士林區","result":"優"}},{"type":"Feature","geometry":{"type":"Point","coordinates":[121.498162,25.128356]},"properties":{"city":"taipei","name":"台北北投雅樂軒酒店","reg_no":"A-143902562-00001-0","address":"臺北市北投區大業路300巷1號","district":"北投區","result":"優"}},{"type":"Feature","geometry":{"type":"Point","coordinates":[121.523561,25.118868]},"properties":{"city":"taipei","name":"拿坡里披薩炸雞天母店","reg_no":"A-197301707-00002-4","address":"臺北市北投區天母西路109號","district":"北投區","result":"優"}},{"type":"Feature","geometry":{"type":"Point","coordinates":[121.528573,25.024252]},"properties":{"city":"taipei","name":"響ART-師大店","reg_no":"A-150861952-00001-5","address":"臺北市大安區師大路49巷2號","district":"大安區","result":"優"}},{"type":"Feature","geometry":{"type":"Point","coordinates":[121.529283,25.024203]},"properties":{"city":"taipei","name":"葵燒","reg_no":"A-128683223-00001-3","address":"臺北市大安區師大路49巷12號1樓","district":"大安區","result":"優"}},{"type":"Feature","geometry":{"type":"Point","coordinates":[121.528607,25.024254]},"properties":{"city":"taipei","name":"鴨香煲小吃店","reg_no":"A-202292962-00001-2","address":"臺北市大安區師大路49巷13號","district":"大安區","result":"優"}},{"type":"Feature","geometry":{"type":"Point","coordinates":[121.528658,25.024528]},"properties":{"city":"taipei","name":"燈籠滷味","reg_no":"A-200148415-00001-3","address":"臺北市大安區師大路43號","district":"大安區","result":"優"}},{"type":"Feature","geometry":{"type":"Point","coordinates":[121.528544,25.02425]},"properties":{"city":"taipei","name":"燈籠滷味創始店","reg_no":"A-200137516-00001-3","address":"臺北市大安區師大路49巷9號","district":"大安區","result":"優"}},{"type":"Feature","geometry":{"type":"Point","coordinates":[121.528621,25.02407]},"properties":{"city":"taipei","name":"雲鼎阿二麻辣食堂-師大店","reg_no":"A-190265733-00001-4","address":"臺北市大安區師大路55號","district":"大安區","result":"優"}},{"type":"Feature","geometry":{"type":"Point","coordinates":[121.52865,25.024384]},"properties":{"city":"taipei","name":"迷客夏台北師大店","reg_no":"A-128949151-00319-0","address":"臺北市大安區師大路45之2號","district":"大安區","result":"優"}},{"type":"Feature","geometry":{"type":"Point","coordinates":[121.533367,25.125206]},"properties":{"city":"taipei","name":"凹屋珈琲","reg_no":"A-278960078-00001-5","address":"臺北市士林區中山北路5段505巷18號","district":"士林區","result":"良"}},{"type":"Feature","geometry":{"type":"Point","coordinates":[121.52441,25.097401]},"properties":{"city":"taipei","name":"小劉排骨便當專賣店","reg_no":"A-200197106-00001-4","address":"臺北市士林區文林路532號","district":"士林區","result":"優"}},{"type":"Feature","geometry":{"type":"Point","coordinates":[121.525013,25.094959]},"properties":{"city":"taipei","name":"咖啡弄","reg_no":"A-125573692-00001-8","address":"臺北市士林區中正路253號2樓","district":"士林區","result":"優"}},{"type":"Feature","geometry":{"type":"Point","coordinates":[121.526495,25.095293]},"properties":{"city":"taipei","name":"永和豆漿大王","reg_no":"A-113853868-00001-1","address":"臺北市士林區中正路215號","district":"士林區","result":"優"}},{"type":"Feature","geometry":{"type":"Point","coordinates":[121.574333,25.040053]},"properties":{"city":"taipei","name":"うなぎ四代目菊かわ- 微風信義百貨店","reg_no":"A-153352952-00054-1","address":"臺北市信義區忠孝東路5段68號4樓","district":"信義區","result":"優"}},{"type":"Feature","geometry":{"type":"Point","coordinates":[121.574333,25.040053]},"properties":{"city":"taipei","name":"東門御園坊-統一時代店","reg_no":"A-200173844-00003-9","address":"臺北市信義區忠孝東路5段8號B2","district":"信義區","result":"優"}},{"type":"Feature","geometry":{"type":"Point","coordinates":[121.574333,25.040053]},"properties":{"city":"taipei","name":"蔬坊-統一時代店","reg_no":"A-161884947-00035-3","address":"臺北市信義區忠孝東路5段8號B2","district":"信義區","result":"優"}},{"type":"Feature","geometry":{"type":"Point","coordinates":[121.590747,25.081033]},"properties":{"city":"taipei","name":"巫佬包子","reg_no":"A-202305493-00000-5","address":"臺北市內湖區成功路2段325號B1","district":"內湖區","result":"優"}},{"type":"Feature","geometry":{"type":"Point","coordinates":[121.590747,25.081033]},"properties":{"city":"taipei","name":"星巴克新內湖三總店","reg_no":"A-116097091-02722-4","address":"臺北市內湖區成功路2段325號B1","district":"內湖區","result":"優"}},{"type":"Feature","geometry":{"type":"Point","coordinates":[121.590747,25.081033]},"properties":{"city":"taipei","name":"好蔬上三總店","reg_no":"A-123309091-00095-9","address":"臺北市內湖區成功路2段325號","district":"內湖區","result":"優"}},{"type":"Feature","geometry":{"type":"Point","coordinates":[121.590747,25.081033]},"properties":{"city":"taipei","name":"潮膳堂-三總店","reg_no":"A-123309091-00106-2","address":"臺北市內湖區成功路2段325號B1","district":"內湖區","result":"優"}},{"type":"Feature","geometry":{"type":"Point","coordinates":[121.554184,25.03263]},"properties":{"city":"taipei","name":"de nuit","reg_no":"A-182884887-00000-1","address":"臺北市大安區信義路4段175號","district":"大安區","result":"優"}},{"type":"Feature","geometry":{"type":"Point","coordinates":[121.526062,25.094897]},"properties":{"city":"taipei","name":"士林水煎包店(老蔡水煎包)","reg_no":"A-200137176-00001-5","address":"臺北市士林區中正路235巷18號1樓","district":"士林區","result":"優"}},{"type":"Feature","geometry":{"type":"Point","coordinates":[121.526054,25.09499]},"properties":{"city":"taipei","name":"騰暉美食坊(傳統美食)","reg_no":"A-200150646-00001-2","address":"臺北市士林區中正路235巷3號","district":"士林區","result":"優"}},{"type":"Feature","geometry":{"type":"Point","coordinates":[121.52594,25.095255]},"properties":{"city":"taipei","name":"貝斯特早餐店","reg_no":"A-200159304-00001-2","address":"臺北市士林區中正路235巷4號","district":"士林區","result":"優"}},{"type":"Feature","geometry":{"type":"Point","coordinates":[121.526096,25.094863]},"properties":{"city":"taipei","name":"花嶼輕食館","reg_no":"A-202308141-00001-9","address":"臺北市士林區中正路235巷9號1樓","district":"士林區","result":"優"}},{"type":"Feature","geometry":{"type":"Point","coordinates":[121.524818,25.094659]},"properties":{"city":"taipei","name":"一条通壽司","reg_no":"A-182898257-00001-8","address":"臺北市士林區文林路434號","district":"士林區","result":"優"}},{"type":"Feature","geometry":{"type":"Point","coordinates":[121.525368,25.094542]},"properties":{"city":"taipei","name":"川鋪子28號","reg_no":"A-200192969-00001-6","address":"臺北市士林區美德街28號","district":"士林區","result":"優"}},{"type":"Feature","geometry":{"type":"Point","coordinates":[121.525345,25.094637]},"properties":{"city":"taipei","name":"創義麵士林店","reg_no":"A-124743925-00003-7","address":"臺北市士林區美德街32號2樓","district":"士林區","result":"優"}},{"type":"Feature","geometry":{"type":"Point","coordinates":[121.525403,25.094756]},"properties":{"city":"taipei","name":"鉄鍋門","reg_no":"A-138581512-00001-2","address":"臺北市士林區美德街34之1號","district":"士林區","result":"優"}},{"type":"Feature","geometry":{"type":"Point","coordinates":[121.524983,25.096043]},"properties":{"city":"taipei","name":"泰揚雲泰主題餐廳","reg_no":"A-200027407-00001-0","address":"臺北市士林區美德街84號1樓","district":"士林區","result":"優"}},{"type":"Feature","geometry":{"type":"Point","coordinates":[121.525592,25.095906]},"properties":{"city":"taipei","name":"流浪觀點義式餐坊","reg_no":"A-200232860-00001-1","address":"臺北市士林區福壽街13號1樓","district":"士林區","result":"優"}},{"type":"Feature","geometry":{"type":"Point","coordinates":[121.526235,25.094436]},"properties":{"city":"taipei","name":"Modism Café 摩德年代","reg_no":"A-182854883-00001-5","address":"臺北市士林區中正路235巷29號","district":"士林區","result":"優"}},{"type":"Feature","geometry":{"type":"Point","coordinates":[121.54945,25.043615]},"properties":{"city":"taipei","name":"Écru法式餐廳","reg_no":"A-183030043-00000-9","address":"臺北市大安區敦化南路1段177巷19號","district":"大安區","result":"優"}},{"type":"Feature","geometry":{"type":"Point","coordinates":[121.495751,25.038089]},"properties":{"city":"taipei","name":"炸雞大獅-桂林家樂福店","reg_no":"A-142591908-00069-1","address":"臺北市萬華區桂林路1號","district":"萬華區","result":"優"}},{"type":"Feature","geometry":{"type":"Point","coordinates":[121.495751,25.038089]},"properties":{"city":"taipei","name":"BOBO TEA-桂林家樂福店","reg_no":"A-194139668-00002-6","address":"臺北市萬華區桂林路1號","district":"萬華區","result":"優"}},{"type":"Feature","geometry":{"type":"Point","coordinates":[121.495751,25.038089]},"properties":{"city":"taipei","name":"麻膳堂-桂林家樂福店","reg_no":"A-125105092-00007-9","address":"臺北市萬華區桂林路1號","district":"萬華區","result":"優"}},{"type":"Feature","geometry":{"type":"Point","coordinates":[121.495751,25.038089]},"properties":{"city":"taipei","name":"花月嵐-桂林家樂福店","reg_no":"A-190837085-00001-9","address":"臺北市萬華區桂林路1號","district":"萬華區","result":"優"}},{"type":"Feature","geometry":{"type":"Point","coordinates":[121.495751,25.038089]},"properties":{"city":"taipei","name":"洋城義大利餐廳-桂林家樂福店","reg_no":"A-155777259-00004-9","address":"臺北市萬華區桂林路1號4樓","district":"萬華區","result":"優"}},{"type":"Feature","geometry":{"type":"Point","coordinates":[121.495751,25.038089]},"properties":{"city":"taipei","name":"丸龜製麵-桂林家樂福店","reg_no":"A-153919541-00046-5","address":"臺北市萬華區桂林路1號4樓","district":"萬華區","result":"優"}},{"type":"Feature","geometry":{"type":"Point","coordinates":[121.495751,25.038089]},"properties":{"city":"taipei","name":"品田牧場-桂林家樂福店","reg_no":"A-184630426-00579-2","address":"臺北市萬華區桂林路1號4樓","district":"萬華區","result":"優"}},{"type":"Feature","geometry":{"type":"Point","coordinates":[121.495751,25.038089]},"properties":{"city":"taipei","name":"和民-桂林家樂福店","reg_no":"A-127725371-00040-6","address":"臺北市萬華區桂林路1號4樓","district":"萬華區","result":"優"}},{"type":"Feature","geometry":{"type":"Point","coordinates":[121.527135,25.023684]},"properties":{"city":"taipei","name":"華強小吃店","reg_no":"A-200148328-00001-6","address":"臺北市大安區雲和街2號","district":"大安區","result":"優"}},{"type":"Feature","geometry":{"type":"Point","coordinates":[121.523219,25.092534]},"properties":{"city":"taipei","name":"陽光士林珮柏旅館","reg_no":"A-112971037-00000-8","address":"臺北市士林區福德路48巷6號1樓","district":"士林區","result":"優"}},{"type":"Feature","geometry":{"type":"Point","coordinates":[121.590747,25.081033]},"properties":{"city":"taipei","name":"老蔡水煎包-三總","reg_no":"A-278958575-00007-0","address":"臺北市內湖區成功路2段325號B1","district":"內湖區","result":"優"}},{"type":"Feature","geometry":{"type":"Point","coordinates":[121.590747,25.081033]},"properties":{"city":"taipei","name":"安心購三總","reg_no":"A-123309091-00105-1","address":"臺北市內湖區成功路2段325號","district":"內湖區","result":"優"}},{"type":"Feature","geometry":{"type":"Point","coordinates":[121.590747,25.081033]},"properties":{"city":"taipei","name":"朱記餡餅粥-內湖三總店","reg_no":"A-153095716-00066-6","address":"臺北市內湖區成功路2段325號B1","district":"內湖區","result":"優"}},{"type":"Feature","geometry":{"type":"Point","coordinates":[121.590747,25.081033]},"properties":{"city":"taipei","name":"中一排骨三總門市","reg_no":"A-123309091-00097-1","address":"臺北市內湖區成功路2段325號B1","district":"內湖區","result":"優"}},{"type":"Feature","geometry":{"type":"Point","coordinates":[121.590747,25.081033]},"properties":{"city":"taipei","name":"吉福雞舖三總店","reg_no":"A-123309091-00096-0","address":"臺北市內湖區成功路2段325號B1","district":"內湖區","result":"優"}},{"type":"Feature","geometry":{"type":"Point","coordinates":[121.590747,25.081033]},"properties":{"city":"taipei","name":"茶與布朗","reg_no":"A-100023751-00001-7","address":"臺北市內湖區成功路2段325號B1","district":"內湖區","result":"優"}},{"type":"Feature","geometry":{"type":"Point","coordinates":[121.590747,25.081033]},"properties":{"city":"taipei","name":"金洲韓式料理","reg_no":"A-154737463-00023-2","address":"臺北市內湖區成功路2段325號B1","district":"內湖區","result":"優"}},{"type":"Feature","geometry":{"type":"Point","coordinates":[121.590747,25.081033]},"properties":{"city":"taipei","name":"漢堡王內湖三總店","reg_no":"A-123309178-00320-6","address":"臺北市內湖區成功路2段325號B1","district":"內湖區","result":"優"}},{"type":"Feature","geometry":{"type":"Point","coordinates":[121.590747,25.081033]},"properties":{"city":"taipei","name":"岩島成專業烘焙三總門市","reg_no":"A-116796172-00029-8","address":"臺北市內湖區成功路2段325號B1","district":"內湖區","result":"優"}},{"type":"Feature","geometry":{"type":"Point","coordinates":[121.590747,25.081033]},"properties":{"city":"taipei","name":"每力果三總店","reg_no":"A-112743858-00002-8","address":"臺北市內湖區成功路2段325號B1","district":"內湖區","result":"優"}},{"type":"Feature","geometry":{"type":"Point","coordinates":[121.576734,25.050322]},"properties":{"city":"taipei","name":"拿坡里披薩炸雞八德店","reg_no":"A-197301707-00005-7","address":"臺北市松山區八德路3段112號","district":"松山區","result":"優"}},{"type":"Feature","geometry":{"type":"Point","coordinates":[121.576734,25.050322]},"properties":{"city":"taipei","name":"阿樹國際旅店-阿樹私房菜","reg_no":"A-152632978-00000-0","address":"臺北市松山區八德路3段76號4樓","district":"松山區","result":"優"}},{"type":"Feature","geometry":{"type":"Point","coordinates":[121.556463,25.052104]},"properties":{"city":"taipei","name":"柯達大飯店-台北南京","reg_no":"A-193758964-00000-9","address":"臺北市松山區南京東路3段333號","district":"松山區","result":"優"}},{"type":"Feature","geometry":{"type":"Point","coordinates":[121.565775,25.034435]},"properties":{"city":"taipei","name":"大戶屋-微風新南山店","reg_no":"A-153089762-00102-1","address":"臺北市信義區松智路17號B2","district":"信義區","result":"優"}},{"type":"Feature","geometry":{"type":"Point","coordinates":[121.560431,25.035595]},"properties":{"city":"taipei","name":"伊茲密爾土耳其廚房","reg_no":"A-191077837-00000-0","address":"臺北市信義區基隆路1段147巷14號1樓","district":"信義區","result":"優"}},{"type":"Feature","geometry":{"type":"Point","coordinates":[121.566403,25.050805]},"properties":{"city":"taipei","name":"Q Burger松山南京五店","reg_no":"A-100056611-00001-8","address":"臺北市松山區南京東路5段250巷18弄2之1號","district":"松山區","result":"優"}},{"type":"Feature","geometry":{"type":"Point","coordinates":[121.554878,25.036936]},"properties":{"city":"taipei","name":"ZEA","reg_no":"A-190502139-00000-7","address":"臺北市大安區仁愛路4段300巷20弄5號","district":"大安區","result":"優"}},{"type":"Feature","geometry":{"type":"Point","coordinates":[121.520958,25.057558]},"properties":{"city":"taipei","name":"順成蛋糕-雙連店","reg_no":"A-200000543-00003-4","address":"臺北市中山區民生西路60號","district":"中山區","result":"優"}},{"type":"Feature","geometry":{"type":"Point","coordinates":[121.582886,25.038616]},"properties":{"city":"taipei","name":"顓陽實業有限公司-浩然敬老院","reg_no":"A-128192021-00006-9","address":"臺北市信義區大道路116號2樓之2","district":"信義區","result":"優"}},{"type":"Feature","geometry":{"type":"Point","coordinates":[121.582268,25.04123]},"properties":{"city":"taipei","name":"廣慈社區長照機構","reg_no":"A-202304113-00000-3","address":"臺北市信義區大道路116號4樓之3","district":"信義區","result":"優"}},{"type":"Feature","geometry":{"type":"Point","coordinates":[121.551037,25.023959]},"properties":{"city":"taipei","name":"拿坡里披薩炸雞和平店","reg_no":"A-197301707-00020-4","address":"臺北市大安區和平東路2段95之1號","district":"大安區","result":"優"}},{"type":"Feature","geometry":{"type":"Point","coordinates":[121.582268,25.04123]},"properties":{"city":"taipei","name":"信義廣慈住宿長照機構(委託市立聯醫忠孝院區經營管理)","reg_no":"A-202304343-00000-8","address":"臺北市信義區大道路116號3-5樓","district":"信義區","result":"優"}},{"type":"Feature","geometry":{"type":"Point","coordinates":[121.529278,25.052741]},"properties":{"city":"taipei","name":"鳥貴族新光三越台北南西店","reg_no":"A-196809282-00002-4","address":"臺北市中山區南京東路12號5樓","district":"中山區","result":"優"}},{"type":"Feature","geometry":{"type":"Point","coordinates":[121.529385,25.024437]},"properties":{"city":"taipei","name":"古早人茶坊","reg_no":"A-200232014-00001-2","address":"臺北市大安區龍泉街38號","district":"大安區","result":"優"}},{"type":"Feature","geometry":{"type":"Point","coordinates":[121.529418,25.023482]},"properties":{"city":"taipei","name":"早安早餐店","reg_no":"A-299999627-00001-0","address":"臺北市大安區龍泉街55號","district":"大安區","result":"優"}},{"type":"Feature","geometry":{"type":"Point","coordinates":[121.528487,25.021231]},"properties":{"city":"taipei","name":"一品香魚丸店","reg_no":"A-200192516-00001-4","address":"臺北市大安區龍泉街130號","district":"大安區","result":"優"}},{"type":"Feature","geometry":{"type":"Point","coordinates":[121.529059,25.023655]},"properties":{"city":"taipei","name":"正宗麗江雲南麵食館","reg_no":"A-200147937-00001-1","address":"臺北市大安區雲和街51號","district":"大安區","result":"優"}},{"type":"Feature","geometry":{"type":"Point","coordinates":[121.529368,25.024108]},"properties":{"city":"taipei","name":"木町小吃店","reg_no":"A-199640817-00001-3","address":"臺北市大安區龍泉街50號","district":"大安區","result":"優"}},{"type":"Feature","geometry":{"type":"Point","coordinates":[121.530029,25.021626]},"properties":{"city":"taipei","name":"林園粗食小吃店","reg_no":"A-200147900-00001-1","address":"臺北市大安區龍泉街25號","district":"大安區","result":"優"}},{"type":"Feature","geometry":{"type":"Point","coordinates":[121.531148,25.023386]},"properties":{"city":"taipei","name":"佳輝小吃店(洋芋屋)","reg_no":"A-200147827-00001-9","address":"臺北市大安區雲和街93號1樓","district":"大安區","result":"優"}},{"type":"Feature","geometry":{"type":"Point","coordinates":[121.52948,25.024323]},"properties":{"city":"taipei","name":"珍品味泰式小吃","reg_no":"A-200212645-00001-0","address":"臺北市大安區龍泉街31號","district":"大安區","result":"優"}},{"type":"Feature","geometry":{"type":"Point","coordinates":[121.528572,25.022553]},"properties":{"city":"taipei","name":"石窯風餐坊","reg_no":"A-125662152-00001-8","address":"臺北市大安區師大路105巷8號","district":"大安區","result":"優"}},{"type":"Feature","geometry":{"type":"Point","coordinates":[121.529267,25.023284]},"properties":{"city":"taipei","name":"伊洛瓦底小吃店","reg_no":"A-200184551-00001-4","address":"臺北市大安區龍泉街76號","district":"大安區","result":"優"}},{"type":"Feature","geometry":{"type":"Point","coordinates":[121.529418,25.023482]},"properties":{"city":"taipei","name":"飯館兒韓味快餐店","reg_no":"A-200229423-00001-2","address":"臺北市大安區龍泉街55號","district":"大安區","result":"優"}},{"type":"Feature","geometry":{"type":"Point","coordinates":[121.522781,25.105742]},"properties":{"city":"taipei","name":"家福股份有限公司-台北天母分公司","reg_no":"A-122662550-00056-7","address":"臺北市士林區德行西路47號","district":"士林區","result":"優"}},{"type":"Feature","geometry":{"type":"Point","coordinates":[121.522781,25.105742]},"properties":{"city":"taipei","name":"爭鮮(股)公司-天母家樂福店","reg_no":"A-197286918-00004-2","address":"臺北市士林區德行西路47號","district":"士林區","result":"優"}},{"type":"Feature","geometry":{"type":"Point","coordinates":[121.522781,25.105742]},"properties":{"city":"taipei","name":"三商餐飲(股)公司-天母店","reg_no":"A-197301707-00107-0","address":"臺北市士林區德行西路47號2樓","district":"士林區","result":"優"}},{"type":"Feature","geometry":{"type":"Point","coordinates":[121.563536,25.061651]},"properties":{"city":"taipei","name":"台灣家樂福(股)-三民分公司即時熟食區","reg_no":"A-122662550-00111-9","address":"臺北市松山區三民路160號","district":"松山區","result":"優"}},{"type":"Feature","geometry":{"type":"Point","coordinates":[121.579019,25.05167]},"properties":{"city":"taipei","name":"漢堡王(股)公司-八德分公司","reg_no":"A-123309178-00007-8","address":"臺北市松山區八德路2段449號","district":"松山區","result":"優"}},{"type":"Feature","geometry":{"type":"Point","coordinates":[121.593379,25.051402]},"properties":{"city":"taipei","name":"漢堡王(股)公司-松山門市","reg_no":"A-123309178-00072-0","address":"臺北市松山區市民大道6段133號1樓","district":"松山區","result":"優"}},{"type":"Feature","geometry":{"type":"Point","coordinates":[121.522067,25.084818]},"properties":{"city":"taipei","name":"太子油飯股份有限公司-士林廠","reg_no":"A-189590970-00001-6","address":"臺北市士林區前港街23號1樓","district":"士林區","result":"優"}},{"type":"Feature","geometry":{"type":"Point","coordinates":[121.521482,25.051338]},"properties":{"city":"taipei","name":"這味泰泰-新光三越南西分店","reg_no":"A-124970174-00007-9","address":"臺北市中山區南京西路15號B1","district":"中山區","result":"優"}},{"type":"Feature","geometry":{"type":"Point","coordinates":[121.521418,25.051211]},"properties":{"city":"taipei","name":"Haagen Dazs南西店","reg_no":"A-186384960-00003-5","address":"臺北市中山區南京西路12號B2","district":"中山區","result":"優"}},{"type":"Feature","geometry":{"type":"Point","coordinates":[121.561111,25.044737]},"properties":{"city":"taipei","name":"再來咖啡-松菸店","reg_no":"A-182891873-00001-5","address":"臺北市信義區菸廠路88號2樓","district":"信義區","result":"優"}},{"type":"Feature","geometry":{"type":"Point","coordinates":[121.561111,25.044737]},"properties":{"city":"taipei","name":"明吉-松菸店","reg_no":"A-142613895-00001-7","address":"臺北市信義區菸廠路88號B1","district":"信義區","result":"優"}},{"type":"Feature","geometry":{"type":"Point","coordinates":[121.56666,25.036082]},"properties":{"city":"taipei","name":"ENOTECA-信義新天地A9店","reg_no":"A-152711065-00001-6","address":"臺北市信義區松壽路9號3樓","district":"信義區","result":"優"}},{"type":"Feature","geometry":{"type":"Point","coordinates":[121.56666,25.036082]},"properties":{"city":"taipei","name":"wild wood 晧喜股份有限公司","reg_no":"A-152705325-00001-8","address":"臺北市信義區松壽路9號4樓","district":"信義區","result":"優"}},{"type":"Feature","geometry":{"type":"Point","coordinates":[121.56666,25.036082]},"properties":{"city":"taipei","name":"春水堂-信義新天地A9 ","reg_no":"A-153599907-00001-6","address":"臺北市信義區松壽路9號B1","district":"信義區","result":"優"}},{"type":"Feature","geometry":{"type":"Point","coordinates":[121.531935,25.11417]},"properties":{"city":"taipei","name":"溫野菜-天母高島屋","reg_no":"A-113134072-00026-7","address":"臺北市士林區忠誠路2段55號12樓","district":"士林區","result":"優"}},{"type":"Feature","geometry":{"type":"Point","coordinates":[121.531935,25.11417]},"properties":{"city":"taipei","name":"葡吉-天母高島屋店","reg_no":"A-104389073-00036-1","address":"臺北市士林區忠誠路2段55號B1","district":"士林區","result":"優"}},{"type":"Feature","geometry":{"type":"Point","coordinates":[121.531935,25.11417]},"properties":{"city":"taipei","name":"新葡苑-台北大葉店 (蔥月股份有限公司)","reg_no":"A-127717442-00004-6","address":"臺北市士林區忠誠路2段55號5樓","district":"士林區","result":"優"}},{"type":"Feature","geometry":{"type":"Point","coordinates":[121.531935,25.11417]},"properties":{"city":"taipei","name":"藏王極上鍋物-天母高島屋店","reg_no":"A-142761924-00004-7","address":"臺北市士林區忠誠路2段55號3樓","district":"士林區","result":"優"}},{"type":"Feature","geometry":{"type":"Point","coordinates":[121.531935,25.11417]},"properties":{"city":"taipei","name":"港苑","reg_no":"A-127717442-00008-0","address":"臺北市士林區忠誠路2段55號B1","district":"士林區","result":"優"}},{"type":"Feature","geometry":{"type":"Point","coordinates":[121.531935,25.11417]},"properties":{"city":"taipei","name":"牛角buffet-天母高島屋","reg_no":"A-113134072-00025-6","address":"臺北市士林區忠誠路2段55號12樓","district":"士林區","result":"優"}},{"type":"Feature","geometry":{"type":"Point","coordinates":[121.531935,25.11417]},"properties":{"city":"taipei","name":"Chilis-天母店","reg_no":"A-170817462-00004-7","address":"臺北市士林區忠誠路2段55號2樓","district":"士林區","result":"優"}},{"type":"Feature","geometry":{"type":"Point","coordinates":[121.531935,25.11417]},"properties":{"city":"taipei","name":"上海鄉村-天母別館","reg_no":"A-146422101-00005-3","address":"臺北市士林區忠誠路2段55號5樓","district":"士林區","result":"優"}},{"type":"Feature","geometry":{"type":"Point","coordinates":[121.531935,25.11417]},"properties":{"city":"taipei","name":"興蓬萊台菜餐廳-天母高島屋店","reg_no":"A-180690301-00001-6","address":"臺北市士林區忠誠路2段55號12樓","district":"士林區","result":"優"}},{"type":"Feature","geometry":{"type":"Point","coordinates":[121.531935,25.11417]},"properties":{"city":"taipei","name":"莫凡彼-台北天母店","reg_no":"A-127542696-00045-8","address":"臺北市士林區忠誠路2段55號3樓","district":"士林區","result":"優"}},{"type":"Feature","geometry":{"type":"Point","coordinates":[121.531935,25.11417]},"properties":{"city":"taipei","name":"台灣壽司郎-天母高島屋店","reg_no":"A-152929520-00027-1","address":"臺北市士林區忠誠路2段55號2樓","district":"士林區","result":"優"}},{"type":"Feature","geometry":{"type":"Point","coordinates":[121.531935,25.11417]},"properties":{"city":"taipei","name":"小樽手作珈琲-天母高島屋店","reg_no":"A-186948980-00003-3","address":"臺北市士林區忠誠路2段55號1樓","district":"士林區","result":"優"}},{"type":"Feature","geometry":{"type":"Point","coordinates":[121.531935,25.11417]},"properties":{"city":"taipei","name":"IKIGAI-天母高島屋店","reg_no":"A-153089762-00084-0","address":"臺北市士林區忠誠路2段55號B1","district":"士林區","result":"優"}},{"type":"Feature","geometry":{"type":"Point","coordinates":[121.531935,25.11417]},"properties":{"city":"taipei","name":"岩島成-天母高島屋店","reg_no":"A-116796172-00017-5","address":"臺北市士林區忠誠路2段55號B1","district":"士林區","result":"優"}},{"type":"Feature","geometry":{"type":"Point","coordinates":[121.531935,25.11417]},"properties":{"city":"taipei","name":"朱記餡餅粥-大葉高島屋店","reg_no":"A-153095716-00042-0","address":"臺北市士林區忠誠路2段55號B1","district":"士林區","result":"優"}},{"type":"Feature","geometry":{"type":"Point","coordinates":[121.531935,25.11417]},"properties":{"city":"taipei","name":"KEY COFFEE-天母高島屋店","reg_no":"A-122175159-00001-1","address":"臺北市士林區忠誠路2段55號B1","district":"士林區","result":"優"}},{"type":"Feature","geometry":{"type":"Point","coordinates":[121.531935,25.11417]},"properties":{"city":"taipei","name":"廣田洋菓子-天母高島屋店","reg_no":"A-122662860-00010-1","address":"臺北市士林區忠誠路2段55號B1","district":"士林區","result":"優"}},{"type":"Feature","geometry":{"type":"Point","coordinates":[121.531935,25.11417]},"properties":{"city":"taipei","name":"糖朝-天母高島屋店","reg_no":"A-154589961-00001-6","address":"臺北市士林區忠誠路2段55號12樓","district":"士林區","result":"優"}},{"type":"Feature","geometry":{"type":"Point","coordinates":[121.548394,25.055344]},"properties":{"city":"taipei","name":"聚寶餐廳","reg_no":"A-128202098-00006-5","address":"臺北市松山區敦化北路158號B3","district":"松山區","result":"優"}},{"type":"Feature","geometry":{"type":"Point","coordinates":[121.548394,25.055344]},"properties":{"city":"taipei","name":"台北文華東方酒店-宴會廳","reg_no":"A-128202098-00008-7","address":"臺北市松山區敦化北路158號","district":"松山區","result":"優"}},{"type":"Feature","geometry":{"type":"Point","coordinates":[121.548394,25.055344]},"properties":{"city":"taipei","name":"雅閣 YA GE","reg_no":"A-128202098-00004-3","address":"臺北市松山區敦化北路158號3樓","district":"松山區","result":"優"}},{"type":"Feature","geometry":{"type":"Point","coordinates":[121.548394,25.055344]},"properties":{"city":"taipei","name":"Café Un Deux Trois","reg_no":"A-128202098-00003-2","address":"臺北市松山區敦化北路158號5樓","district":"松山區","result":"優"}},{"type":"Feature","geometry":{"type":"Point","coordinates":[121.548394,25.055344]},"properties":{"city":"taipei","name":"Bencotto","reg_no":"A-128202098-00005-4","address":"臺北市松山區敦化北路158號6樓","district":"松山區","result":"優"}},{"type":"Feature","geometry":{"type":"Point","coordinates":[121.573666,25.073638]},"properties":{"city":"taipei","name":"皇廚一品牛排","reg_no":"A-142491400-00001-3","address":"臺北市內湖區舊宗路1段188號1樓","district":"內湖區","result":"優"}},{"type":"Feature","geometry":{"type":"Point","coordinates":[121.573666,25.073638]},"properties":{"city":"taipei","name":"大潤發-南湖店即食熟食區","reg_no":"A-180030723-00000-1","address":"臺北市內湖區舊宗路1段188號","district":"內湖區","result":"優"}},{"type":"Feature","geometry":{"type":"Point","coordinates":[121.573666,25.073638]},"properties":{"city":"taipei","name":"御宴和風鐵板燒","reg_no":"A-202271892-00001-1","address":"臺北市內湖區舊宗路1段188號1樓","district":"內湖區","result":"優"}},{"type":"Feature","geometry":{"type":"Point","coordinates":[121.573666,25.073638]},"properties":{"city":"taipei","name":"品川蘭-內湖店","reg_no":"A-197301707-00266-6","address":"臺北市內湖區舊宗路1段188號1樓","district":"內湖區","result":"優"}},{"type":"Feature","geometry":{"type":"Point","coordinates":[121.573666,25.073638]},"properties":{"city":"taipei","name":"龍都酒樓-內湖店","reg_no":"A-197556623-00002-3","address":"臺北市內湖區舊宗路1段58號","district":"內湖區","result":"優"}},{"type":"Feature","geometry":{"type":"Point","coordinates":[121.573666,25.073638]},"properties":{"city":"taipei","name":"爭鮮迴轉壽司-內湖二大潤發店","reg_no":"A-197286918-00016-5","address":"臺北市內湖區舊宗路1段188號1樓","district":"內湖區","result":"優"}},{"type":"Feature","geometry":{"type":"Point","coordinates":[121.560056,25.078072]},"properties":{"city":"taipei","name":"維多麗亞酒店大宴會廳","reg_no":"A-116713911-00001-8","address":"臺北市中山區敬業四路168號1樓","district":"中山區","result":"優"}},{"type":"Feature","geometry":{"type":"Point","coordinates":[121.560056,25.078072]},"properties":{"city":"taipei","name":"維多麗亞酒店168牛排館","reg_no":"A-116713911-00002-9","address":"臺北市中山區敬業四路168號4樓","district":"中山區","result":"優"}},{"type":"Feature","geometry":{"type":"Point","coordinates":[121.560056,25.078072]},"properties":{"city":"taipei","name":"維多麗亞酒店雙囍中餐廳","reg_no":"A-116713911-00003-0","address":"臺北市中山區敬業四路168號2樓","district":"中山區","result":"優"}},{"type":"Feature","geometry":{"type":"Point","coordinates":[121.560056,25.078072]},"properties":{"city":"taipei","name":"維多麗亞酒店La Festa義大利餐廳","reg_no":"A-116713911-00004-1","address":"臺北市中山區敬業四路168號2樓","district":"中山區","result":"優"}},{"type":"Feature","geometry":{"type":"Point","coordinates":[121.560056,25.078072]},"properties":{"city":"taipei","name":"維多麗亞酒店維多麗亞宴會廳","reg_no":"A-116713911-00005-2","address":"臺北市中山區敬業四路168號3樓","district":"中山區","result":"優"}},{"type":"Feature","geometry":{"type":"Point","coordinates":[121.529415,25.029858]},"properties":{"city":"taipei","name":"Chez Swann by Jumi Tavern","reg_no":"A-182827198-00001-4","address":"臺北市大安區金華街223之2號","district":"大安區","result":"優"}},{"type":"Feature","geometry":{"type":"Point","coordinates":[121.473416,25.125106]},"properties":{"city":"taipei","name":"廣和坐月子生技股份有限公司","reg_no":"A-180299262-00001-7","address":"臺北市北投區立功街122號","district":"北投區","result":"優"}},{"type":"Feature","geometry":{"type":"Point","coordinates":[121.472008,25.128341]},"properties":{"city":"taipei","name":"醫療財團法人辜公亮基金會和信治癌中心醫院","reg_no":"A-101053601-00001-5","address":"臺北市北投區立德路125號B2","district":"北投區","result":"優"}},{"type":"Feature","geometry":{"type":"Point","coordinates":[121.49936,25.141771]},"properties":{"city":"taipei","name":"家樂福北投店-即食熟食區","reg_no":"A-122662550-00125-4","address":"臺北市北投區中和街366號B1","district":"北投區","result":"優"}},{"type":"Feature","geometry":{"type":"Point","coordinates":[121.505809,25.137115]},"properties":{"city":"taipei","name":"北投南豐天玥泉會館-天響食坊","reg_no":"A-153357577-00001-1","address":"臺北市北投區中山路3號2樓","district":"北投區","result":"優"}},{"type":"Feature","geometry":{"type":"Point","coordinates":[121.510532,25.137786]},"properties":{"city":"taipei","name":"三二行館 Villa32","reg_no":"A-112933512-00000-4","address":"臺北市北投區中山路32號","district":"北投區","result":"優"}},{"type":"Feature","geometry":{"type":"Point","coordinates":[121.540854,25.000119]},"properties":{"city":"taipei","name":"阿泔麵店","reg_no":"A-278964225-00000-2","address":"臺北市文山區景隆街3號","district":"文山區","result":"優"}},{"type":"Feature","geometry":{"type":"Point","coordinates":[121.532053,24.991628]},"properties":{"city":"taipei","name":"孫東寶-文山景文店","reg_no":"A-189496779-00157-0","address":"臺北市文山區景文街23號","district":"文山區","result":"優"}},{"type":"Feature","geometry":{"type":"Point","coordinates":[121.540236,25.00166]},"properties":{"city":"taipei","name":"梁社漢排骨-羅斯福店","reg_no":"A-202268345-00001-0","address":"臺北市文山區羅斯福路6段26號","district":"文山區","result":"優"}},{"type":"Feature","geometry":{"type":"Point","coordinates":[121.541164,24.990237]},"properties":{"city":"taipei","name":"清心福全-景文店","reg_no":"A-180582719-00520-5","address":"臺北市文山區景文街129號","district":"文山區","result":"優"}},{"type":"Feature","geometry":{"type":"Point","coordinates":[121.544966,24.995235]},"properties":{"city":"taipei","name":"清原芋圓-台北景華店","reg_no":"A-202256702-00000-3","address":"臺北市文山區景華街67號","district":"文山區","result":"優"}},{"type":"Feature","geometry":{"type":"Point","coordinates":[121.542273,24.990209]},"properties":{"city":"taipei","name":"嬌嬌咖啡","reg_no":"A-200194425-00001-5","address":"臺北市文山區景後街149巷3號","district":"文山區","result":"優"}},{"type":"Feature","geometry":{"type":"Point","coordinates":[121.554074,25.022375]},"properties":{"city":"taipei","name":"八方雲集-師大店","reg_no":"A-170472679-00114-6","address":"臺北市大安區和平東路1段182之3號","district":"大安區","result":"優"}},{"type":"Feature","geometry":{"type":"Point","coordinates":[121.529109,25.023949]},"properties":{"city":"taipei","name":"甘泉魚麵-師大店","reg_no":"A-128030482-00012-8","address":"臺北市大安區師大路59巷12號","district":"大安區","result":"良"}},{"type":"Feature","geometry":{"type":"Point","coordinates":[121.522282,25.094665]},"properties":{"city":"taipei","name":"漢堡王(股)公司-士林門市部","reg_no":"A-123309178-00179-8","address":"臺北市士林區中正路332號","district":"士林區","result":"優"}},{"type":"Feature","geometry":{"type":"Point","coordinates":[121.561111,25.044737]},"properties":{"city":"taipei","name":"駱姐正雞酒-松菸店","reg_no":"A-170437940-00010-3","address":"臺北市信義區菸廠路88號B1","district":"信義區","result":"優"}},{"type":"Feature","geometry":{"type":"Point","coordinates":[121.534269,25.060391]},"properties":{"city":"taipei","name":"金香豬腳涼麵","reg_no":"A-200096916-00001-1","address":"臺北市中山區錦州街253號1樓","district":"中山區","result":"優"}},{"type":"Feature","geometry":{"type":"Point","coordinates":[121.52453,25.056488]},"properties":{"city":"taipei","name":"漾咖啡","reg_no":"A-109499839-00029-0","address":"臺北市中山區中山北路2段92號1樓","district":"中山區","result":"優"}},{"type":"Feature","geometry":{"type":"Point","coordinates":[121.52453,25.056488]},"properties":{"city":"taipei","name":"笹鮨SASA","reg_no":"A-200124515-00001-8","address":"臺北市中山區中山北路2段42巷6號1樓","district":"中山區","result":"優"}},{"type":"Feature","geometry":{"type":"Point","coordinates":[121.534715,25.054423]},"properties":{"city":"taipei","name":"伊通街筒仔米糕","reg_no":"A-200118016-00001-7","address":"臺北市中山區伊通街114之1號","district":"中山區","result":"優"}},{"type":"Feature","geometry":{"type":"Point","coordinates":[121.522708,25.051353]},"properties":{"city":"taipei","name":"龍都酒樓-中山店","reg_no":"A-197556623-00001-2","address":"臺北市中山區中山北路1段105巷18之1號","district":"中山區","result":"優"}},{"type":"Feature","geometry":{"type":"Point","coordinates":[121.534375,25.052615]},"properties":{"city":"taipei","name":"66巷鮮魚料理","reg_no":"A-202314917-00001-7","address":"臺北市中山區伊通街66巷3之3號1樓","district":"中山區","result":"優"}},{"type":"Feature","geometry":{"type":"Point","coordinates":[121.534926,25.054504]},"properties":{"city":"taipei","name":"偉富麵館","reg_no":"A-200114497-00001-6","address":"臺北市中山區伊通街135號","district":"中山區","result":"優"}},{"type":"Feature","geometry":{"type":"Point","coordinates":[121.530388,25.061552]},"properties":{"city":"taipei","name":"東石蚵仔小吃店","reg_no":"A-200252123-00001-5","address":"臺北市中山區吉林路251號","district":"中山區","result":"良"}},{"type":"Feature","geometry":{"type":"Point","coordinates":[121.528178,25.051888]},"properties":{"city":"taipei","name":"竹家莊","reg_no":"A-184743224-00001-3","address":"臺北市中山區南京東路2段96號","district":"中山區","result":"良"}},{"type":"Feature","geometry":{"type":"Point","coordinates":[121.534985,25.054671]},"properties":{"city":"taipei","name":"熊麻吉brunch","reg_no":"A-200078844-00001-1","address":"臺北市中山區長春路186號","district":"中山區","result":"優"}},{"type":"Feature","geometry":{"type":"Point","coordinates":[121.560345,25.080468]},"properties":{"city":"taipei","name":"鳥喜","reg_no":"A-190222968-00001-7","address":"臺北市中山區樂群2路199號2樓","district":"中山區","result":"優"}},{"type":"Feature","geometry":{"type":"Point","coordinates":[121.552946,25.082471]},"properties":{"city":"taipei","name":"教父牛排Danny's Steakhouse","reg_no":"A-153916517-00002-7","address":"臺北市中山區樂群三路58號1樓","district":"中山區","result":"優"}},{"type":"Feature","geometry":{"type":"Point","coordinates":[121.529613,25.092198]},"properties":{"city":"taipei","name":"台北中山意舍酒店Buttermilk餐廳","reg_no":"A-129073240-00005-0","address":"臺北市中山區中山北路2段57之1號","district":"中山區","result":"優"}},{"type":"Feature","geometry":{"type":"Point","coordinates":[121.534984,25.061897]},"properties":{"city":"taipei","name":"觀世音餐廳","reg_no":"A-112531469-00003-2","address":"臺北市中山區民權東路2段29號1樓","district":"中山區","result":"優"}},{"type":"Feature","geometry":{"type":"Point","coordinates":[121.539149,25.052578]},"properties":{"city":"taipei","name":"美樂食餐飲-南京建國食堂","reg_no":"A-154651346-00007-9","address":"臺北市中山區南京東路3段28號","district":"中山區","result":"優"}},{"type":"Feature","geometry":{"type":"Point","coordinates":[121.536994,25.066721]},"properties":{"city":"taipei","name":"煮海 (上引水產有限公司民族門市)","reg_no":"A-153745541-00001-3","address":"臺北市中山區民族東路410巷2弄20號2樓","district":"中山區","result":"優"}},{"type":"Feature","geometry":{"type":"Point","coordinates":[121.536318,25.04687]},"properties":{"city":"taipei","name":"享坐海鮮直烤","reg_no":"A-200225014-00001-4","address":"臺北市中山區建國北路2段92號","district":"中山區","result":"優"}},{"type":"Feature","geometry":{"type":"Point","coordinates":[121.552645,25.082811]},"properties":{"city":"taipei","name":"莞固和食-台北大直店 (頑味國際餐飲股份有限公司)","reg_no":"A-182773117-00003-7","address":"臺北市中山區樂群三路39號1樓","district":"中山區","result":"優"}},{"type":"Feature","geometry":{"type":"Point","coordinates":[121.533451,25.058984]},"properties":{"city":"taipei","name":"邊田庄","reg_no":"A-124484981-00001-9","address":"臺北市中山區松江路237號B1","district":"中山區","result":"良"}},{"type":"Feature","geometry":{"type":"Point","coordinates":[121.530932,25.091453]},"properties":{"city":"taipei","name":"海霸王旗艦店","reg_no":"A-184709204-00001-3","address":"臺北市中山區中山北路3段59號1-2樓","district":"中山區","result":"良"}},{"type":"Feature","geometry":{"type":"Point","coordinates":[121.524827,25.049892]},"properties":{"city":"taipei","name":"Friday's-林森餐廳","reg_no":"A-123932928-00017-4","address":"臺北市中山區林森北路247號","district":"中山區","result":"優"}},{"type":"Feature","geometry":{"type":"Point","coordinates":[121.533957,25.052865]},"properties":{"city":"taipei","name":"食彩櫻","reg_no":" A-278963825-00001-8","address":"臺北市中山區松江路123巷8之1號1樓","district":"中山區","result":"良"}},{"type":"Feature","geometry":{"type":"Point","coordinates":[121.533448,25.05364]},"properties":{"city":"taipei","name":"小英北越河粉","reg_no":"A-200119090-00000-9","address":"臺北市中山區四平街116號","district":"中山區","result":"優"}},{"type":"Feature","geometry":{"type":"Point","coordinates":[121.533903,25.058848]},"properties":{"city":"taipei","name":"威尼斯義大利餐廳","reg_no":"A-124460209-00001-6","address":"臺北市中山區松江路235巷19號1樓","district":"中山區","result":"優"}},{"type":"Feature","geometry":{"type":"Point","coordinates":[121.530742,25.046723]},"properties":{"city":"taipei","name":"品火鍋","reg_no":"A-200108729-00001-7","address":"臺北市中山區新生北路1段152號","district":"中山區","result":"優"}},{"type":"Feature","geometry":{"type":"Point","coordinates":[121.525346,25.066258]},"properties":{"city":"taipei","name":"TUTTO BELLO","reg_no":"A-189634359-00001-6","address":"臺北市中山區雙城街25巷15號1樓","district":"中山區","result":"優"}},{"type":"Feature","geometry":{"type":"Point","coordinates":[121.489636,25.027388]},"properties":{"city":"taipei","name":"豪景大酒店-萊茵宴會廳","reg_no":"A-103134643-00004-6","address":"臺北市萬華區環河南路1段77號12樓","district":"萬華區","result":"優"}},{"type":"Feature","geometry":{"type":"Point","coordinates":[121.489636,25.027388]},"properties":{"city":"taipei","name":"豪景大酒店-星河中餐廳","reg_no":"A-103134643-00003-5","address":"臺北市萬華區環河南路1段77號12樓","district":"萬華區","result":"優"}},{"type":"Feature","geometry":{"type":"Point","coordinates":[121.539158,25.061236]},"properties":{"city":"taipei","name":"memo cafe(裕果有限公司)","reg_no":"A-200225215-00001-7","address":"臺北市中山區合江街182號1樓","district":"中山區","result":"優"}},{"type":"Feature","geometry":{"type":"Point","coordinates":[121.501686,25.037859]},"properties":{"city":"taipei","name":"華麗大飯店","reg_no":"A-115845251-00001-0","address":"臺北市萬華區康定路41號","district":"萬華區","result":"優"}},{"type":"Feature","geometry":{"type":"Point","coordinates":[121.506251,25.043504]},"properties":{"city":"taipei","name":"馬辣西門店","reg_no":"A-155760308-00001-3","address":"臺北市萬華區西寧南路157號2樓","district":"萬華區","result":"優"}},{"type":"Feature","geometry":{"type":"Point","coordinates":[121.527878,25.057863]},"properties":{"city":"taipei","name":"金獅取水","reg_no":"A-200118932-00001-4","address":"臺北市中山區民生東路2段151號","district":"中山區","result":"良"}},{"type":"Feature","geometry":{"type":"Point","coordinates":[121.536318,25.04687]},"properties":{"city":"taipei","name":"八珍小吃","reg_no":"A-200112866-00001-4","address":"臺北市中山區建國北路2段6巷19號","district":"中山區","result":"良"}},{"type":"Feature","geometry":{"type":"Point","coordinates":[121.507208,25.04393]},"properties":{"city":"taipei","name":"新馬辣漢中店","reg_no":"A-124335765-00002-5","address":"臺北市萬華區漢中街52號6樓","district":"萬華區","result":"優"}},{"type":"Feature","geometry":{"type":"Point","coordinates":[121.493081,25.145158]},"properties":{"city":"taipei","name":"輕鬆餐廳","reg_no":"A-124746351-00001-1","address":"臺北市北投區中和街12號","district":"北投區","result":"良"}},{"type":"Feature","geometry":{"type":"Point","coordinates":[121.495473,25.143777]},"properties":{"city":"taipei","name":"路易莎咖啡有限公司-新北投直營門市","reg_no":"A-124693586-00295-7","address":"臺北市北投區中和街22號","district":"北投區","result":"優"}},{"type":"Feature","geometry":{"type":"Point","coordinates":[121.516458,25.111874]},"properties":{"city":"taipei","name":"惠蓀咖啡(陽明店)","reg_no":"A-128582631-00014-8","address":"臺北市北投區立農街2段155號","district":"北投區","result":"優"}},{"type":"Feature","geometry":{"type":"Point","coordinates":[121.498218,25.133562]},"properties":{"city":"taipei","name":"子女粥品海鮮手作坊","reg_no":"A-175944895-00001-0","address":"臺北市北投區育仁路64號1樓","district":"北投區","result":"優"}},{"type":"Feature","geometry":{"type":"Point","coordinates":[121.498669,25.134128]},"properties":{"city":"taipei","name":"小木屋鬆餅 北投育仁店","reg_no":"A-188162113-00001-9","address":"臺北市北投區育仁路75號","district":"北投區","result":"優"}},{"type":"Feature","geometry":{"type":"Point","coordinates":[121.502794,25.131723]},"properties":{"city":"taipei","name":"甜妞古早冰","reg_no":"A-200038197-00001-8","address":"臺北市北投區新市街24巷12號","district":"北投區","result":"優"}},{"type":"Feature","geometry":{"type":"Point","coordinates":[121.504399,25.13711]},"properties":{"city":"taipei","name":"拾米屋咖哩","reg_no":"A-142633941-00001-1","address":"臺北市北投區泉源路12號1樓","district":"北投區","result":"優"}},{"type":"Feature","geometry":{"type":"Point","coordinates":[121.499462,25.131647]},"properties":{"city":"taipei","name":"VIVACE 薇瓦義式餐酒館","reg_no":"A-188219571-00001-0","address":"臺北市北投區光明路2巷9號","district":"北投區","result":"優"}},{"type":"Feature","geometry":{"type":"Point","coordinates":[121.502369,25.133952]},"properties":{"city":"taipei","name":"台G店 北投店","reg_no":"A-200138256-00001-5","address":"臺北市北投區光明路132之3號","district":"北投區","result":"優"}},{"type":"Feature","geometry":{"type":"Point","coordinates":[121.501405,25.133093]},"properties":{"city":"taipei","name":"巧味漢堡","reg_no":"A-200080834-00001-3","address":"臺北市北投區光明路110號","district":"北投區","result":"良"}},{"type":"Feature","geometry":{"type":"Point","coordinates":[121.502457,25.134337]},"properties":{"city":"taipei","name":"清心福全 北投光明店","reg_no":"A-180582719-00727-4","address":"臺北市北投區光明路148號","district":"北投區","result":"優"}},{"type":"Feature","geometry":{"type":"Point","coordinates":[121.501885,25.133746]},"properties":{"city":"taipei","name":"comebuy 北投光明店","reg_no":"A-124483673-00125-3","address":"臺北市北投區光明路115號","district":"北投區","result":"優"}},{"type":"Feature","geometry":{"type":"Point","coordinates":[121.499213,25.136355]},"properties":{"city":"taipei","name":"阿芳越南食","reg_no":"A-200202545-00001-8","address":"臺北市北投區大同街176之1號1樓","district":"北投區","result":"優"}},{"type":"Feature","geometry":{"type":"Point","coordinates":[121.496044,25.146094]},"properties":{"city":"taipei","name":"良本崎日式麵包-新北投店","reg_no":"A-190265945-00001-9","address":"臺北市北投區中和街39號1樓","district":"北投區","result":"優"}},{"type":"Feature","geometry":{"type":"Point","coordinates":[121.504293,25.136239]},"properties":{"city":"taipei","name":"頂呱呱-北投店","reg_no":"A-130862692-00005-9","address":"臺北市北投區光明路218之2號","district":"北投區","result":"優"}},{"type":"Feature","geometry":{"type":"Point","coordinates":[121.504293,25.136239]},"properties":{"city":"taipei","name":"原誠炸彈蔥油餅","reg_no":"A-188154839-00001-5","address":"臺北市北投區光明路218號1樓","district":"北投區","result":"優"}},{"type":"Feature","geometry":{"type":"Point","coordinates":[121.499163,25.132617]},"properties":{"city":"taipei","name":"貴婦滷味","reg_no":"A-200232147-00001-9","address":"臺北市北投區光明路21號","district":"北投區","result":"良"}},{"type":"Feature","geometry":{"type":"Point","coordinates":[121.531935,25.11417]},"properties":{"city":"taipei","name":"百富通(尖牙意式廚房)","reg_no":"A-127542696-00061-6","address":"臺北市士林區忠誠路2段55號B1","district":"士林區","result":"優"}},{"type":"Feature","geometry":{"type":"Point","coordinates":[121.531935,25.11417]},"properties":{"city":"taipei","name":"COCO壹番屋-大葉高島屋","reg_no":"A-112665635-00024-8","address":"臺北市士林區忠誠路2段55號B1","district":"士林區","result":"優"}},{"type":"Feature","geometry":{"type":"Point","coordinates":[121.531935,25.11417]},"properties":{"city":"taipei","name":"花蓮扁食-大葉高島屋","reg_no":"A-202316200-00001-4","address":"臺北市士林區忠誠路2段55號B1","district":"士林區","result":"優"}},{"type":"Feature","geometry":{"type":"Point","coordinates":[121.531935,25.11417]},"properties":{"city":"taipei","name":"皇廚一品牛排-大葉高島屋","reg_no":"A-182046588-00005-4","address":"臺北市士林區忠誠路2段55號B1","district":"士林區","result":"優"}},{"type":"Feature","geometry":{"type":"Point","coordinates":[121.531935,25.11417]},"properties":{"city":"taipei","name":"韓鶴亭-大葉高島屋","reg_no":"A-153717587-00001-2","address":"臺北市士林區忠誠路2段55號B1","district":"士林區","result":"良"}},{"type":"Feature","geometry":{"type":"Point","coordinates":[121.548434,25.033025]},"properties":{"city":"taipei","name":"漢堡王-敦南店","reg_no":"A-123309178-00004-5","address":"臺北市大安區敦化南路2段164號","district":"大安區","result":"優"}},{"type":"Feature","geometry":{"type":"Point","coordinates":[121.548434,25.033025]},"properties":{"city":"taipei","name":"香格里拉台北遠東國際大飯店-上海醉月樓","reg_no":"A-105104840-00003-3","address":"臺北市大安區敦化南路2段201號","district":"大安區","result":"優"}},{"type":"Feature","geometry":{"type":"Point","coordinates":[121.548434,25.033025]},"properties":{"city":"taipei","name":"香格里拉台北遠東國際大飯店-ibuki日本料理餐廳","reg_no":"A-105104840-00005-5","address":"臺北市大安區敦化南路2段201號","district":"大安區","result":"優"}},{"type":"Feature","geometry":{"type":"Point","coordinates":[121.548434,25.033025]},"properties":{"city":"taipei","name":"香格里拉台北遠東國際大飯店-宴會廳(香宮)","reg_no":"A-105104840-00007-7","address":"臺北市大安區敦化南路2段201號 ","district":"大安區","result":"優"}},{"type":"Feature","geometry":{"type":"Point","coordinates":[121.529613,25.092198]},"properties":{"city":"taipei","name":"明福台菜餐廳","reg_no":"A-200220403-00001-1","address":"臺北市中山區中山北路2段137巷18號之1","district":"中山區","result":"優"}},{"type":"Feature","geometry":{"type":"Point","coordinates":[121.52453,25.056488]},"properties":{"city":"taipei","name":"旬採鮨処","reg_no":"A-153095510-00001-7","address":"臺北市中山區中山北路2段50巷3號1樓","district":"中山區","result":"優"}},{"type":"Feature","geometry":{"type":"Point","coordinates":[121.548434,25.033025]},"properties":{"city":"taipei","name":"香格里拉台北遠東國際大飯店-遠東咖啡廳","reg_no":"A-105104840-00006-6","address":"臺北市大安區敦化南路2段201號","district":"大安區","result":"優"}},{"type":"Feature","geometry":{"type":"Point","coordinates":[121.548434,25.033025]},"properties":{"city":"taipei","name":"香格里拉台北遠東國際大飯店-馬可波羅西餐廳","reg_no":"A-105104840-00004-4","address":"臺北市大安區敦化南路2段201號 ","district":"大安區","result":"優"}},{"type":"Feature","geometry":{"type":"Point","coordinates":[121.533277,25.061923]},"properties":{"city":"taipei","name":"寒居酒店","reg_no":"A-151720404-00001-2","address":"臺北市中山區松江路116號2樓","district":"中山區","result":"優"}},{"type":"Feature","geometry":{"type":"Point","coordinates":[121.525474,25.056172]},"properties":{"city":"taipei","name":"漢堡王-欣欣店","reg_no":"A-123309178-00187-7","address":"臺北市中山區林森北路247號1樓","district":"中山區","result":"優"}},{"type":"Feature","geometry":{"type":"Point","coordinates":[121.526189,25.055028]},"properties":{"city":"taipei","name":"雞家莊","reg_no":"A-104430137-00001-1","address":"臺北市中山區長春路55號","district":"中山區","result":"優"}},{"type":"Feature","geometry":{"type":"Point","coordinates":[121.52894,25.028394]},"properties":{"city":"taipei","name":"貓圖咖啡  CAT‧jpg","reg_no":"A-200047444-00002-4","address":"臺北市大安區潮州街154號","district":"大安區","result":"優"}},{"type":"Feature","geometry":{"type":"Point","coordinates":[121.531881,25.016082]},"properties":{"city":"taipei","name":"Friday's古亭餐廳","reg_no":"A-123932928-00010-7","address":"臺北市中正區羅斯福路2段60號","district":"中正區","result":"優"}},{"type":"Feature","geometry":{"type":"Point","coordinates":[121.530747,25.019036]},"properties":{"city":"taipei","name":"吉野家-古亭店","reg_no":"A-122662664-00046-2","address":"臺北市大安區羅斯福路2段79號","district":"大安區","result":"優"}},{"type":"Feature","geometry":{"type":"Point","coordinates":[121.534454,25.013784]},"properties":{"city":"taipei","name":"香帥蛋糕","reg_no":"A-153226549-00013-8","address":"臺北市中正區羅斯福路3段96號","district":"中正區","result":"優"}},{"type":"Feature","geometry":{"type":"Point","coordinates":[121.522438,25.044041]},"properties":{"city":"taipei","name":"饌玉豐麵食館","reg_no":"A-200080142-00001-5","address":"臺北市中正區青島東路7之1號","district":"中正區","result":"優"}},{"type":"Feature","geometry":{"type":"Point","coordinates":[121.529866,25.033166]},"properties":{"city":"taipei","name":"小原田日式料理","reg_no":"A-183259095-00001-0","address":"臺北市大安區永康街2巷1號1樓","district":"大安區","result":"優"}},{"type":"Feature","geometry":{"type":"Point","coordinates":[121.512273,25.04219]},"properties":{"city":"taipei","name":"大三元酒樓","reg_no":"A-103406356-00001-6","address":"臺北市中正區衡陽路46號2樓","district":"中正區","result":"優"}},{"type":"Feature","geometry":{"type":"Point","coordinates":[121.512263,25.044157]},"properties":{"city":"taipei","name":"三來素食小吃店","reg_no":"A-198884130-00001-0","address":"臺北市中正區武昌街23號1、2樓","district":"中正區","result":"優"}},{"type":"Feature","geometry":{"type":"Point","coordinates":[121.51616,25.045081]},"properties":{"city":"taipei","name":"UG-南陽","reg_no":"A-180676602-00001-4","address":"臺北市中正區南陽街11號","district":"中正區","result":"優"}},{"type":"Feature","geometry":{"type":"Point","coordinates":[121.514612,25.027647]},"properties":{"city":"taipei","name":"可不可熟成紅茶 錦州店","reg_no":"A-193116646-00000-4","address":"臺北市中正區錦州街335號","district":"中正區","result":"優"}},{"type":"Feature","geometry":{"type":"Point","coordinates":[121.524544,25.046024]},"properties":{"city":"taipei","name":"鈺善閣","reg_no":"A-116136290-00001-7","address":"臺北市中正區北平東路14號1樓","district":"中正區","result":"優"}},{"type":"Feature","geometry":{"type":"Point","coordinates":[121.539913,25.010588]},"properties":{"city":"taipei","name":"七里亭","reg_no":"A-202315162-00001-0","address":"臺北市大安區羅斯福路3段333巷8號1樓","district":"大安區","result":"優"}},{"type":"Feature","geometry":{"type":"Point","coordinates":[121.532824,25.016118]},"properties":{"city":"taipei","name":"清心福全-公館店 ","reg_no":"A-200217977-00001-3","address":"臺北市中正區羅斯福路3段316巷1-6號","district":"中正區","result":"優"}},{"type":"Feature","geometry":{"type":"Point","coordinates":[121.520025,25.032747]},"properties":{"city":"taipei","name":"真北平餐廳","reg_no":"A-202266917-00001-3","address":"臺北市中正區寧波東街1號1樓","district":"中正區","result":"優"}},{"type":"Feature","geometry":{"type":"Point","coordinates":[121.523115,25.025418]},"properties":{"city":"taipei","name":"老字號東門鴨莊 姚氏餐飲有限公司","reg_no":"A-200225471-00001-1","address":"臺北市中正區南昌路1段40號1樓、2樓","district":"中正區","result":"優"}},{"type":"Feature","geometry":{"type":"Point","coordinates":[121.532549,25.015744]},"properties":{"city":"taipei","name":"彼得好咖啡 南門店","reg_no":"A-200154050-00001-5","address":"臺北市中正區羅斯福路1段24號1至2樓","district":"中正區","result":"優"}},{"type":"Feature","geometry":{"type":"Point","coordinates":[121.578142,25.071772]},"properties":{"city":"taipei","name":"Journey Kaffe覺旅咖啡-陽光分公司","reg_no":"A-125105494-00002-0","address":"臺北市內湖區陽光街321巷42號","district":"內湖區","result":"優"}},{"type":"Feature","geometry":{"type":"Point","coordinates":[121.56817,25.080582]},"properties":{"city":"taipei","name":"Journey Kaffe覺旅咖啡-西湖分公司","reg_no":"A-125105494-00001-9","address":"臺北市內湖區瑞光路583巷24號1樓","district":"內湖區","result":"優"}},{"type":"Feature","geometry":{"type":"Point","coordinates":[121.567885,25.080691]},"properties":{"city":"taipei","name":"Marcus","reg_no":"A-200115005-00001-2","address":"臺北市內湖區瑞光路583巷25號","district":"內湖區","result":"優"}},{"type":"Feature","geometry":{"type":"Point","coordinates":[121.582612,25.086044]},"properties":{"city":"taipei","name":"貳樓-內湖西湖店","reg_no":"A-153743332-00001-9","address":"臺北市內湖區內湖路1段300號","district":"內湖區","result":"優"}},{"type":"Feature","geometry":{"type":"Point","coordinates":[121.567627,25.080269]},"properties":{"city":"taipei","name":"春水堂-台北西湖分公司","reg_no":"A-186330228-00005-5","address":"臺北市內湖區瑞光路585號1樓","district":"內湖區","result":"優"}},{"type":"Feature","geometry":{"type":"Point","coordinates":[121.575822,25.076232]},"properties":{"city":"taipei","name":"名廚燒臘店","reg_no":"A-125521864-00001-2","address":"臺北市內湖區江南街121號","district":"內湖區","result":"優"}},{"type":"Feature","geometry":{"type":"Point","coordinates":[121.576315,25.075201]},"properties":{"city":"taipei","name":"DELOIN德朗火鍋 行善店","reg_no":"A-153751114-00003-8","address":"臺北市內湖區瑞光路210號","district":"內湖區","result":"優"}},{"type":"Feature","geometry":{"type":"Point","coordinates":[121.590747,25.081033]},"properties":{"city":"taipei","name":"圓安宴餐廳","reg_no":"A-183083667-00001-0","address":"臺北市內湖區成功路2段322號","district":"內湖區","result":"優"}},{"type":"Feature","geometry":{"type":"Point","coordinates":[121.608953,25.068023]},"properties":{"city":"taipei","name":"定食8-康寧店","reg_no":"A-197286918-00154-8","address":"臺北市內湖區康寧路3段72號1樓","district":"內湖區","result":"優"}},{"type":"Feature","geometry":{"type":"Point","coordinates":[121.575362,25.060142]},"properties":{"city":"taipei","name":"三商巧福-內湖二店","reg_no":"A-197301707-00117-1","address":"臺北市內湖區民善街88號","district":"內湖區","result":"優"}},{"type":"Feature","geometry":{"type":"Point","coordinates":[121.575362,25.060142]},"properties":{"city":"taipei","name":"爭鮮 定時8-內湖家樂福店","reg_no":"A-197286918-00157-1","address":"臺北市內湖區民善街88號","district":"內湖區","result":"優"}},{"type":"Feature","geometry":{"type":"Point","coordinates":[121.575362,25.060142]},"properties":{"city":"taipei","name":"花蓮扁食-內湖家樂福店","reg_no":"A-170837404-00003-4","address":"臺北市內湖區民善街88號","district":"內湖區","result":"優"}},{"type":"Feature","geometry":{"type":"Point","coordinates":[121.575362,25.060142]},"properties":{"city":"taipei","name":"荖子鍋-內湖店","reg_no":"A-200173622-00001-1","address":"臺北市內湖區民善街88號","district":"內湖區","result":"優"}},{"type":"Feature","geometry":{"type":"Point","coordinates":[121.575362,25.060142]},"properties":{"city":"taipei","name":"家樂福內湖店-即時熟食區(二F)","reg_no":"A-122662550-00042-2","address":"臺北市內湖區民善街88號","district":"內湖區","result":"優"}},{"type":"Feature","geometry":{"type":"Point","coordinates":[121.52169,25.057643]},"properties":{"city":"taipei","name":"美樂食餐飲-民生雙連食堂","reg_no":"A-154651346-00006-8","address":"臺北市中山區民生西路28號","district":"中山區","result":"良"}},{"type":"Feature","geometry":{"type":"Point","coordinates":[121.529613,25.092198]},"properties":{"city":"taipei","name":"夏慕尼-台北中山北","reg_no":"A-184630426-00096-6","address":"臺北市中山區中山北路2段44號B1","district":"中山區","result":"優"}},{"type":"Feature","geometry":{"type":"Point","coordinates":[121.608358,25.054164]},"properties":{"city":"taipei","name":"家樂福南港二店-即食熟食區","reg_no":"A-122662550-00339-1","address":"臺北市南港區南港路2段146號B2","district":"南港區","result":"優"}},{"type":"Feature","geometry":{"type":"Point","coordinates":[121.517734,25.052245]},"properties":{"city":"taipei","name":"明德素食園-京站店","reg_no":"A-124215065-00002-5","address":"臺北市大同區承德路1段1號B3","district":"大同區","result":"優"}},{"type":"Feature","geometry":{"type":"Point","coordinates":[121.517734,25.052245]},"properties":{"city":"taipei","name":"八番赤野-京站店","reg_no":"A-200000311-00016-1","address":"臺北市大同區承德路1段1號B3","district":"大同區","result":"優"}},{"type":"Feature","geometry":{"type":"Point","coordinates":[121.517734,25.052245]},"properties":{"city":"taipei","name":"雪嶽山-京站店","reg_no":"A-153718045-00029-2","address":"臺北市大同區承德路1段1號B3","district":"大同區","result":"優"}},{"type":"Feature","geometry":{"type":"Point","coordinates":[121.517734,25.052245]},"properties":{"city":"taipei","name":"功夫銷魂麵-京站店","reg_no":"A-150857845-00005-5 ","address":"臺北市大同區承德路1段1號B3","district":"大同區","result":"優"}},{"type":"Feature","geometry":{"type":"Point","coordinates":[121.517734,25.052245]},"properties":{"city":"taipei","name":"海壽司-京站店","reg_no":"A-127542696-00066-1","address":"臺北市大同區承德路1段1號B3","district":"大同區","result":"優"}},{"type":"Feature","geometry":{"type":"Point","coordinates":[121.517734,25.052245]},"properties":{"city":"taipei","name":"美威鮭魚-京站店","reg_no":"A-153945225-00013-7","address":"臺北市大同區承德路1段1號B3","district":"大同區","result":"優"}},{"type":"Feature","geometry":{"type":"Point","coordinates":[121.517734,25.052245]},"properties":{"city":"taipei","name":"段純貞-京站店","reg_no":"A-142756204-00024-4","address":"臺北市大同區承德路1段1號B3","district":"大同區","result":"優"}},{"type":"Feature","geometry":{"type":"Point","coordinates":[121.517734,25.052245]},"properties":{"city":"taipei","name":"和田涮涮鍋-京站店","reg_no":"A-142611263-00001-4","address":"臺北市大同區承德路1段1號B3","district":"大同區","result":"優"}},{"type":"Feature","geometry":{"type":"Point","coordinates":[121.56666,25.036082]},"properties":{"city":"taipei","name":"Gubami Social 餐廳-新光三越A9","reg_no":"A-190615014-00001-5","address":"臺北市信義區松壽路9號6樓","district":"信義區","result":"優"}},{"type":"Feature","geometry":{"type":"Point","coordinates":[121.56666,25.036082]},"properties":{"city":"taipei","name":"黑武士老火鍋-新光三越A9","reg_no":"A-190623886-00001-1","address":"臺北市信義區松壽路9號6樓","district":"信義區","result":"優"}},{"type":"Feature","geometry":{"type":"Point","coordinates":[121.575362,25.060142]},"properties":{"city":"taipei","name":"爭鮮-內湖家樂福店","reg_no":"A-197286918-00018-7","address":"臺北市內湖區民善街88號","district":"內湖區","result":"優"}},{"type":"Feature","geometry":{"type":"Point","coordinates":[121.517734,25.052245]},"properties":{"city":"taipei","name":"21Plus-京站店","reg_no":"A-189627033-00019-6","address":"臺北市大同區承德路1段1號B2","district":"大同區","result":"優"}},{"type":"Feature","geometry":{"type":"Point","coordinates":[121.517734,25.052245]},"properties":{"city":"taipei","name":"德州美墨炸雞-京站店","reg_no":"A-202266097-00001-2","address":"臺北市大同區承德路1段1號B2","district":"大同區","result":"優"}},{"type":"Feature","geometry":{"type":"Point","coordinates":[121.529078,25.032461]},"properties":{"city":"taipei","name":"豐盛食堂","reg_no":"A-125552731-00001-9","address":"臺北市大安區麗水街1之3號","district":"大安區","result":"優"}},{"type":"Feature","geometry":{"type":"Point","coordinates":[121.551037,25.023959]},"properties":{"city":"taipei","name":"八方雲集-師院店","reg_no":"A-170472679-00115-7","address":"臺北市大安區和平東路2段311巷2之1號","district":"大安區","result":"優"}},{"type":"Feature","geometry":{"type":"Point","coordinates":[121.551037,25.023959]},"properties":{"city":"taipei","name":"Belém貝倫烘焙餐坊","reg_no":"A-174943096-00001-1","address":"臺北市大安區和平東路2段118巷37號","district":"大安區","result":"優"}},{"type":"Feature","geometry":{"type":"Point","coordinates":[121.529019,25.032137]},"properties":{"city":"taipei","name":"古典玫瑰園-台北永康店","reg_no":"A-153951936-00027-8","address":"臺北市大安區麗水街3之1號1樓","district":"大安區","result":"優"}},{"type":"Feature","geometry":{"type":"Point","coordinates":[121.522102,25.02854]},"properties":{"city":"taipei","name":"樂埔町","reg_no":"A-124774721-00001-3","address":"臺北市大安區杭州南路2段67號","district":"大安區","result":"優"}},{"type":"Feature","geometry":{"type":"Point","coordinates":[121.551037,25.023959]},"properties":{"city":"taipei","name":"𩵚魠風味魚羹-和平店","reg_no":"A-200105010-00001-7","address":"臺北市大安區和平東路2段355號1樓","district":"大安區","result":"優"}},{"type":"Feature","geometry":{"type":"Point","coordinates":[121.528834,25.033124]},"properties":{"city":"taipei","name":"江浙點心","reg_no":"A-200209569-00001-1","address":"臺北市大安區麗水街4之1號","district":"大安區","result":"優"}},{"type":"Feature","geometry":{"type":"Point","coordinates":[121.528999,25.032914]},"properties":{"city":"taipei","name":"老郭川菜館","reg_no":"A-126371884-00001-8","address":"臺北市大安區麗水街6號","district":"大安區","result":"優"}},{"type":"Feature","geometry":{"type":"Point","coordinates":[121.528816,25.031155]},"properties":{"city":"taipei","name":"吳留手串燒居酒屋","reg_no":"A-124747582-00001-8","address":"臺北市大安區麗水街5之9號","district":"大安區","result":"優"}},{"type":"Feature","geometry":{"type":"Point","coordinates":[121.521482,25.051338]},"properties":{"city":"taipei","name":"呷哺呷哺火鍋-南西店","reg_no":"A-190060675-00001-2","address":"臺北市中山區南京西路15號7樓","district":"中山區","result":"優"}},{"type":"Feature","geometry":{"type":"Point","coordinates":[121.500921,25.128661]},"properties":{"city":"taipei","name":"克弗爾手作烘焙(克弗爾實業有限公司)","reg_no":"A-124950374-00002-4","address":"臺北市北投區中央南路2段36號1樓","district":"北投區","result":"優"}},{"type":"Feature","geometry":{"type":"Point","coordinates":[121.500926,25.132075]},"properties":{"city":"taipei","name":"天母臭臭鍋","reg_no":"A-200166485-00001-0","address":"臺北市北投區中正街24號","district":"北投區","result":"優"}},{"type":"Feature","geometry":{"type":"Point","coordinates":[121.501561,25.133064]},"properties":{"city":"taipei","name":"賢爸蔬食","reg_no":"A-200163505-00001-0","address":"臺北市北投區中央南路1段25巷5號","district":"北投區","result":"優"}},{"type":"Feature","geometry":{"type":"Point","coordinates":[121.501561,25.133064]},"properties":{"city":"taipei","name":"北投越南傳統手工法國麵包","reg_no":"A-200243593-00001-6","address":"臺北市北投區中央南路1段25巷15號1樓","district":"北投區","result":"優"}},{"type":"Feature","geometry":{"type":"Point","coordinates":[121.501561,25.133064]},"properties":{"city":"taipei","name":"陽光屋","reg_no":"A-200207608-00001-3","address":"臺北市北投區中央南路1段25巷12號","district":"北投區","result":"良"}},{"type":"Feature","geometry":{"type":"Point","coordinates":[121.501561,25.133064]},"properties":{"city":"taipei","name":"陳記麻辣食堂","reg_no":"A-188296513-00001-1","address":"臺北市北投區中央南路1段34號","district":"北投區","result":"良"}},{"type":"Feature","geometry":{"type":"Point","coordinates":[121.501561,25.133064]},"properties":{"city":"taipei","name":"迷客夏-台北北投店","reg_no":"A-128949151-00242-5","address":"臺北市北投區中央南路1段1號","district":"北投區","result":"優"}},{"type":"Feature","geometry":{"type":"Point","coordinates":[121.491477,25.137951]},"properties":{"city":"taipei","name":"源士林粥品","reg_no":"A-202255860-00001-8","address":"臺北市北投區中央北路1段118號","district":"北投區","result":"優"}},{"type":"Feature","geometry":{"type":"Point","coordinates":[121.502753,25.137487]},"properties":{"city":"taipei","name":"鍋董日式涮涮鍋-新北投旗艦店","reg_no":"A-142495216-00000-1","address":"臺北市北投區大業路741號","district":"北投區","result":"優"}},{"type":"Feature","geometry":{"type":"Point","coordinates":[121.502623,25.137439]},"properties":{"city":"taipei","name":"雞腳張古早滷味專賣店","reg_no":"A-200192400-00000-5","address":"臺北市北投區大業路739號1樓","district":"北投區","result":"優"}},{"type":"Feature","geometry":{"type":"Point","coordinates":[121.611534,25.05317]},"properties":{"city":"taipei","name":"丸龜製麵-環球南港店","reg_no":"A-153919541-00023-0","address":"臺北市南港區忠孝東路7段371號B1","district":"南港區","result":"優"}},{"type":"Feature","geometry":{"type":"Point","coordinates":[121.519684,25.041438]},"properties":{"city":"taipei","name":"徐州路2號庭園會館","reg_no":"A-128077459-00001-1","address":"臺北市中正區徐州路2號","district":"中正區","result":"優"}},{"type":"Feature","geometry":{"type":"Point","coordinates":[121.517168,25.0414]},"properties":{"city":"taipei","name":"費太太-台大西址店","reg_no":"A-122036848-00001-2","address":"臺北市中正區常德街1號","district":"中正區","result":"優"}},{"type":"Feature","geometry":{"type":"Point","coordinates":[121.540236,25.00166]},"properties":{"city":"taipei","name":"財政部財政人員訓練所(沙山食品有限公司)","reg_no":"A-116754898-00002-8","address":"臺北市文山區羅斯福路6段142巷3號","district":"文山區","result":"優"}},{"type":"Feature","geometry":{"type":"Point","coordinates":[121.527878,25.057863]},"properties":{"city":"taipei","name":"和逸飯店．台北民生館","reg_no":"A-154180198-00001-5","address":"臺北市中山區民生東路2段178號","district":"中山區","result":"良"}},{"type":"Feature","geometry":{"type":"Point","coordinates":[121.500098,25.132965]},"properties":{"city":"taipei","name":"路易莎咖啡有限公司-北投直營門市","reg_no":"A-124693586-00276-6","address":"臺北市北投區光明路65號1樓","district":"北投區","result":"優"}},{"type":"Feature","geometry":{"type":"Point","coordinates":[121.501791,25.133006]},"properties":{"city":"taipei","name":"上全肉羹","reg_no":"A-200192179-00001-9","address":"臺北市北投區光明路新生巷6號","district":"北投區","result":"優"}},{"type":"Feature","geometry":{"type":"Point","coordinates":[121.500792,25.136462]},"properties":{"city":"taipei","name":"早安勇士","reg_no":"A-278963760-00000-5","address":"臺北市北投區育仁路147號","district":"北投區","result":"優"}},{"type":"Feature","geometry":{"type":"Point","coordinates":[121.514795,25.137146]},"properties":{"city":"taipei","name":"亞太飯店","reg_no":"A-128213882-00000-2","address":"臺北市北投區幽雅路31號","district":"北投區","result":"優"}},{"type":"Feature","geometry":{"type":"Point","coordinates":[121.511952,25.136454]},"properties":{"city":"taipei","name":"曲水會館","reg_no":"A-129628044-00001-4","address":"臺北市北投區溫泉路105號","district":"北投區","result":"優"}},{"type":"Feature","geometry":{"type":"Point","coordinates":[121.510857,25.136182]},"properties":{"city":"taipei","name":"滿客屋","reg_no":"A-138510926-00001-3","address":"臺北市北投區溫泉路110號","district":"北投區","result":"優"}},{"type":"Feature","geometry":{"type":"Point","coordinates":[121.498963,25.1344]},"properties":{"city":"taipei","name":"心不懶喘息咖啡","reg_no":"A-200231609-00001-1","address":"臺北市北投區育仁路89號","district":"北投區","result":"優"}},{"type":"Feature","geometry":{"type":"Point","coordinates":[121.501081,25.1331]},"properties":{"city":"taipei","name":"達美樂披薩北投光明店","reg_no":"A-185123524-00001-9","address":"臺北市北投區光明路98號1樓","district":"北投區","result":"優"}},{"type":"Feature","geometry":{"type":"Point","coordinates":[121.503337,25.131052]},"properties":{"city":"taipei","name":"大碗麻辣鴨血臭豆腐","reg_no":"A-200150651-00001-8","address":"臺北市北投區新市街59號","district":"北投區","result":"優"}},{"type":"Feature","geometry":{"type":"Point","coordinates":[121.503157,25.133309]},"properties":{"city":"taipei","name":"蔦燒日式居酒屋-北投店","reg_no":"A-185007546-00002-5","address":"臺北市北投區溫泉路30巷24號","district":"北投區","result":"優"}},{"type":"Feature","geometry":{"type":"Point","coordinates":[121.499886,25.132891]},"properties":{"city":"taipei","name":"囍家炭烤三明治","reg_no":"A-202266886-00001-8","address":"臺北市北投區光明路57號","district":"北投區","result":"優"}},{"type":"Feature","geometry":{"type":"Point","coordinates":[121.61258,25.053227]},"properties":{"city":"taipei","name":"奎士咖啡_SOGO忠孝館","reg_no":"A-183097938-00002-7","address":"臺北市大安區忠孝東路4段45號B1","district":"大安區","result":"優"}},{"type":"Feature","geometry":{"type":"Point","coordinates":[121.61258,25.053227]},"properties":{"city":"taipei","name":"神樂家-SOGO忠孝館","reg_no":"A-155855732-00001-9","address":"臺北市大安區忠孝東路4段45號11樓","district":"大安區","result":"優"}},{"type":"Feature","geometry":{"type":"Point","coordinates":[121.61258,25.053227]},"properties":{"city":"taipei","name":"聚北海道昆布鍋-SOGO忠孝店","reg_no":"A-184630426-00045-0","address":"臺北市大安區忠孝東路4段45號11樓","district":"大安區","result":"優"}},{"type":"Feature","geometry":{"type":"Point","coordinates":[121.61258,25.053227]},"properties":{"city":"taipei","name":"漢來蔬食-SOGO忠孝館","reg_no":"A-124982729-00002-3","address":"臺北市大安區忠孝東路4段45號11樓","district":"大安區","result":"優"}},{"type":"Feature","geometry":{"type":"Point","coordinates":[121.61258,25.053227]},"properties":{"city":"taipei","name":"三合院港式飲茶-SOGO忠孝館","reg_no":"A-180506038-00001-9","address":"臺北市大安區忠孝東路4段45號11樓","district":"大安區","result":"優"}},{"type":"Feature","geometry":{"type":"Point","coordinates":[121.61258,25.053227]},"properties":{"city":"taipei","name":"NARA Thai Cuisine-SGOG忠孝館","reg_no":"A-127748310-00018-9","address":"臺北市大安區忠孝東路4段45號11樓","district":"大安區","result":"優"}},{"type":"Feature","geometry":{"type":"Point","coordinates":[121.61258,25.053227]},"properties":{"city":"taipei","name":"莆田Putien-SOGO忠孝店","reg_no":"A-142672887-00009-1","address":"臺北市大安區忠孝東路4段45號12樓","district":"大安區","result":"優"}},{"type":"Feature","geometry":{"type":"Point","coordinates":[121.533417,25.013813]},"properties":{"city":"taipei","name":"新東南海鮮餐廳","reg_no":"A-116787933-00000-2","address":"臺北市中正區汀州路1段105號1樓","district":"中正區","result":"優"}},{"type":"Feature","geometry":{"type":"Point","coordinates":[121.55605,25.032512]},"properties":{"city":"taipei","name":"聖瑪莉東門店 ","reg_no":"A-109499839-00011-1","address":"臺北市大安區信義路2段186號 ","district":"大安區","result":"優"}},{"type":"Feature","geometry":{"type":"Point","coordinates":[121.518555,25.040776]},"properties":{"city":"taipei","name":"欣豐自助餐-微風台大醫院店","reg_no":"A-127766956-00005-1","address":"臺北市中正區中山南路7號B1","district":"中正區","result":"優"}},{"type":"Feature","geometry":{"type":"Point","coordinates":[121.518555,25.040776]},"properties":{"city":"taipei","name":"第一佳-微風台大醫院店","reg_no":"A-200246609-00001-7","address":"臺北市中正區中山南路7號B1","district":"中正區","result":"優"}},{"type":"Feature","geometry":{"type":"Point","coordinates":[121.518555,25.040776]},"properties":{"city":"taipei","name":"一之軒-微風台大醫院店","reg_no":"A-122751743-00077-3","address":"臺北市中正區中山南路7號B1","district":"中正區","result":"優"}},{"type":"Feature","geometry":{"type":"Point","coordinates":[121.518555,25.040776]},"properties":{"city":"taipei","name":"小南門-微風台大醫院店","reg_no":"A-128544068-00006-1","address":"臺北市中正區中山南路7號B1","district":"中正區","result":"優"}},{"type":"Feature","geometry":{"type":"Point","coordinates":[121.518555,25.040776]},"properties":{"city":"taipei","name":"好好吃大餛飩-微風台大醫院店","reg_no":"A-152531845-00003-4","address":"臺北市中正區中山南路7號B1","district":"中正區","result":"優"}},{"type":"Feature","geometry":{"type":"Point","coordinates":[121.518555,25.040776]},"properties":{"city":"taipei","name":"花蓮扁食-微風台大醫院店","reg_no":"A-170837404-00027-0","address":"臺北市中正區中山南路7號B1","district":"中正區","result":"優"}},{"type":"Feature","geometry":{"type":"Point","coordinates":[121.518555,25.040776]},"properties":{"city":"taipei","name":"菓加 Fruit plus-微風台大醫院店","reg_no":"A-124465056-00053-8","address":"臺北市中正區中山南路7號B1","district":"中正區","result":"優"}},{"type":"Feature","geometry":{"type":"Point","coordinates":[121.518555,25.040776]},"properties":{"city":"taipei","name":"21plus-微風台大醫院店","reg_no":"A-189627033-00207-5","address":"臺北市中正區中山南路7號B1","district":"中正區","result":"優"}},{"type":"Feature","geometry":{"type":"Point","coordinates":[121.518555,25.040776]},"properties":{"city":"taipei","name":"Mister Donut-微風台大醫院店","reg_no":"A-127359304-00418-4","address":"臺北市中正區中山南路7號B1","district":"中正區","result":"優"}},{"type":"Feature","geometry":{"type":"Point","coordinates":[121.519327,25.089341]},"properties":{"city":"taipei","name":"杏子日式豬排-京站店","reg_no":"A-142756204-00005-3","address":"臺北市大同區承德路1段1號4樓","district":"大同區","result":"優"}},{"type":"Feature","geometry":{"type":"Point","coordinates":[121.519327,25.089341]},"properties":{"city":"taipei","name":"海底撈-京站店","reg_no":"A-158493538-00001-4","address":"臺北市大同區承德路1段1號4樓","district":"大同區","result":"優"}},{"type":"Feature","geometry":{"type":"Point","coordinates":[121.519327,25.089341]},"properties":{"city":"taipei","name":"Häagen-Dazs-京站店","reg_no":"A-186384960-00032-7","address":"臺北市大同區承德路1段1號1樓","district":"大同區","result":"優"}},{"type":"Feature","geometry":{"type":"Point","coordinates":[121.517168,25.0414]},"properties":{"city":"taipei","name":"樂田麵包-台大西址店","reg_no":"A-128427006-00091-7","address":"臺北市中正區常德街1號B1","district":"中正區","result":"優"}},{"type":"Feature","geometry":{"type":"Point","coordinates":[121.517168,25.0414]},"properties":{"city":"taipei","name":"蓁小店-台大西址店","reg_no":"A-191698337-00001-5","address":"臺北市中正區常德街1號B1","district":"中正區","result":"優"}},{"type":"Feature","geometry":{"type":"Point","coordinates":[121.517168,25.0414]},"properties":{"city":"taipei","name":"周董燒肉飯-台大西址店","reg_no":"A-148942677-00000-5","address":"臺北市中正區常德街1號B1","district":"中正區","result":"優"}},{"type":"Feature","geometry":{"type":"Point","coordinates":[121.517168,25.0414]},"properties":{"city":"taipei","name":"路易莎咖啡-台大西址店","reg_no":"A-124693586-00341-9","address":"臺北市中正區常德街1號","district":"中正區","result":"優"}},{"type":"Feature","geometry":{"type":"Point","coordinates":[121.517168,25.0414]},"properties":{"city":"taipei","name":"美樂家素食坊-台大西址店","reg_no":"A-142490140-00001-3","address":"臺北市中正區常德街1號B1","district":"中正區","result":"優"}},{"type":"Feature","geometry":{"type":"Point","coordinates":[121.578764,25.036732]},"properties":{"city":"taipei","name":"添好運-CITYLINK松山店","reg_no":"A-154752668-00019-1","address":"臺北市信義區松山路11號2樓","district":"信義區","result":"優"}},{"type":"Feature","geometry":{"type":"Point","coordinates":[121.578764,25.036732]},"properties":{"city":"taipei","name":"花月嵐拉麵-CITYLINK松山店","reg_no":"A-128704682-00008-3","address":"臺北市信義區松山路11號2樓","district":"信義區","result":"優"}},{"type":"Feature","geometry":{"type":"Point","coordinates":[121.578764,25.036732]},"properties":{"city":"taipei","name":"秋風軒鍋物-CITYLINK松山店","reg_no":"A-183777647-00008-5","address":"臺北市信義區松山路11號2樓","district":"信義區","result":"優"}},{"type":"Feature","geometry":{"type":"Point","coordinates":[121.578764,25.036732]},"properties":{"city":"taipei","name":"瓦城-ClTYLINK松山店","reg_no":"A-180176590-00003-7","address":"臺北市信義區松山路11號2樓","district":"信義區","result":"優"}},{"type":"Feature","geometry":{"type":"Point","coordinates":[121.578764,25.036732]},"properties":{"city":"taipei","name":"丸亀製麵-CITYLINK松山店","reg_no":"A-153919541-00058-8","address":"臺北市信義區松山路11號2樓","district":"信義區","result":"優"}},{"type":"Feature","geometry":{"type":"Point","coordinates":[121.578764,25.036732]},"properties":{"city":"taipei","name":"時時香-CITYLINK松山店","reg_no":"A-124707940-00006-7","address":"臺北市信義區松山路11號2樓","district":"信義區","result":"優"}},{"type":"Feature","geometry":{"type":"Point","coordinates":[121.544411,25.059097]},"properties":{"city":"taipei","name":"台北馥敦-復北店","reg_no":"A-113082118-00001-3","address":"臺北市松山區復興北路315號","district":"松山區","result":"優"}},{"type":"Feature","geometry":{"type":"Point","coordinates":[121.566664,25.03936]},"properties":{"city":"taipei","name":"潮品集-潮坊","reg_no":"A-200246756-00001-0","address":"臺北市信義區松高路19號6樓","district":"信義區","result":"優"}},{"type":"Feature","geometry":{"type":"Point","coordinates":[121.567968,25.036732]},"properties":{"city":"taipei","name":"lady m遠百信義店","reg_no":"A-142868475-00009-1","address":"臺北市信義區松仁路58號1樓","district":"信義區","result":"優"}},{"type":"Feature","geometry":{"type":"Point","coordinates":[121.567968,25.036732]},"properties":{"city":"taipei","name":"新馬辣信義遠百店","reg_no":"A-182954573-00001-2","address":"臺北市信義區松仁路58號14樓","district":"信義區","result":"優"}},{"type":"Feature","geometry":{"type":"Point","coordinates":[121.518555,25.040776]},"properties":{"city":"taipei","name":"朱記餡餅粥-微風台大醫院店","reg_no":"A-153095716-00003-7","address":"臺北市中正區中山南路7號B1","district":"中正區","result":"優"}},{"type":"Feature","geometry":{"type":"Point","coordinates":[121.500281,25.132944]},"properties":{"city":"taipei","name":"七月紫米本丸","reg_no":"A-200219658-00001-1","address":"臺北市北投區光明路64號","district":"北投區","result":"優"}},{"type":"Feature","geometry":{"type":"Point","coordinates":[121.517168,25.0414]},"properties":{"city":"taipei","name":"寶源活力吧-台大西址店","reg_no":"A-113064147-00004-8","address":"臺北市中正區常德街1號","district":"中正區","result":"優"}},{"type":"Feature","geometry":{"type":"Point","coordinates":[121.517168,25.0414]},"properties":{"city":"taipei","name":"雲嶺鮮雞-台大西址店","reg_no":"A-127412960-00006-5","address":"臺北市中正區常德街1號","district":"中正區","result":"優"}},{"type":"Feature","geometry":{"type":"Point","coordinates":[121.578764,25.036732]},"properties":{"city":"taipei","name":"創義麵-CITYLINK松山店","reg_no":"A-154653702-00015-6","address":"臺北市信義區松山路11號1樓","district":"信義區","result":"良"}},{"type":"Feature","geometry":{"type":"Point","coordinates":[121.578764,25.036732]},"properties":{"city":"taipei","name":"爭鮮迴轉壽司-CITYLINK松山店","reg_no":"A-197286918-00030-1","address":"臺北市信義區松山路11號1樓","district":"信義區","result":"優"}},{"type":"Feature","geometry":{"type":"Point","coordinates":[121.578764,25.036732]},"properties":{"city":"taipei","name":"CoCo老番屋-CITYLINK松山店","reg_no":"A-112665635-00013-6","address":"臺北市信義區松山路11號1樓","district":"信義區","result":"優"}},{"type":"Feature","geometry":{"type":"Point","coordinates":[121.578764,25.036732]},"properties":{"city":"taipei","name":"品田牧場-CITYLINK松山店","reg_no":"A-184630426-00487-0","address":"臺北市信義區松山路11號1樓","district":"信義區","result":"優"}},{"type":"Feature","geometry":{"type":"Point","coordinates":[121.578764,25.036732]},"properties":{"city":"taipei","name":"Beard papa-CITYLINK松山店","reg_no":"A-180292991-00013-2","address":"臺北市信義區松山路11號1樓","district":"信義區","result":"優"}},{"type":"Feature","geometry":{"type":"Point","coordinates":[121.578764,25.036732]},"properties":{"city":"taipei","name":"COCO都可-CITYLINK松山店","reg_no":"A-128402188-00026-9","address":"臺北市信義區松山路11號1樓","district":"信義區","result":"優"}},{"type":"Feature","geometry":{"type":"Point","coordinates":[121.578764,25.036732]},"properties":{"city":"taipei","name":"MISTER DONUT-CITYLINK松山店","reg_no":"A-127359304-00334-1","address":"臺北市信義區松山路11號1樓","district":"信義區","result":"優"}},{"type":"Feature","geometry":{"type":"Point","coordinates":[121.578764,25.036732]},"properties":{"city":"taipei","name":"CHAFFEE-CITYLINK松山店","reg_no":"A-118559415-00305-4","address":"臺北市信義區松山路11號1樓","district":"信義區","result":"優"}},{"type":"Feature","geometry":{"type":"Point","coordinates":[121.580671,25.043915]},"properties":{"city":"taipei","name":"樂田-國父紀念館","reg_no":"A-128427006-00088-3","address":"臺北市信義區忠孝東路4段302號","district":"信義區","result":"優"}},{"type":"Feature","geometry":{"type":"Point","coordinates":[121.529303,25.030917]},"properties":{"city":"taipei","name":"游壽司麗水店","reg_no":"A-126221730-00001-2","address":"臺北市大安區麗水街7巷7號","district":"大安區","result":"優"}},{"type":"Feature","geometry":{"type":"Point","coordinates":[121.551037,25.023959]},"properties":{"city":"taipei","name":"Toh-a 桌藏","reg_no":"A-200131652-00001-8","address":"臺北市大安區和平東路2段76巷23弄9號","district":"大安區","result":"優"}},{"type":"Feature","geometry":{"type":"Point","coordinates":[121.509695,25.113524]},"properties":{"city":"taipei","name":"臺北榮民總醫院營養部病患廚房","reg_no":"A-400190317-00000-2","address":"臺北市北投區石牌路2段201號中正樓B1","district":"北投區","result":"優"}},{"type":"Feature","geometry":{"type":"Point","coordinates":[121.509695,25.113524]},"properties":{"city":"taipei","name":"臺北榮民總醫院員工餐廳","reg_no":"A-148978457-00001-1","address":"臺北市北投區石牌路2段201號中正樓1樓","district":"北投區","result":"優"}},{"type":"Feature","geometry":{"type":"Point","coordinates":[121.528178,25.051888]},"properties":{"city":"taipei","name":"第一大飯店敘香園","reg_no":"A-150775041-00001-8","address":"臺北市中山區南京東路2段63號3樓","district":"中山區","result":"良"}},{"type":"Feature","geometry":{"type":"Point","coordinates":[121.535932,25.048768]},"properties":{"city":"taipei","name":"木生婦幼診所","reg_no":"A-378964771-00001-0","address":"臺北市中山區長安東路2段90號1-4樓","district":"中山區","result":"優"}},{"type":"Feature","geometry":{"type":"Point","coordinates":[121.531074,25.05751]},"properties":{"city":"taipei","name":"長榮桂冠酒店(台北)","reg_no":"A-170809478-00001-2","address":"臺北市中山區松江路63號","district":"中山區","result":"優"}},{"type":"Feature","geometry":{"type":"Point","coordinates":[121.53044,25.063856]},"properties":{"city":"taipei","name":"林家蔬菜羊肉爐","reg_no":"A-200057802-00001-2","address":"臺北市中山區吉林路327號","district":"中山區","result":"優"}},{"type":"Feature","geometry":{"type":"Point","coordinates":[121.529613,25.092198]},"properties":{"city":"taipei","name":"費太太-馬偕醫院","reg_no":"A-122036848-00002-3","address":"臺北市中山區中山北路2段92號","district":"中山區","result":"優"}},{"type":"Feature","geometry":{"type":"Point","coordinates":[121.52453,25.056488]},"properties":{"city":"taipei","name":"聖瑪莉馬偕店","reg_no":"A-109499839-00010-0","address":"臺北市中山區中山北路2段92號1樓","district":"中山區","result":"優"}},{"type":"Feature","geometry":{"type":"Point","coordinates":[121.520661,25.052434]},"properties":{"city":"taipei","name":"蔬坊The Greenery","reg_no":"A-161884947-00003-8","address":"臺北市中山區南京西路14號B1","district":"中山區","result":"優"}},{"type":"Feature","geometry":{"type":"Point","coordinates":[121.52453,25.056488]},"properties":{"city":"taipei","name":"李義男婦產科附設產後護理之家","reg_no":"A-278957813-00000-7","address":"臺北市中山區中山北路2段71號5樓","district":"中山區","result":"優"}},{"type":"Feature","geometry":{"type":"Point","coordinates":[121.528042,25.052293]},"properties":{"city":"taipei","name":"新馬辣-中山店","reg_no":"A-152678039-00000-8","address":"臺北市中山區南京東路1段2號2樓","district":"中山區","result":"優"}},{"type":"Feature","geometry":{"type":"Point","coordinates":[121.521756,25.052539]},"properties":{"city":"taipei","name":"天廚菜館","reg_no":"A-200073629-00001-7","address":"臺北市中山區南京西路1號3樓","district":"中山區","result":"良"}},{"type":"Feature","geometry":{"type":"Point","coordinates":[121.5337,25.053331]},"properties":{"city":"taipei","name":"神旺商務酒店","reg_no":"A-128448826-00001-1","address":"臺北市中山區南京東路1段128號","district":"中山區","result":"優"}},{"type":"Feature","geometry":{"type":"Point","coordinates":[121.55538,25.052589]},"properties":{"city":"taipei","name":"藍田產後護理之家","reg_no":"A-154180795-00000-7","address":"臺北市松山區南京東路5段316號","district":"松山區","result":"優"}},{"type":"Feature","geometry":{"type":"Point","coordinates":[121.55538,25.052589]},"properties":{"city":"taipei","name":"漢堡王-南京三民店","reg_no":"A-123309178-00063-0","address":"臺北市松山區南京東路5段82號","district":"松山區","result":"優"}},{"type":"Feature","geometry":{"type":"Point","coordinates":[121.552722,25.048728]},"properties":{"city":"taipei","name":"古味小吃店","reg_no":"A-200131190-00001-5\n","address":"臺北市松山區北寧路14號","district":"松山區","result":"良"}},{"type":"Feature","geometry":{"type":"Point","coordinates":[121.5337,25.053331]},"properties":{"city":"taipei","name":"國王大飯店","reg_no":"A-111596180-00001-0","address":"臺北市中山區南京東路1段118號","district":"中山區","result":"良"}},{"type":"Feature","geometry":{"type":"Point","coordinates":[121.537338,25.067924]},"properties":{"city":"taipei","name":"一郎台日海鮮料理宴會廣場-濱江店","reg_no":"A-112949486-00002-3","address":"臺北市中山區民族東路336號5樓","district":"中山區","result":"優"}},{"type":"Feature","geometry":{"type":"Point","coordinates":[121.557397,25.053449]},"properties":{"city":"taipei","name":"晶英產後護理之家","reg_no":"A-278959983-00001-8","address":"臺北市松山區健康路156號6樓","district":"松山區","result":"優"}},{"type":"Feature","geometry":{"type":"Point","coordinates":[121.549211,25.05347]},"properties":{"city":"taipei","name":"茹曦酒店-SUNNY BUFFET","reg_no":"A-128337899-00002-9","address":"臺北市松山區敦化北路100號","district":"松山區","result":"優"}},{"type":"Feature","geometry":{"type":"Point","coordinates":[121.549211,25.05347]},"properties":{"city":"taipei","name":"茹曦酒店宴會廳","reg_no":"A-128337899-00004-1","address":"臺北市松山區敦化北路100號","district":"松山區","result":"優"}},{"type":"Feature","geometry":{"type":"Point","coordinates":[121.529613,25.092198]},"properties":{"city":"taipei","name":"Impromptu by Paul Lee","reg_no":"A-150763495-00001-8","address":"臺北市中山區中山北路2段39巷3號B1","district":"中山區","result":"優"}},{"type":"Feature","geometry":{"type":"Point","coordinates":[121.571665,25.050121]},"properties":{"city":"taipei","name":"漢堡王-光華店","reg_no":"A-123309178-00019-1","address":"臺北市中山區八德路1段31號","district":"中山區","result":"優"}},{"type":"Feature","geometry":{"type":"Point","coordinates":[121.549228,25.059481]},"properties":{"city":"taipei","name":"翡麗詩莊園","reg_no":"A-154351122-00000-1","address":"臺北市松山區敦化北路232號","district":"松山區","result":"優"}},{"type":"Feature","geometry":{"type":"Point","coordinates":[121.548394,25.055344]},"properties":{"city":"taipei","name":"THAI&THAI","reg_no":"A-128202098-00009-8","address":"臺北市松山區敦化北路158號5樓","district":"松山區","result":"優"}},{"type":"Feature","geometry":{"type":"Point","coordinates":[121.579019,25.05167]},"properties":{"city":"taipei","name":"基督復臨安息日會醫療財團法人臺安醫院","reg_no":"A-104076608-00003-2","address":"臺北市松山區八德路2段424號","district":"松山區","result":"優"}},{"type":"Feature","geometry":{"type":"Point","coordinates":[121.556463,25.052104]},"properties":{"city":"taipei","name":"beard papa-微風南京店","reg_no":"A-180292991-00012-1","address":"臺北市松山區南京東路3段337號1樓","district":"松山區","result":"優"}},{"type":"Feature","geometry":{"type":"Point","coordinates":[121.557702,25.05394]},"properties":{"city":"taipei","name":"三軍總醫院松山分院含附設護理之家","reg_no":"A-400130027-00001-5","address":"臺北市松山區健康路131號","district":"松山區","result":"優"}},{"type":"Feature","geometry":{"type":"Point","coordinates":[121.557861,25.060048]},"properties":{"city":"taipei","name":"聖瑪莉民生店","reg_no":"A-109499839-00012-2","address":"臺北市松山區民生東路5段133號","district":"松山區","result":"優"}},{"type":"Feature","geometry":{"type":"Point","coordinates":[121.531946,25.050593]},"properties":{"city":"taipei","name":"台北世聯商旅","reg_no":"A-112166981-00000-2","address":"臺北市中山區松江路90巷5號9樓","district":"中山區","result":"優"}},{"type":"Feature","geometry":{"type":"Point","coordinates":[121.518991,25.046234]},"properties":{"city":"taipei","name":"Yamazaki站前店","reg_no":"A-122522307-00009-0","address":"臺北市中正區忠孝西路1段49號B1","district":"中正區","result":"優"}},{"type":"Feature","geometry":{"type":"Point","coordinates":[121.514859,25.05096]},"properties":{"city":"taipei","name":"Yamazaki台北中山店","reg_no":"A-122522307-00054-0","address":"臺北市大同區長安西路1段52之1號A室","district":"大同區","result":"優"}},{"type":"Feature","geometry":{"type":"Point","coordinates":[121.504505,25.040951]},"properties":{"city":"taipei","name":"洛碁大飯店新仕界","reg_no":"A-189211393-00001-5","address":"臺北市萬華區昆明街141號B1","district":"萬華區","result":"優"}},{"type":"Feature","geometry":{"type":"Point","coordinates":[121.517168,25.0414]},"properties":{"city":"taipei","name":"果然果汁吧-台大西址店","reg_no":"A-172651972-00001-8","address":"臺北市中正區常德街1號","district":"中正區","result":"優"}},{"type":"Feature","geometry":{"type":"Point","coordinates":[121.56126,24.983436]},"properties":{"city":"taipei","name":"統一聖娜多堡-萬芳門市","reg_no":"A-170790935-00013-2","address":"臺北市文山區興隆路3段111號","district":"文山區","result":"優"}},{"type":"Feature","geometry":{"type":"Point","coordinates":[121.509695,25.113524]},"properties":{"city":"taipei","name":"皇家傳承-北榮門市","reg_no":" A-153725307-00010-1","address":"臺北市北投區石牌路2段201號中正樓生活廣場","district":"北投區","result":"優"}},{"type":"Feature","geometry":{"type":"Point","coordinates":[121.530595,25.019178]},"properties":{"city":"taipei","name":"糧晨get食","reg_no":"A-202307257-00000-5","address":"臺北市大安區羅斯福路4段1號","district":"大安區","result":"優"}},{"type":"Feature","geometry":{"type":"Point","coordinates":[121.530595,25.019178]},"properties":{"city":"taipei","name":"莫凡彼-臺大店","reg_no":"A-127542696-00009-8","address":"臺北市大安區羅斯福路4段85號1樓","district":"大安區","result":"優"}},{"type":"Feature","geometry":{"type":"Point","coordinates":[121.511618,25.025236]},"properties":{"city":"taipei","name":"洛碁大飯店中華館","reg_no":"A-154915157-00001-6","address":"臺北市中正區中華路1段41號2樓","district":"中正區","result":"優"}},{"type":"Feature","geometry":{"type":"Point","coordinates":[121.526363,25.041384]},"properties":{"city":"taipei","name":"上海鄉村-濟南店","reg_no":"A-146422101-00001-9","address":"臺北市中正區濟南路2段37號","district":"中正區","result":"優"}},{"type":"Feature","geometry":{"type":"Point","coordinates":[121.537351,25.0069]},"properties":{"city":"taipei","name":"紅蕃茄餐飲事業有限公司(師大公館校區學七舍中餐廳)","reg_no":"A-124399710-00038-4","address":"臺北市文山區汀州路4段88號","district":"文山區","result":"優"}},{"type":"Feature","geometry":{"type":"Point","coordinates":[121.579008,25.051704]},"properties":{"city":"taipei","name":"新東南海鮮料理-松山店","reg_no":"A-189617056-00001-1","address":"臺北市松山區八德路4段656號","district":"松山區","result":"良"}},{"type":"Feature","geometry":{"type":"Point","coordinates":[121.525465,25.038491]},"properties":{"city":"taipei","name":"上海鄉村-仁愛店","reg_no":"A-146422101-00003-1","address":"臺北市中正區仁愛路1段17號B1、B2","district":"中正區","result":"優"}},{"type":"Feature","geometry":{"type":"Point","coordinates":[121.502362,25.134736]},"properties":{"city":"taipei","name":"新婦海南雞飯","reg_no":"A-200075990-00003-2","address":"臺北市北投區光明路137號1樓","district":"北投區","result":"良"}},{"type":"Feature","geometry":{"type":"Point","coordinates":[121.509695,25.113524]},"properties":{"city":"taipei","name":"COMEBUY 北投榮總店","reg_no":"H-142839845-00001-9","address":"臺北市北投區石牌路2段201號中正樓生活廣場","district":"北投區","result":"優"}},{"type":"Feature","geometry":{"type":"Point","coordinates":[121.509695,25.113524]},"properties":{"city":"taipei","name":"小南門傳統美食-榮總店","reg_no":"A-128544068-00002-7","address":"臺北市北投區石牌路2段201號中正樓生活廣場","district":"北投區","result":"優"}},{"type":"Feature","geometry":{"type":"Point","coordinates":[121.509695,25.113524]},"properties":{"city":"taipei","name":"安永鮮食 榮總分店","reg_no":"A-153949524-00033-5","address":"臺北市北投區石牌路2段201號中正樓生活廣場","district":"北投區","result":"優"}},{"type":"Feature","geometry":{"type":"Point","coordinates":[121.509695,25.113524]},"properties":{"city":"taipei","name":"甲大鴻燒臘","reg_no":"A-202307603-00002-2","address":"臺北市北投區石牌路2段201號中正樓生活廣場","district":"北投區","result":"優"}},{"type":"Feature","geometry":{"type":"Point","coordinates":[121.573666,25.073638]},"properties":{"city":"taipei","name":"斑鳩的窩-舊宗店","reg_no":"A-141092138-00002-8","address":"臺北市內湖區舊宗路1段188號1樓","district":"內湖區","result":"良"}},{"type":"Feature","geometry":{"type":"Point","coordinates":[121.573666,25.073638]},"properties":{"city":"taipei","name":"麻膳堂-舊宗門市","reg_no":"A-125105092-00009-1","address":"臺北市內湖區舊宗路1段188號1樓","district":"內湖區","result":"優"}},{"type":"Feature","geometry":{"type":"Point","coordinates":[121.573666,25.073638]},"properties":{"city":"taipei","name":"異品屋-內湖大潤發店","reg_no":"A-200209860-00001-5","address":"臺北市內湖區舊宗路1段188號1樓","district":"內湖區","result":"良"}},{"type":"Feature","geometry":{"type":"Point","coordinates":[121.558144,25.032265]},"properties":{"city":"taipei","name":"太平洋商旅","reg_no":"A-196929646-00000-9","address":"臺北市信義區光復南路495號11樓之2","district":"信義區","result":"優"}},{"type":"Feature","geometry":{"type":"Point","coordinates":[121.50557,25.135968]},"properties":{"city":"taipei","name":"新上享餐廳","reg_no":"A-184293711-00000-3","address":"臺北市北投區光明路226號","district":"北投區","result":"優"}},{"type":"Feature","geometry":{"type":"Point","coordinates":[121.611534,25.05317]},"properties":{"city":"taipei","name":"統一聖娜多堡-南港門市","reg_no":"A-170790935-00025-5","address":"臺北市南港區忠孝東路7段369號B棟1樓","district":"南港區","result":"優"}},{"type":"Feature","geometry":{"type":"Point","coordinates":[121.55428,25.083607]},"properties":{"city":"taipei","name":"大腕 (燒肉)","reg_no":"A-128450287-00001-5","address":"臺北市中山區敬業二路199號5樓","district":"中山區","result":"優"}},{"type":"Feature","geometry":{"type":"Point","coordinates":[121.579569,25.063771]},"properties":{"city":"taipei","name":"人之初敦化館產後護理之家","reg_no":" A-142825574-00005-0 ","address":"臺北市內湖區行愛路140巷21號3樓 ","district":"內湖區","result":"優"}},{"type":"Feature","geometry":{"type":"Point","coordinates":[121.597637,25.068434]},"properties":{"city":"taipei","name":"永安福華產後護理之家","reg_no":"A-126266243-00000-9","address":"臺北市內湖區民權東路6段180巷6號3樓","district":"內湖區","result":"優"}},{"type":"Feature","geometry":{"type":"Point","coordinates":[121.573666,25.073638]},"properties":{"city":"taipei","name":"私房小廚","reg_no":"A-112713860-00035-4","address":"臺北市內湖區舊宗路1段188號3樓","district":"內湖區","result":"優"}},{"type":"Feature","geometry":{"type":"Point","coordinates":[121.528607,25.023934]},"properties":{"city":"taipei","name":"焦糖楓-師大店","reg_no":"A-154199324-00003-8","address":"臺北市大安區師大路63號","district":"大安區","result":"優"}},{"type":"Feature","geometry":{"type":"Point","coordinates":[121.528814,25.024236]},"properties":{"city":"taipei","name":"師大雞肉飯專門店","reg_no":"A-200219312-00000-7","address":"臺北市大安區師大路59巷4號1樓","district":"大安區","result":"優"}},{"type":"Feature","geometry":{"type":"Point","coordinates":[121.529921,25.022161]},"properties":{"city":"taipei","name":"初魚 鮨-泰順、初魚鉄板料亭-泰順","reg_no":"A-190323071-00035-1","address":"臺北市大安區泰順街2之1號","district":"大安區","result":"優"}},{"type":"Feature","geometry":{"type":"Point","coordinates":[121.529547,25.025736]},"properties":{"city":"taipei","name":"弘爺漢堡-大安店","reg_no":"A-197220043-00323-3","address":"臺北市大安區泰順街33號","district":"大安區","result":"優"}},{"type":"Feature","geometry":{"type":"Point","coordinates":[121.531694,25.024015]},"properties":{"city":"taipei","name":"阿月子傳統小吃店","reg_no":"A-200157782-00001-0","address":"臺北市大安區泰順街4號1樓","district":"大安區","result":"優"}},{"type":"Feature","geometry":{"type":"Point","coordinates":[121.529594,25.025605]},"properties":{"city":"taipei","name":"極簡咖啡館","reg_no":"A-110306542-00001-0","address":"臺北市大安區泰順街2巷42號","district":"大安區","result":"優"}},{"type":"Feature","geometry":{"type":"Point","coordinates":[121.529513,25.024531]},"properties":{"city":"taipei","name":"小南風咖啡","reg_no":"A-188168643-00001-3","address":"臺北市大安區泰順街38之1號","district":"大安區","result":"優"}},{"type":"Feature","geometry":{"type":"Point","coordinates":[121.529336,25.022494]},"properties":{"city":"taipei","name":"蓉記莫名堂","reg_no":"A-179832056-00001-9","address":"臺北市大安區泰順街60巷29號1樓","district":"大安區","result":"優"}},{"type":"Feature","geometry":{"type":"Point","coordinates":[121.529513,25.024531]},"properties":{"city":"taipei","name":"38號冰館","reg_no":"A-202312304-00001-5","address":"臺北市大安區泰順街38巷38號","district":"大安區","result":"優"}},{"type":"Feature","geometry":{"type":"Point","coordinates":[121.529564,25.024193]},"properties":{"city":"taipei","name":"雲南小鎮","reg_no":"A-200050599-00001-8","address":"臺北市大安區泰順街40巷38號","district":"大安區","result":"優"}},{"type":"Feature","geometry":{"type":"Point","coordinates":[121.529564,25.024193]},"properties":{"city":"taipei","name":"傳送咖啡","reg_no":"A-200193343-00001-3","address":"臺北市大安區泰順街40巷38號","district":"大安區","result":"優"}},{"type":"Feature","geometry":{"type":"Point","coordinates":[121.529426,25.022567]},"properties":{"city":"taipei","name":"嚼咖啡館工作室","reg_no":"A-200173376-00001-7","address":"臺北市大安區泰順街60巷27號","district":"大安區","result":"優"}},{"type":"Feature","geometry":{"type":"Point","coordinates":[121.529958,25.024562]},"properties":{"city":"taipei","name":"七見櫻堂","reg_no":"A-142860924-00006-9","address":"臺北市大安區泰順街28號","district":"大安區","result":"優"}},{"type":"Feature","geometry":{"type":"Point","coordinates":[121.528971,25.024226]},"properties":{"city":"taipei","name":"穎鈞子素食麵線專門店","reg_no":"A-202256315-00001-4","address":"臺北市大安區師大路59巷8號","district":"大安區","result":"優"}},{"type":"Feature","geometry":{"type":"Point","coordinates":[121.528971,25.024226]},"properties":{"city":"taipei","name":"Pasta Paradise新天堂義大利廚房","reg_no":"A-200147916-00001-8","address":"臺北市大安區師大路59巷8號","district":"大安區","result":"優"}},{"type":"Feature","geometry":{"type":"Point","coordinates":[121.521482,25.051338]},"properties":{"city":"taipei","name":"津津韓式小吃-南西店","reg_no":"A-183563005-00004-2","address":"臺北市中山區南京西路15號B1","district":"中山區","result":"優"}},{"type":"Feature","geometry":{"type":"Point","coordinates":[121.521482,25.051338]},"properties":{"city":"taipei","name":"長浜魚屋-南西店","reg_no":"A-190323071-00030-6","address":"臺北市中山區南京西路15號B1","district":"中山區","result":"優"}},{"type":"Feature","geometry":{"type":"Point","coordinates":[121.521482,25.051338]},"properties":{"city":"taipei","name":"季樂和牛鐵板燒-南西店","reg_no":"A-190323071-00032-8","address":"臺北市中山區南京西路15號B1","district":"中山區","result":"優"}},{"type":"Feature","geometry":{"type":"Point","coordinates":[121.521482,25.051338]},"properties":{"city":"taipei","name":"牛喜壽喜燒-南西店","reg_no":"A-190323071-00029-4","address":"臺北市中山區南京西路15號B1","district":"中山區","result":"優"}},{"type":"Feature","geometry":{"type":"Point","coordinates":[121.561111,25.044737]},"properties":{"city":"taipei","name":"美蔬菜廚房-松菸店","reg_no":"A-128483007-00074-1","address":"臺北市信義區菸廠路88號B1","district":"信義區","result":"優"}},{"type":"Feature","geometry":{"type":"Point","coordinates":[121.561111,25.044737]},"properties":{"city":"taipei","name":"春芳號-松菸店","reg_no":"A-190472682-00009-5","address":"臺北市信義區菸廠路88號B1","district":"信義區","result":"優"}},{"type":"Feature","geometry":{"type":"Point","coordinates":[121.561111,25.044737]},"properties":{"city":"taipei","name":"Ten Thousand Coffee-松菸店","reg_no":"A-190669088-00002-6","address":"臺北市信義區菸廠路88號1樓","district":"信義區","result":"優"}},{"type":"Feature","geometry":{"type":"Point","coordinates":[121.573666,25.073638]},"properties":{"city":"taipei","name":"黑面蔡 滷春秋-內湖大潤發店","reg_no":"A-142839486-00003-5","address":"臺北市內湖區舊宗路1段188號1樓","district":"內湖區","result":"優"}},{"type":"Feature","geometry":{"type":"Point","coordinates":[121.561111,25.044737]},"properties":{"city":"taipei","name":"Haloa Poke 夏威夷拌飯-松菸店","reg_no":"A-202271920-00001-3","address":"臺北市信義區菸廠路88號B1","district":"信義區","result":"優"}},{"type":"Feature","geometry":{"type":"Point","coordinates":[121.566797,25.038814]},"properties":{"city":"taipei","name":"gelato pique café-A8","reg_no":"A-150771930-00002-2","address":"臺北市信義區松高路12號2樓","district":"信義區","result":"優"}},{"type":"Feature","geometry":{"type":"Point","coordinates":[121.56666,25.036082]},"properties":{"city":"taipei","name":"SHANN SHANN-台北三越信義店","reg_no":"A-180176590-00009-3","address":"臺北市信義區松壽路9號6樓","district":"信義區","result":"優"}},{"type":"Feature","geometry":{"type":"Point","coordinates":[121.566797,25.038814]},"properties":{"city":"taipei","name":"得正-A8","reg_no":"A-183591086-00004-2","address":"臺北市信義區松高路12號B1","district":"信義區","result":"優"}},{"type":"Feature","geometry":{"type":"Point","coordinates":[121.529405,25.024836]},"properties":{"city":"taipei","name":"英達烘培坊","reg_no":"A-153731477-00004-9","address":"臺北市大安區龍泉街19之1號","district":"大安區","result":"優"}},{"type":"Feature","geometry":{"type":"Point","coordinates":[121.529405,25.024836]},"properties":{"city":"taipei","name":"風奕吉飲食店","reg_no":"A-200117423-00001-8","address":"臺北市大安區龍泉街19號B1","district":"大安區","result":"優"}},{"type":"Feature","geometry":{"type":"Point","coordinates":[121.529385,25.024437]},"properties":{"city":"taipei","name":"薈上飲","reg_no":"A-200255493-00001-8","address":"臺北市大安區龍泉街38號","district":"大安區","result":"優"}},{"type":"Feature","geometry":{"type":"Point","coordinates":[121.529405,25.024836]},"properties":{"city":"taipei","name":"柳橙檸檬","reg_no":"A-200163904-00001-3","address":"臺北市大安區龍泉街19之2號旁","district":"大安區","result":"優"}},{"type":"Feature","geometry":{"type":"Point","coordinates":[121.546762,25.137636]},"properties":{"city":"taipei","name":"陽明常春護理之家","reg_no":"A-188187178-00000-6","address":"臺北市士林區格致路7號2樓","district":"士林區","result":"優"}},{"type":"Feature","geometry":{"type":"Point","coordinates":[121.531563,25.105195]},"properties":{"city":"taipei","name":"BIGTOM馬克咖啡","reg_no":"A-189621636-00011-1","address":"臺北市士林區雨聲街105號","district":"士林區","result":"優"}},{"type":"Feature","geometry":{"type":"Point","coordinates":[121.52125,25.082624]},"properties":{"city":"taipei","name":"讚 鐵板燒","reg_no":"A-154354649-00001-9","address":"臺北市士林區承德路4段192之1號B1","district":"士林區","result":"優"}},{"type":"Feature","geometry":{"type":"Point","coordinates":[121.575362,25.060142]},"properties":{"city":"taipei","name":"鮮芋仙-內湖家樂福","reg_no":"A-180617317-00051-7","address":"臺北市內湖區民善街88號","district":"內湖區","result":"優"}},{"type":"Feature","geometry":{"type":"Point","coordinates":[121.575362,25.060142]},"properties":{"city":"taipei","name":"丸亀製麺-家樂福內湖店","reg_no":"E-153919541-00072-8","address":"臺北市內湖區民善街88號","district":"內湖區","result":"優"}},{"type":"Feature","geometry":{"type":"Point","coordinates":[121.575362,25.060142]},"properties":{"city":"taipei","name":"一階堂拉麵-內湖家樂福店","reg_no":"A-202283799-00004-3","address":"臺北市內湖區民善街88號","district":"內湖區","result":"優"}},{"type":"Feature","geometry":{"type":"Point","coordinates":[121.575362,25.060142]},"properties":{"city":"taipei","name":"韓楓館韓式料理","reg_no":"A-200203448-00001-1","address":"臺北市內湖區民善街88號","district":"內湖區","result":"優"}},{"type":"Feature","geometry":{"type":"Point","coordinates":[121.575362,25.060142]},"properties":{"city":"taipei","name":"洋城義大利餐廳","reg_no":"A-166432303-00058-8","address":"臺北市內湖區民善街88號","district":"內湖區","result":"優"}},{"type":"Feature","geometry":{"type":"Point","coordinates":[121.590747,25.081033]},"properties":{"city":"taipei","name":"廣一樂廚","reg_no":"A-116915418-00004-7","address":"臺北市內湖區成功路2段325號B1","district":"內湖區","result":"優"}},{"type":"Feature","geometry":{"type":"Point","coordinates":[121.531935,25.11417]},"properties":{"city":"taipei","name":"新悅蚵仔煎","reg_no":"A-172924050-00001-8","address":"臺北市士林區忠誠路2段55號B1","district":"士林區","result":"優"}},{"type":"Feature","geometry":{"type":"Point","coordinates":[121.531935,25.11417]},"properties":{"city":"taipei","name":"東京牛角(次男坊)","reg_no":"A-113134072-00033-5","address":"臺北市士林區忠誠路2段55號B1","district":"士林區","result":"優"}},{"type":"Feature","geometry":{"type":"Point","coordinates":[121.531935,25.11417]},"properties":{"city":"taipei","name":"鴻榮廷食品(QQ嫩仙草)","reg_no":"A-150970115-00001-7","address":"臺北市士林區忠誠路2段55號B1","district":"士林區","result":"優"}},{"type":"Feature","geometry":{"type":"Point","coordinates":[121.531935,25.11417]},"properties":{"city":"taipei","name":"鰻魚日記-台北天母店","reg_no":"A-190654368-00005-4","address":"臺北市士林區忠誠路2段200號3樓","district":"士林區","result":"優"}},{"type":"Feature","geometry":{"type":"Point","coordinates":[121.531935,25.11417]},"properties":{"city":"taipei","name":"長田本庄軒-新光三越天母店","reg_no":"A-153919541-00079-1","address":"臺北市士林區忠誠路2段200號3樓","district":"士林區","result":"優"}},{"type":"Feature","geometry":{"type":"Point","coordinates":[121.531563,25.105195]},"properties":{"city":"taipei","name":"好食廚坊","reg_no":" A-202284174-00001-8","address":"臺北市士林區雨聲街105號","district":"士林區","result":"優"}},{"type":"Feature","geometry":{"type":"Point","coordinates":[121.531935,25.11417]},"properties":{"city":"taipei","name":"YOKU MOKU TAIWAN","reg_no":"A-153165901-00001-9","address":"臺北市士林區忠誠路2段202號1樓","district":"士林區","result":"優"}},{"type":"Feature","geometry":{"type":"Point","coordinates":[121.525954,25.095214]},"properties":{"city":"taipei","name":"九龍粉圓豆花","reg_no":"A-202278980-00001-6","address":"臺北市士林區中正路235巷8號1樓","district":"士林區","result":"優"}},{"type":"Feature","geometry":{"type":"Point","coordinates":[121.525585,25.095836]},"properties":{"city":"taipei","name":"柯欽德日式食堂","reg_no":"A-200112817-00001-0","address":"臺北市士林區福壽街9號","district":"士林區","result":"優"}},{"type":"Feature","geometry":{"type":"Point","coordinates":[121.531935,25.11417]},"properties":{"city":"taipei","name":"郭家養生","reg_no":"A-202305141-00001-6","address":"臺北市士林區忠誠路2段55號B1","district":"士林區","result":"優"}},{"type":"Feature","geometry":{"type":"Point","coordinates":[121.528748,25.024263]},"properties":{"city":"taipei","name":"牛魔王牛排館","reg_no":"A-200144237-00008-8","address":"臺北市大安區師大路49巷8號1樓","district":"大安區","result":"良"}},{"type":"Feature","geometry":{"type":"Point","coordinates":[121.52842,25.022957]},"properties":{"city":"taipei","name":"Macho Tacos 瑪丘墨式餅舖 (師大 Shida)","reg_no":"A-124495220-00001-7","address":"臺北市大安區師大路93巷1號","district":"大安區","result":"良"}},{"type":"Feature","geometry":{"type":"Point","coordinates":[121.529256,25.024526]},"properties":{"city":"taipei","name":"喫尤平價鐵板燒-師大店","reg_no":"A-152635145-00008-7","address":"臺北市大安區師大路39巷26號","district":"大安區","result":"優"}},{"type":"Feature","geometry":{"type":"Point","coordinates":[121.528842,25.02427]},"properties":{"city":"taipei","name":"安徽妹子烙餅店","reg_no":"A-200149347-00001-8","address":"臺北市大安區師大路49巷5號1樓","district":"大安區","result":"優"}},{"type":"Feature","geometry":{"type":"Point","coordinates":[121.52865,25.024384]},"properties":{"city":"taipei","name":"台南鱔魚意麵","reg_no":"A-200154866-00001-0","address":"臺北市大安區師大路45號","district":"大安區","result":"優"}},{"type":"Feature","geometry":{"type":"Point","coordinates":[121.528239,25.030259]},"properties":{"city":"taipei","name":"金華街咖哩屋","reg_no":"A-200155671-00001-5","address":"臺北市大安區金華街199巷1弄4號","district":"大安區","result":"良"}},{"type":"Feature","geometry":{"type":"Point","coordinates":[121.554074,25.022375]},"properties":{"city":"taipei","name":"起初好好","reg_no":"A-153920499-00001-0","address":"臺北市大安區和平東路1段129之1號","district":"大安區","result":"優"}},{"type":"Feature","geometry":{"type":"Point","coordinates":[121.509695,25.113524]},"properties":{"city":"taipei","name":"火鍋世家-石牌尊爵店","reg_no":"A-278960904-00001-3","address":"臺北市北投區石牌路2段335號","district":"北投區","result":"優"}},{"type":"Feature","geometry":{"type":"Point","coordinates":[121.495563,25.034541]},"properties":{"city":"taipei","name":"財團法人臺北市私立愛愛院","reg_no":"A-103772402-00000-3","address":"臺北市萬華區大理街175巷27號","district":"萬華區","result":"優"}},{"type":"Feature","geometry":{"type":"Point","coordinates":[121.573666,25.073638]},"properties":{"city":"taipei","name":"朱記餡餅粥-內湖大潤發","reg_no":"A-153095716-00061-1","address":"臺北市內湖區舊宗路1段128號1樓","district":"內湖區","result":"優"}},{"type":"Feature","geometry":{"type":"Point","coordinates":[121.573666,25.073638]},"properties":{"city":"taipei","name":"饗燒板餐廳-內湖大潤發","reg_no":"A-127554952-00030-0","address":"臺北市內湖區舊宗路1段128號1樓","district":"內湖區","result":"優"}},{"type":"Feature","geometry":{"type":"Point","coordinates":[121.573666,25.073638]},"properties":{"city":"taipei","name":"花蓮扁食- 內湖大潤發","reg_no":"A-170837404-00034-8","address":"臺北市內湖區舊宗路1段128號1樓","district":"內湖區","result":"優"}},{"type":"Feature","geometry":{"type":"Point","coordinates":[121.573666,25.073638]},"properties":{"city":"taipei","name":"孫家將牛排餐廳-內湖大潤發","reg_no":"A-137787179-00005-2","address":"臺北市內湖區舊宗路1段128號1樓","district":"內湖區","result":"優"}},{"type":"Feature","geometry":{"type":"Point","coordinates":[121.573666,25.073638]},"properties":{"city":"taipei","name":"霜江茶行","reg_no":"A-124562085-00001-1","address":"臺北市內湖區舊宗路1段128號1樓","district":"內湖區","result":"優"}},{"type":"Feature","geometry":{"type":"Point","coordinates":[121.573666,25.073638]},"properties":{"city":"taipei","name":"韓食客韓式料理  內湖大潤發","reg_no":"A-142281559-00001-5","address":"臺北市內湖區舊宗路1段128號1樓","district":"內湖區","result":"優"}},{"type":"Feature","geometry":{"type":"Point","coordinates":[121.575362,25.060142]},"properties":{"city":"taipei","name":"醇蛋糕 內湖家樂福店","reg_no":"A-142513397-00005-7","address":"臺北市內湖區民善街88號","district":"內湖區","result":"優"}},{"type":"Feature","geometry":{"type":"Point","coordinates":[121.575362,25.060142]},"properties":{"city":"taipei","name":"Joyfull餐廳 內湖家樂福","reg_no":"A-143835804-00008-1","address":"臺北市內湖區民善街88號","district":"內湖區","result":"優"}},{"type":"Feature","geometry":{"type":"Point","coordinates":[121.575362,25.060142]},"properties":{"city":"taipei","name":"享 煦鮮鐵板餐廳-內湖家樂福店","reg_no":"A-194867510-00001-9","address":"臺北市內湖區民善街88號","district":"內湖區","result":"優"}},{"type":"Feature","geometry":{"type":"Point","coordinates":[121.560696,25.083126]},"properties":{"city":"taipei","name":"鐵板教父","reg_no":"A-150778048-00001-8","address":"臺北市中山區植福路215號2樓之3","district":"中山區","result":"優"}},{"type":"Feature","geometry":{"type":"Point","coordinates":[121.61258,25.053227]},"properties":{"city":"taipei","name":"吉兆割烹壽司","reg_no":"A-154323766-00001-5","address":"臺北市大安區忠孝東路4段181巷48號1樓","district":"大安區","result":"優"}},{"type":"Feature","geometry":{"type":"Point","coordinates":[121.61258,25.053227]},"properties":{"city":"taipei","name":"Yuu","reg_no":"A-155789136-00001-3","address":"臺北市大安區忠孝東路4段216巷33弄15號1樓","district":"大安區","result":"優"}},{"type":"Feature","geometry":{"type":"Point","coordinates":[121.61258,25.053227]},"properties":{"city":"taipei","name":"南村私廚小酒棧","reg_no":"A-152436841-00001-2","address":"臺北市大安區忠孝東路4段216巷33弄10號1樓","district":"大安區","result":"優"}},{"type":"Feature","geometry":{"type":"Point","coordinates":[121.61258,25.053227]},"properties":{"city":"taipei","name":"鮨天本 登龍門","reg_no":"A-190100698-00001-2","address":"臺北市大安區忠孝東路4段216巷27弄16號1樓","district":"大安區","result":"優"}},{"type":"Feature","geometry":{"type":"Point","coordinates":[121.61258,25.053227]},"properties":{"city":"taipei","name":"元一 天婦羅","reg_no":"A-194053330-00002-7","address":"臺北市大安區忠孝東路4段216巷27弄11號","district":"大安區","result":"優"}},{"type":"Feature","geometry":{"type":"Point","coordinates":[121.615696,25.053362]},"properties":{"city":"taipei","name":"Aleisha","reg_no":"A-150773796-00001-3","address":"臺北市大安區忠孝東路3段217巷4弄16號","district":"大安區","result":"優"}},{"type":"Feature","geometry":{"type":"Point","coordinates":[121.517734,25.052245]},"properties":{"city":"taipei","name":"咖哩樹-京站店","reg_no":"A-124692475-00061-4","address":"臺北市大同區承德路1段1號B3","district":"大同區","result":"優"}},{"type":"Feature","geometry":{"type":"Point","coordinates":[121.517734,25.052245]},"properties":{"city":"taipei","name":"好想摸魚-京站店","reg_no":"A-193193761-00001-8","address":"臺北市大同區承德路1段1號B3","district":"大同區","result":"優"}},{"type":"Feature","geometry":{"type":"Point","coordinates":[121.517734,25.052245]},"properties":{"city":"taipei","name":"蜀羊-京站店","reg_no":"A-155845257-00002-1","address":"臺北市大同區承德路1段1號B3","district":"大同區","result":"優"}},{"type":"Feature","geometry":{"type":"Point","coordinates":[121.517734,25.052245]},"properties":{"city":"taipei","name":"森本家拉麵-京站店","reg_no":"A-200227151-00005-2","address":"臺北市大同區承德路1段1號B3","district":"大同區","result":"優"}},{"type":"Feature","geometry":{"type":"Point","coordinates":[121.517734,25.052245]},"properties":{"city":"taipei","name":"BEPPIN PASTA-京站店","reg_no":"A-150906000-00004-2","address":"臺北市大同區承德路1段1號B3","district":"大同區","result":"優"}},{"type":"Feature","geometry":{"type":"Point","coordinates":[121.517734,25.052245]},"properties":{"city":"taipei","name":"好饈鐵板燒-京站店","reg_no":"A-152629713-00003-6","address":"臺北市大同區承德路1段1號B3","district":"大同區","result":"優"}},{"type":"Feature","geometry":{"type":"Point","coordinates":[121.517734,25.052245]},"properties":{"city":"taipei","name":"京都勝牛-京站店","reg_no":"A-142756204-00111-1","address":"臺北市大同區承德路1段1號B3","district":"大同區","result":"優"}},{"type":"Feature","geometry":{"type":"Point","coordinates":[121.517734,25.052245]},"properties":{"city":"taipei","name":"COMEME-京站店","reg_no":"A-183121228-00007-2","address":"臺北市大同區承德路1段1號B2","district":"大同區","result":"優"}},{"type":"Feature","geometry":{"type":"Point","coordinates":[121.517734,25.052245]},"properties":{"city":"taipei","name":"Cold Stone Creamery 酷聖石冰淇淋-京站店","reg_no":"A-128459597-00003-0","address":"臺北市大同區承德路1段1號B2","district":"大同區","result":"優"}},{"type":"Feature","geometry":{"type":"Point","coordinates":[121.517734,25.052245]},"properties":{"city":"taipei","name":"先喝道-京站店","reg_no":"A-153951936-00079-5","address":"臺北市大同區承德路1段1號B2","district":"大同區","result":"優"}},{"type":"Feature","geometry":{"type":"Point","coordinates":[121.575362,25.060142]},"properties":{"city":"taipei","name":"孫家將臺式牛排-內湖家樂福店","reg_no":"A-191668657-00002-8","address":"臺北市內湖區民善街88號","district":"內湖區","result":"優"}},{"type":"Feature","geometry":{"type":"Point","coordinates":[121.614703,25.060005]},"properties":{"city":"taipei","name":"南港老爺行旅","reg_no":"A-150890915-00001-6","address":"臺北市南港區經貿二路196號10樓","district":"南港區","result":"優"}},{"type":"Feature","geometry":{"type":"Point","coordinates":[121.614969,25.058743]},"properties":{"city":"taipei","name":"Pepper charm味道拼圖-南港中信店","reg_no":"O-190478715-00002-5","address":"臺北市南港區經貿二路186號B棟3樓","district":"南港區","result":"優"}},{"type":"Feature","geometry":{"type":"Point","coordinates":[121.614969,25.058743]},"properties":{"city":"taipei","name":"老董牛肉麵-南港中信店","reg_no":"A-194050426-00007-5","address":"臺北市南港區經貿二路186號B棟3樓","district":"南港區","result":"優"}},{"type":"Feature","geometry":{"type":"Point","coordinates":[121.614969,25.058743]},"properties":{"city":"taipei","name":"花蓮扁食-南港中信店","reg_no":"A-170837404-00022-5","address":"臺北市南港區經貿二路186號B棟3樓","district":"南港區","result":"優"}},{"type":"Feature","geometry":{"type":"Point","coordinates":[121.614969,25.058743]},"properties":{"city":"taipei","name":"中一排骨-南港中信店","reg_no":"A-123309091-00007-2","address":"臺北市南港區經貿二路186號B棟3樓","district":"南港區","result":"優"}},{"type":"Feature","geometry":{"type":"Point","coordinates":[121.614969,25.058743]},"properties":{"city":"taipei","name":"游家牛排-南港中信店","reg_no":"F-190582647-00000-4","address":"臺北市南港區經貿二路186號C棟3樓","district":"南港區","result":"優"}},{"type":"Feature","geometry":{"type":"Point","coordinates":[121.614969,25.058743]},"properties":{"city":"taipei","name":"廣一樂廚-南港中信店","reg_no":"A-116915418-00003-6","address":"臺北市南港區經貿二路186號C棟3樓","district":"南港區","result":"優"}},{"type":"Feature","geometry":{"type":"Point","coordinates":[121.614969,25.058743]},"properties":{"city":"taipei","name":"雪嶽山-南港中信店","reg_no":"A-150902243-00003-6","address":"臺北市南港區經貿二路186號C棟3樓","district":"南港區","result":"優"}},{"type":"Feature","geometry":{"type":"Point","coordinates":[121.614969,25.058743]},"properties":{"city":"taipei","name":"星泰海南雞-南港中信店","reg_no":"A-189113219-00001-3","address":"臺北市南港區經貿二路186號C棟3樓","district":"南港區","result":"優"}},{"type":"Feature","geometry":{"type":"Point","coordinates":[121.614969,25.058743]},"properties":{"city":"taipei","name":"史巴可義大利麵-南港中信店","reg_no":"A-200044139-00001-1","address":"臺北市南港區經貿二路186號C棟3樓","district":"南港區","result":"優"}},{"type":"Feature","geometry":{"type":"Point","coordinates":[121.614969,25.058743]},"properties":{"city":"taipei","name":"二師兄肉羹-南港中信店","reg_no":"A-183048655-00001-8","address":"臺北市南港區經貿二路186號C棟3樓","district":"南港區","result":"優"}},{"type":"Feature","geometry":{"type":"Point","coordinates":[121.612714,25.053284]},"properties":{"city":"taipei","name":"瑞客來永和豆漿","reg_no":"A-200247781-00001-9","address":"臺北市南港區忠孝東路6段449號","district":"南港區","result":"優"}},{"type":"Feature","geometry":{"type":"Point","coordinates":[121.555836,25.032715]},"properties":{"city":"taipei","name":"丹迪旅店-大安森林公園店","reg_no":"A-197093623-00000-7","address":"臺北市大安區信義路3段33號","district":"大安區","result":"優"}},{"type":"Feature","geometry":{"type":"Point","coordinates":[121.56239,25.148839]},"properties":{"city":"taipei","name":"陽明山溫泉度假村","reg_no":"A-142847850-00001-7","address":"臺北市士林區菁山路101巷71弄16號","district":"士林區","result":"優"}},{"type":"Feature","geometry":{"type":"Point","coordinates":[121.522781,25.105742]},"properties":{"city":"taipei","name":"醇蛋糕-家樂福天母店","reg_no":"A-142513397-00002-4","address":"臺北市士林區德行西路47號","district":"士林區","result":"優"}},{"type":"Feature","geometry":{"type":"Point","coordinates":[121.544277,25.03012]},"properties":{"city":"taipei","name":"成真咖啡 微風廣場店","reg_no":"A-164987355-00012-8","address":"臺北市松山區復興南路1段39號2樓","district":"松山區","result":"優"}},{"type":"Feature","geometry":{"type":"Point","coordinates":[121.544277,25.03012]},"properties":{"city":"taipei","name":"威士威酒食-微風廣場店","reg_no":"A-190370708-00009-1","address":"臺北市松山區復興南路1段39號G樓","district":"松山區","result":"優"}},{"type":"Feature","geometry":{"type":"Point","coordinates":[121.544277,25.03012]},"properties":{"city":"taipei","name":"上海茶樓-微風廣場","reg_no":"A-153919063-00001-5","address":"臺北市松山區復興南路1段39號G樓","district":"松山區","result":"優"}},{"type":"Feature","geometry":{"type":"Point","coordinates":[121.544277,25.03012]},"properties":{"city":"taipei","name":"一品花雕雞-微風廣場","reg_no":"A-190046610-00001-5","address":"臺北市松山區復興南路1段39號G樓","district":"松山區","result":"優"}},{"type":"Feature","geometry":{"type":"Point","coordinates":[121.530271,25.04803]},"properties":{"city":"taipei","name":"CEO1950總裁藝文空間","reg_no":"A-150866555-00001-9","address":"臺北市中山區新生北路3段62巷24號","district":"中山區","result":"優"}},{"type":"Feature","geometry":{"type":"Point","coordinates":[121.579019,25.05167]},"properties":{"city":"taipei","name":"1919藝文中心-Super 346 live house","reg_no":"A-182910750-00001-1","address":"臺北市中山區八德路2段85號","district":"中山區","result":"優"}},{"type":"Feature","geometry":{"type":"Point","coordinates":[121.530381,25.0656]},"properties":{"city":"taipei","name":"美侖商旅","reg_no":"A-124813647-00000-3","address":"臺北市中山區吉林路49號","district":"中山區","result":"優"}},{"type":"Feature","geometry":{"type":"Point","coordinates":[121.543802,25.051209]},"properties":{"city":"taipei","name":"北平陶然亭","reg_no":"A-148949952-00001-9","address":"臺北市中山區復興北路86號2樓","district":"中山區","result":"優"}},{"type":"Feature","geometry":{"type":"Point","coordinates":[121.615696,25.053362]},"properties":{"city":"taipei","name":"JAPOLI義大利餐酒館  新生營業所","reg_no":"A-142614780-00006-6","address":"臺北市大安區忠孝東路3段28號1樓","district":"大安區","result":"優"}},{"type":"Feature","geometry":{"type":"Point","coordinates":[121.551037,25.023959]},"properties":{"city":"taipei","name":"泔 米食堂","reg_no":"A-200208819-00001-8","address":"臺北市大安區和平東路2段175巷12號","district":"大安區","result":"優"}},{"type":"Feature","geometry":{"type":"Point","coordinates":[121.554878,25.036936]},"properties":{"city":"taipei","name":"好嶼","reg_no":"A-193647686-00001-8","address":"臺北市大安區仁愛路4段300巷20弄17號1樓","district":"大安區","result":"優"}},{"type":"Feature","geometry":{"type":"Point","coordinates":[121.586519,25.078404]},"properties":{"city":"taipei","name":"內湖高中早餐部(連大莊企業有限公司)","reg_no":"A-180529551-00014-8","address":"臺北市內湖區文德路218號","district":"內湖區","result":"優"}},{"type":"Feature","geometry":{"type":"Point","coordinates":[121.608358,25.054164]},"properties":{"city":"taipei","name":"臺北市政府衛生局附設臺北市東明住宿長照機構","reg_no":"A-103772402-00002-5","address":"臺北市南港區南港路2段60巷17號2樓","district":"南港區","result":"優"}},{"type":"Feature","geometry":{"type":"Point","coordinates":[121.558155,25.060044]},"properties":{"city":"taipei","name":"SENS","reg_no":"A-155847754-00001-4","address":"臺北市松山區民生東路3段127巷12號","district":"松山區","result":"優"}},{"type":"Feature","geometry":{"type":"Point","coordinates":[121.555836,25.032715]},"properties":{"city":"taipei","name":"朱記餡餅粥-信義旗艦店","reg_no":"A-153095716-00056-5","address":"臺北市大安區信義路3段124號","district":"大安區","result":"優"}},{"type":"Feature","geometry":{"type":"Point","coordinates":[121.521482,25.051338]},"properties":{"city":"taipei","name":"NO COFFEE 台北中山店","reg_no":"A-124756322-00001-0","address":"臺北市中山區南京西路15號1樓","district":"中山區","result":"優"}},{"type":"Feature","geometry":{"type":"Point","coordinates":[121.528672,25.052276]},"properties":{"city":"taipei","name":"成都滿庭芳-南西店","reg_no":"A-193640516-00002-4","address":"臺北市中山區南京東路15號B1","district":"中山區","result":"優"}},{"type":"Feature","geometry":{"type":"Point","coordinates":[121.559215,25.082734]},"properties":{"city":"taipei","name":"Frassi","reg_no":"A-190146982-00001-8","address":"臺北市中山區樂群三路299號1樓","district":"中山區","result":"優"}},{"type":"Feature","geometry":{"type":"Point","coordinates":[121.55696,25.082542]},"properties":{"city":"taipei","name":"La Vie by Thomas Bühner","reg_no":"A-100136946-00001-8","address":"臺北市中山區樂群三路200號1樓","district":"中山區","result":"優"}},{"type":"Feature","geometry":{"type":"Point","coordinates":[121.615696,25.053362]},"properties":{"city":"taipei","name":"Mr.Orchard果園先生","reg_no":"A-200227378-00004-2","address":"臺北市大安區忠孝東路3段268號4樓","district":"大安區","result":"優"}},{"type":"Feature","geometry":{"type":"Point","coordinates":[121.615696,25.053362]},"properties":{"city":"taipei","name":"漁事所","reg_no":"B-182432553-00000-1","address":"臺北市大安區忠孝東路3段268號4樓","district":"大安區","result":"優"}},{"type":"Feature","geometry":{"type":"Point","coordinates":[121.615696,25.053362]},"properties":{"city":"taipei","name":"Little tree Juice Club","reg_no":"A-183567728-00005-9","address":"臺北市大安區忠孝東路3段268號4樓","district":"大安區","result":"優"}},{"type":"Feature","geometry":{"type":"Point","coordinates":[121.61258,25.053227]},"properties":{"city":"taipei","name":"茶茶小王子_SOGO忠孝店","reg_no":"A-128514178-00019-4","address":"臺北市大安區忠孝東路4段45號B1","district":"大安區","result":"優"}},{"type":"Feature","geometry":{"type":"Point","coordinates":[121.61258,25.053227]},"properties":{"city":"taipei","name":"Baskin Robbins_SOGO忠孝店","reg_no":"A-142980364-00041-9","address":"臺北市大安區忠孝東路4段45號B1","district":"大安區","result":"優"}},{"type":"Feature","geometry":{"type":"Point","coordinates":[121.61258,25.053227]},"properties":{"city":"taipei","name":"肉的長谷川_SOGO忠孝店","reg_no":"A-193547309-00001-9","address":"臺北市大安區忠孝東路4段45號B1","district":"大安區","result":"優"}},{"type":"Feature","geometry":{"type":"Point","coordinates":[121.61258,25.053227]},"properties":{"city":"taipei","name":"雪嶽山_SOGO忠孝店","reg_no":"A-153717587-00012-4","address":"臺北市大安區忠孝東路4段45號B1","district":"大安區","result":"優"}},{"type":"Feature","geometry":{"type":"Point","coordinates":[121.61258,25.053227]},"properties":{"city":"taipei","name":"季樂鐵板燒_SOGO忠孝店-NEW","reg_no":"A-190323071-00028-3","address":"臺北市大安區忠孝東路4段45號B1","district":"大安區","result":"優"}},{"type":"Feature","geometry":{"type":"Point","coordinates":[121.615696,25.053362]},"properties":{"city":"taipei","name":"艸祭製麵所","reg_no":"A-193758471-00001-3","address":"臺北市大安區忠孝東路3段268號4樓","district":"大安區","result":"優"}},{"type":"Feature","geometry":{"type":"Point","coordinates":[121.544277,25.03012]},"properties":{"city":"taipei","name":"双聖美式餐廳連鎖-大安店","reg_no":"A-112487549-00012-1","address":"臺北市大安區復興南路1段317號1樓","district":"大安區","result":"優"}},{"type":"Feature","geometry":{"type":"Point","coordinates":[121.512193,25.044671]},"properties":{"city":"taipei","name":"JUNTO·同","reg_no":"A-202284491-00000-9","address":"臺北市中正區漢口街1段2號2樓","district":"中正區","result":"優"}},{"type":"Feature","geometry":{"type":"Point","coordinates":[121.56237,24.984039]},"properties":{"city":"taipei","name":"臺北市政府社會局老人自費安養中心","reg_no":"A-112756760-00004-6","address":"臺北市文山區興隆路4段109巷30弄6號","district":"文山區","result":"優"}},{"type":"Feature","geometry":{"type":"Point","coordinates":[121.577808,25.003802]},"properties":{"city":"taipei","name":"臺北市私立慧誠老人長期照顧中心","reg_no":"A-138494643-00001-0","address":"臺北市文山區木柵路2段163號","district":"文山區","result":"優"}},{"type":"Feature","geometry":{"type":"Point","coordinates":[121.559266,24.990038]},"properties":{"city":"taipei","name":"臺北市立興岩住宿長照機構(委託臺北市立聯合醫院仁愛院區經營)","reg_no":"A-128192021-00004-7","address":"臺北市文山區興隆路2段88號2樓之2","district":"文山區","result":"優"}},{"type":"Feature","geometry":{"type":"Point","coordinates":[121.508885,25.050693]},"properties":{"city":"taipei","name":"德鑫自助餐","reg_no":"A-142357403-00001-7","address":"臺北市大同區鄭州路145號","district":"大同區","result":"優"}},{"type":"Feature","geometry":{"type":"Point","coordinates":[121.539622,25.026698]},"properties":{"city":"taipei","name":"Antico Forno","reg_no":"A-154345001-00001-1","address":"臺北市大安區瑞安街141號1樓","district":"大安區","result":"優"}},{"type":"Feature","geometry":{"type":"Point","coordinates":[121.509696,25.052164]},"properties":{"city":"taipei","name":"霸王川菜餐廳股份有限公司-甲天下長安店","reg_no":"A-107642676-00002-8","address":"臺北市大同區長安西路287號1-2樓","district":"大同區","result":"優"}},{"type":"Feature","geometry":{"type":"Point","coordinates":[121.562678,25.039815]},"properties":{"city":"taipei","name":"琥珀","reg_no":"A-194053330-00001-6","address":"臺北市信義區逸仙路32巷15號1樓","district":"信義區","result":"優"}},{"type":"Feature","geometry":{"type":"Point","coordinates":[121.58637,25.039028]},"properties":{"city":"taipei","name":"錢都日式涮涮鍋-信義福德店","reg_no":"A-102335241-00001-9","address":"臺北市信義區福德街278號","district":"信義區","result":"優"}},{"type":"Feature","geometry":{"type":"Point","coordinates":[121.573921,25.040265]},"properties":{"city":"taipei","name":"Jarana (艾丘洛有限公司)","reg_no":"A-183190343-00001-0","address":"臺北市信義區忠孝東路4段553巷46弄8號","district":"信義區","result":"優"}},{"type":"Feature","geometry":{"type":"Point","coordinates":[121.521482,25.051338]},"properties":{"city":"taipei","name":"牛魔王-南西店","reg_no":"A-200144237-00005-5","address":"臺北市中山區南京西路15號B1","district":"中山區","result":"優"}},{"type":"Feature","geometry":{"type":"Point","coordinates":[121.521482,25.051338]},"properties":{"city":"taipei","name":"璽品鱻-南西店","reg_no":"A-202296984-00001-0","address":"臺北市中山區南京西路15號B1","district":"中山區","result":"優"}},{"type":"Feature","geometry":{"type":"Point","coordinates":[121.561111,25.044737]},"properties":{"city":"taipei","name":"越粉舖-松菸店","reg_no":"A-200127548-00001-7","address":"臺北市信義區菸廠路88號B1","district":"信義區","result":"優"}},{"type":"Feature","geometry":{"type":"Point","coordinates":[121.509395,25.024568]},"properties":{"city":"taipei","name":"聖瑪莉西門2店","reg_no":"A-109499839-00057-1","address":"臺北市萬華區中華路1段166之1號","district":"萬華區","result":"優"}},{"type":"Feature","geometry":{"type":"Point","coordinates":[121.50143,25.139444]},"properties":{"city":"taipei","name":"蓬萊","reg_no":"A-200121350-00001-2","address":"臺北市北投區中和街238號","district":"北投區","result":"優"}},{"type":"Feature","geometry":{"type":"Point","coordinates":[121.523115,25.025418]},"properties":{"city":"taipei","name":"孫立人將軍官邸","reg_no":"A-166263411-00001-8","address":"臺北市中正區南昌路1段136號","district":"中正區","result":"優"}},{"type":"Feature","geometry":{"type":"Point","coordinates":[121.519327,25.089341]},"properties":{"city":"taipei","name":"Woosa洋食パンケーキ 屋莎洋食鬆餅屋-京站店","reg_no":"A-153089876-00004-8","address":"臺北市大同區承德路1段1號2樓","district":"大同區","result":"優"}},{"type":"Feature","geometry":{"type":"Point","coordinates":[121.519327,25.089341]},"properties":{"city":"taipei","name":"Kaffee Amadeus 阿瑪迪斯咖啡館-京站店","reg_no":"A-145018336-00001-9","address":"臺北市大同區承德路1段1號2樓","district":"大同區","result":"優"}},{"type":"Feature","geometry":{"type":"Point","coordinates":[121.519327,25.089341]},"properties":{"city":"taipei","name":"合點壽司-京站店","reg_no":"A-142864750-00004-8","address":"臺北市大同區承德路1段1號3樓","district":"大同區","result":"優"}},{"type":"Feature","geometry":{"type":"Point","coordinates":[121.519327,25.089341]},"properties":{"city":"taipei","name":"Vegan Amore 蔬慕-京站店","reg_no":"A-152801642-00010-7","address":"臺北市大同區承德路1段1號3樓","district":"大同區","result":"優"}},{"type":"Feature","geometry":{"type":"Point","coordinates":[121.519327,25.089341]},"properties":{"city":"taipei","name":"炸綺來鹹酥雞-京站店","reg_no":"A-196753013-00001-3","address":"臺北市大同區承德路1段1號4樓","district":"大同區","result":"優"}},{"type":"Feature","geometry":{"type":"Point","coordinates":[121.519327,25.089341]},"properties":{"city":"taipei","name":"一鷺Express-京站店","reg_no":"A-154184602-00004-2","address":"臺北市大同區承德路1段1號4樓","district":"大同區","result":"優"}},{"type":"Feature","geometry":{"type":"Point","coordinates":[121.519327,25.089341]},"properties":{"city":"taipei","name":"百家班HeyAhh-京站店","reg_no":"A-150764298-00001-0","address":"臺北市大同區承德路1段1號4樓","district":"大同區","result":"優"}},{"type":"Feature","geometry":{"type":"Point","coordinates":[121.554878,25.036936]},"properties":{"city":"taipei","name":"Lin Restaurant","reg_no":"A-183597933-00001-6","address":"臺北市大安區仁愛路4段300巷25弄6號1樓","district":"大安區","result":"優"}},{"type":"Feature","geometry":{"type":"Point","coordinates":[121.555482,25.01924]},"properties":{"city":"taipei","name":"雞湯大叔 敦南店 ","reg_no":"A-183589309-00008-1","address":"臺北市大安區和平東路3段49號1樓","district":"大安區","result":"優"}},{"type":"Feature","geometry":{"type":"Point","coordinates":[121.552859,25.034319]},"properties":{"city":"taipei","name":"掬．Kiku","reg_no":"A-190019487-00001-7","address":"臺北市大安區安和路1段135巷4號1樓","district":"大安區","result":"優"}},{"type":"Feature","geometry":{"type":"Point","coordinates":[121.514059,25.049262]},"properties":{"city":"taipei","name":"順成蛋糕-京站店","reg_no":"A-128200887-00005-8","address":"臺北市大同區市民大道1段209號","district":"大同區","result":"優"}},{"type":"Feature","geometry":{"type":"Point","coordinates":[121.519327,25.089341]},"properties":{"city":"taipei","name":"GODIVA-京站店","reg_no":"A-127941440-00017-7","address":"臺北市大同區承德路1段1號1樓","district":"大同區","result":"優"}},{"type":"Feature","geometry":{"type":"Point","coordinates":[121.519327,25.089341]},"properties":{"city":"taipei","name":"微兜petitdoux-京站店","reg_no":"A-124692475-00016-4","address":"臺北市大同區承德路1段1號1樓","district":"大同區","result":"優"}},{"type":"Feature","geometry":{"type":"Point","coordinates":[121.519327,25.089341]},"properties":{"city":"taipei","name":"燒肉LIKE-京站店","reg_no":"A-158330423-00003-9","address":"臺北市大同區承德路1段1號1樓","district":"大同區","result":"優"}},{"type":"Feature","geometry":{"type":"Point","coordinates":[121.514059,25.049262]},"properties":{"city":"taipei","name":"LOUISA COFFEE-京站店","reg_no":"A-124693586-00738-9","address":"臺北市大同區市民大道1段209號","district":"大同區","result":"優"}},{"type":"Feature","geometry":{"type":"Point","coordinates":[121.519327,25.089341]},"properties":{"city":"taipei","name":"gonna 共樂遊-京站店","reg_no":"A-155734837-00005-5","address":"臺北市大同區承德路1段1號1樓","district":"大同區","result":"優"}},{"type":"Feature","geometry":{"type":"Point","coordinates":[121.519327,25.089341]},"properties":{"city":"taipei","name":"客美多咖啡-京站店","reg_no":"A-150895094-00008-6","address":"臺北市大同區承德路1段1號1樓","district":"大同區","result":"優"}},{"type":"Feature","geometry":{"type":"Point","coordinates":[121.519327,25.089341]},"properties":{"city":"taipei","name":"Ten Thousand Coffee-京站店","reg_no":"A-190669088-00004-8","address":"臺北市大同區承德路1段1號1樓","district":"大同區","result":"優"}},{"type":"Feature","geometry":{"type":"Point","coordinates":[121.578764,25.036732]},"properties":{"city":"taipei","name":"默爾pasta & pizza-CITYLINK松山店","reg_no":"B-142680303-00016-2","address":"臺北市信義區松山路11號1摟","district":"信義區","result":"優"}},{"type":"Feature","geometry":{"type":"Point","coordinates":[121.578764,25.036732]},"properties":{"city":"taipei","name":"夏威魚-CITYLINK松山店","reg_no":"A-168578107-00006-6","address":"臺北市信義區松山路11號1摟","district":"信義區","result":"優"}},{"type":"Feature","geometry":{"type":"Point","coordinates":[121.519327,25.089341]},"properties":{"city":"taipei","name":"明 Ramen Bar-京站店","reg_no":"A-154326193-00001-2","address":"臺北市大同區承德路1段1號1樓","district":"大同區","result":"優"}},{"type":"Feature","geometry":{"type":"Point","coordinates":[121.554074,25.022375]},"properties":{"city":"taipei","name":"春天素食","reg_no":"A-170584442-00002-4","address":"臺北市大安區和平東路1段177號3樓","district":"大安區","result":"優"}},{"type":"Feature","geometry":{"type":"Point","coordinates":[121.57468,25.040272]},"properties":{"city":"taipei","name":"橘園小吃店","reg_no":"A-200139127-00001-3","address":"臺北市信義區虎林街132巷63號","district":"信義區","result":"優"}},{"type":"Feature","geometry":{"type":"Point","coordinates":[121.574333,25.040053]},"properties":{"city":"taipei","name":"炒湘湘-微風信義店","reg_no":"A-182844838-00008-1","address":"臺北市信義區忠孝東路5段68號4樓","district":"信義區","result":"優"}},{"type":"Feature","geometry":{"type":"Point","coordinates":[121.565775,25.034435]},"properties":{"city":"taipei","name":"the ukai taipei","reg_no":"A-150928399-00001-4","address":"臺北市信義區松智路17號46樓","district":"信義區","result":"優"}},{"type":"Feature","geometry":{"type":"Point","coordinates":[121.574333,25.040053]},"properties":{"city":"taipei","name":"春嶼-微風信義店","reg_no":"A-190072052-00002-5","address":"臺北市信義區忠孝東路5段68號4樓","district":"信義區","result":"優"}},{"type":"Feature","geometry":{"type":"Point","coordinates":[121.580671,25.043915]},"properties":{"city":"taipei","name":"北村豆腐家-大巨蛋店","reg_no":"A-128841757-00132-6","address":"臺北市信義區忠孝東路4段515號B2","district":"信義區","result":"優"}},{"type":"Feature","geometry":{"type":"Point","coordinates":[121.509695,25.113524]},"properties":{"city":"taipei","name":"輕食光-榮總","reg_no":"A-196754364-00001-3","address":"臺北市北投區石牌路2段201號長青樓","district":"北投區","result":"優"}},{"type":"Feature","geometry":{"type":"Point","coordinates":[121.509695,25.113524]},"properties":{"city":"taipei","name":"美味森市-榮總","reg_no":"A-122456427-00004-4","address":"臺北市北投區石牌路2段201號長青樓","district":"北投區","result":"優"}},{"type":"Feature","geometry":{"type":"Point","coordinates":[121.509695,25.113524]},"properties":{"city":"taipei","name":"幸福道粥品專賣-榮總","reg_no":"A-190307852-00002-4","address":"臺北市北投區石牌路2段201號長青樓","district":"北投區","result":"優"}},{"type":"Feature","geometry":{"type":"Point","coordinates":[121.547427,25.150797]},"properties":{"city":"taipei","name":"臺北市私立陽明山老人長期照顧中心","reg_no":"A-100959543-00001-4","address":"臺北市北投區紗帽路116號1樓","district":"北投區","result":"優"}},{"type":"Feature","geometry":{"type":"Point","coordinates":[121.567968,25.036732]},"properties":{"city":"taipei","name":"總裁牛肉麵-遠百A13門市","reg_no":"A-155847754-00004-7","address":"臺北市信義區松仁路58號4樓","district":"信義區","result":"優"}},{"type":"Feature","geometry":{"type":"Point","coordinates":[121.567968,25.036732]},"properties":{"city":"taipei","name":"八八燒肉","reg_no":"A-128393385-00003-2","address":"臺北市信義區松仁路58號14樓","district":"信義區","result":"優"}},{"type":"Feature","geometry":{"type":"Point","coordinates":[121.566264,25.035351]},"properties":{"city":"taipei","name":"點點心-信義ATT店","reg_no":"A-142634580-00044-8","address":"臺北市信義區松壽路12號4樓","district":"信義區","result":"優"}},{"type":"Feature","geometry":{"type":"Point","coordinates":[121.566264,25.035351]},"properties":{"city":"taipei","name":"李蝦記爆蝦火鍋","reg_no":"A-160605979-00001-1","address":"臺北市信義區松壽路12號5樓","district":"信義區","result":"優"}},{"type":"Feature","geometry":{"type":"Point","coordinates":[121.567732,25.035566]},"properties":{"city":"taipei","name":"無老鍋-台北信義店","reg_no":"A-153546917-00038-9","address":"臺北市信義區松壽路22號2樓","district":"信義區","result":"優"}},{"type":"Feature","geometry":{"type":"Point","coordinates":[121.56524,25.039516]},"properties":{"city":"taipei","name":"Yamazaki統一夢廣場店","reg_no":"A-122522307-00243-0","address":"臺北市信義區松高路11號B2","district":"信義區","result":"優"}},{"type":"Feature","geometry":{"type":"Point","coordinates":[121.529221,25.044319]},"properties":{"city":"taipei","name":"DonDonDonki忠孝新生店","reg_no":"A-183723869-00003-7","address":"臺北市中正區八德路1段55號B1","district":"中正區","result":"優"}},{"type":"Feature","geometry":{"type":"Point","coordinates":[121.511618,25.025236]},"properties":{"city":"taipei","name":"無老鍋-西門町店","reg_no":"A-153546917-00037-8","address":"臺北市中正區中華路1段55號2樓","district":"中正區","result":"優"}},{"type":"Feature","geometry":{"type":"Point","coordinates":[121.518991,25.046234]},"properties":{"city":"taipei","name":"Yamazaki東森北車店","reg_no":"A-122522307-00241-8","address":"臺北市中正區忠孝西路1段47號B1","district":"中正區","result":"優"}},{"type":"Feature","geometry":{"type":"Point","coordinates":[121.517055,25.047176]},"properties":{"city":"taipei","name":"福利麵包-微風店","reg_no":"A-111820764-00004-1","address":"臺北市中正區北平西路3號","district":"中正區","result":"優"}},{"type":"Feature","geometry":{"type":"Point","coordinates":[121.517055,25.047176]},"properties":{"city":"taipei","name":"聖瑪莉北車店","reg_no":"A-109499839-00181-9","address":"臺北市中正區北平西路3號微風廣場B1","district":"中正區","result":"優"}},{"type":"Feature","geometry":{"type":"Point","coordinates":[121.561111,25.044737]},"properties":{"city":"taipei","name":"瀾之茶店-松菸店","reg_no":"A-182908889-00001-1","address":"臺北市信義區菸廠路88號B1","district":"信義區","result":"優"}},{"type":"Feature","geometry":{"type":"Point","coordinates":[121.518991,25.046234]},"properties":{"city":"taipei","name":"beard papa-誠品站前店","reg_no":"A-180292991-00029-9","address":"臺北市中正區忠孝西路1段49號B1","district":"中正區","result":"優"}},{"type":"Feature","geometry":{"type":"Point","coordinates":[121.517168,25.0414]},"properties":{"city":"taipei","name":"誠記原汁排骨湯-台大西址店","reg_no":"A-202286236-00000-8","address":"臺北市中正區常德街1號B1","district":"中正區","result":"優"}},{"type":"Feature","geometry":{"type":"Point","coordinates":[121.553373,25.02554]},"properties":{"city":"taipei","name":"杏一癌醫翠微廣場-餓了極品","reg_no":"A-278963766-00001-2","address":"臺北市大安區基隆路3段155巷57號B1","district":"大安區","result":"優"}},{"type":"Feature","geometry":{"type":"Point","coordinates":[121.611534,25.05317]},"properties":{"city":"taipei","name":"DonDonDonki 南港店","reg_no":"A-183723869-00004-8","address":"臺北市南港區忠孝東路7段359號3樓","district":"南港區","result":"優"}},{"type":"Feature","geometry":{"type":"Point","coordinates":[121.611534,25.05317]},"properties":{"city":"taipei","name":"薩莉亞-環球南港店","reg_no":"A-128854801-00029-5","address":"臺北市南港區忠孝東路7段371號B1","district":"南港區","result":"優"}},{"type":"Feature","geometry":{"type":"Point","coordinates":[121.520565,25.057772]},"properties":{"city":"taipei","name":"樂田-雙連二店","reg_no":"A-128427006-00101-9","address":"臺北市大同區民生西路47號","district":"大同區","result":"優"}},{"type":"Feature","geometry":{"type":"Point","coordinates":[121.498104,25.135916]},"properties":{"city":"taipei","name":"元爵味黃燜雞米飯(北投中央店)","reg_no":"A-193203917-00000-2","address":"臺北市北投區中央北路4段489號1樓","district":"北投區","result":"優"}},{"type":"Feature","geometry":{"type":"Point","coordinates":[121.611534,25.05317]},"properties":{"city":"taipei","name":"嘉義人-環球南港店","reg_no":"A-200186322-00014-6","address":"臺北市南港區忠孝東路7段371號B1","district":"南港區","result":"優"}},{"type":"Feature","geometry":{"type":"Point","coordinates":[121.611534,25.05317]},"properties":{"city":"taipei","name":"因果茶南港店Yin Guo Cha-環球南港店","reg_no":"A-202315444-00001-3","address":"臺北市南港區忠孝東路7段371號B1","district":"南港區","result":"優"}},{"type":"Feature","geometry":{"type":"Point","coordinates":[121.575362,25.060142]},"properties":{"city":"taipei","name":"炸雞大獅 內湖家樂福店","reg_no":"A-142591908-00046-6","address":"臺北市內湖區民善街88號","district":"內湖區","result":"優"}},{"type":"Feature","geometry":{"type":"Point","coordinates":[121.575362,25.060142]},"properties":{"city":"taipei","name":"呈信鵝肉 - 內湖家樂福店","reg_no":"A-191109541-00002-0","address":"臺北市內湖區民善街88號","district":"內湖區","result":"良"}},{"type":"Feature","geometry":{"type":"Point","coordinates":[121.573666,25.073638]},"properties":{"city":"taipei","name":"泰美胃餐廳 - 內湖大潤發","reg_no":"A-200121150-00000-9","address":"臺北市內湖區舊宗路1段128號1樓","district":"內湖區","result":"優"}},{"type":"Feature","geometry":{"type":"Point","coordinates":[121.515512,25.029592]},"properties":{"city":"taipei","name":"臺北市立第一女子高級中學員生消費合作社","reg_no":"A-121102587-00000-4","address":"臺北市中正區重慶南路1段165號B1","district":"中正區","result":"優"}},{"type":"Feature","geometry":{"type":"Point","coordinates":[121.517734,25.052245]},"properties":{"city":"taipei","name":"印度風-京站店","reg_no":"A-188379942-00001-9","address":"臺北市大同區承德路1段1號B3","district":"大同區","result":"優"}},{"type":"Feature","geometry":{"type":"Point","coordinates":[121.517734,25.052245]},"properties":{"city":"taipei","name":"齊媽媽-京站店","reg_no":"A-200247422-00001-1","address":"臺北市大同區承德路1段1號B3","district":"大同區","result":"優"}},{"type":"Feature","geometry":{"type":"Point","coordinates":[121.511953,25.046113]},"properties":{"city":"taipei","name":"綺樂文旅店開封館","reg_no":"A-142617061-00000-5","address":"臺北市中正區開封街1段35號1樓","district":"中正區","result":"優"}},{"type":"Feature","geometry":{"type":"Point","coordinates":[121.520661,25.052434]},"properties":{"city":"taipei","name":"樂起司-誠品南西店","reg_no":"A-153948686-00006-3","address":"臺北市中山區南京西路14號B1","district":"中山區","result":"優"}},{"type":"Feature","geometry":{"type":"Point","coordinates":[121.520661,25.052434]},"properties":{"city":"taipei","name":"默爾pasta & pizza-誠品南西店","reg_no":"A-142680303-00006-0","address":"臺北市中山區南京西路14號3樓","district":"中山區","result":"優"}},{"type":"Feature","geometry":{"type":"Point","coordinates":[121.520661,25.052434]},"properties":{"city":"taipei","name":"奎士咖啡-誠品南西店","reg_no":"A-183097938-00004-9","address":"臺北市中山區南京西路14號B1","district":"中山區","result":"優"}},{"type":"Feature","geometry":{"type":"Point","coordinates":[121.520661,25.052434]},"properties":{"city":"taipei","name":"雞湯大叔-誠品南西店","reg_no":"A-183589309-00027-2","address":"臺北市中山區南京西路14號3樓","district":"中山區","result":"優"}},{"type":"Feature","geometry":{"type":"Point","coordinates":[121.520661,25.052434]},"properties":{"city":"taipei","name":"先喝道-誠品南西店","reg_no":"A-153951936-00083-0","address":"臺北市中山區南京西路14號B1","district":"中山區","result":"優"}},{"type":"Feature","geometry":{"type":"Point","coordinates":[121.520661,25.052434]},"properties":{"city":"taipei","name":"周廚紅燒牛肉麵-誠品南西店","reg_no":"A-202294147-00001-9","address":"臺北市中山區南京西路14號B1","district":"中山區","result":"優"}},{"type":"Feature","geometry":{"type":"Point","coordinates":[121.582757,25.085894]},"properties":{"city":"taipei","name":"臺北市私立達人高級中學","reg_no":"A-101025606-00001-9","address":"臺北市內湖區內湖路2段314號","district":"內湖區","result":"優"}},{"type":"Feature","geometry":{"type":"Point","coordinates":[121.575028,25.06138]},"properties":{"city":"taipei","name":"Fresh & Aged Italian Steak House (美福牛排)","reg_no":"A-180198341-00000-2","address":"臺北市內湖區民善街128號2樓","district":"內湖區","result":"優"}},{"type":"Feature","geometry":{"type":"Point","coordinates":[121.611534,25.05317]},"properties":{"city":"taipei","name":"御私藏-南港環球店","reg_no":"A-164845217-00011-7","address":"臺北市南港區忠孝東路7段371號B1","district":"南港區","result":"優"}},{"type":"Feature","geometry":{"type":"Point","coordinates":[121.611534,25.05317]},"properties":{"city":"taipei","name":"摩斯漢堡-南港環球店","reg_no":"A-123928945-01246-3","address":"臺北市南港區忠孝東路7段371號B1","district":"南港區","result":"優"}},{"type":"Feature","geometry":{"type":"Point","coordinates":[121.530157,25.048405]},"properties":{"city":"taipei","name":"凱樂烘焙食品有限公司","reg_no":"A-128193611-00000-9","address":"臺北市中山區長安東路2段131之4號","district":"中山區","result":"優"}},{"type":"Feature","geometry":{"type":"Point","coordinates":[121.528178,25.051888]},"properties":{"city":"taipei","name":"雞湯大叔-松江南京店","reg_no":"A-183589309-00018-2","address":"臺北市中山區南京東路2段26號1樓","district":"中山區","result":"優"}},{"type":"Feature","geometry":{"type":"Point","coordinates":[121.54945,25.043615]},"properties":{"city":"taipei","name":"komboi","reg_no":"A-183122964-00000-3","address":"臺北市大安區敦化南路1段270巷28號1樓","district":"大安區","result":"優"}},{"type":"Feature","geometry":{"type":"Point","coordinates":[121.552104,25.054866]},"properties":{"city":"taipei","name":"T+T","reg_no":"A-150795638-00000-1","address":"臺北市松山區敦化北路165巷11號","district":"松山區","result":"優"}},{"type":"Feature","geometry":{"type":"Point","coordinates":[121.556105,25.062947]},"properties":{"city":"taipei","name":"高雄空廚股份有限公司-松山廠","reg_no":"A-170750455-00011-3","address":"臺北市松山區敦化北路405巷123弄9號","district":"松山區","result":"優"}},{"type":"Feature","geometry":{"type":"Point","coordinates":[121.551667,25.055949]},"properties":{"city":"taipei","name":"富錦樹台菜香檳-敦北店","reg_no":"A-153769515-00001-0","address":"臺北市松山區敦化北路199巷17號","district":"松山區","result":"優"}},{"type":"Feature","geometry":{"type":"Point","coordinates":[121.550081,25.054225]},"properties":{"city":"taipei","name":"法蘭司烘焙-敦北店","reg_no":"A-180694545-00000-9","address":"臺北市松山區敦化北路155巷5號","district":"松山區","result":"優"}},{"type":"Feature","geometry":{"type":"Point","coordinates":[121.541515,25.056636]},"properties":{"city":"taipei","name":"Wok by O'BOND","reg_no":"A-190330642-00000-5","address":"臺北市中山區龍江路18號","district":"中山區","result":"優"}},{"type":"Feature","geometry":{"type":"Point","coordinates":[121.530742,25.046723]},"properties":{"city":"taipei","name":"加分鍋物-新生店","reg_no":"A-202287899-00000-4","address":"臺北市中山區新生北路1段90之1號","district":"中山區","result":"優"}},{"type":"Feature","geometry":{"type":"Point","coordinates":[121.531641,25.06146]},"properties":{"city":"taipei","name":"承家私廚","reg_no":"A-202279700-00000-6","address":"臺北市中山區民權東路2段92巷6號1樓","district":"中山區","result":"優"}},{"type":"Feature","geometry":{"type":"Point","coordinates":[121.549211,25.05347]},"properties":{"city":"taipei","name":"麟聚","reg_no":"A-189164053-00001-5","address":"臺北市松山區敦化北路100號","district":"松山區","result":"優"}},{"type":"Feature","geometry":{"type":"Point","coordinates":[121.553121,25.059714]},"properties":{"city":"taipei","name":"雲川水月 Clavius","reg_no":"A-189186710-00001-9","address":"臺北市松山區富錦街120號1樓","district":"松山區","result":"優"}},{"type":"Feature","geometry":{"type":"Point","coordinates":[121.529384,25.090193]},"properties":{"city":"taipei","name":"丹迪旅店 天母店","reg_no":"A-128009495-00000-5","address":"臺北市士林區中山北路6段728巷2號","district":"士林區","result":"優"}},{"type":"Feature","geometry":{"type":"Point","coordinates":[121.566264,25.035351]},"properties":{"city":"taipei","name":"阿豬媽韓式烤肉吃到飽-信義店","reg_no":"A-183688321-00001-8","address":"臺北市信義區松壽路12號5樓","district":"信義區","result":"優"}},{"type":"Feature","geometry":{"type":"Point","coordinates":[121.566264,25.035351]},"properties":{"city":"taipei","name":"瀧厚炙燒熟成牛排 台北信義ATT店","reg_no":"A-183095278-00001-1","address":"臺北市信義區松壽路12號5樓","district":"信義區","result":"優"}},{"type":"Feature","geometry":{"type":"Point","coordinates":[121.530376,25.112204]},"properties":{"city":"taipei","name":"雞湯大叔 天母店","reg_no":"A-183589309-00007-0","address":"臺北市士林區士東路130號1樓","district":"士林區","result":"優"}},{"type":"Feature","geometry":{"type":"Point","coordinates":[121.533976,25.117914]},"properties":{"city":"taipei","name":"DONQ東客麵包天母店","reg_no":"A-123930301-00057-1","address":"臺北市士林區天母東路68號B1","district":"士林區","result":"優"}},{"type":"Feature","geometry":{"type":"Point","coordinates":[121.511744,25.051606]},"properties":{"city":"taipei","name":"施家鮮肉湯圓","reg_no":"A-200120798-00001-7","address":"臺北市大同區延平北路3段56號","district":"大同區","result":"優"}},{"type":"Feature","geometry":{"type":"Point","coordinates":[121.519994,25.057436]},"properties":{"city":"taipei","name":"beard papa-雙連店","reg_no":"A-180292991-00041-3","address":"臺北市大同區民生西路92號","district":"大同區","result":"優"}},{"type":"Feature","geometry":{"type":"Point","coordinates":[121.52453,25.056488]},"properties":{"city":"taipei","name":"無老鍋-台北中山分公司","reg_no":"A-153546917-00017-6","address":"臺北市中山區中山北路2段36之1號1~2樓","district":"中山區","result":"優"}},{"type":"Feature","geometry":{"type":"Point","coordinates":[121.524956,25.066284]},"properties":{"city":"taipei","name":"月夜岩","reg_no":"A-142982519-00000-8","address":"臺北市中山區雙城街25巷9號1樓","district":"中山區","result":"優"}},{"type":"Feature","geometry":{"type":"Point","coordinates":[121.535645,25.04886]},"properties":{"city":"taipei","name":"法蘭司烘焙-伊通店","reg_no":"A-128208895-00000-0","address":"臺北市中山區伊通街32號","district":"中山區","result":"優"}},{"type":"Feature","geometry":{"type":"Point","coordinates":[121.536318,25.04687]},"properties":{"city":"taipei","name":"法蘭司烘焙-民權店","reg_no":"A-177483341-00000-5","address":"臺北市中山區建國北路2段151巷30號","district":"中山區","result":"優"}},{"type":"Feature","geometry":{"type":"Point","coordinates":[121.510515,25.057463]},"properties":{"city":"taipei","name":"EIKA 盈科","reg_no":"A-190323071-00019-3","address":"臺北市大同區民樂街58號","district":"大同區","result":"優"}},{"type":"Feature","geometry":{"type":"Point","coordinates":[121.529613,25.092198]},"properties":{"city":"taipei","name":"Circum-","reg_no":"A-194132383-00001-2","address":"臺北市中山區中山北路2段39巷3號B2","district":"中山區","result":"優"}},{"type":"Feature","geometry":{"type":"Point","coordinates":[121.579008,25.051704]},"properties":{"city":"taipei","name":"VGEST 低碳披薩","reg_no":"A-189124525-00001-5","address":"臺北市松山區八德路4段658號","district":"松山區","result":"優"}},{"type":"Feature","geometry":{"type":"Point","coordinates":[121.531526,25.048844]},"properties":{"city":"taipei","name":"喜瑞飯店","reg_no":"A-127559324-00000-5","address":"臺北市中山區長安東路1段64號","district":"中山區","result":"優"}},{"type":"Feature","geometry":{"type":"Point","coordinates":[121.527889,25.039804]},"properties":{"city":"taipei","name":"NOBUO","reg_no":"A-202292894-00000-5","address":"臺北市中正區泰安街8號1樓","district":"中正區","result":"優"}},{"type":"Feature","geometry":{"type":"Point","coordinates":[121.579008,25.051704]},"properties":{"city":"taipei","name":"蒲園飯店","reg_no":"A-170380242-00000-4","address":"臺北市松山區八德路4段176號","district":"松山區","result":"優"}},{"type":"Feature","geometry":{"type":"Point","coordinates":[121.504135,25.036527]},"properties":{"city":"taipei","name":"禾順行旅","reg_no":"A-116309406-00001-8","address":"臺北市萬華區廣州街247號","district":"萬華區","result":"優"}},{"type":"Feature","geometry":{"type":"Point","coordinates":[121.50664,25.045591]},"properties":{"city":"taipei","name":"金獅樓","reg_no":"A-122198006-00000-6","address":"臺北市萬華區西寧南路36號B區10樓","district":"萬華區","result":"優"}},{"type":"Feature","geometry":{"type":"Point","coordinates":[121.506657,25.044523]},"properties":{"city":"taipei","name":"DonDonDonki 西門店","reg_no":"A-183723869-00002-6","address":"臺北市萬華區西寧南路123號","district":"萬華區","result":"優"}},{"type":"Feature","geometry":{"type":"Point","coordinates":[121.505771,25.042709]},"properties":{"city":"taipei","name":"聖瑪莉西門1店","reg_no":"A-109499839-00178-5","address":"臺北市萬華區成都路54之1號","district":"萬華區","result":"優"}},{"type":"Feature","geometry":{"type":"Point","coordinates":[121.540236,25.00166]},"properties":{"city":"taipei","name":"滬江高中附設廚房","reg_no":"A-200227280-00002-2","address":"臺北市文山區羅斯福路6段336號","district":"文山區","result":"優"}},{"type":"Feature","geometry":{"type":"Point","coordinates":[121.575973,25.001248]},"properties":{"city":"taipei","name":"喔A咖啡-世新大學","reg_no":"A-202282401-00000-8","address":"臺北市文山區木柵路1段17巷1號","district":"文山區","result":"優"}},{"type":"Feature","geometry":{"type":"Point","coordinates":[121.575973,25.001248]},"properties":{"city":"taipei","name":"食堂171-世新大學","reg_no":"A-127733956-00001-1","address":"臺北市文山區木柵路1段17巷1號","district":"文山區","result":"優"}},{"type":"Feature","geometry":{"type":"Point","coordinates":[121.575973,25.001248]},"properties":{"city":"taipei","name":"禾豐美食-世新大學","reg_no":"A-202295519-00000-2","address":"臺北市文山區木柵路1段17巷1號","district":"文山區","result":"優"}},{"type":"Feature","geometry":{"type":"Point","coordinates":[121.540147,24.990199]},"properties":{"city":"taipei","name":"樂田-萬隆","reg_no":"A-128427006-00097-3","address":"臺北市文山區羅斯福路5段214號","district":"文山區","result":"優"}},{"type":"Feature","geometry":{"type":"Point","coordinates":[121.548434,25.033025]},"properties":{"city":"taipei","name":"伴鹿咖啡","reg_no":"A-142775384-00001-9","address":"臺北市大安區敦化南路2段203號4樓","district":"大安區","result":"優"}},{"type":"Feature","geometry":{"type":"Point","coordinates":[121.548434,25.033025]},"properties":{"city":"taipei","name":"COUNTEA卡帝本植茶焙所-遠企店","reg_no":"B-182916115-00000-2","address":"臺北市大安區敦化南路2段203號1樓","district":"大安區","result":"優"}},{"type":"Feature","geometry":{"type":"Point","coordinates":[121.548434,25.033025]},"properties":{"city":"taipei","name":"雲之南麗江斑魚火鍋-遠企店","reg_no":"A-154365435-00001-4","address":"臺北市大安區敦化南路2段203號B2","district":"大安區","result":"優"}},{"type":"Feature","geometry":{"type":"Point","coordinates":[121.548434,25.033025]},"properties":{"city":"taipei","name":"aunt stella遠企店","reg_no":"A-123225889-00069-2","address":"臺北市大安區敦化南路2段203號B2","district":"大安區","result":"優"}},{"type":"Feature","geometry":{"type":"Point","coordinates":[121.548434,25.033025]},"properties":{"city":"taipei","name":"雪嶽山韓式料理遠企店","reg_no":"A-153717587-00002-3","address":"臺北市大安區敦化南路2段203號B2","district":"大安區","result":"優"}},{"type":"Feature","geometry":{"type":"Point","coordinates":[121.548434,25.033025]},"properties":{"city":"taipei","name":"初點甜豆花遠企店","reg_no":"A-202275643-00001-9","address":"臺北市大安區敦化南路2段203號B2","district":"大安區","result":"優"}},{"type":"Feature","geometry":{"type":"Point","coordinates":[121.548434,25.033025]},"properties":{"city":"taipei","name":"永旭府城遠企店","reg_no":"A-131869194-00001-0","address":"臺北市大安區敦化南路2段203號B2","district":"大安區","result":"優"}},{"type":"Feature","geometry":{"type":"Point","coordinates":[121.548434,25.033025]},"properties":{"city":"taipei","name":"北岸咖啡遠企店","reg_no":"A-202266620-00002-5","address":"臺北市大安區敦化南路2段203號B2","district":"大安區","result":"優"}},{"type":"Feature","geometry":{"type":"Point","coordinates":[121.514191,25.064679]},"properties":{"city":"taipei","name":"百齡診所附設護理之家","reg_no":"A-202302106-00000-3","address":"臺北市士林區重慶北路4段187號1樓","district":"士林區","result":"優"}},{"type":"Feature","geometry":{"type":"Point","coordinates":[121.509695,25.113524]},"properties":{"city":"taipei","name":"全國素食-台北榮總店","reg_no":"A-154027202-00104-5","address":"臺北市北投區石牌路2段205號中正樓生活廣場","district":"北投區","result":"優"}},{"type":"Feature","geometry":{"type":"Point","coordinates":[121.509695,25.113524]},"properties":{"city":"taipei","name":"韓姜熙的小廚房-台北榮總店","reg_no":"A-128841757-00137-1","address":"臺北市北投區石牌路2段206號中正樓生活廣場","district":"北投區","result":"優"}},{"type":"Feature","geometry":{"type":"Point","coordinates":[121.509695,25.113524]},"properties":{"city":"taipei","name":"金仙魯肉飯 鉑金食堂","reg_no":"A-196955073-00000-2","address":"臺北市北投區石牌路2段207號中正樓生活廣場","district":"北投區","result":"優"}},{"type":"Feature","geometry":{"type":"Point","coordinates":[121.509695,25.113524]},"properties":{"city":"taipei","name":"關北紅豆餅-台北榮總店","reg_no":"A-124375652-00144-1","address":"臺北市北投區石牌路2段208號中正樓生活廣場","district":"北投區","result":"優"}},{"type":"Feature","geometry":{"type":"Point","coordinates":[121.509695,25.113524]},"properties":{"city":"taipei","name":"洪瑞珍-台北榮總店","reg_no":"A-125564791-00004-1","address":"臺北市北投區石牌路2段209號中正樓生活廣場","district":"北投區","result":"優"}},{"type":"Feature","geometry":{"type":"Point","coordinates":[121.509695,25.113524]},"properties":{"city":"taipei","name":"台灣G湯-台北榮總店","reg_no":"A-193380032-00004-0","address":"臺北市北投區石牌路2段210號中正樓生活廣場","district":"北投區","result":"優"}},{"type":"Feature","geometry":{"type":"Point","coordinates":[121.552073,25.035105]},"properties":{"city":"taipei","name":"筌 壽司 割烹","reg_no":"A-200135284-00001-3","address":"臺北市大安區安和路1段78巷37號","district":"大安區","result":"優"}},{"type":"Feature","geometry":{"type":"Point","coordinates":[121.552869,25.034177]},"properties":{"city":"taipei","name":"Restaurant Ephernité","reg_no":"A-124752022-00000-2","address":"臺北市大安區安和路2段233號","district":"大安區","result":"優"}},{"type":"Feature","geometry":{"type":"Point","coordinates":[121.548592,25.013551]},"properties":{"city":"taipei","name":"國立臺灣大學研三(國青)開心廚房","reg_no":"A-200226102-00001-3","address":"臺北市大安區辛亥路3段30號","district":"大安區","result":"優"}},{"type":"Feature","geometry":{"type":"Point","coordinates":[121.554074,25.022375]},"properties":{"city":"taipei","name":"凱樂烘培-和平門市","reg_no":"A-128193611-00007-6","address":"臺北市大安區和平東路1段25號","district":"大安區","result":"優"}},{"type":"Feature","geometry":{"type":"Point","coordinates":[121.533847,25.051567]},"properties":{"city":"taipei","name":"FX富驛時尚酒店","reg_no":"A-183056697-00000-2","address":"臺北市中山區南京東路3段131號1樓","district":"中山區","result":"優"}},{"type":"Feature","geometry":{"type":"Point","coordinates":[121.566664,25.03936]},"properties":{"city":"taipei","name":"MISOTABLE","reg_no":"A-194137423-00002-3","address":"臺北市信義區松高路19號B2","district":"信義區","result":"優"}},{"type":"Feature","geometry":{"type":"Point","coordinates":[121.56126,24.983436]},"properties":{"city":"taipei","name":"臺灣警察專科學校(尊爵團膳)","reg_no":"H-182788998-00006-0","address":"臺北市文山區興隆路3段153號","district":"文山區","result":"優"}},{"type":"Feature","geometry":{"type":"Point","coordinates":[121.527094,25.023337]},"properties":{"city":"taipei","name":"Second Floor 貳樓師大店","reg_no":"A-124314831-00002-6","address":"臺北市大安區師大路24號","district":"大安區","result":"優"}},{"type":"Feature","geometry":{"type":"Point","coordinates":[121.530595,25.019178]},"properties":{"city":"taipei","name":"五花馬水餃","reg_no":"A-202310851-00001-0","address":"臺北市大安區羅斯福路4段1號","district":"大安區","result":"優"}},{"type":"Feature","geometry":{"type":"Point","coordinates":[121.530595,25.019178]},"properties":{"city":"taipei","name":"九久滷贊舖","reg_no":"A-202310851-00002-1","address":"臺北市大安區羅斯福路4段1號","district":"大安區","result":"優"}},{"type":"Feature","geometry":{"type":"Point","coordinates":[121.530595,25.019178]},"properties":{"city":"taipei","name":"強尼兄弟健康廚房","reg_no":"A-202310851-00003-2","address":"臺北市大安區羅斯福路4段1號","district":"大安區","result":"優"}},{"type":"Feature","geometry":{"type":"Point","coordinates":[121.530595,25.019178]},"properties":{"city":"taipei","name":"重慶抄手","reg_no":"A-202311166-00001-0","address":"臺北市大安區羅斯福路4段1號","district":"大安區","result":"優"}},{"type":"Feature","geometry":{"type":"Point","coordinates":[121.530595,25.019178]},"properties":{"city":"taipei","name":"第八小吃部 吾煎","reg_no":"A-202289328-00001-4","address":"臺北市大安區羅斯福路4段1號","district":"大安區","result":"優"}},{"type":"Feature","geometry":{"type":"Point","coordinates":[121.530595,25.019178]},"properties":{"city":"taipei","name":"第七小吃部(原典鮮沏茶)","reg_no":"A-202311177-00001-2","address":"臺北市大安區羅斯福路4段1號","district":"大安區","result":"優"}},{"type":"Feature","geometry":{"type":"Point","coordinates":[121.530595,25.019178]},"properties":{"city":"taipei","name":"第二小吃部(七樂港式燒臘)","reg_no":"A-202310943-00001-2","address":"臺北市大安區羅斯福路4段1號","district":"大安區","result":"優"}},{"type":"Feature","geometry":{"type":"Point","coordinates":[121.530595,25.019178]},"properties":{"city":"taipei","name":"第一小吃部(肥熊早早午餐)","reg_no":"A-191717806-00005-2","address":"臺北市大安區羅斯福路4段1號","district":"大安區","result":"優"}},{"type":"Feature","geometry":{"type":"Point","coordinates":[121.530595,25.019178]},"properties":{"city":"taipei","name":"合作社第二門市(小小福)","reg_no":"A-101483519-00004-3","address":"臺北市大安區羅斯福路4段1號","district":"大安區","result":"優"}},{"type":"Feature","geometry":{"type":"Point","coordinates":[121.530595,25.019178]},"properties":{"city":"taipei","name":"合作社第一門市(小福)","reg_no":"A-101483519-00003-2","address":"臺北市大安區羅斯福路4段1號","district":"大安區","result":"優"}},{"type":"Feature","geometry":{"type":"Point","coordinates":[121.530595,25.019178]},"properties":{"city":"taipei","name":"醉月湖1號-稍飽台大店","reg_no":"A-152447447-00001-6","address":"臺北市大安區羅斯福路4段1號(1號貨櫃屋)","district":"大安區","result":"優"}},{"type":"Feature","geometry":{"type":"Point","coordinates":[121.530595,25.019178]},"properties":{"city":"taipei","name":"醉月湖2號-TT French Bread","reg_no":"A-202259824-00000-1","address":"臺北市大安區羅斯福路4段1號(2號貨櫃屋)","district":"大安區","result":"優"}},{"type":"Feature","geometry":{"type":"Point","coordinates":[121.509695,25.113524]},"properties":{"city":"taipei","name":"象樣東方美食館-台北榮總店","reg_no":"A-183503555-00005-7","address":"臺北市北投區石牌路2段201號中正樓生活廣場","district":"北投區","result":"優"}},{"type":"Feature","geometry":{"type":"Point","coordinates":[121.509695,25.113524]},"properties":{"city":"taipei","name":"Dreamers Coffee 台北榮總店","reg_no":"A-142826026-00056-9","address":"臺北市北投區石牌路2段201號中正樓生活廣場","district":"北投區","result":"優"}},{"type":"Feature","geometry":{"type":"Point","coordinates":[121.509695,25.113524]},"properties":{"city":"taipei","name":"21Plus北榮義美","reg_no":"A-189627033-00401-1","address":"臺北市北投區石牌路2段201號中正樓生活廣場","district":"北投區","result":"優"}},{"type":"Feature","geometry":{"type":"Point","coordinates":[121.547078,25.015092]},"properties":{"city":"taipei","name":"炸物三兄弟","reg_no":"A-202264465-00001-9","address":"臺北市大安區長興街92號(男七舍)","district":"大安區","result":"優"}},{"type":"Feature","geometry":{"type":"Point","coordinates":[121.545077,25.016786]},"properties":{"city":"taipei","name":"國立臺灣大學男八宿舍福利社","reg_no":"A-200205363-00000-8","address":"臺北市大安區長興街31號","district":"大安區","result":"優"}},{"type":"Feature","geometry":{"type":"Point","coordinates":[121.545006,25.016501]},"properties":{"city":"taipei","name":"鴨香坊","reg_no":"A-200042417-00007-4","address":"臺北市大安區長興街50號","district":"大安區","result":"優"}},{"type":"Feature","geometry":{"type":"Point","coordinates":[121.545006,25.016501]},"properties":{"city":"taipei","name":"銓家莊","reg_no":"A-200042417-00006-3","address":"臺北市大安區長興街50號","district":"大安區","result":"優"}},{"type":"Feature","geometry":{"type":"Point","coordinates":[121.545006,25.016501]},"properties":{"city":"taipei","name":"早餐吧","reg_no":"A-200042417-00003-0","address":"臺北市大安區長興街50號","district":"大安區","result":"優"}},{"type":"Feature","geometry":{"type":"Point","coordinates":[121.545006,25.016501]},"properties":{"city":"taipei","name":"轉角哥深夜食堂","reg_no":"A-200042417-00002-9","address":"臺北市大安區長興街50號","district":"大安區","result":"優"}},{"type":"Feature","geometry":{"type":"Point","coordinates":[121.545006,25.016501]},"properties":{"city":"taipei","name":"銅板美食雞魯哥","reg_no":"A-200042417-00004-1","address":"臺北市大安區長興街50號","district":"大安區","result":"優"}},{"type":"Feature","geometry":{"type":"Point","coordinates":[121.554857,25.031574]},"properties":{"city":"taipei","name":"凱樂烘培食品有限公司通化門市部","reg_no":"A-128193611-00008-7","address":"臺北市大安區通化街10號","district":"大安區","result":"優"}},{"type":"Feature","geometry":{"type":"Point","coordinates":[121.544277,25.03012]},"properties":{"city":"taipei","name":"樂田-復興仁愛","reg_no":"A-128427006-00103-1","address":"臺北市大安區復興南路1段255號1樓","district":"大安區","result":"優"}},{"type":"Feature","geometry":{"type":"Point","coordinates":[121.544277,25.03012]},"properties":{"city":"taipei","name":"凱樂烘培食品有限公司復興門市部","reg_no":"A-128193611-00009-8","address":"臺北市大安區復興南路1段72號","district":"大安區","result":"優"}},{"type":"Feature","geometry":{"type":"Point","coordinates":[121.533642,25.020093]},"properties":{"city":"taipei","name":"卿卿小粉螺螄粉酸辣粉","reg_no":"A-202309752-00000-7","address":"臺北市大安區新生南路1段1號","district":"大安區","result":"優"}},{"type":"Feature","geometry":{"type":"Point","coordinates":[121.560269,25.145383]},"properties":{"city":"taipei","name":"陽明春天","reg_no":"A-153740335-00000-8","address":"臺北巿士林區菁山路119之1號","district":"","result":"優"}},{"type":"Feature","geometry":{"type":"Point","coordinates":[121.532145,25.119658]},"properties":{"city":"taipei","name":"興蓬萊台菜餐廳","reg_no":"A-113469457-00001-8","address":"臺北市士林區中山北路7段55號1樓","district":"士林區","result":"優"}},{"type":"Feature","geometry":{"type":"Point","coordinates":[121.530595,25.019178]},"properties":{"city":"taipei","name":"好日早午餐-台大合作社第五小吃部","reg_no":"A-200172430-00001-7","address":"臺北市大安區羅斯福路4段1號","district":"大安區","result":"優"}},{"type":"Feature","geometry":{"type":"Point","coordinates":[121.530595,25.019178]},"properties":{"city":"taipei","name":"蘇格貓底義式冰淇淋","reg_no":"A-187496056-00001-4","address":"臺北市大安區羅斯福路4段1號-共同教室樓梯","district":"大安區","result":"優"}},{"type":"Feature","geometry":{"type":"Point","coordinates":[121.530595,25.019178]},"properties":{"city":"taipei","name":"M.D.創作料理","reg_no":"A-153949524-00052-6","address":"臺北市大安區羅斯福路4段1號-明達館","district":"大安區","result":"優"}},{"type":"Feature","geometry":{"type":"Point","coordinates":[121.530595,25.019178]},"properties":{"city":"taipei","name":"Doki Poke夏威夷蒸鮮飯-台大社科店","reg_no":"A-123298989-00002-0","address":"臺北市大安區羅斯福路4段1號-社會科學院","district":"大安區","result":"優"}},{"type":"Feature","geometry":{"type":"Point","coordinates":[121.530595,25.019178]},"properties":{"city":"taipei","name":"小木屋鬆餅","reg_no":"A-128498682-00003-8","address":"臺北市大安區羅斯福路4段1號-鹿鳴廣場","district":"大安區","result":"優"}},{"type":"Feature","geometry":{"type":"Point","coordinates":[121.530595,25.019178]},"properties":{"city":"taipei","name":"茶茶小王子x小農飯盒","reg_no":"A-150773676-00001-0","address":"臺北市大安區羅斯福路4段1號-學新館1樓","district":"大安區","result":"優"}},{"type":"Feature","geometry":{"type":"Point","coordinates":[121.530595,25.019178]},"properties":{"city":"taipei","name":"新月台 café","reg_no":"A-103734301-00001-0","address":"臺北市大安區羅斯福路4段1號-新月台","district":"大安區","result":"優"}},{"type":"Feature","geometry":{"type":"Point","coordinates":[121.548864,25.143441]},"properties":{"city":"taipei","name":"雀客藏居-台北陽明山","reg_no":"A-190238075-00001-3","address":"臺北市士林區格致路237號","district":"士林區","result":"優"}},{"type":"Feature","geometry":{"type":"Point","coordinates":[121.530595,25.019178]},"properties":{"city":"taipei","name":"義饗食堂","reg_no":"A-104268726-00011-5","address":"臺北市大安區羅斯福路4段83號2樓","district":"大安區","result":"優"}},{"type":"Feature","geometry":{"type":"Point","coordinates":[121.530595,25.019178]},"properties":{"city":"taipei","name":"SUBWAY-台大店","reg_no":"A-180591219-00001-4","address":"臺北市大安區羅斯福路4段85號","district":"大安區","result":"優"}},{"type":"Feature","geometry":{"type":"Point","coordinates":[121.530595,25.019178]},"properties":{"city":"taipei","name":"熊一燒肉-台大店","reg_no":"A-150894320-00002-1","address":"臺北市大安區羅斯福路4段85號2樓","district":"大安區","result":"優"}},{"type":"Feature","geometry":{"type":"Point","coordinates":[121.535932,25.048768]},"properties":{"city":"taipei","name":"和蒔炭火割烹","reg_no":"A-150872079-00000-6","address":"臺北市中山區長安東路2段36巷1號","district":"中山區","result":"優"}},{"type":"Feature","geometry":{"type":"Point","coordinates":[121.515512,25.029592]},"properties":{"city":"taipei","name":"路境行旅-府前館","reg_no":"A-183566663-00000-1","address":"臺北市中正區重慶南路1段86號B1","district":"中正區","result":"優"}},{"type":"Feature","geometry":{"type":"Point","coordinates":[121.526186,25.039755]},"properties":{"city":"taipei","name":"北海漁村 台北杭州店","reg_no":"A-122717540-00001-7","address":"臺北市中正區杭州南路1段8之1號1樓","district":"中正區","result":"優"}},{"type":"Feature","geometry":{"type":"Point","coordinates":[121.530087,25.0146]},"properties":{"city":"taipei","name":"uMeal 優善糧-台大水源店","reg_no":"A-200203731-00003-8","address":"臺北市中正區思源街16號","district":"中正區","result":"優"}},{"type":"Feature","geometry":{"type":"Point","coordinates":[121.537351,25.0069]},"properties":{"city":"taipei","name":"吃飯囉媽媽便當","reg_no":"A-200220414-00000-2","address":"臺北市文山區汀州路4段88號","district":"文山區","result":"優"}},{"type":"Feature","geometry":{"type":"Point","coordinates":[121.576734,25.050322]},"properties":{"city":"taipei","name":"INITA","reg_no":"A-190610931-00000-7","address":"臺北市松山區八德路3段12巷52弄1號1樓","district":"松山區","result":"優"}},{"type":"Feature","geometry":{"type":"Point","coordinates":[121.556463,25.052104]},"properties":{"city":"taipei","name":"樂田-南復二店","reg_no":"A-128427006-00102-0","address":"臺北市松山區南京東路3段253號","district":"松山區","result":"優"}},{"type":"Feature","geometry":{"type":"Point","coordinates":[121.61258,25.053227]},"properties":{"city":"taipei","name":"洛碁大飯店忠孝館","reg_no":"A-124807151-00001-7","address":"臺北市大安區忠孝東路4段180號","district":"大安區","result":"優"}},{"type":"Feature","geometry":{"type":"Point","coordinates":[121.615696,25.053362]},"properties":{"city":"taipei","name":"享聚餐廳","reg_no":"A-194271390-00002-5","address":"臺北市大安區忠孝東路3段1號","district":"大安區","result":"優"}},{"type":"Feature","geometry":{"type":"Point","coordinates":[121.533642,25.020093]},"properties":{"city":"taipei","name":"八方雲集-臺北科大","reg_no":"A-170472679-00995-3","address":"臺北市大安區新生南路1段1號1樓","district":"大安區","result":"優"}},{"type":"Feature","geometry":{"type":"Point","coordinates":[121.533642,25.020093]},"properties":{"city":"taipei","name":"拉亞漢堡臺北科大","reg_no":"A-128813605-03465-9","address":"臺北市大安區新生南路1段1號","district":"大安區","result":"優"}},{"type":"Feature","geometry":{"type":"Point","coordinates":[121.533642,25.020093]},"properties":{"city":"taipei","name":"喜歡你飯捲年糕-北科大","reg_no":"A-202298520-00000-7","address":"臺北市大安區新生南路1段1號","district":"大安區","result":"優"}},{"type":"Feature","geometry":{"type":"Point","coordinates":[121.537078,25.023823]},"properties":{"city":"taipei","name":"直火盒子低卡餐盒","reg_no":"A-202307033-00002-9","address":"臺北市大安區建國南路1段81號","district":"大安區","result":"優"}},{"type":"Feature","geometry":{"type":"Point","coordinates":[121.537078,25.023823]},"properties":{"city":"taipei","name":"炸雞大獅-北科大店","reg_no":"A-202283545-00001-9","address":"臺北市大安區建國南路1段81號","district":"大安區","result":"優"}},{"type":"Feature","geometry":{"type":"Point","coordinates":[121.533642,25.020093]},"properties":{"city":"taipei","name":"海音咖啡","reg_no":"A-200006558-00002-5","address":"臺北市大安區新生南路1段3號","district":"大安區","result":"優"}},{"type":"Feature","geometry":{"type":"Point","coordinates":[121.533642,25.020093]},"properties":{"city":"taipei","name":"宣坊","reg_no":"A-202298361-00001-1","address":"臺北市大安區新生南路1段1號2樓","district":"大安區","result":"優"}},{"type":"Feature","geometry":{"type":"Point","coordinates":[121.533642,25.020093]},"properties":{"city":"taipei","name":"可唐精品茶旅-北科大店","reg_no":"A-190884523-00000-7","address":"臺北市大安區新生南路1段1號1樓","district":"大安區","result":"優"}},{"type":"Feature","geometry":{"type":"Point","coordinates":[121.533642,25.020093]},"properties":{"city":"taipei","name":"文華食堂","reg_no":"A-202284343-00001-6","address":"臺北市大安區新生南路1段1號2樓","district":"大安區","result":"優"}},{"type":"Feature","geometry":{"type":"Point","coordinates":[121.525465,25.038491]},"properties":{"city":"taipei","name":"臺大合作社(合作社醫學院門市)","reg_no":"A-101483519-00005-4","address":"臺北市中正區仁愛路1段1號B2","district":"中正區","result":"優"}},{"type":"Feature","geometry":{"type":"Point","coordinates":[121.518991,25.046234]},"properties":{"city":"taipei","name":"樂田麵包屋-北車二店","reg_no":"A-128427006-00100-8","address":"臺北市中正區忠孝西路1段49號B3 11號店","district":"中正區","result":"優"}},{"type":"Feature","geometry":{"type":"Point","coordinates":[121.515817,25.040934]},"properties":{"city":"taipei","name":"樂田麵包屋-台大二店","reg_no":"A-128427006-00104-2","address":"臺北市中正區公園路52號","district":"中正區","result":"優"}},{"type":"Feature","geometry":{"type":"Point","coordinates":[121.519684,25.041438]},"properties":{"city":"taipei","name":"SIRAYA COFFEE","reg_no":"A-200124767-00001-7 ","address":"臺北市中正區徐州路2之3號","district":"中正區","result":"優"}},{"type":"Feature","geometry":{"type":"Point","coordinates":[121.525465,25.038491]},"properties":{"city":"taipei","name":"MIXTIO(秘地)","reg_no":"A-202265672-00001-0","address":"臺北市中正區仁愛路1段1號","district":"中正區","result":"優"}},{"type":"Feature","geometry":{"type":"Point","coordinates":[121.525465,25.038491]},"properties":{"city":"taipei","name":"問事咖啡","reg_no":"A-190145528-00004-6","address":"臺北市中正區仁愛路1段1號B1","district":"中正區","result":"優"}},{"type":"Feature","geometry":{"type":"Point","coordinates":[121.525465,25.038491]},"properties":{"city":"taipei","name":"葵川食記","reg_no":"A-190145528-00001-3","address":"臺北市中正區仁愛路1段1號B1","district":"中正區","result":"優"}},{"type":"Feature","geometry":{"type":"Point","coordinates":[121.518991,25.046234]},"properties":{"city":"taipei","name":"荖子鍋Plus 東森北車店","reg_no":"A-202281799-00001-8","address":"臺北市中正區忠孝西路1段47號B1","district":"中正區","result":"優"}},{"type":"Feature","geometry":{"type":"Point","coordinates":[121.552859,25.034319]},"properties":{"city":"taipei","name":"BAHO(八和 大安)","reg_no":"A-182855497-00000-6","address":"臺北市大安區安和路1段102巷4號","district":"大安區","result":"優"}},{"type":"Feature","geometry":{"type":"Point","coordinates":[121.52453,25.056488]},"properties":{"city":"taipei","name":"Ad Astra","reg_no":"A-190620017-00002-5","address":"臺北市中山區中山北路2段45巷23號1樓","district":"中山區","result":"優"}},{"type":"Feature","geometry":{"type":"Point","coordinates":[121.554878,25.036936]},"properties":{"city":"taipei","name":"EMBERS","reg_no":"A-182955355-00001-1","address":"臺北市大安區仁愛路4段122巷24號","district":"大安區","result":"優"}},{"type":"Feature","geometry":{"type":"Point","coordinates":[121.509695,25.113524]},"properties":{"city":"taipei","name":"一之軒北榮分店","reg_no":"A-122751743-00103-3","address":"臺北市北投區石牌路2段201號中正樓生活廣場","district":"北投區","result":"優"}},{"type":"Feature","geometry":{"type":"Point","coordinates":[121.509695,25.113524]},"properties":{"city":"taipei","name":"每力果榮總店","reg_no":"A-112743858-00003-9","address":"臺北市北投區石牌路2段201號中正樓生活廣場","district":"北投區","result":"優"}},{"type":"Feature","geometry":{"type":"Point","coordinates":[121.509695,25.113524]},"properties":{"city":"taipei","name":"迷客夏PLUS台北榮總店","reg_no":"A-128949151-00855-5","address":"臺北市北投區石牌路2段201號中正樓生活廣場","district":"北投區","result":"優"}},{"type":"Feature","geometry":{"type":"Point","coordinates":[121.509695,25.113524]},"properties":{"city":"taipei","name":"李記中式餐廳","reg_no":"A-202314784-00001-9","address":"臺北市北投區石牌路2段201號中正樓生活廣場","district":"北投區","result":"優"}},{"type":"Feature","geometry":{"type":"Point","coordinates":[121.509695,25.113524]},"properties":{"city":"taipei","name":"福勝亭北榮店","reg_no":"A-197301707-00688-4","address":"臺北市北投區石牌路2段201號中正樓生活廣場","district":"北投區","result":"優"}},{"type":"Feature","geometry":{"type":"Point","coordinates":[121.530595,25.019178]},"properties":{"city":"taipei","name":"椰林燒臘","reg_no":"A-200204135-00001-5","address":"臺北市大安區羅斯福路4段1號","district":"大安區","result":"優"}},{"type":"Feature","geometry":{"type":"Point","coordinates":[121.503744,25.138034]},"properties":{"city":"taipei","name":"山水樂會館","reg_no":"A-116773754-00001-9","address":"臺北市北投區中和街20巷6號","district":"北投區","result":"優"}},{"type":"Feature","geometry":{"type":"Point","coordinates":[121.466276,25.130012]},"properties":{"city":"taipei","name":"凱特無餓不做 輕食早午餐","reg_no":"A-200250981-00001-5","address":"臺北市北投區學園路1號","district":"北投區","result":"優"}},{"type":"Feature","geometry":{"type":"Point","coordinates":[121.466276,25.130012]},"properties":{"city":"taipei","name":"泰牛雅上餐飲小吃","reg_no":"A-202310285-00001-1","address":"臺北市北投區學園路1號","district":"北投區","result":"優"}},{"type":"Feature","geometry":{"type":"Point","coordinates":[121.466276,25.130012]},"properties":{"city":"taipei","name":"歐海唷尚一品餐廳","reg_no":"A-200007846-00006-0","address":"臺北市北投區學園路1號","district":"北投區","result":"優"}},{"type":"Feature","geometry":{"type":"Point","coordinates":[121.58115,25.060454]},"properties":{"city":"taipei","name":"臺北市立行愛住宿長照機構(委託臺北醫學大學經營管理)","reg_no":"A-193211661-00000-7","address":"臺北市內湖區行善路250號1-2樓","district":"內湖區","result":"優"}},{"type":"Feature","geometry":{"type":"Point","coordinates":[121.573666,25.073638]},"properties":{"city":"taipei","name":"晴光紅豆餅-內湖大潤發店","reg_no":"A-200108615-00000-0","address":"臺北市內湖區舊宗路1段188號1樓","district":"內湖區","result":"優"}},{"type":"Feature","geometry":{"type":"Point","coordinates":[121.573666,25.073638]},"properties":{"city":"taipei","name":"越式河粉-內湖大潤發店","reg_no":"A-199998569-00001-3","address":"臺北市內湖區舊宗路1段188號1樓","district":"內湖區","result":"優"}},{"type":"Feature","geometry":{"type":"Point","coordinates":[121.573666,25.073638]},"properties":{"city":"taipei","name":"beard papa-內湖大潤發店","reg_no":"A-180292991-00099-6","address":"臺北市內湖區舊宗路1段188號1樓","district":"內湖區","result":"優"}},{"type":"Feature","geometry":{"type":"Point","coordinates":[121.573666,25.073638]},"properties":{"city":"taipei","name":"12MINI-內湖大潤發店","reg_no":"A-161210008-00160-3","address":"臺北市內湖區舊宗路1段188號1樓","district":"內湖區","result":"優"}},{"type":"Feature","geometry":{"type":"Point","coordinates":[121.573666,25.073638]},"properties":{"city":"taipei","name":"霜江茶行-內湖大潤發店","reg_no":"A-124332824-00001-7","address":"臺北市內湖區舊宗路1段188號1樓","district":"內湖區","result":"優"}},{"type":"Feature","geometry":{"type":"Point","coordinates":[121.573666,25.073638]},"properties":{"city":"taipei","name":"韓食客-內湖大潤發店","reg_no":"A-152752425-00004-4","address":"臺北市內湖區舊宗路1段188號1樓","district":"內湖區","result":"優"}},{"type":"Feature","geometry":{"type":"Point","coordinates":[121.502983,25.128654]},"properties":{"city":"taipei","name":"臺北市私立高德老人長期照顧中心(養護型)","reg_no":"A-172966255-00000-0","address":"臺北市北投區磺港路156號1樓","district":"北投區","result":"優"}},{"type":"Feature","geometry":{"type":"Point","coordinates":[121.566078,25.026678]},"properties":{"city":"taipei","name":"Zaap","reg_no":"A-194266354-00001-8","address":"臺北市信義區吳興街345巷6號","district":"信義區","result":"優"}},{"type":"Feature","geometry":{"type":"Point","coordinates":[121.560244,25.081579]},"properties":{"city":"taipei","name":"欣葉鐘菜","reg_no":"A-112107610-00038-7","address":"臺北市中山區樂群二路199號1樓","district":"中山區","result":"優"}},{"type":"Feature","geometry":{"type":"Point","coordinates":[121.608358,25.054164]},"properties":{"city":"taipei","name":"衛生福利部基隆醫院附設南港綜合長照機構","reg_no":"A-402294548-00002-7","address":"臺北市南港區南港路2段78號5樓","district":"南港區","result":"優"}},{"type":"Feature","geometry":{"type":"Point","coordinates":[121.548434,25.033025]},"properties":{"city":"taipei","name":"紅豆食府/遠企店","reg_no":"A-116794266-00003-2","address":"臺北市大安區敦化南路2段203號B2","district":"大安區","result":"優"}},{"type":"Feature","geometry":{"type":"Point","coordinates":[121.575362,25.060142]},"properties":{"city":"taipei","name":"88樂章婚宴會館","reg_no":"A-154022092-00001-3","address":"臺北市內湖區民善街88號","district":"內湖區","result":"優"}},{"type":"Feature","geometry":{"type":"Point","coordinates":[121.530595,25.019178]},"properties":{"city":"taipei","name":"台灣大學－蛋白盒子","reg_no":"A-202308028-00000-2","address":"臺北市大安區羅斯福路4段1號","district":"大安區","result":"優"}},{"type":"Feature","geometry":{"type":"Point","coordinates":[121.530595,25.019178]},"properties":{"city":"taipei","name":"台灣大學-食事場","reg_no":"A-100849579-00004-4","address":"臺北市大安區羅斯福路4段1號","district":"大安區","result":"優"}},{"type":"Feature","geometry":{"type":"Point","coordinates":[121.530595,25.019178]},"properties":{"city":"taipei","name":"比司多","reg_no":"A-200204488-00000-5","address":"臺北市大安區羅斯福路4段1號","district":"大安區","result":"優"}},{"type":"Feature","geometry":{"type":"Point","coordinates":[121.530595,25.019178]},"properties":{"city":"taipei","name":"厚宅","reg_no":"A-200228004-00000-5","address":"臺北市大安區羅斯福路4段1號","district":"大安區","result":"優"}},{"type":"Feature","geometry":{"type":"Point","coordinates":[121.530595,25.019178]},"properties":{"city":"taipei","name":"悠悠鮮果屋","reg_no":"A-200204626-00000-9","address":"臺北市大安區羅斯福路4段1號","district":"大安區","result":"優"}},{"type":"Feature","geometry":{"type":"Point","coordinates":[121.530595,25.019178]},"properties":{"city":"taipei","name":"吉登自助餐","reg_no":"A-128858882-00001-8","address":"臺北市大安區羅斯福路4段1號","district":"大安區","result":"優"}},{"type":"Feature","geometry":{"type":"Point","coordinates":[121.530595,25.019178]},"properties":{"city":"taipei","name":"Doki PoKe夏威夷蒸鮮飯","reg_no":"A-202278415-00001-9","address":"臺北市大安區羅斯福路4段1號","district":"大安區","result":"優"}},{"type":"Feature","geometry":{"type":"Point","coordinates":[121.530595,25.019178]},"properties":{"city":"taipei","name":"桔客義式麵屋","reg_no":"A-202265997-00001-0","address":"臺北市大安區羅斯福路4段1號","district":"大安區","result":"優"}},{"type":"Feature","geometry":{"type":"Point","coordinates":[121.529115,25.049677]},"properties":{"city":"taipei","name":"鮨 嘉仁","reg_no":"A-100043068-00000-9","address":"臺北市中山區吉林路28號1樓","district":"中山區","result":"優"}},{"type":"Feature","geometry":{"type":"Point","coordinates":[121.54567,25.03479]},"properties":{"city":"taipei","name":"小小樹食","reg_no":"A-153946836-00001-3","address":"臺北市大安區大安路1段116巷17號","district":"大安區","result":"優"}},{"type":"Feature","geometry":{"type":"Point","coordinates":[121.509296,25.025265]},"properties":{"city":"taipei","name":"山內雞肉-南機場夜市店","reg_no":"A-202269800-00002-8","address":"臺北市中正區中華路2段307巷20之3號","district":"中正區","result":"優"}},{"type":"Feature","geometry":{"type":"Point","coordinates":[121.547078,25.015092]},"properties":{"city":"taipei","name":"翊芳庭複合式餐飲","reg_no":"A-200236878-00001-4","address":"臺北市大安區長興街92號(男七舍)","district":"大安區","result":"優"}},{"type":"Feature","geometry":{"type":"Point","coordinates":[121.560244,25.081579]},"properties":{"city":"taipei","name":"天婦羅 杉村","reg_no":"A-190222968-00002-8","address":"臺北市中山區樂群二路199號2樓","district":"中山區","result":"優"}},{"type":"Feature","geometry":{"type":"Point","coordinates":[121.579008,25.051704]},"properties":{"city":"taipei","name":"加分昆布鍋物-台北八德店","reg_no":"A-200199967-00001-1","address":"臺北市松山區八德路4段170號1樓","district":"松山區","result":"優"}},{"type":"Feature","geometry":{"type":"Point","coordinates":[121.579019,25.05167]},"properties":{"city":"taipei","name":"台北碧瑤飯店","reg_no":"A-120682708-00001-2","address":"臺北市松山區八德路2段367號1至10樓","district":"松山區","result":"優"}},{"type":"Feature","geometry":{"type":"Point","coordinates":[121.554954,25.052314]},"properties":{"city":"taipei","name":"祥福餐廳","reg_no":"A-183588006-00001-7","address":"臺北市松山區南京東路4段50號2樓","district":"松山區","result":"良"}},{"type":"Feature","geometry":{"type":"Point","coordinates":[121.544292,25.053723]},"properties":{"city":"taipei","name":"天閣酒店-台北復興店","reg_no":"A-154348020-00001-5","address":"臺北市松山區復興北路147號","district":"松山區","result":"優"}},{"type":"Feature","geometry":{"type":"Point","coordinates":[121.489632,25.138884]},"properties":{"city":"taipei","name":"國防大學廚房","reg_no":"A-154842824-00012-8","address":"臺北市北投區中央北路2段70號","district":"北投區","result":"優"}},{"type":"Feature","geometry":{"type":"Point","coordinates":[121.573666,25.073638]},"properties":{"city":"taipei","name":"三商鮮五丼-內湖大潤發2館","reg_no":"A-197301707-00684-0","address":"臺北市內湖區舊宗路1段188號1樓","district":"內湖區","result":"優"}},{"type":"Feature","geometry":{"type":"Point","coordinates":[121.573666,25.073638]},"properties":{"city":"taipei","name":"星悅-內湖大全聯二店","reg_no":"A-202269966-00002-1","address":"臺北市內湖區舊宗路1段188號1樓","district":"內湖區","result":"優"}},{"type":"Feature","geometry":{"type":"Point","coordinates":[121.532948,25.05981]},"properties":{"city":"taipei","name":"順成蛋糕錦州店","reg_no":"A-128200887-00004-7","address":"臺北市中山區松江路276號","district":"中山區","result":"優"}},{"type":"Feature","geometry":{"type":"Point","coordinates":[121.522102,25.02854]},"properties":{"city":"taipei","name":"Treehouse","reg_no":"A-200186532-00000-4","address":"臺北市大安區杭州南路2段1號","district":"大安區","result":"優"}},{"type":"Feature","geometry":{"type":"Point","coordinates":[121.510819,25.055753]},"properties":{"city":"taipei","name":"江牛樓","reg_no":"A-202268299-00001-8","address":"臺北市大同區民樂街6號","district":"大同區","result":"優"}},{"type":"Feature","geometry":{"type":"Point","coordinates":[121.593081,25.081643]},"properties":{"city":"taipei","name":"饗來美食(康寧生活事業股份有限公司)","reg_no":"A-184912038-00000-3","address":"臺北市內湖區成功路5段420巷28號1樓","district":"內湖區","result":"優"}},{"type":"Feature","geometry":{"type":"Point","coordinates":[121.611534,25.05317]},"properties":{"city":"taipei","name":"京都柚子豚骨拉麵研究中心- 南港環球店","reg_no":"A-150866422-00008-9","address":"臺北市南港區忠孝東路7段371號B1","district":"南港區","result":"優"}},{"type":"Feature","geometry":{"type":"Point","coordinates":[121.611534,25.05317]},"properties":{"city":"taipei","name":"京都御握丸-南港環球店","reg_no":"A-127732788-00001-3","address":"臺北市南港區忠孝東路7段371號B1","district":"南港區","result":"優"}},{"type":"Feature","geometry":{"type":"Point","coordinates":[121.611534,25.05317]},"properties":{"city":"taipei","name":"洪瑞珍-環球南港店","reg_no":"A-142832420-00020-5","address":"臺北市南港區忠孝東路7段371號B1","district":"南港區","result":"優"}},{"type":"Feature","geometry":{"type":"Point","coordinates":[121.547161,25.03546]},"properties":{"city":"taipei","name":"AJIMI - 割烹．味美","reg_no":"A-202310443-00001-7","address":"臺北市大安區四維路52巷19弄5號1樓","district":"大安區","result":"優"}},{"type":"Feature","geometry":{"type":"Point","coordinates":[121.575434,25.061334]},"properties":{"city":"taipei","name":"MONEY JUMP","reg_no":"A-202297464-00000-3","address":"臺北市內湖區民善街127號2樓","district":"內湖區","result":"優"}},{"type":"Feature","geometry":{"type":"Point","coordinates":[121.509275,25.042084]},"properties":{"city":"taipei","name":"馬可先生健康烘焙-西門店","reg_no":"A-128467554-00002-1","address":"臺北市中正區衡陽路130號","district":"中正區","result":"優"}},{"type":"Feature","geometry":{"type":"Point","coordinates":[121.58369,25.045326]},"properties":{"city":"taipei","name":"洛碁大飯店松山館","reg_no":"A-128691455-00057-0","address":"臺北市南港區玉成街149號","district":"南港區","result":"優"}},{"type":"Feature","geometry":{"type":"Point","coordinates":[121.61258,25.053227]},"properties":{"city":"taipei","name":"壽司芳Sushiyoshi","reg_no":"A-183484261-00001-5","address":"臺北市大安區忠孝東路4段216巷19弄12號1樓","district":"大安區","result":"優"}},{"type":"Feature","geometry":{"type":"Point","coordinates":[121.614079,25.059285]},"properties":{"city":"taipei","name":"台北馥華商旅南港館","reg_no":"A-125112707-00000-3","address":"臺北市南港區三重路23號1至4樓","district":"南港區","result":"優"}},{"type":"Feature","geometry":{"type":"Point","coordinates":[121.551854,25.08128]},"properties":{"city":"taipei","name":"aMaze 心宴","reg_no":"A-194003753-00000-9","address":"臺北市中山區明水路598號1樓","district":"中山區","result":"優"}},{"type":"Feature","geometry":{"type":"Point","coordinates":[121.55696,25.082542]},"properties":{"city":"taipei","name":"Bar Domani 義式餐酒館","reg_no":"A-128489086-00018-2","address":"臺北市中山區樂群三路200號3樓05號櫃","district":"中山區","result":"優"}},{"type":"Feature","geometry":{"type":"Point","coordinates":[121.518609,25.058791]},"properties":{"city":"taipei","name":"set.","reg_no":"A-190265678-00001-2","address":"臺北市大同區承德路2段110號","district":"大同區","result":"優"}},{"type":"Feature","geometry":{"type":"Point","coordinates":[121.529651,25.023132]},"properties":{"city":"taipei","name":"川蜀牛肉麵","reg_no":"A-101738267-00001-3","address":"臺北市大安區龍泉街32號","district":"大安區","result":"優"}},{"type":"Feature","geometry":{"type":"Point","coordinates":[121.529224,25.024641]},"properties":{"city":"taipei","name":"雞房重地","reg_no":"A-200152704-00001-9","address":"臺北市大安區師大路39巷19號","district":"大安區","result":"優"}},{"type":"Feature","geometry":{"type":"Point","coordinates":[121.531935,25.11417]},"properties":{"city":"taipei","name":"大戶屋大葉高島屋店","reg_no":"A-153089762-00036-7","address":"臺北市士林區忠誠路2段55號B1","district":"士林區","result":"優"}},{"type":"Feature","geometry":{"type":"Point","coordinates":[121.525085,25.095482]},"properties":{"city":"taipei","name":"OTIS Café","reg_no":"A-172922291-00001-3","address":"臺北市士林區美德街104號1樓","district":"士林區","result":"優"}},{"type":"Feature","geometry":{"type":"Point","coordinates":[121.525002,25.093975]},"properties":{"city":"taipei","name":"咬一口脆皮雞蛋糕","reg_no":"A-200164545-00001-5","address":"臺北市士林區文林路406號1樓","district":"士林區","result":"優"}},{"type":"Feature","geometry":{"type":"Point","coordinates":[121.52933,25.023677]},"properties":{"city":"taipei","name":"吉菈朵食品行","reg_no":"A-200203282-00001-7","address":"臺北市大安區龍泉街62號1樓","district":"大安區","result":"優"}},{"type":"Feature","geometry":{"type":"Point","coordinates":[121.529128,25.024018]},"properties":{"city":"taipei","name":"義肥好好吃舖","reg_no":"A-188203986-00000-2","address":"臺北市大安區師大路59巷9之3號","district":"大安區","result":"優"}},{"type":"Feature","geometry":{"type":"Point","coordinates":[121.528686,25.022544]},"properties":{"city":"taipei","name":"工方的咖啡店","reg_no":"A-200225849-00001-0","address":"臺北市大安區師大路105巷18號1樓","district":"大安區","result":"優"}},{"type":"Feature","geometry":{"type":"Point","coordinates":[121.529617,25.025348]},"properties":{"city":"taipei","name":"元日本豚骨拉麵","reg_no":"A-202302313-00001-4","address":"臺北市大安區泰順街16巷41號","district":"大安區","result":"優"}},{"type":"Feature","geometry":{"type":"Point","coordinates":[121.580671,25.043915]},"properties":{"city":"taipei","name":"麥當勞-台北大巨蛋","reg_no":"A-112411160-01813-7","address":"臺北市信義區忠孝東路4段515號(D棟B2)","district":"信義區","result":"優"}},{"type":"Feature","geometry":{"type":"Point","coordinates":[121.573666,25.073638]},"properties":{"city":"taipei","name":"麥當勞-台北舊宗二","reg_no":"A-112411160-01790-1","address":"臺北市內湖區舊宗路1段275號","district":"內湖區","result":"優"}},{"type":"Feature","geometry":{"type":"Point","coordinates":[121.616811,25.068202]},"properties":{"city":"taipei","name":"麥當勞-台北東湖","reg_no":"A-112411160-01784-4","address":"臺北市內湖區東湖路135號","district":"內湖區","result":"優"}},{"type":"Feature","geometry":{"type":"Point","coordinates":[121.532945,25.123448]},"properties":{"city":"taipei","name":"麥當勞-台北中山北","reg_no":"A-112411160-01739-4","address":"臺北市士林區中山北路6段152及154號1樓","district":"士林區","result":"優"}},{"type":"Feature","geometry":{"type":"Point","coordinates":[121.614832,25.058698]},"properties":{"city":"taipei","name":"麥當勞-南港中信","reg_no":"A-112411160-01725-9","address":"臺北市南港區經貿二路188號","district":"南港區","result":"優"}},{"type":"Feature","geometry":{"type":"Point","coordinates":[121.520661,25.052434]},"properties":{"city":"taipei","name":"麥當勞-南西誠品","reg_no":"A-112411160-01701-3","address":"臺北市中山區南京西路14號1樓、B1","district":"中山區","result":"優"}},{"type":"Feature","geometry":{"type":"Point","coordinates":[121.500315,25.024803]},"properties":{"city":"taipei","name":"麥當勞-台北萬大二","reg_no":"A-112411160-01240-1","address":"臺北市萬華區萬大路215號","district":"萬華區","result":"優"}},{"type":"Feature","geometry":{"type":"Point","coordinates":[121.546277,25.093076]},"properties":{"city":"taipei","name":"麥當勞-台北東吳","reg_no":"A-112411160-01220-9","address":"臺北市士林區臨溪路70號1樓","district":"士林區","result":"優"}},{"type":"Feature","geometry":{"type":"Point","coordinates":[121.533847,25.051567]},"properties":{"city":"taipei","name":"麥當勞-台北南京五","reg_no":"A-112411160-01207-4","address":"臺北市中山區南京東路3段210號1樓","district":"中山區","result":"優"}},{"type":"Feature","geometry":{"type":"Point","coordinates":[121.530595,25.019178]},"properties":{"city":"taipei","name":"麥當勞-台北台大","reg_no":"A-112411160-01190-5","address":"臺北市大安區羅斯福路4段1號1樓","district":"大安區","result":"優"}},{"type":"Feature","geometry":{"type":"Point","coordinates":[121.573666,25.073638]},"properties":{"city":"taipei","name":"麥當勞-台北舊宗","reg_no":"A-112411160-01184-8","address":"臺北市內湖區舊宗路1段135號","district":"內湖區","result":"優"}},{"type":"Feature","geometry":{"type":"Point","coordinates":[121.517055,25.047176]},"properties":{"city":"taipei","name":"麥當勞-台北車站微風","reg_no":"A-112411160-01168-0","address":"臺北市中正區北平西路3號1樓","district":"中正區","result":"優"}},{"type":"Feature","geometry":{"type":"Point","coordinates":[121.593839,24.991803]},"properties":{"city":"taipei","name":"麥當勞-台北動物園三","reg_no":"A-112411160-01163-5","address":"臺北市文山區新光路2段30號","district":"文山區","result":"優"}},{"type":"Feature","geometry":{"type":"Point","coordinates":[121.563901,25.034027]},"properties":{"city":"taipei","name":"麥當勞-新台北101","reg_no":"A-112411160-01159-0","address":"臺北市信義區市府路45號B1","district":"信義區","result":"優"}},{"type":"Feature","geometry":{"type":"Point","coordinates":[121.569105,25.07924]},"properties":{"city":"taipei","name":"麥當勞-台北瑞光","reg_no":"A-112411160-01145-5","address":"臺北市內湖區瑞光路517號1樓","district":"內湖區","result":"優"}},{"type":"Feature","geometry":{"type":"Point","coordinates":[121.582612,25.086044]},"properties":{"city":"taipei","name":"麥當勞-台北西湖","reg_no":"A-112411160-01111-8","address":"臺北市內湖區內湖路1段283號1樓","district":"內湖區","result":"優"}},{"type":"Feature","geometry":{"type":"Point","coordinates":[121.543934,25.036749]},"properties":{"city":"taipei","name":"麥當勞-復興二","reg_no":"A-112411160-01104-0","address":"臺北市大安區復興南路2段273號","district":"大安區","result":"優"}},{"type":"Feature","geometry":{"type":"Point","coordinates":[121.612714,25.053284]},"properties":{"city":"taipei","name":"麥當勞-忠孝八","reg_no":"A-112411160-01094-8","address":"臺北市南港區忠孝東路6段438號1樓","district":"南港區","result":"優"}},{"type":"Feature","geometry":{"type":"Point","coordinates":[121.575973,25.001248]},"properties":{"city":"taipei","name":"麥當勞-台北考試院","reg_no":"A-112411160-01089-2","address":"臺北市文山區木柵路1段137號","district":"文山區","result":"優"}},{"type":"Feature","geometry":{"type":"Point","coordinates":[121.568124,25.026855]},"properties":{"city":"taipei","name":"麥當勞-台北莊敬","reg_no":"A-112411160-01086-9","address":"臺北市信義區莊敬路475號1樓","district":"信義區","result":"優"}},{"type":"Feature","geometry":{"type":"Point","coordinates":[121.55538,25.052589]},"properties":{"city":"taipei","name":"麥當勞-台北南京影城","reg_no":"A-112411160-01057-7","address":"臺北市松山區南京東路5段162號1樓","district":"松山區","result":"優"}},{"type":"Feature","geometry":{"type":"Point","coordinates":[121.610503,25.040977]},"properties":{"city":"taipei","name":"麥當勞-台北研究院","reg_no":"A-112411160-01053-3","address":"臺北市南港區研究院路1段99號","district":"南港區","result":"優"}},{"type":"Feature","geometry":{"type":"Point","coordinates":[121.510952,25.111621]},"properties":{"city":"taipei","name":"麥當勞-台北承德II","reg_no":"A-112411160-01047-6","address":"臺北市北投區承德路7段262號1樓","district":"北投區","result":"優"}},{"type":"Feature","geometry":{"type":"Point","coordinates":[121.608358,25.054164]},"properties":{"city":"taipei","name":"麥當勞-台北南港","reg_no":"A-112411160-01034-2","address":"臺北市南港區南港路2段16號1樓","district":"南港區","result":"優"}},{"type":"Feature","geometry":{"type":"Point","coordinates":[121.570823,24.987577]},"properties":{"city":"taipei","name":"麥當勞-台北木新","reg_no":"A-112411160-01007-2","address":"臺北市文山區木新路3段174號1樓","district":"文山區","result":"優"}},{"type":"Feature","geometry":{"type":"Point","coordinates":[121.496511,25.03168]},"properties":{"city":"taipei","name":"麥當勞-台北西園二","reg_no":"A-112411160-00994-6","address":"臺北市萬華區西園路2段240號","district":"萬華區","result":"優"}},{"type":"Feature","geometry":{"type":"Point","coordinates":[121.520351,25.057745]},"properties":{"city":"taipei","name":"麥當勞-民生三","reg_no":"A-112411160-00970-0","address":"臺北市大同區民生西路55號","district":"大同區","result":"優"}},{"type":"Feature","geometry":{"type":"Point","coordinates":[121.582612,25.086044]},"properties":{"city":"taipei","name":"麥當勞-台北內湖","reg_no":"A-112411160-00958-6","address":"臺北市內湖區內湖路1段741號1樓","district":"內湖區","result":"優"}},{"type":"Feature","geometry":{"type":"Point","coordinates":[121.499844,25.129454]},"properties":{"city":"taipei","name":"麥當勞-台北大業","reg_no":"A-112411160-00950-8","address":"臺北市北投區北投路2段15號","district":"北投區","result":"優"}},{"type":"Feature","geometry":{"type":"Point","coordinates":[121.523115,25.025418]},"properties":{"city":"taipei","name":"麥當勞-台北南昌","reg_no":"A-112411160-00942-9","address":"臺北市中正區南昌路1段149號1樓","district":"中正區","result":"優"}},{"type":"Feature","geometry":{"type":"Point","coordinates":[121.555482,25.01924]},"properties":{"city":"taipei","name":"麥當勞-台北麟光","reg_no":"A-112411160-00940-7","address":"臺北市大安區和平東路3段406巷8號1樓","district":"大安區","result":"優"}},{"type":"Feature","geometry":{"type":"Point","coordinates":[121.519935,25.062655]},"properties":{"city":"taipei","name":"麥當勞-民權三","reg_no":"A-112411160-00925-0","address":"臺北市中山區民權西路68號1樓","district":"中山區","result":"優"}},{"type":"Feature","geometry":{"type":"Point","coordinates":[121.61258,25.053227]},"properties":{"city":"taipei","name":"麥當勞-忠孝五","reg_no":"A-112411160-00923-8","address":"臺北市大安區忠孝東路4段73之1號","district":"大安區","result":"優"}},{"type":"Feature","geometry":{"type":"Point","coordinates":[121.56126,24.983436]},"properties":{"city":"taipei","name":"麥當勞-台北興隆","reg_no":"A-112411160-00920-5","address":"臺北市文山區興隆路3段54號","district":"文山區","result":"優"}},{"type":"Feature","geometry":{"type":"Point","coordinates":[121.574333,25.040053]},"properties":{"city":"taipei","name":"麥當勞-忠孝四","reg_no":"A-112411160-00899-0","address":"臺北市信義區忠孝東路5段522號1樓","district":"信義區","result":"優"}},{"type":"Feature","geometry":{"type":"Point","coordinates":[121.554184,25.03263]},"properties":{"city":"taipei","name":"麥當勞-台北信義","reg_no":"A-112411160-00897-8","address":"臺北市大安區信義路4段273號1樓","district":"大安區","result":"優"}},{"type":"Feature","geometry":{"type":"Point","coordinates":[121.509695,25.113524]},"properties":{"city":"taipei","name":"麥當勞-台北石牌","reg_no":"A-112411160-00883-3","address":"臺北市北投區石牌路2段126號","district":"北投區","result":"優"}},{"type":"Feature","geometry":{"type":"Point","coordinates":[121.52571,25.059775]},"properties":{"city":"taipei","name":"麥當勞-林森三","reg_no":"A-112411160-00882-2","address":"臺北市中山區林森北路413號1樓","district":"中山區","result":"優"}},{"type":"Feature","geometry":{"type":"Point","coordinates":[121.516798,25.044291]},"properties":{"city":"taipei","name":"麥當勞-台北公園","reg_no":"A-112411160-00879-8","address":"臺北市中正區公園路30之1號","district":"中正區","result":"優"}},{"type":"Feature","geometry":{"type":"Point","coordinates":[121.518647,25.033686]},"properties":{"city":"taipei","name":"麥當勞-林森二","reg_no":"A-112411160-00867-5","address":"臺北市中正區林森南路1號","district":"中正區","result":"優"}},{"type":"Feature","geometry":{"type":"Point","coordinates":[121.546662,25.137772]},"properties":{"city":"taipei","name":"麥當勞-陽明山","reg_no":"A-112411160-00865-3","address":"臺北市士林區格致路62號","district":"士林區","result":"優"}},{"type":"Feature","geometry":{"type":"Point","coordinates":[121.542298,24.99219]},"properties":{"city":"taipei","name":"麥當勞-景美","reg_no":"A-112411160-00857-4","address":"臺北市文山區景中街30巷12號","district":"文山區","result":"優"}},{"type":"Feature","geometry":{"type":"Point","coordinates":[121.530747,25.019036]},"properties":{"city":"taipei","name":"麥當勞-羅斯福","reg_no":"A-112411160-00841-7","address":"臺北市大安區羅斯福路2段45號","district":"大安區","result":"優"}},{"type":"Feature","geometry":{"type":"Point","coordinates":[121.514892,25.045817]},"properties":{"city":"taipei","name":"麥當勞-台北館前","reg_no":"A-112411160-00836-1","address":"臺北市中正區館前路8號","district":"中正區","result":"優"}},{"type":"Feature","geometry":{"type":"Point","coordinates":[121.55744,25.039542]},"properties":{"city":"taipei","name":"麥當勞-台北光復","reg_no":"A-112411160-00835-0","address":"臺北市大安區光復南路286號","district":"大安區","result":"優"}},{"type":"Feature","geometry":{"type":"Point","coordinates":[121.5337,25.053331]},"properties":{"city":"taipei","name":"麥當勞-林森一","reg_no":"A-112411160-00833-8","address":"臺北市中山區南京東路1段86號","district":"中山區","result":"優"}},{"type":"Feature","geometry":{"type":"Point","coordinates":[121.558155,25.060044]},"properties":{"city":"taipei","name":"麥當勞-台北民生","reg_no":"A-112411160-00831-6","address":"臺北市松山區民生東路3段135號","district":"松山區","result":"優"}},{"type":"Feature","geometry":{"type":"Point","coordinates":[121.527069,25.064982]},"properties":{"city":"taipei","name":"築間-台北農安店","reg_no":"A-183293333-00091-2","address":"臺北市中山區農安街57號","district":"中山區","result":"優"}},{"type":"Feature","geometry":{"type":"Point","coordinates":[121.61258,25.053227]},"properties":{"city":"taipei","name":"築間-台北忠孝二店","reg_no":"A-183293333-00089-9","address":"臺北市大安區忠孝東路4段120號2樓","district":"大安區","result":"優"}},{"type":"Feature","geometry":{"type":"Point","coordinates":[121.59363,25.084126]},"properties":{"city":"taipei","name":"築間-內湖成功店","reg_no":"A-183293333-00042-8","address":"臺北市內湖區成功路4段34號1樓","district":"內湖區","result":"優"}},{"type":"Feature","geometry":{"type":"Point","coordinates":[121.524237,25.06656]},"properties":{"city":"taipei","name":"築間-台北雙城店","reg_no":"A-183293333-00037-2","address":"臺北市中山區雙城街34號1樓","district":"中山區","result":"優"}},{"type":"Feature","geometry":{"type":"Point","coordinates":[121.574333,25.040053]},"properties":{"city":"taipei","name":"築間-台北忠孝一店","reg_no":"A-183293333-00090-1","address":"臺北市信義區忠孝東路5段695號","district":"信義區","result":"優"}},{"type":"Feature","geometry":{"type":"Point","coordinates":[121.51419,25.113866]},"properties":{"city":"taipei","name":"築間-北投石牌店","reg_no":"A-183293333-00051-8","address":"臺北市北投區石牌路1段160號","district":"北投區","result":"優"}},{"type":"Feature","geometry":{"type":"Point","coordinates":[121.606743,25.056501]},"properties":{"city":"taipei","name":"築間-台北南港店","reg_no":"A-183293333-00092-3","address":"臺北市南港區興中路56巷3號","district":"南港區","result":"優"}},{"type":"Feature","geometry":{"type":"Point","coordinates":[121.544277,25.03012]},"properties":{"city":"taipei","name":"築間-台北復興南店","reg_no":"A-183293333-00105-8","address":"臺北市松山區復興南路1段1之1號","district":"松山區","result":"優"}},{"type":"Feature","geometry":{"type":"Point","coordinates":[121.531952,25.063149]},"properties":{"city":"taipei","name":"築間-台北松江店","reg_no":"A-183293333-00109-2","address":"臺北市中山區松江路27號","district":"中山區","result":"優"}},{"type":"Feature","geometry":{"type":"Point","coordinates":[121.579019,25.05167]},"properties":{"city":"taipei","name":"石二鍋中崙大潤發店","reg_no":"A-161210008-00121-0","address":"臺北市中山區八德路2段306號B1","district":"中山區","result":"優"}},{"type":"Feature","geometry":{"type":"Point","coordinates":[121.504399,25.13711]},"properties":{"city":"taipei","name":"石二鍋捷運新北投店","reg_no":"A-161210008-00122-1","address":"臺北市北投區泉源路12號2樓","district":"北投區","result":"優"}},{"type":"Feature","geometry":{"type":"Point","coordinates":[121.527462,25.095491]},"properties":{"city":"taipei","name":"石二鍋士林中正店","reg_no":"A-161210008-00116-4","address":"臺北市士林區中正路183號、185號","district":"士林區","result":"優"}},{"type":"Feature","geometry":{"type":"Point","coordinates":[121.526427,25.120351]},"properties":{"city":"taipei","name":"石二鍋台北天母西店","reg_no":"A-161210008-00026-4","address":"臺北市士林區天母西路40號","district":"士林區","result":"優"}},{"type":"Feature","geometry":{"type":"Point","coordinates":[121.555163,25.020694]},"properties":{"city":"taipei","name":"石二鍋台北安居店","reg_no":"A-161210008-00032-1","address":"臺北市大安區安居街50號1樓","district":"大安區","result":"優"}},{"type":"Feature","geometry":{"type":"Point","coordinates":[121.55605,25.032512]},"properties":{"city":"taipei","name":"石二鍋台北信義店","reg_no":"A-161210008-00030-9","address":"臺北市大安區信義路2段72號1樓","district":"大安區","result":"優"}},{"type":"Feature","geometry":{"type":"Point","coordinates":[121.574333,25.040053]},"properties":{"city":"taipei","name":"石二鍋台北捷運後山埤店","reg_no":"A-184630426-00239-5","address":"臺北市信義區孝東路5段787號1樓及789號1樓","district":"信義區","result":"優"}},{"type":"Feature","geometry":{"type":"Point","coordinates":[121.524827,25.049892]},"properties":{"city":"taipei","name":"台灣壽司郎-台北林森店","reg_no":" A-152929520-00023-7","address":"臺北市中山區林森北路247號B1","district":"中山區","result":"優"}},{"type":"Feature","geometry":{"type":"Point","coordinates":[121.531124,25.057509]},"properties":{"city":"taipei","name":"台灣壽司郎-台北松江長安店","reg_no":" A-152929520-00012-5","address":"臺北市中山區松江路61之1號2樓","district":"中山區","result":"優"}},{"type":"Feature","geometry":{"type":"Point","coordinates":[121.511618,25.025236]},"properties":{"city":"taipei","name":"台灣壽司郎-台北中華路店","reg_no":" A-152929520-00002-4","address":"臺北市中正區中華路1段41號1樓","district":"中正區","result":"優"}},{"type":"Feature","geometry":{"type":"Point","coordinates":[121.573666,25.073638]},"properties":{"city":"taipei","name":"台灣壽司郎-台北内湖大潤發店","reg_no":" A-152929520-00041-7","address":"臺北市內湖區舊宗路1段188號1樓","district":"內湖區","result":"優"}},{"type":"Feature","geometry":{"type":"Point","coordinates":[121.611534,25.05317]},"properties":{"city":"taipei","name":"台灣壽司郎-南港CITYLINK店","reg_no":" A-152929520-00048-4","address":"臺北市南港區忠孝東路7段369號5樓","district":"南港區","result":"優"}},{"type":"Feature","geometry":{"type":"Point","coordinates":[121.514191,25.064679]},"properties":{"city":"taipei","name":"鬍鬚張-台北重慶店","reg_no":"A-122721208-00003-5","address":"臺北市士林區重慶北路4段146號","district":"士林區","result":"優"}},{"type":"Feature","geometry":{"type":"Point","coordinates":[121.52125,25.082624]},"properties":{"city":"taipei","name":"鬍鬚張-台北承德店","reg_no":"A-122721208-00004-6","address":"臺北市士林區承德路4段66號","district":"士林區","result":"優"}},{"type":"Feature","geometry":{"type":"Point","coordinates":[121.590747,25.081033]},"properties":{"city":"taipei","name":"鬍鬚張-台北內湖店","reg_no":"A-122721208-00005-7","address":"臺北市內湖區成功路2段318號","district":"內湖區","result":"優"}},{"type":"Feature","geometry":{"type":"Point","coordinates":[121.554184,25.03263]},"properties":{"city":"taipei","name":"鬍鬚張-台北大安店","reg_no":"A-122721208-00008-0","address":"臺北市大安區信義路4段24號","district":"大安區","result":"優"}},{"type":"Feature","geometry":{"type":"Point","coordinates":[121.523527,25.102228]},"properties":{"city":"taipei","name":"鬍鬚張-台北福國店","reg_no":"A-122721208-00010-3","address":"臺北市士林區福國路54號","district":"士林區","result":"優"}},{"type":"Feature","geometry":{"type":"Point","coordinates":[121.543417,25.055949]},"properties":{"city":"taipei","name":"鬍鬚張-台北興安店","reg_no":"A-122721208-00139-5","address":"臺北市中山區興安街120號","district":"中山區","result":"優"}},{"type":"Feature","geometry":{"type":"Point","coordinates":[121.507749,25.03523]},"properties":{"city":"taipei","name":"鬍鬚張-台北南門店","reg_no":"A-122721208-00013-6","address":"臺北市中正區延平南路161號","district":"中正區","result":"優"}},{"type":"Feature","geometry":{"type":"Point","coordinates":[121.612714,25.053284]},"properties":{"city":"taipei","name":"鬍鬚張-台北昆陽店","reg_no":"A-122721208-00020-4","address":"臺北市南港區忠孝東路6段422號","district":"南港區","result":"優"}},{"type":"Feature","geometry":{"type":"Point","coordinates":[121.521009,25.063003]},"properties":{"city":"taipei","name":"鬍鬚張-台北民權店","reg_no":"A-122721208-00021-5","address":"臺北市中山區民權西路43號","district":"中山區","result":"優"}},{"type":"Feature","geometry":{"type":"Point","coordinates":[121.527056,25.033822]},"properties":{"city":"taipei","name":"鬍鬚張-台北東門店","reg_no":"A-122721208-00022-6","address":"臺北市大安區金山南路2段18號","district":"大安區","result":"優"}},{"type":"Feature","geometry":{"type":"Point","coordinates":[121.550631,25.043882]},"properties":{"city":"taipei","name":"鬍鬚張-忠孝新生店","reg_no":"A-122721208-00023-7","address":"臺北市中正區忠孝東路2段134巷6號","district":"中正區","result":"優"}},{"type":"Feature","geometry":{"type":"Point","coordinates":[121.563665,25.027235]},"properties":{"city":"taipei","name":"鬍鬚張-台北北醫店","reg_no":"A-122721208-00025-9","address":"臺北市信義區吳興街251號","district":"信義區","result":"優"}},{"type":"Feature","geometry":{"type":"Point","coordinates":[121.56126,24.983436]},"properties":{"city":"taipei","name":"鬍鬚張-台北萬芳店","reg_no":"A-122721208-00026-0","address":"臺北市文山區興隆路3段60號","district":"文山區","result":"優"}},{"type":"Feature","geometry":{"type":"Point","coordinates":[121.576734,25.050322]},"properties":{"city":"taipei","name":"鬍鬚張-台北八德店","reg_no":"A-122721208-00028-2","address":"臺北市松山區八德路3段124號","district":"松山區","result":"優"}},{"type":"Feature","geometry":{"type":"Point","coordinates":[121.616749,25.067996]},"properties":{"city":"taipei","name":"鬍鬚張-台北東湖店","reg_no":"A-122721208-00033-8","address":"臺北市內湖區東湖路134號","district":"內湖區","result":"優"}},{"type":"Feature","geometry":{"type":"Point","coordinates":[121.55538,25.052589]},"properties":{"city":"taipei","name":"鬍鬚張-南京三民店","reg_no":"A-122721208-00053-0","address":"臺北市松山區南京東路5段227號","district":"松山區","result":"優"}},{"type":"Feature","geometry":{"type":"Point","coordinates":[121.531949,25.116568]},"properties":{"city":"taipei","name":"鬍鬚張-A61台北天母店","reg_no":"A-122721208-00104-7","address":"臺北市士林區天母東路11號","district":"士林區","result":"優"}},{"type":"Feature","geometry":{"type":"Point","coordinates":[121.503875,25.136045]},"properties":{"city":"taipei","name":"鬍鬚張-北投光明店","reg_no":"A-122721208-00083-3","address":"臺北市北投區光明路210號","district":"北投區","result":"優"}},{"type":"Feature","geometry":{"type":"Point","coordinates":[121.522737,25.025585]},"properties":{"city":"taipei","name":"鬍鬚張-京簡康延平店","reg_no":"A-122721208-00161-0","address":"臺北市中正區延平南路171巷1號1樓","district":"中正區","result":"優"}},{"type":"Feature","geometry":{"type":"Point","coordinates":[121.534946,25.053544]},"properties":{"city":"taipei","name":"鬍鬚張-京簡康伊通店","reg_no":"A-122721208-00162-1","address":"臺北市中山區伊通街109之2號1樓","district":"中山區","result":"優"}},{"type":"Feature","geometry":{"type":"Point","coordinates":[121.515764,25.071898]},"properties":{"city":"taipei","name":"米哥烘焙坊-大同門市","reg_no":"A-117274637-00003-8","address":"臺北市大同區酒泉街56號","district":"大同區","result":"優"}},{"type":"Feature","geometry":{"type":"Point","coordinates":[121.543929,25.060098]},"properties":{"city":"taipei","name":"米哥烘焙坊-錦州門市","reg_no":"A-189455989-00023-0","address":"臺北市中山區復興北路352號1樓","district":"中山區","result":"優"}},{"type":"Feature","geometry":{"type":"Point","coordinates":[121.554796,24.984]},"properties":{"city":"taipei","name":"米哥烘焙坊-興隆門市","reg_no":"A-126900511-00003-5","address":"臺北市文山區辛亥路5段1號1樓","district":"文山區","result":"優"}},{"type":"Feature","geometry":{"type":"Point","coordinates":[121.502572,25.134832]},"properties":{"city":"taipei","name":"米哥烘焙坊-北投門市","reg_no":"A-113825420-00004-7","address":"臺北市北投區光明路158號","district":"北投區","result":"優"}},{"type":"Feature","geometry":{"type":"Point","coordinates":[121.557861,25.060048]},"properties":{"city":"taipei","name":"米哥烘焙坊-民生門市","reg_no":"H-126770600-00006-9","address":"臺北市松山區民生東路5段184之2號2樓","district":"松山區","result":"優"}},{"type":"Feature","geometry":{"type":"Point","coordinates":[121.561719,25.029304]},"properties":{"city":"taipei","name":"米哥烘焙坊-吳興門市","reg_no":"A-126770600-00008-4","address":"臺北市信義區吳興街154號1樓","district":"信義區","result":"優"}},{"type":"Feature","geometry":{"type":"Point","coordinates":[121.59363,25.084126]},"properties":{"city":"taipei","name":"火鍋世家(內湖成功店)","reg_no":"A-148972881-00000-5","address":"臺北市內湖區成功路4段30巷40號","district":"內湖區","result":"優"}},{"type":"Feature","geometry":{"type":"Point","coordinates":[121.495758,25.14382]},"properties":{"city":"taipei","name":"火鍋世家(北投中和店)","reg_no":"A-188292283-00000-0","address":"臺北市北投區中和街28號","district":"北投區","result":"優"}},{"type":"Feature","geometry":{"type":"Point","coordinates":[121.53767,25.007412]},"properties":{"city":"taipei","name":"馬辣公館店","reg_no":"A-100026650-00000-7","address":"臺北市中正區汀州路3段94號1樓　","district":"中正區","result":"優"}},{"type":"Feature","geometry":{"type":"Point","coordinates":[121.567732,25.035566]},"properties":{"city":"taipei","name":"馬辣信義店","reg_no":"A-150752791-00000-4","address":"臺北市信義區松壽路22號3樓","district":"信義區","result":"優"}},{"type":"Feature","geometry":{"type":"Point","coordinates":[121.556463,25.052104]},"properties":{"city":"taipei","name":"馬辣南京店","reg_no":"A-150895215-00001-4","address":"臺北市松山區南京東路3段285號2樓","district":"松山區","result":"優"}},{"type":"Feature","geometry":{"type":"Point","coordinates":[121.506729,25.04589]},"properties":{"city":"taipei","name":"馬辣漢口店","reg_no":"A-183460676-00001-9","address":"臺北市萬華區西寧南路30號2樓","district":"萬華區","result":"優"}},{"type":"Feature","geometry":{"type":"Point","coordinates":[121.549815,25.063374]},"properties":{"city":"taipei","name":"COMEBUY-松山機場門市","reg_no":"A-125119125-00002-6","address":"臺北市松山區敦化北路340之10號2樓","district":"松山區","result":"優"}},{"type":"Feature","geometry":{"type":"Point","coordinates":[121.549815,25.063374]},"properties":{"city":"taipei","name":"upoke-松機二航店","reg_no":"A-200203731-00029-6","address":"臺北市松山區敦化北路340之10號2樓","district":"松山區","result":"優"}},{"type":"Feature","geometry":{"type":"Point","coordinates":[121.549815,25.063374]},"properties":{"city":"taipei","name":"頂呱呱-松山機場店","reg_no":"A-130862692-00026-2","address":"臺北市松山區敦化北路340之10號2樓","district":"松山區","result":"優"}},{"type":"Feature","geometry":{"type":"Point","coordinates":[121.549815,25.063374]},"properties":{"city":"taipei","name":"順成蛋糕-松山機場店","reg_no":"A-128200887-00049-6","address":"臺北市松山區敦化北路340之10號2樓","district":"松山區","result":"優"}},{"type":"Feature","geometry":{"type":"Point","coordinates":[121.517734,25.052245]},"properties":{"city":"taipei","name":"SAIKABO-京站店","reg_no":"A-182847238-00004-4","address":"臺北市大同區承德路1段1號B3","district":"大同區","result":"優"}},{"type":"Feature","geometry":{"type":"Point","coordinates":[121.517734,25.052245]},"properties":{"city":"taipei","name":"小南門-京站店","reg_no":"A-124977367-00014-8","address":"臺北市大同區承德路1段1號B3","district":"大同區","result":"優"}},{"type":"Feature","geometry":{"type":"Point","coordinates":[121.517734,25.052245]},"properties":{"city":"taipei","name":"日春木瓜牛奶-京站店","reg_no":"A-278958543-00003-1","address":"臺北市大同區承德路1段1號B3","district":"大同區","result":"優"}},{"type":"Feature","geometry":{"type":"Point","coordinates":[121.517734,25.052245]},"properties":{"city":"taipei","name":"牛角次男坊-京站店","reg_no":"A-113134072-00032-4","address":"臺北市大同區承德路1段1號B3","district":"大同區","result":"優"}},{"type":"Feature","geometry":{"type":"Point","coordinates":[121.517734,25.052245]},"properties":{"city":"taipei","name":"西雅圖牛排-京站店","reg_no":"A-101303523-00005-0","address":"臺北市大同區承德路1段1號B3","district":"大同區","result":"優"}},{"type":"Feature","geometry":{"type":"Point","coordinates":[121.517734,25.052245]},"properties":{"city":"taipei","name":"滷SUSU-京站店","reg_no":"A-278958703-00004-0","address":"臺北市大同區承德路1段1號B3","district":"大同區","result":"優"}},{"type":"Feature","geometry":{"type":"Point","coordinates":[121.517734,25.052245]},"properties":{"city":"taipei","name":"貝諾pasta-京站店","reg_no":"A-148907812-00001-8","address":"臺北市大同區承德路1段1號B3","district":"大同區","result":"優"}},{"type":"Feature","geometry":{"type":"Point","coordinates":[121.517734,25.052245]},"properties":{"city":"taipei","name":"廣安階-京站店","reg_no":"A-154680222-00011-9","address":"臺北市大同區承德路1段1號B3","district":"大同區","result":"優"}},{"type":"Feature","geometry":{"type":"Point","coordinates":[121.517734,25.052245]},"properties":{"city":"taipei","name":"繼光香香雞 J&G Fried Chicken -京站店","reg_no":"A-124435384-00005-6","address":"臺北市大同區承德路1段1號B2","district":"大同區","result":"優"}},{"type":"Feature","geometry":{"type":"Point","coordinates":[121.517734,25.052245]},"properties":{"city":"taipei","name":"SUBWAY-京站店","reg_no":"A-112868955-00001-3","address":"臺北市大同區承德路1段1號B2","district":"大同區","result":"優"}},{"type":"Feature","geometry":{"type":"Point","coordinates":[121.561111,25.044737]},"properties":{"city":"taipei","name":"丸亀製麵松菸店","reg_no":"A-153919541-00037-5","address":"臺北市信義區菸廠路88號B1","district":"信義區","result":"優"}},{"type":"Feature","geometry":{"type":"Point","coordinates":[121.561111,25.044737]},"properties":{"city":"taipei","name":"滷台味松菸店","reg_no":"A-190050830-00004-7","address":"臺北市信義區菸廠路88號B1","district":"信義區","result":"優"}},{"type":"Feature","geometry":{"type":"Point","coordinates":[121.561111,25.044737]},"properties":{"city":"taipei","name":"小南門松菸店","reg_no":"A-128544068-00032-0","address":"臺北市信義區菸廠路88號B1","district":"信義區","result":"優"}},{"type":"Feature","geometry":{"type":"Point","coordinates":[121.561111,25.044737]},"properties":{"city":"taipei","name":"成真咖啡松菸店","reg_no":"A-164987355-00010-6","address":"臺北市信義區菸廠路88號B1","district":"信義區","result":"優"}},{"type":"Feature","geometry":{"type":"Point","coordinates":[121.561111,25.044737]},"properties":{"city":"taipei","name":"舞古賀Mini鍋物","reg_no":"A-200130986-00003-9","address":"臺北市信義區菸廠路88號B1","district":"信義區","result":"優"}},{"type":"Feature","geometry":{"type":"Point","coordinates":[121.561111,25.044737]},"properties":{"city":"taipei","name":"YOGO霜淇淋","reg_no":"A-190472682-00008-4","address":"臺北市信義區菸廠路88號B1","district":"信義區","result":"優"}},{"type":"Feature","geometry":{"type":"Point","coordinates":[121.561111,25.044737]},"properties":{"city":"taipei","name":"果樹媽媽松菸店","reg_no":"A-200144062-00003-9","address":"臺北市信義區菸廠路88號B1","district":"信義區","result":"優"}},{"type":"Feature","geometry":{"type":"Point","coordinates":[121.531935,25.11417]},"properties":{"city":"taipei","name":"漢堡王-大葉高島屋","reg_no":"A-123309178-00307-1","address":"臺北市士林區忠誠路2段55號B1","district":"士林區","result":"優"}},{"type":"Feature","geometry":{"type":"Point","coordinates":[121.531935,25.11417]},"properties":{"city":"taipei","name":"皇品珍食品(有)","reg_no":"A-154737463-00006-3","address":"臺北市士林區忠誠路2段55號B1","district":"士林區","result":"優"}},{"type":"Feature","geometry":{"type":"Point","coordinates":[121.531935,25.11417]},"properties":{"city":"taipei","name":"喬升(三也木瓜)","reg_no":"A-190195907-00003-1","address":"臺北市士林區忠誠路2段55號B1","district":"士林區","result":"優"}},{"type":"Feature","geometry":{"type":"Point","coordinates":[121.531935,25.11417]},"properties":{"city":"taipei","name":"真杏坊餐飲(于記杏仁茶)","reg_no":"A-143740146-00030-0","address":"臺北市士林區忠誠路2段55號B1","district":"士林區","result":"優"}},{"type":"Feature","geometry":{"type":"Point","coordinates":[121.531935,25.11417]},"properties":{"city":"taipei","name":"喜悅(奧特拉麵)","reg_no":"A-124963504-00007-8","address":"臺北市士林區忠誠路2段55號B1","district":"士林區","result":"優"}},{"type":"Feature","geometry":{"type":"Point","coordinates":[121.574333,25.040053]},"properties":{"city":"taipei","name":"丸龜製麵_統一時代店","reg_no":"A-153919541-00049-8","address":"臺北市信義區忠孝東路5段8號B2","district":"信義區","result":"優"}},{"type":"Feature","geometry":{"type":"Point","coordinates":[121.574333,25.040053]},"properties":{"city":"taipei","name":"老蔡水煎包_統一時代店","reg_no":" A-179852849-00001-1","address":"臺北市信義區忠孝東路5段8號B2","district":"信義區","result":"優"}},{"type":"Feature","geometry":{"type":"Point","coordinates":[121.574333,25.040053]},"properties":{"city":"taipei","name":"果樹媽媽_統一時代店","reg_no":"A-200144062-00001-7","address":"臺北市信義區忠孝東路5段8號B2","district":"信義區","result":"優"}},{"type":"Feature","geometry":{"type":"Point","coordinates":[121.574333,25.040053]},"properties":{"city":"taipei","name":"島瓜滷味_統一時代店","reg_no":"A-179966110-00006-3","address":"臺北市信義區忠孝東路5段8號B2","district":"信義區","result":"優"}},{"type":"Feature","geometry":{"type":"Point","coordinates":[121.574333,25.040053]},"properties":{"city":"taipei","name":"葡吉_統一時代店","reg_no":"A-104389073-00037-2","address":"臺北市信義區忠孝東路5段8號B2","district":"信義區","result":"優"}},{"type":"Feature","geometry":{"type":"Point","coordinates":[121.574333,25.040053]},"properties":{"city":"taipei","name":"興葉蚵仔煎_統一時代店","reg_no":"A-180691126-00005-6","address":"臺北市信義區忠孝東路5段8號B2","district":"信義區","result":"優"}},{"type":"Feature","geometry":{"type":"Point","coordinates":[121.574333,25.040053]},"properties":{"city":"taipei","name":"繼光香香雞_統一時代店","reg_no":"A-124435384-00100-2","address":"臺北市信義區忠孝東路5段8號B2","district":"信義區","result":"優"}},{"type":"Feature","geometry":{"type":"Point","coordinates":[121.574333,25.040053]},"properties":{"city":"taipei","name":"SAISON du SOLEIL-統一時代店","reg_no":"A-122522307-00005-6","address":"臺北市信義區忠孝東路5段8號B2","district":"信義區","result":"優"}},{"type":"Feature","geometry":{"type":"Point","coordinates":[121.556709,25.082926]},"properties":{"city":"taipei","name":"八番赤野_美麗華店","reg_no":"A-200000311-00018-3","address":"臺北市中山區敬業三路20號B1","district":"中山區","result":"優"}},{"type":"Feature","geometry":{"type":"Point","coordinates":[121.556709,25.082926]},"properties":{"city":"taipei","name":"府城_美麗華店","reg_no":"A-113830417-00002-7","address":"臺北市中山區敬業三路20號B1","district":"中山區","result":"優"}},{"type":"Feature","geometry":{"type":"Point","coordinates":[121.556709,25.082926]},"properties":{"city":"taipei","name":"日出茶太_美麗華店","reg_no":"A-180671769-00017-0","address":"臺北市中山區敬業三路20號B1","district":"中山區","result":"優"}},{"type":"Feature","geometry":{"type":"Point","coordinates":[121.556709,25.082926]},"properties":{"city":"taipei","name":"丸亀製麺48號店_美麗華店","reg_no":"A-153919541-00054-4","address":"臺北市中山區敬業三路20號B1","district":"中山區","result":"優"}},{"type":"Feature","geometry":{"type":"Point","coordinates":[121.563901,25.034027]},"properties":{"city":"taipei","name":"旭成鐵板料理-台北101店","reg_no":"A-126533987-00001-2","address":"臺北市信義區市府路45號B1","district":"信義區","result":"優"}},{"type":"Feature","geometry":{"type":"Point","coordinates":[121.563901,25.034027]},"properties":{"city":"taipei","name":"蔬河-台北101店","reg_no":"A-154675966-00004-0","address":"臺北市信義區市府路45號B1","district":"信義區","result":"優"}},{"type":"Feature","geometry":{"type":"Point","coordinates":[121.563901,25.034027]},"properties":{"city":"taipei","name":"小南門傳統美食-台北101店","reg_no":"A-124977367-00002-5","address":"臺北市信義區市府路45號B1","district":"信義區","result":"優"}},{"type":"Feature","geometry":{"type":"Point","coordinates":[121.563901,25.034027]},"properties":{"city":"taipei","name":"開丼-台北101店","reg_no":"A-153925311-00029-8","address":"臺北市信義區市府路45號B1","district":"信義區","result":"優"}},{"type":"Feature","geometry":{"type":"Point","coordinates":[121.563901,25.034027]},"properties":{"city":"taipei","name":"韓鶴亭-台北101店","reg_no":"A-189468529-00001-0","address":"臺北市信義區市府路45號B1","district":"信義區","result":"優"}},{"type":"Feature","geometry":{"type":"Point","coordinates":[121.563901,25.034027]},"properties":{"city":"taipei","name":"八色烤肉mini-台北101店","reg_no":"A-190338454-00001-5","address":"臺北市信義區市府路45號B1","district":"信義區","result":"優"}},{"type":"Feature","geometry":{"type":"Point","coordinates":[121.519591,25.057647]},"properties":{"city":"taipei","name":"拿坡里披薩炸雞民生店","reg_no":"A-197301707-00007-9","address":"臺北市大同區民生西路83號","district":"大同區","result":"優"}},{"type":"Feature","geometry":{"type":"Point","coordinates":[121.592565,25.081391]},"properties":{"city":"taipei","name":"拿坡里披薩炸雞內湖店","reg_no":"A-197301707-00010-3","address":"臺北市內湖區成功路3段141號","district":"內湖區","result":"優"}},{"type":"Feature","geometry":{"type":"Point","coordinates":[121.491477,25.137951]},"properties":{"city":"taipei","name":"拿坡里披薩炸雞北投店","reg_no":"A-197301707-00018-1","address":"臺北市北投區中央北路1段125號1樓","district":"北投區","result":"優"}},{"type":"Feature","geometry":{"type":"Point","coordinates":[121.613842,25.055788]},"properties":{"city":"taipei","name":"拿坡里披薩炸雞南港店","reg_no":"A-197301707-00004-6","address":"臺北市南港區三重路7號","district":"南港區","result":"優"}},{"type":"Feature","geometry":{"type":"Point","coordinates":[121.582612,25.086044]},"properties":{"city":"taipei","name":"拿坡里披薩炸雞劍南店","reg_no":"A-197301707-00548-9","address":"臺北市內湖區內湖路1段49號","district":"內湖區","result":"優"}},{"type":"Feature","geometry":{"type":"Point","coordinates":[121.56126,24.983436]},"properties":{"city":"taipei","name":"拿坡里披薩炸雞興隆店","reg_no":"A-197301707-00028-2","address":"臺北市文山區興隆路3段31號","district":"文山區","result":"優"}},{"type":"Feature","geometry":{"type":"Point","coordinates":[121.523115,25.025418]},"properties":{"city":"taipei","name":"拿坡里披薩炸雞南昌店","reg_no":"A-197301707-00031-6","address":"臺北市中正區南昌路1段151號","district":"中正區","result":"優"}},{"type":"Feature","geometry":{"type":"Point","coordinates":[121.548434,25.033025]},"properties":{"city":"taipei","name":"朱記餡餅粥-遠企購物中心敦南店","reg_no":"A-153095716-00007-1","address":"臺北市大安區敦化南路2段203號B2","district":"大安區","result":"優"}},{"type":"Feature","geometry":{"type":"Point","coordinates":[121.611534,25.05317]},"properties":{"city":"taipei","name":"朱記餡餅粥-環球南港車站店 ","reg_no":"A-153095716-00049-7","address":"臺北市南港區忠孝東路7段371號B1","district":"南港區","result":"優"}},{"type":"Feature","geometry":{"type":"Point","coordinates":[121.578764,25.036732]},"properties":{"city":"taipei","name":"朱記餡餅粥-潤泰松山車站店","reg_no":"A-153095716-00035-2","address":"臺北市信義區松山路11號2樓","district":"信義區","result":"優"}},{"type":"Feature","geometry":{"type":"Point","coordinates":[121.529384,25.090193]},"properties":{"city":"taipei","name":"朱記餡餅粥-SOGO百貨天母店","reg_no":"A-153095716-00011-6","address":"臺北市士林區中山北路6段77號8樓","district":"士林區","result":"優"}},{"type":"Feature","geometry":{"type":"Point","coordinates":[121.518991,25.046234]},"properties":{"city":"taipei","name":"朱記餡餅粥-新光三越台北站前店","reg_no":"A-153095716-00059-8","address":"臺北市中正區忠孝西路1段66號B1","district":"中正區","result":"優"}},{"type":"Feature","geometry":{"type":"Point","coordinates":[121.567403,25.035642]},"properties":{"city":"taipei","name":"漢堡王-華納店","reg_no":"A-123309178-00006-7","address":"臺北市信義區松壽路20號2樓","district":"信義區","result":"優"}},{"type":"Feature","geometry":{"type":"Point","coordinates":[121.556709,25.082926]},"properties":{"city":"taipei","name":"漢堡王-美麗華店","reg_no":"A-123309178-00011-3","address":"臺北市中山區敬業三路20號B1","district":"中山區","result":"優"}},{"type":"Feature","geometry":{"type":"Point","coordinates":[121.575362,25.060142]},"properties":{"city":"taipei","name":"漢堡王-內湖店","reg_no":"A-123309178-00013-5","address":"臺北市內湖區民善街88號","district":"內湖區","result":"優"}},{"type":"Feature","geometry":{"type":"Point","coordinates":[121.534111,25.054685]},"properties":{"city":"taipei","name":"漢堡王-長春店","reg_no":"A-123309178-00021-4","address":"臺北市中山區長春路176號","district":"中山區","result":"優"}},{"type":"Feature","geometry":{"type":"Point","coordinates":[121.534454,25.013784]},"properties":{"city":"taipei","name":"漢堡王-公館店","reg_no":"A-123309178-00047-2","address":"臺北市中正區羅斯福路3段246號","district":"中正區","result":"優"}},{"type":"Feature","geometry":{"type":"Point","coordinates":[121.528416,25.022918]},"properties":{"city":"taipei","name":"漢堡王-新師大店","reg_no":"A-123309178-00052-8","address":"臺北市大安區師大路86巷1號1樓及B1","district":"大安區","result":"優"}},{"type":"Feature","geometry":{"type":"Point","coordinates":[121.517055,25.047176]},"properties":{"city":"taipei","name":"漢堡王-微風北車店","reg_no":"A-123309178-00137-2","address":"臺北市中正區北平西路3號2樓","district":"中正區","result":"優"}},{"type":"Feature","geometry":{"type":"Point","coordinates":[121.570823,24.987577]},"properties":{"city":"taipei","name":"漢堡王-木新店","reg_no":"A-123309178-00201-4","address":"臺北市文山區木新路3段109號","district":"文山區","result":"優"}},{"type":"Feature","geometry":{"type":"Point","coordinates":[121.502518,25.134548]},"properties":{"city":"taipei","name":"漢堡王-北投光明店","reg_no":"A-123309178-00263-2","address":"臺北市北投區光明路146之4號","district":"北投區","result":"優"}},{"type":"Feature","geometry":{"type":"Point","coordinates":[121.59363,25.084126]},"properties":{"city":"taipei","name":"漢堡王-內湖成功店","reg_no":"A-123309178-00058-4","address":"臺北市內湖區成功路4段178號1樓","district":"內湖區","result":"優"}},{"type":"Feature","geometry":{"type":"Point","coordinates":[121.544277,25.03012]},"properties":{"city":"taipei","name":"大戶屋-微風廣場店","reg_no":"A-153089762-00029-9","address":"臺北市松山區復興南路1段39號GF","district":"松山區","result":"優"}},{"type":"Feature","geometry":{"type":"Point","coordinates":[121.544277,25.03012]},"properties":{"city":"taipei","name":"大戶屋-大安店","reg_no":"A-153089762-00019-8","address":"臺北市大安區復興南路1段323號B1","district":"大安區","result":"優"}},{"type":"Feature","geometry":{"type":"Point","coordinates":[121.556463,25.052104]},"properties":{"city":"taipei","name":"大戶屋-南京復興店","reg_no":"A-153089762-00015-4","address":"臺北市松山區南京東路3段258號2樓","district":"松山區","result":"優"}},{"type":"Feature","geometry":{"type":"Point","coordinates":[121.578764,25.036732]},"properties":{"city":"taipei","name":"大戶屋-松山車站店","reg_no":"A-153089762-00013-2","address":"臺北市信義區松山路11號1樓","district":"信義區","result":"優"}},{"type":"Feature","geometry":{"type":"Point","coordinates":[121.611534,25.05317]},"properties":{"city":"taipei","name":"大戶屋-南港車站店","reg_no":"A-153089762-00011-0","address":"臺北市南港區忠孝東路7段369號7樓","district":"南港區","result":"優"}},{"type":"Feature","geometry":{"type":"Point","coordinates":[121.61258,25.053227]},"properties":{"city":"taipei","name":"大戶屋-忠孝復興店","reg_no":"A-153089762-00005-3","address":"臺北市大安區忠孝東路4段52號2樓","district":"大安區","result":"優"}},{"type":"Feature","geometry":{"type":"Point","coordinates":[121.608953,25.068023]},"properties":{"city":"taipei","name":"大戶屋-東湖店","reg_no":"A-153089762-00033-4","address":"臺北市內湖區康寧路3段187號2樓","district":"內湖區","result":"優"}},{"type":"Feature","geometry":{"type":"Point","coordinates":[121.532948,25.05981]},"properties":{"city":"taipei","name":"大戶屋-行天宮站店","reg_no":"A-153089762-00035-6","address":"臺北市中山區松江路276號2樓","district":"中山區","result":"優"}},{"type":"Feature","geometry":{"type":"Point","coordinates":[121.517734,25.052245]},"properties":{"city":"taipei","name":"大戶屋-京站店","reg_no":"A-153089762-00038-9","address":"臺北市大同區承德路1段1號B3","district":"大同區","result":"優"}},{"type":"Feature","geometry":{"type":"Point","coordinates":[121.582612,25.086044]},"properties":{"city":"taipei","name":"Q Burger 內湖麗山店","reg_no":"A-191006756-00001-3","address":"臺北市內湖區內湖路1段629巷41號1樓","district":"內湖區","result":"優"}},{"type":"Feature","geometry":{"type":"Point","coordinates":[121.570506,25.045405]},"properties":{"city":"taipei","name":"Q Burger 信義永吉店","reg_no":"A-199995943-00001-6","address":"臺北市信義區永吉路120巷1號1樓","district":"信義區","result":"優"}},{"type":"Feature","geometry":{"type":"Point","coordinates":[121.516458,25.111874]},"properties":{"city":"taipei","name":"Q Burger 北投立農店","reg_no":"A-191041557-00001-1","address":"臺北市北投區立農街2段259號1樓","district":"北投區","result":"優"}},{"type":"Feature","geometry":{"type":"Point","coordinates":[121.569994,24.984128]},"properties":{"city":"taipei","name":"Q Burger 文山恆光店","reg_no":"A-196589203-00001-1","address":"臺北市文山區木新路2段242號1樓","district":"文山區","result":"優"}},{"type":"Feature","geometry":{"type":"Point","coordinates":[121.51629,25.111862]},"properties":{"city":"taipei","name":"Q Burger 北投唭哩岸店","reg_no":"A-196659474-00001-9","address":"臺北市北投區立農街1段277號1樓","district":"北投區","result":"優"}},{"type":"Feature","geometry":{"type":"Point","coordinates":[121.570823,24.987577]},"properties":{"city":"taipei","name":"Q Burger 文山木新店","reg_no":"A-100246887-00001-4","address":"臺北市文山區木新路3段224號1樓","district":"文山區","result":"優"}},{"type":"Feature","geometry":{"type":"Point","coordinates":[121.538379,25.002029]},"properties":{"city":"taipei","name":"Q Burger 文山萬和店","reg_no":"A-100040077-00001-7","address":"臺北市文山區羅斯福路5段218巷3號1樓","district":"文山區","result":"優"}},{"type":"Feature","geometry":{"type":"Point","coordinates":[121.544818,24.995334]},"properties":{"city":"taipei","name":"Q Burger 文山景興店","reg_no":"A-194190411-00001-8","address":"臺北市文山區景興路99號","district":"文山區","result":"優"}},{"type":"Feature","geometry":{"type":"Point","coordinates":[121.539988,25.064386]},"properties":{"city":"taipei","name":"Q Burger 中山榮星店","reg_no":" A-193604429-00001-6","address":"臺北市中山區五常街63號","district":"中山區","result":"優"}},{"type":"Feature","geometry":{"type":"Point","coordinates":[121.494622,25.029977]},"properties":{"city":"taipei","name":"Q Burger 萬華雙園店","reg_no":"A-193717676-00001-5","address":"臺北市萬華區雙園街15號 ","district":"萬華區","result":"優"}},{"type":"Feature","geometry":{"type":"Point","coordinates":[121.553696,25.01961]},"properties":{"city":"taipei","name":"Q Burger 大安樂業店","reg_no":"A-193711716-00001-4","address":"臺北市大安區樂業街153號","district":"大安區","result":"優"}},{"type":"Feature","geometry":{"type":"Point","coordinates":[121.534839,25.060689]},"properties":{"city":"taipei","name":"Q Burger 中山中原店","reg_no":"A-183630932-00001-3","address":"臺北市中山區中原街41號1樓","district":"中山區","result":"優"}},{"type":"Feature","geometry":{"type":"Point","coordinates":[121.569704,25.027327]},"properties":{"city":"taipei","name":"Q Burger 信義虎林店","reg_no":"A-183630975-00001-0","address":"臺北市信義區信義路6段106號1樓","district":"信義區","result":"優"}},{"type":"Feature","geometry":{"type":"Point","coordinates":[121.499482,25.130108]},"properties":{"city":"taipei","name":"Q Burger 北投大興店","reg_no":"A-190168486-00001-1","address":"臺北市北投區大興街48號","district":"北投區","result":"優"}},{"type":"Feature","geometry":{"type":"Point","coordinates":[121.575973,25.001248]},"properties":{"city":"taipei","name":"Q Burger 文山世新店","reg_no":"A-190403779-00001-8","address":"臺北市文山區木柵路1段101號1樓及地下室","district":"文山區","result":"優"}},{"type":"Feature","geometry":{"type":"Point","coordinates":[121.594708,24.994789]},"properties":{"city":"taipei","name":"Q Burger 文山新光店","reg_no":"A-190046082-00001-8","address":"臺北市文山區新光路1段26號","district":"文山區","result":"優"}},{"type":"Feature","geometry":{"type":"Point","coordinates":[121.534231,25.012314]},"properties":{"city":"taipei","name":"新馬辣公館店","reg_no":"A-124335765-00000-3","address":"臺北市中正區汀州路3段295號","district":"中正區","result":"優"}},{"type":"Feature","geometry":{"type":"Point","coordinates":[121.505343,25.044562]},"properties":{"city":"taipei","name":"新馬辣昆明店","reg_no":"A-152572922-00000-2 ","address":"臺北市萬華區昆明街37號2樓","district":"萬華區","result":"優"}},{"type":"Feature","geometry":{"type":"Point","coordinates":[121.505813,25.044623]},"properties":{"city":"taipei","name":"新馬辣武昌店","reg_no":"A-142998651-00000-2","address":"臺北市萬華區武昌街2段72號3樓","district":"萬華區","result":"優"}},{"type":"Feature","geometry":{"type":"Point","coordinates":[121.506261,25.043541]},"properties":{"city":"taipei","name":"新馬辣峨嵋店","reg_no":"A-150771755-00000-5","address":"臺北市萬華區西寧南路155號5樓","district":"萬華區","result":"優"}},{"type":"Feature","geometry":{"type":"Point","coordinates":[121.563635,25.026639]},"properties":{"city":"taipei","name":"聖瑪莉北醫店","reg_no":"A-109499839-00006-5","address":"臺北市信義區吳興街252號1樓","district":"信義區","result":"優"}},{"type":"Feature","geometry":{"type":"Point","coordinates":[121.61258,25.053227]},"properties":{"city":"taipei","name":"聖瑪莉敦化店","reg_no":"A-109499839-00074-0","address":"臺北市大安區忠孝東路4段148號B2","district":"大安區","result":"優"}},{"type":"Feature","geometry":{"type":"Point","coordinates":[121.543934,25.036749]},"properties":{"city":"taipei","name":"聖瑪莉科技店","reg_no":"A-109499839-00084-1","address":"臺北市大安區復興南路2段287號","district":"大安區","result":"優"}},{"type":"Feature","geometry":{"type":"Point","coordinates":[121.59363,25.084126]},"properties":{"city":"taipei","name":"聖瑪莉內湖(潤泰)店","reg_no":"A-109499839-00097-5","address":"臺北市內湖區成功路4段188號2樓","district":"內湖區","result":"優"}},{"type":"Feature","geometry":{"type":"Point","coordinates":[121.611534,25.05317]},"properties":{"city":"taipei","name":"beard papa's-環球南港車站店","reg_no":"A-180292991-00017-6","address":"臺北市南港區忠孝東路7段371號B1","district":"南港區","result":"優"}},{"type":"Feature","geometry":{"type":"Point","coordinates":[121.615696,25.053362]},"properties":{"city":"taipei","name":"beard papa's-SOGO復興店","reg_no":"A-180292991-00005-3","address":"臺北市大安區忠孝東路3段300號B3","district":"大安區","result":"優"}},{"type":"Feature","geometry":{"type":"Point","coordinates":[121.529384,25.090193]},"properties":{"city":"taipei","name":"beard papa's-SOGO天母店","reg_no":"A-180292991-00006-4","address":"臺北市士林區中山北路6段77號B1","district":"士林區","result":"優"}},{"type":"Feature","geometry":{"type":"Point","coordinates":[121.56524,25.039516]},"properties":{"city":"taipei","name":"beard papa's-統一夢廣場店","reg_no":"A-180292991-00108-7","address":"臺北市信義區松高路11號B2樓","district":"信義區","result":"優"}},{"type":"Feature","geometry":{"type":"Point","coordinates":[121.617583,25.059345]},"properties":{"city":"taipei","name":"beard papa's-南港LALAPORT店","reg_no":"A-180292991-00110-0","address":"臺北市南港區經貿二路131號5樓","district":"南港區","result":"優"}},{"type":"Feature","geometry":{"type":"Point","coordinates":[121.52604,25.09496]},"properties":{"city":"taipei","name":"樂田-士林中正","reg_no":"A-128427006-00081-6","address":"臺北市士林區中正路235巷16號1樓","district":"士林區","result":"優"}},{"type":"Feature","geometry":{"type":"Point","coordinates":[121.555482,25.01924]},"properties":{"city":"taipei","name":"樂田-六張犁","reg_no":"A-128427006-00077-1","address":"臺北市大安區和平東路3段124號1樓","district":"大安區","result":"優"}},{"type":"Feature","geometry":{"type":"Point","coordinates":[121.495999,25.122312]},"properties":{"city":"taipei","name":"樂田-關渡","reg_no":"A-128427006-00085-0","address":"臺北市北投區大度路3段296巷51號1樓 ","district":"北投區","result":"優"}},{"type":"Feature","geometry":{"type":"Point","coordinates":[121.57541,25.035068]},"properties":{"city":"taipei","name":"樂田-世貿","reg_no":"A-128427006-00093-9","address":"臺北市信義區信義路5段20號","district":"信義區","result":"優"}},{"type":"Feature","geometry":{"type":"Point","coordinates":[121.520565,25.057772]},"properties":{"city":"taipei","name":"樂田-雙連","reg_no":"A-128427006-00087-2","address":"臺北市大同區民生西路47號","district":"大同區","result":"優"}},{"type":"Feature","geometry":{"type":"Point","coordinates":[121.510388,25.064532]},"properties":{"city":"taipei","name":"樂田-民權西路","reg_no":"A-128427006-00075-9","address":"臺北市大同區民權西路72號","district":"大同區","result":"優"}},{"type":"Feature","geometry":{"type":"Point","coordinates":[121.554074,25.022375]},"properties":{"city":"taipei","name":"樂田-古亭","reg_no":"A-128427006-00078-2","address":"臺北市大安區和平東路1段73號","district":"大安區","result":"優"}},{"type":"Feature","geometry":{"type":"Point","coordinates":[121.615696,25.053362]},"properties":{"city":"taipei","name":"樂田-忠孝復興","reg_no":"A-128427006-00096-2","address":"臺北市大安區忠孝東路3段302號","district":"大安區","result":"優"}},{"type":"Feature","geometry":{"type":"Point","coordinates":[121.548434,25.033025]},"properties":{"city":"taipei","name":"樂田-敦南","reg_no":"A-128427006-00079-3","address":"臺北市大安區敦化南路2段5號1樓","district":"大安區","result":"優"}},{"type":"Feature","geometry":{"type":"Point","coordinates":[121.539913,25.010588]},"properties":{"city":"taipei","name":"樂田-台電大樓","reg_no":"A-128427006-00080-5","address":"臺北市大安區羅斯福路3段249號1樓","district":"大安區","result":"優"}},{"type":"Feature","geometry":{"type":"Point","coordinates":[121.532774,25.052573]},"properties":{"city":"taipei","name":"樂田-松江南京","reg_no":"A-128427006-00086-1","address":"臺北市中山區松江路126號B1","district":"中山區","result":"優"}},{"type":"Feature","geometry":{"type":"Point","coordinates":[121.532774,25.052573]},"properties":{"city":"taipei","name":"樂田-松南二店","reg_no":"A-128427006-00089-4","address":"臺北市中山區松江路126號B1","district":"中山區","result":"優"}},{"type":"Feature","geometry":{"type":"Point","coordinates":[121.532841,25.060482]},"properties":{"city":"taipei","name":"樂田-行天宮","reg_no":"A-128427006-00084-9","address":"臺北市中山區松江路316號B1","district":"中山區","result":"優"}},{"type":"Feature","geometry":{"type":"Point","coordinates":[121.509224,25.042256]},"properties":{"city":"taipei","name":"樂田-衡陽","reg_no":"A-128427006-00076-0","address":"臺北市中正區衡陽路99號1樓","district":"中正區","result":"優"}},{"type":"Feature","geometry":{"type":"Point","coordinates":[121.532549,25.015744]},"properties":{"city":"taipei","name":"樂田-中正","reg_no":"A-128427006-00056-8","address":"臺北市中正區羅斯福路1段8之1號","district":"中正區","result":"優"}},{"type":"Feature","geometry":{"type":"Point","coordinates":[121.579008,25.051704]},"properties":{"city":"taipei","name":"樂田-松山","reg_no":"A-128427006-00083-8","address":"臺北市松山區八德路4段742號B1","district":"松山區","result":"優"}},{"type":"Feature","geometry":{"type":"Point","coordinates":[121.54429,25.053637]},"properties":{"city":"taipei","name":"樂田-南京復興","reg_no":"A-128427006-00051-3","address":"臺北市松山區復興北路145號1樓","district":"松山區","result":"優"}}]}