{"type":"FeatureCollection","features":[{"type":"Feature","geometry":{"type":"Point","coordinates":[121.50905,25.062361]},"properties":{"name":"味香魚丸店","address":"台北市大同區迪化街1段337號","district":"大同區","city":"臺北市","result":"檢驗","types":"新北抽驗(製造端)","grade":""}},{"type":"Feature","geometry":{"type":"Point","coordinates":[121.582679,25.069433]},"properties":{"name":"優仕咖啡股份有限公司","address":"台北市內湖區瑞光路26巷36弄6號2樓","district":"內湖區","city":"臺北市","result":"檢驗","types":"新北抽驗(製造端)","grade":""}},{"type":"Feature","geometry":{"type":"Point","coordinates":[121.582679,25.069433]},"properties":{"name":"優仕咖啡股份有限公司","address":"台北市內湖區瑞光路26巷36弄6號1樓","district":"內湖區","city":"臺北市","result":"檢驗","types":"新北抽驗(製造端)","grade":""}},{"type":"Feature","geometry":{"type":"Point","coordinates":[121.548439,25.040147]},"properties":{"name":"優仕咖啡股份有限公司","address":"台北市大安區敦化南路一段246號B1樓","district":"大安區","city":"臺北市","result":"檢驗","types":"新北抽驗(製造端)","grade":""}},{"type":"Feature","geometry":{"type":"Point","coordinates":[121.540751,25.044179]},"properties":{"name":"泰昇行","address":"台北市中山區安東街40巷43號1樓","district":"中山區","city":"臺北市","result":"檢驗","types":"新北抽驗(製造端)","grade":""}},{"type":"Feature","geometry":{"type":"Point","coordinates":[121.565098,25.079861]},"properties":{"name":"大安工研食品工廠股份有限公司","address":"台北市內湖區基湖路35巷6號5樓","district":"內湖區","city":"臺北市","result":"檢驗","types":"新北抽驗(製造端)","grade":""}},{"type":"Feature","geometry":{"type":"Point","coordinates":[121.518013,25.031913]},"properties":{"name":"上海火腿食品有限公司","address":"台北市中正區南海路2巷14號(1樓)","district":"中正區","city":"臺北市","result":"檢驗","types":"新北抽驗(製造端)","grade":""}},{"type":"Feature","geometry":{"type":"Point","coordinates":[121.517504,25.031747]},"properties":{"name":"上海火腿食品有限公司","address":"台北市中正區南海路2巷16號(1樓)","district":"中正區","city":"臺北市","result":"檢驗","types":"新北抽驗(製造端)","grade":""}},{"type":"Feature","geometry":{"type":"Point","coordinates":[121.532549,25.015744]},"properties":{"name":"上海火腿食品有限公司","address":"台北市中正區羅斯福路1段8號攤位  27/28/29.53","district":"中正區","city":"臺北市","result":"檢驗","types":"新北抽驗(製造端)","grade":""}},{"type":"Feature","geometry":{"type":"Point","coordinates":[121.533642,25.020093]},"properties":{"name":"振芳股份有限公司","address":"台北市中正區新生南路1段116號3樓","district":"中正區","city":"臺北市","result":"檢驗","types":"新北抽驗(製造端)、新北抽驗(販售端)","grade":""}},{"type":"Feature","geometry":{"type":"Point","coordinates":[121.53337,25.059716]},"properties":{"name":"養樂多股份有限公司","address":"台北市中山區松江路261號3樓","district":"中山區","city":"臺北市","result":"檢驗","types":"新北抽驗(製造端)","grade":""}},{"type":"Feature","geometry":{"type":"Point","coordinates":[121.505628,25.038243]},"properties":{"name":"養樂多股份有限公司","address":"台北市萬華區永福街15號","district":"萬華區","city":"臺北市","result":"檢驗","types":"新北抽驗(製造端)","grade":""}},{"type":"Feature","geometry":{"type":"Point","coordinates":[121.539173,24.991484]},"properties":{"name":"養樂多股份有限公司","address":"台北市文山區羅斯福路六段276巷13號1樓","district":"文山區","city":"臺北市","result":"檢驗","types":"新北抽驗(製造端)","grade":""}},{"type":"Feature","geometry":{"type":"Point","coordinates":[121.602296,25.056485]},"properties":{"name":"養樂多股份有限公司","address":"台北市南港區興南街21號","district":"南港區","city":"臺北市","result":"檢驗","types":"新北抽驗(製造端)","grade":""}},{"type":"Feature","geometry":{"type":"Point","coordinates":[121.517845,25.069777]},"properties":{"name":"養樂多股份有限公司","address":"台北市大同區承德路三段190巷5號","district":"大同區","city":"臺北市","result":"檢驗","types":"新北抽驗(製造端)","grade":""}},{"type":"Feature","geometry":{"type":"Point","coordinates":[121.538537,25.067943]},"properties":{"name":"養樂多股份有限公司","address":"台北市中山區民族東路414號","district":"中山區","city":"臺北市","result":"檢驗","types":"新北抽驗(製造端)","grade":""}},{"type":"Feature","geometry":{"type":"Point","coordinates":[121.538614,25.046795]},"properties":{"name":"養樂多股份有限公司","address":"台北市中山區建國北路一段42號","district":"中山區","city":"臺北市","result":"檢驗","types":"新北抽驗(製造端)","grade":""}},{"type":"Feature","geometry":{"type":"Point","coordinates":[121.532173,25.022524]},"properties":{"name":"養樂多股份有限公司","address":"台北市大安區辛亥路一段133號","district":"大安區","city":"臺北市","result":"檢驗","types":"新北抽驗(製造端)","grade":""}},{"type":"Feature","geometry":{"type":"Point","coordinates":[121.582366,25.04084]},"properties":{"name":"養樂多股份有限公司","address":"台北市信義區大道路72號","district":"信義區","city":"臺北市","result":"檢驗","types":"新北抽驗(製造端)","grade":""}},{"type":"Feature","geometry":{"type":"Point","coordinates":[121.540525,25.062136]},"properties":{"name":"悠旅生活事業股份有限公司","address":"台北市中山區民權東路三段22號1樓","district":"中山區","city":"臺北市","result":"檢驗","types":"新北抽驗(製造端)","grade":""}},{"type":"Feature","geometry":{"type":"Point","coordinates":[121.556709,25.082926]},"properties":{"name":"悠旅生活事業股份有限公司","address":"台北市中山區敬業三路20號1樓","district":"中山區","city":"臺北市","result":"檢驗","types":"新北抽驗(製造端)","grade":""}},{"type":"Feature","geometry":{"type":"Point","coordinates":[121.546231,25.083587]},"properties":{"name":"悠旅生活事業股份有限公司","address":"台北市中山區大直街70號1樓","district":"中山區","city":"臺北市","result":"檢驗","types":"新北抽驗(製造端)","grade":""}},{"type":"Feature","geometry":{"type":"Point","coordinates":[121.543705,25.06211]},"properties":{"name":"悠旅生活事業股份有限公司","address":"台北市中山區民權東路三段88號","district":"中山區","city":"臺北市","result":"檢驗","types":"新北抽驗(製造端)","grade":""}},{"type":"Feature","geometry":{"type":"Point","coordinates":[121.55776,25.029708]},"properties":{"name":"悠旅生活事業股份有限公司","address":"台北市信義區基隆路二段99之1號","district":"信義區","city":"臺北市","result":"檢驗","types":"新北抽驗(製造端)","grade":""}},{"type":"Feature","geometry":{"type":"Point","coordinates":[121.518177,25.044915]},"properties":{"name":"悠旅生活事業股份有限公司","address":"台北市中正區青島西路7號一樓","district":"中正區","city":"臺北市","result":"檢驗","types":"新北抽驗(製造端)","grade":""}},{"type":"Feature","geometry":{"type":"Point","coordinates":[121.522479,25.120637]},"properties":{"name":"悠旅生活事業股份有限公司","address":"台北市北投區石牌路二段201號","district":"北投區","city":"臺北市","result":"檢驗","types":"新北抽驗(製造端)","grade":""}},{"type":"Feature","geometry":{"type":"Point","coordinates":[121.575547,25.072837]},"properties":{"name":"悠旅生活事業股份有限公司","address":"台北市內湖區陽光街290號","district":"內湖區","city":"臺北市","result":"檢驗","types":"新北抽驗(製造端)","grade":""}},{"type":"Feature","geometry":{"type":"Point","coordinates":[121.498395,25.033534]},"properties":{"name":"悠旅生活事業股份有限公司","address":"台北市萬華區西園路一段306巷24號 & 26號","district":"萬華區","city":"臺北市","result":"檢驗","types":"新北抽驗(製造端)","grade":""}},{"type":"Feature","geometry":{"type":"Point","coordinates":[121.614969,25.058743]},"properties":{"name":"悠旅生活事業股份有限公司","address":"台北市南港區經貿二路186號之1樓","district":"南港區","city":"臺北市","result":"檢驗","types":"新北抽驗(製造端)","grade":""}},{"type":"Feature","geometry":{"type":"Point","coordinates":[121.56524,25.039516]},"properties":{"name":"悠旅生活事業股份有限公司","address":"台北市信義區松高路11號B2","district":"信義區","city":"臺北市","result":"檢驗","types":"新北抽驗(製造端)","grade":""}},{"type":"Feature","geometry":{"type":"Point","coordinates":[121.544352,24.992591]},"properties":{"name":"悠旅生活事業股份有限公司","address":"台北市文山區景興路185號1-2F","district":"文山區","city":"臺北市","result":"檢驗","types":"新北抽驗(製造端)","grade":""}},{"type":"Feature","geometry":{"type":"Point","coordinates":[121.607496,25.052571]},"properties":{"name":"悠旅生活事業股份有限公司","address":"台北市南港區忠孝東路七段371號B2(南港車站B2)","district":"南港區","city":"臺北市","result":"檢驗","types":"新北抽驗(製造端)","grade":""}},{"type":"Feature","geometry":{"type":"Point","coordinates":[121.560319,25.080122]},"properties":{"name":"悠旅生活事業股份有限公司","address":"台北市中山區樂群二路 267號1-2F","district":"中山區","city":"臺北市","result":"檢驗","types":"新北抽驗(製造端)","grade":""}},{"type":"Feature","geometry":{"type":"Point","coordinates":[121.529384,25.090193]},"properties":{"name":"悠旅生活事業股份有限公司","address":"台北市士林區中山北路6段719號1F","district":"士林區","city":"臺北市","result":"檢驗","types":"新北抽驗(製造端)","grade":""}},{"type":"Feature","geometry":{"type":"Point","coordinates":[121.553929,25.041205]},"properties":{"name":"悠旅生活事業股份有限公司","address":"台北市大安區忠孝東路四段230號","district":"大安區","city":"臺北市","result":"檢驗","types":"新北抽驗(製造端)","grade":""}},{"type":"Feature","geometry":{"type":"Point","coordinates":[121.498031,25.128478]},"properties":{"name":"悠旅生活事業股份有限公司","address":"台北市北投區大業路302號","district":"北投區","city":"臺北市","result":"檢驗","types":"新北抽驗(製造端)","grade":""}},{"type":"Feature","geometry":{"type":"Point","coordinates":[121.495751,25.038089]},"properties":{"name":"悠旅生活事業股份有限公司","address":"台北市萬華區桂林路1號","district":"萬華區","city":"臺北市","result":"檢驗","types":"新北抽驗(製造端)","grade":""}},{"type":"Feature","geometry":{"type":"Point","coordinates":[121.529732,25.03327]},"properties":{"name":"悠旅生活事業股份有限公司","address":"台北市大安區永康街2號2樓 & 2號2樓之一","district":"大安區","city":"臺北市","result":"檢驗","types":"新北抽驗(製造端)","grade":""}},{"type":"Feature","geometry":{"type":"Point","coordinates":[121.517734,25.052245]},"properties":{"name":"悠旅生活事業股份有限公司","address":"台北市大同區承德路一段1號","district":"大同區","city":"臺北市","result":"檢驗","types":"新北抽驗(製造端)","grade":""}},{"type":"Feature","geometry":{"type":"Point","coordinates":[121.543725,25.05166]},"properties":{"name":"悠旅生活事業股份有限公司","address":"台北市中山區南京東路三段224號1F","district":"中山區","city":"臺北市","result":"檢驗","types":"新北抽驗(製造端)","grade":""}},{"type":"Feature","geometry":{"type":"Point","coordinates":[121.531131,25.057427]},"properties":{"name":"悠旅生活事業股份有限公司","address":"台北市中山區松江路54號1樓","district":"中山區","city":"臺北市","result":"檢驗","types":"新北抽驗(製造端)","grade":""}},{"type":"Feature","geometry":{"type":"Point","coordinates":[121.514536,25.048789]},"properties":{"name":"悠旅生活事業股份有限公司","address":"台北市中正區鄭州路8號B1","district":"中正區","city":"臺北市","result":"檢驗","types":"新北抽驗(製造端)","grade":""}},{"type":"Feature","geometry":{"type":"Point","coordinates":[121.563901,25.034027]},"properties":{"name":"悠旅生活事業股份有限公司","address":"台北市信義區市府路45號B1","district":"信義區","city":"臺北市","result":"檢驗","types":"新北抽驗(製造端)","grade":""}},{"type":"Feature","geometry":{"type":"Point","coordinates":[121.529405,25.120221]},"properties":{"name":"悠旅生活事業股份有限公司","address":"台北市士林區天玉街38巷18弄1號","district":"士林區","city":"臺北市","result":"檢驗","types":"新北抽驗(製造端)","grade":""}},{"type":"Feature","geometry":{"type":"Point","coordinates":[121.594547,25.084081]},"properties":{"name":"悠旅生活事業股份有限公司","address":"台北市內湖區成功路四段188號2F","district":"內湖區","city":"臺北市","result":"檢驗","types":"新北抽驗(製造端)","grade":""}},{"type":"Feature","geometry":{"type":"Point","coordinates":[121.517244,25.046481]},"properties":{"name":"悠旅生活事業股份有限公司","address":"台北市中正區忠孝西路一段49號B1F","district":"中正區","city":"臺北市","result":"檢驗","types":"新北抽驗(製造端)","grade":""}},{"type":"Feature","geometry":{"type":"Point","coordinates":[121.568126,25.03446]},"properties":{"name":"悠旅生活事業股份有限公司","address":"台北市信義區松仁路100號2樓","district":"信義區","city":"臺北市","result":"檢驗","types":"新北抽驗(製造端)","grade":""}},{"type":"Feature","geometry":{"type":"Point","coordinates":[121.519573,25.052675]},"properties":{"name":"悠旅生活事業股份有限公司","address":"台北市大同區南京西路 36號1F","district":"大同區","city":"臺北市","result":"檢驗","types":"新北抽驗(製造端)","grade":""}},{"type":"Feature","geometry":{"type":"Point","coordinates":[121.533452,25.059199]},"properties":{"name":"悠旅生活事業股份有限公司","address":"台北市中山區松江路239號1樓","district":"中山區","city":"臺北市","result":"檢驗","types":"新北抽驗(製造端)","grade":""}},{"type":"Feature","geometry":{"type":"Point","coordinates":[121.547992,25.051963]},"properties":{"name":"悠旅生活事業股份有限公司","address":"台北市松山區南京東路三段337號1樓","district":"松山區","city":"臺北市","result":"檢驗","types":"新北抽驗(製造端)","grade":""}},{"type":"Feature","geometry":{"type":"Point","coordinates":[121.584186,25.078315]},"properties":{"name":"悠旅生活事業股份有限公司","address":"台北市內湖區文德路212號","district":"內湖區","city":"臺北市","result":"檢驗","types":"新北抽驗(製造端)","grade":""}},{"type":"Feature","geometry":{"type":"Point","coordinates":[121.574333,25.040053]},"properties":{"name":"悠旅生活事業股份有限公司","address":"台北市信義區忠孝東路5段8號B2","district":"信義區","city":"臺北市","result":"檢驗","types":"新北抽驗(製造端)","grade":""}},{"type":"Feature","geometry":{"type":"Point","coordinates":[121.525554,25.064797]},"properties":{"name":"悠旅生活事業股份有限公司","address":"台北市中山區林森北路568 & 568-1號","district":"中山區","city":"臺北市","result":"檢驗","types":"新北抽驗(製造端)","grade":""}},{"type":"Feature","geometry":{"type":"Point","coordinates":[121.542944,25.136246]},"properties":{"name":"悠旅生活事業股份有限公司","address":"台北市士林區國泰街5號","district":"士林區","city":"臺北市","result":"檢驗","types":"新北抽驗(製造端)","grade":""}},{"type":"Feature","geometry":{"type":"Point","coordinates":[121.545104,25.017562]},"properties":{"name":"悠旅生活事業股份有限公司","address":"台北市大安區基隆路三段85號","district":"大安區","city":"臺北市","result":"檢驗","types":"新北抽驗(製造端)","grade":""}},{"type":"Feature","geometry":{"type":"Point","coordinates":[121.562337,25.033153]},"properties":{"name":"悠旅生活事業股份有限公司","address":"台北市信義區信義路五段5號1樓","district":"信義區","city":"臺北市","result":"檢驗","types":"新北抽驗(製造端)","grade":""}},{"type":"Feature","geometry":{"type":"Point","coordinates":[121.543054,25.041212]},"properties":{"name":"悠旅生活事業股份有限公司","address":"台北市大安區忠孝東路三段300號B1","district":"大安區","city":"臺北市","result":"檢驗","types":"新北抽驗(製造端)","grade":""}},{"type":"Feature","geometry":{"type":"Point","coordinates":[121.470719,25.126993]},"properties":{"name":"悠旅生活事業股份有限公司","address":"台北市北投區立德路115號3樓","district":"北投區","city":"臺北市","result":"檢驗","types":"新北抽驗(製造端)","grade":""}},{"type":"Feature","geometry":{"type":"Point","coordinates":[121.57337,25.031651]},"properties":{"name":"悠旅生活事業股份有限公司","address":"台北市信義區信義路五段106號1樓","district":"信義區","city":"臺北市","result":"檢驗","types":"新北抽驗(製造端)","grade":""}},{"type":"Feature","geometry":{"type":"Point","coordinates":[121.512519,25.055512]},"properties":{"name":"悠旅生活事業股份有限公司","address":"台北市大同區南京西路16號B1","district":"大同區","city":"臺北市","result":"檢驗","types":"新北抽驗(製造端)","grade":""}},{"type":"Feature","geometry":{"type":"Point","coordinates":[121.565775,25.034435]},"properties":{"name":"悠旅生活事業股份有限公司","address":"台北市信義區松智路17號一樓","district":"信義區","city":"臺北市","result":"檢驗","types":"新北抽驗(製造端)","grade":""}},{"type":"Feature","geometry":{"type":"Point","coordinates":[121.531779,25.026409]},"properties":{"name":"悠旅生活事業股份有限公司","address":"台北市大安區和平東路一段129-1號1樓","district":"大安區","city":"臺北市","result":"檢驗","types":"新北抽驗(製造端)","grade":""}},{"type":"Feature","geometry":{"type":"Point","coordinates":[121.567968,25.036732]},"properties":{"name":"悠旅生活事業股份有限公司","address":"台北市信義區松仁路58號B2","district":"信義區","city":"臺北市","result":"檢驗","types":"新北抽驗(製造端)","grade":""}},{"type":"Feature","geometry":{"type":"Point","coordinates":[121.521542,25.038547]},"properties":{"name":"悠旅生活事業股份有限公司","address":"台北市中正區林森南路7-1號","district":"中正區","city":"臺北市","result":"檢驗","types":"新北抽驗(製造端)","grade":""}},{"type":"Feature","geometry":{"type":"Point","coordinates":[121.554538,25.037355]},"properties":{"name":"悠旅生活事業股份有限公司","address":"台北市大安區仁愛路四段304號1樓","district":"大安區","city":"臺北市","result":"檢驗","types":"新北抽驗(製造端)","grade":""}},{"type":"Feature","geometry":{"type":"Point","coordinates":[121.582177,25.044211]},"properties":{"name":"悠旅生活事業股份有限公司","address":"台北市南港區忠孝東路五段968號","district":"南港區","city":"臺北市","result":"檢驗","types":"新北抽驗(製造端)","grade":""}},{"type":"Feature","geometry":{"type":"Point","coordinates":[121.566382,25.04801]},"properties":{"name":"悠旅生活事業股份有限公司","address":"台北市信義區東興路37號","district":"信義區","city":"臺北市","result":"檢驗","types":"新北抽驗(製造端)","grade":""}},{"type":"Feature","geometry":{"type":"Point","coordinates":[121.60389,25.057938]},"properties":{"name":"悠旅生活事業股份有限公司","address":"台北市南港區重陽路269號一樓","district":"南港區","city":"臺北市","result":"檢驗","types":"新北抽驗(製造端)","grade":""}},{"type":"Feature","geometry":{"type":"Point","coordinates":[121.515974,25.09599]},"properties":{"name":"悠旅生活事業股份有限公司","address":"台北市士林區士商路189號","district":"士林區","city":"臺北市","result":"檢驗","types":"新北抽驗(製造端)","grade":""}},{"type":"Feature","geometry":{"type":"Point","coordinates":[121.520113,25.06265]},"properties":{"name":"悠旅生活事業股份有限公司","address":"台北市中山區民權西路62號","district":"中山區","city":"臺北市","result":"檢驗","types":"新北抽驗(製造端)","grade":""}},{"type":"Feature","geometry":{"type":"Point","coordinates":[121.534035,25.11708]},"properties":{"name":"悠旅生活事業股份有限公司","address":"台北市士林區忠誠路二段200號","district":"士林區","city":"臺北市","result":"檢驗","types":"新北抽驗(製造端)","grade":""}},{"type":"Feature","geometry":{"type":"Point","coordinates":[121.549815,25.063374]},"properties":{"name":"悠旅生活事業股份有限公司","address":"台北市松山區敦化北路340之10號2樓(第二航廈)","district":"松山區","city":"臺北市","result":"檢驗","types":"新北抽驗(製造端)","grade":""}},{"type":"Feature","geometry":{"type":"Point","coordinates":[121.56824,25.080701]},"properties":{"name":"悠旅生活事業股份有限公司","address":"台北市內湖區瑞光路583巷28號","district":"內湖區","city":"臺北市","result":"檢驗","types":"新北抽驗(製造端)","grade":""}},{"type":"Feature","geometry":{"type":"Point","coordinates":[121.524585,25.024523]},"properties":{"name":"悠旅生活事業股份有限公司","address":"台北市大安區羅斯福路二段109號","district":"大安區","city":"臺北市","result":"檢驗","types":"新北抽驗(製造端)","grade":""}},{"type":"Feature","geometry":{"type":"Point","coordinates":[121.562473,25.058554]},"properties":{"name":"悠旅生活事業股份有限公司","address":"台北市松山區民生東路五段150之1號","district":"松山區","city":"臺北市","result":"檢驗","types":"新北抽驗(製造端)","grade":""}},{"type":"Feature","geometry":{"type":"Point","coordinates":[121.56524,25.039516]},"properties":{"name":"悠旅生活事業股份有限公司","address":"台北市信義區松高路11號6F","district":"信義區","city":"臺北市","result":"檢驗","types":"新北抽驗(製造端)","grade":""}},{"type":"Feature","geometry":{"type":"Point","coordinates":[121.533498,25.110132]},"properties":{"name":"悠旅生活事業股份有限公司","address":"台北市士林區忠誠路二段55號1樓","district":"士林區","city":"臺北市","result":"檢驗","types":"新北抽驗(製造端)","grade":""}},{"type":"Feature","geometry":{"type":"Point","coordinates":[121.617583,25.059345]},"properties":{"name":"悠旅生活事業股份有限公司","address":"台北市南港區經貿二路131號2F(櫃號：21600號)","district":"南港區","city":"臺北市","result":"檢驗","types":"新北抽驗(製造端)","grade":""}},{"type":"Feature","geometry":{"type":"Point","coordinates":[121.50949,25.112812]},"properties":{"name":"悠旅生活事業股份有限公司","address":"台北市北投區承德路七段150號1、2樓","district":"北投區","city":"臺北市","result":"檢驗","types":"新北抽驗(製造端)","grade":""}},{"type":"Feature","geometry":{"type":"Point","coordinates":[121.591979,25.071802]},"properties":{"name":"悠旅生活事業股份有限公司","address":"台北市內湖區成功路二段325號B1","district":"內湖區","city":"臺北市","result":"檢驗","types":"新北抽驗(製造端)","grade":""}},{"type":"Feature","geometry":{"type":"Point","coordinates":[121.592402,25.053096]},"properties":{"name":"悠旅生活事業股份有限公司","address":"台北市南港區昆陽街22號","district":"南港區","city":"臺北市","result":"檢驗","types":"新北抽驗(製造端)","grade":""}},{"type":"Feature","geometry":{"type":"Point","coordinates":[121.589542,25.06369]},"properties":{"name":"悠旅生活事業股份有限公司","address":"台北市內湖區石潭路153號","district":"內湖區","city":"臺北市","result":"檢驗","types":"新北抽驗(製造端)","grade":""}},{"type":"Feature","geometry":{"type":"Point","coordinates":[121.589542,25.06369]},"properties":{"name":"悠旅生活事業股份有限公司","address":"台北市內湖區石潭路153號1樓","district":"內湖區","city":"臺北市","result":"檢驗","types":"新北抽驗(製造端)","grade":""}},{"type":"Feature","geometry":{"type":"Point","coordinates":[121.520914,25.096783]},"properties":{"name":"悠旅生活事業股份有限公司","address":"台北市士林區文昌路89號一樓","district":"士林區","city":"臺北市","result":"檢驗","types":"新北抽驗(製造端)","grade":""}},{"type":"Feature","geometry":{"type":"Point","coordinates":[121.599163,25.054024]},"properties":{"name":"悠旅生活事業股份有限公司","address":"台北市內湖區南港路二段3號","district":"內湖區","city":"臺北市","result":"檢驗","types":"新北抽驗(製造端)","grade":""}},{"type":"Feature","geometry":{"type":"Point","coordinates":[121.597495,25.054535]},"properties":{"name":"悠旅生活事業股份有限公司","address":"台北市南港區南港路二段3號","district":"南港區","city":"臺北市","result":"檢驗","types":"新北抽驗(製造端)","grade":""}},{"type":"Feature","geometry":{"type":"Point","coordinates":[121.597637,25.068434]},"properties":{"name":"諾貝兒寶貝股份有限公司","address":"台北市內湖區民權東路6段180巷6號地下一樓","district":"內湖區","city":"臺北市","result":"檢驗","types":"新北抽驗(製造端)、新北抽驗(販售端)","grade":""}},{"type":"Feature","geometry":{"type":"Point","coordinates":[121.574333,25.040053]},"properties":{"name":"穀堡農坊股份有限公司","address":"台北市信義區忠孝東路5段1之1號13樓","district":"信義區","city":"臺北市","result":"檢驗","types":"新北抽驗(製造端)","grade":""}},{"type":"Feature","geometry":{"type":"Point","coordinates":[121.595527,25.103364]},"properties":{"name":"穀堡農坊股份有限公司","address":"台北市內湖區碧山路60號","district":"內湖區","city":"臺北市","result":"檢驗","types":"新北抽驗(製造端)","grade":""}},{"type":"Feature","geometry":{"type":"Point","coordinates":[121.560431,25.035595]},"properties":{"name":"高聖泰國際企業有限公司","address":"台北市信義區基隆路1段155號5樓之8","district":"信義區","city":"臺北市","result":"檢驗","types":"新北抽驗(製造端)","grade":""}},{"type":"Feature","geometry":{"type":"Point","coordinates":[121.554954,25.052314]},"properties":{"name":"里仁事業股份有限公司","address":"台北市松山區南京東路4段163號4樓","district":"松山區","city":"臺北市","result":"檢驗","types":"新北抽驗(販售端)","grade":""}},{"type":"Feature","geometry":{"type":"Point","coordinates":[121.524898,25.094361]},"properties":{"name":"里仁事業股份有限公司","address":"台北市士林區文林路422號","district":"士林區","city":"臺北市","result":"檢驗","types":"新北抽驗(販售端)","grade":""}},{"type":"Feature","geometry":{"type":"Point","coordinates":[121.525152,25.109039]},"properties":{"name":"里仁事業股份有限公司","address":"台北市士林區中山北路六段235號","district":"士林區","city":"臺北市","result":"檢驗","types":"新北抽驗(販售端)","grade":""}},{"type":"Feature","geometry":{"type":"Point","coordinates":[121.614638,25.068552]},"properties":{"name":"里仁事業股份有限公司","address":"台北市內湖區東湖路84號","district":"內湖區","city":"臺北市","result":"檢驗","types":"新北抽驗(販售端)","grade":""}},{"type":"Feature","geometry":{"type":"Point","coordinates":[121.590723,25.082463]},"properties":{"name":"里仁事業股份有限公司","address":"台北市內湖區內湖路二段289，291號","district":"內湖區","city":"臺北市","result":"檢驗","types":"新北抽驗(販售端)","grade":""}},{"type":"Feature","geometry":{"type":"Point","coordinates":[121.548898,25.081829]},"properties":{"name":"里仁事業股份有限公司","address":"台北市中山區北安路598號","district":"中山區","city":"臺北市","result":"檢驗","types":"新北抽驗(販售端)","grade":""}},{"type":"Feature","geometry":{"type":"Point","coordinates":[121.540486,25.059606]},"properties":{"name":"里仁事業股份有限公司","address":"台北市中山區龍江路256號","district":"中山區","city":"臺北市","result":"檢驗","types":"新北抽驗(販售端)","grade":""}},{"type":"Feature","geometry":{"type":"Point","coordinates":[121.520327,25.057475]},"properties":{"name":"里仁事業股份有限公司","address":"台北市大同區民生西路80號","district":"大同區","city":"臺北市","result":"檢驗","types":"新北抽驗(販售端)","grade":""}},{"type":"Feature","geometry":{"type":"Point","coordinates":[121.535242,25.051827]},"properties":{"name":"里仁事業股份有限公司","address":"台北市中山區南京東路二段180號","district":"中山區","city":"臺北市","result":"檢驗","types":"新北抽驗(販售端)","grade":""}},{"type":"Feature","geometry":{"type":"Point","coordinates":[121.540602,25.042237]},"properties":{"name":"里仁事業股份有限公司","address":"台北市大安區忠孝東路三段217巷2弄16號","district":"大安區","city":"臺北市","result":"檢驗","types":"新北抽驗(販售端)","grade":""}},{"type":"Feature","geometry":{"type":"Point","coordinates":[121.554349,25.03131]},"properties":{"name":"里仁事業股份有限公司","address":"台北市大安區通化街23號","district":"大安區","city":"臺北市","result":"檢驗","types":"新北抽驗(販售端)","grade":""}},{"type":"Feature","geometry":{"type":"Point","coordinates":[121.529258,25.029783]},"properties":{"name":"里仁事業股份有限公司","address":"台北市大安區金華街181-1號","district":"大安區","city":"臺北市","result":"檢驗","types":"新北抽驗(販售端)","grade":""}},{"type":"Feature","geometry":{"type":"Point","coordinates":[121.510905,25.044052]},"properties":{"name":"里仁事業股份有限公司","address":"台北市中正區武昌街一段62號","district":"中正區","city":"臺北市","result":"檢驗","types":"新北抽驗(販售端)","grade":""}},{"type":"Feature","geometry":{"type":"Point","coordinates":[121.5182,25.031623]},"properties":{"name":"里仁事業股份有限公司","address":"台北市中正區南昌路一段33號","district":"中正區","city":"臺北市","result":"檢驗","types":"新北抽驗(販售端)","grade":""}},{"type":"Feature","geometry":{"type":"Point","coordinates":[121.531712,25.018754]},"properties":{"name":"里仁事業股份有限公司","address":"台北市大安區羅斯福路三段283巷24號","district":"大安區","city":"臺北市","result":"檢驗","types":"新北抽驗(販售端)","grade":""}},{"type":"Feature","geometry":{"type":"Point","coordinates":[121.55623,25.000221]},"properties":{"name":"里仁事業股份有限公司","address":"台北市文山區興隆路三段65號","district":"文山區","city":"臺北市","result":"檢驗","types":"新北抽驗(販售端)","grade":""}},{"type":"Feature","geometry":{"type":"Point","coordinates":[121.563395,25.057235]},"properties":{"name":"里仁事業股份有限公司","address":"台北市松山區三民路97號","district":"松山區","city":"臺北市","result":"檢驗","types":"新北抽驗(販售端)","grade":""}},{"type":"Feature","geometry":{"type":"Point","coordinates":[121.555487,25.051795]},"properties":{"name":"里仁事業股份有限公司","address":"台北市松山區南京東路四段143號","district":"松山區","city":"臺北市","result":"檢驗","types":"新北抽驗(販售端)","grade":""}},{"type":"Feature","geometry":{"type":"Point","coordinates":[121.564194,25.027989]},"properties":{"name":"里仁事業股份有限公司","address":"台北市信義區莊敬路339號","district":"信義區","city":"臺北市","result":"檢驗","types":"新北抽驗(販售端)","grade":""}},{"type":"Feature","geometry":{"type":"Point","coordinates":[121.554954,25.052314]},"properties":{"name":"里仁事業股份有限公司","address":"台北市松山區南京東路4段141號1、2樓","district":"松山區","city":"臺北市","result":"檢驗","types":"新北抽驗(販售端)","grade":""}},{"type":"Feature","geometry":{"type":"Point","coordinates":[121.563232,25.08068]},"properties":{"name":"統一超商股份有限公司","address":"台北市內湖區堤頂大道二段411號1樓","district":"內湖區","city":"臺北市","result":"檢驗","types":"新北抽驗(製造端)、新北抽驗(販售端)","grade":""}},{"type":"Feature","geometry":{"type":"Point","coordinates":[121.525082,25.05711]},"properties":{"name":"統一超商股份有限公司","address":"台北市中山區中山北路二段39巷8號1樓","district":"中山區","city":"臺北市","result":"檢驗","types":"新北抽驗(製造端)、新北抽驗(販售端)","grade":""}},{"type":"Feature","geometry":{"type":"Point","coordinates":[121.502369,25.133952]},"properties":{"name":"統一超商股份有限公司","address":"台北市北投區光明路132之2號1.2樓","district":"北投區","city":"臺北市","result":"檢驗","types":"新北抽驗(製造端)、新北抽驗(販售端)","grade":""}},{"type":"Feature","geometry":{"type":"Point","coordinates":[121.531935,25.11417]},"properties":{"name":"統一超商股份有限公司","address":"台北市士林區忠誠路2段50巷12號","district":"士林區","city":"臺北市","result":"檢驗","types":"新北抽驗(製造端)、新北抽驗(販售端)","grade":""}},{"type":"Feature","geometry":{"type":"Point","coordinates":[121.510143,25.063998]},"properties":{"name":"統一超商股份有限公司","address":"台北市大同區延平北路三段19之5號21號1樓","district":"大同區","city":"臺北市","result":"檢驗","types":"新北抽驗(製造端)、新北抽驗(販售端)","grade":""}},{"type":"Feature","geometry":{"type":"Point","coordinates":[121.565582,25.079758]},"properties":{"name":"統一超商股份有限公司","address":"台北市內湖區基湖路35巷13號1樓","district":"內湖區","city":"臺北市","result":"檢驗","types":"新北抽驗(製造端)、新北抽驗(販售端)","grade":""}},{"type":"Feature","geometry":{"type":"Point","coordinates":[121.587452,25.039335]},"properties":{"name":"統一超商股份有限公司","address":"台北市信義區福德街308號310巷1號","district":"信義區","city":"臺北市","result":"檢驗","types":"新北抽驗(製造端)、新北抽驗(販售端)","grade":""}},{"type":"Feature","geometry":{"type":"Point","coordinates":[121.54468,25.052838]},"properties":{"name":"統一超商股份有限公司","address":"台北市松山區慶城街1號1樓","district":"松山區","city":"臺北市","result":"檢驗","types":"新北抽驗(製造端)、新北抽驗(販售端)","grade":""}},{"type":"Feature","geometry":{"type":"Point","coordinates":[121.566832,25.040721]},"properties":{"name":"統一超商股份有限公司","address":"台北市信義區忠孝東路五段68號24樓","district":"信義區","city":"臺北市","result":"檢驗","types":"新北抽驗(製造端)、新北抽驗(販售端)","grade":""}},{"type":"Feature","geometry":{"type":"Point","coordinates":[121.544422,25.043725]},"properties":{"name":"統一超商股份有限公司","address":"台北市大安區復興南路一段107巷5弄1號1樓","district":"大安區","city":"臺北市","result":"檢驗","types":"新北抽驗(製造端)、新北抽驗(販售端)","grade":""}},{"type":"Feature","geometry":{"type":"Point","coordinates":[121.533966,25.051835]},"properties":{"name":"統一超商股份有限公司","address":"台北市中山區南京東路二段144號1樓","district":"中山區","city":"臺北市","result":"檢驗","types":"新北抽驗(製造端)、新北抽驗(販售端)","grade":""}},{"type":"Feature","geometry":{"type":"Point","coordinates":[121.525481,25.056451]},"properties":{"name":"統一超商股份有限公司","address":"台北市中山區林森北路101號1樓","district":"中山區","city":"臺北市","result":"檢驗","types":"新北抽驗(製造端)、新北抽驗(販售端)","grade":""}},{"type":"Feature","geometry":{"type":"Point","coordinates":[121.533451,25.058984]},"properties":{"name":"統一超商股份有限公司","address":"台北市中山區松江路237號1樓","district":"中山區","city":"臺北市","result":"檢驗","types":"新北抽驗(製造端)、新北抽驗(販售端)","grade":""}},{"type":"Feature","geometry":{"type":"Point","coordinates":[121.553554,25.051839]},"properties":{"name":"統一超商股份有限公司","address":"台北市松山區南京東路四段75之2號1樓","district":"松山區","city":"臺北市","result":"檢驗","types":"新北抽驗(製造端)、新北抽驗(販售端)","grade":""}},{"type":"Feature","geometry":{"type":"Point","coordinates":[121.503947,25.045322]},"properties":{"name":"統一超商股份有限公司","address":"台北市萬華區武昌街二段122之1號","district":"萬華區","city":"臺北市","result":"檢驗","types":"新北抽驗(製造端)、新北抽驗(販售端)","grade":""}},{"type":"Feature","geometry":{"type":"Point","coordinates":[121.552566,25.083516]},"properties":{"name":"統一超商股份有限公司","address":"台北市中山區敬業一路130號1樓","district":"中山區","city":"臺北市","result":"檢驗","types":"新北抽驗(製造端)、新北抽驗(販售端)","grade":""}},{"type":"Feature","geometry":{"type":"Point","coordinates":[121.617343,25.056377]},"properties":{"name":"統一超商股份有限公司","address":"台北市南港區經貿二路1號","district":"南港區","city":"臺北市","result":"檢驗","types":"新北抽驗(製造端)、新北抽驗(販售端)","grade":""}},{"type":"Feature","geometry":{"type":"Point","coordinates":[121.597386,25.061422]},"properties":{"name":"統一超商股份有限公司","address":"台北市內湖區安康路28號1樓","district":"內湖區","city":"臺北市","result":"檢驗","types":"新北抽驗(製造端)、新北抽驗(販售端)","grade":""}},{"type":"Feature","geometry":{"type":"Point","coordinates":[121.525338,25.057017]},"properties":{"name":"統一超商股份有限公司","address":"台北市中山區中山北路二段56號1樓","district":"中山區","city":"臺北市","result":"檢驗","types":"新北抽驗(製造端)、新北抽驗(販售端)","grade":""}},{"type":"Feature","geometry":{"type":"Point","coordinates":[121.549675,25.043995]},"properties":{"name":"統一超商股份有限公司","address":"台北市大安區忠孝東路四段181巷40弄22號1樓","district":"大安區","city":"臺北市","result":"檢驗","types":"新北抽驗(製造端)、新北抽驗(販售端)","grade":""}},{"type":"Feature","geometry":{"type":"Point","coordinates":[121.52021,25.057461]},"properties":{"name":"統一超商股份有限公司","address":"台北市大同區民生西路84號1樓","district":"大同區","city":"臺北市","result":"檢驗","types":"新北抽驗(製造端)、新北抽驗(販售端)","grade":""}},{"type":"Feature","geometry":{"type":"Point","coordinates":[121.531394,25.040825]},"properties":{"name":"統一超商股份有限公司","address":"台北市中正區臨沂街27巷10號1樓","district":"中正區","city":"臺北市","result":"檢驗","types":"新北抽驗(製造端)、新北抽驗(販售端)","grade":""}},{"type":"Feature","geometry":{"type":"Point","coordinates":[121.499303,25.03388]},"properties":{"name":"統一超商股份有限公司","address":"台北市萬華區西園路一段278號1樓","district":"萬華區","city":"臺北市","result":"檢驗","types":"新北抽驗(製造端)、新北抽驗(販售端)","grade":""}},{"type":"Feature","geometry":{"type":"Point","coordinates":[121.56828,25.080769]},"properties":{"name":"統一超商股份有限公司","address":"台北市內湖區瑞光路583巷30號1樓","district":"內湖區","city":"臺北市","result":"檢驗","types":"新北抽驗(製造端)、新北抽驗(販售端)","grade":""}},{"type":"Feature","geometry":{"type":"Point","coordinates":[121.579604,25.062926]},"properties":{"name":"統一超商股份有限公司","address":"台北市內湖區新湖二路160號162號1樓","district":"內湖區","city":"臺北市","result":"檢驗","types":"新北抽驗(製造端)、新北抽驗(販售端)","grade":""}},{"type":"Feature","geometry":{"type":"Point","coordinates":[121.555873,25.041594]},"properties":{"name":"統一超商股份有限公司","address":"台北市大安區忠孝東路四段313號1樓","district":"大安區","city":"臺北市","result":"檢驗","types":"新北抽驗(製造端)、新北抽驗(販售端)","grade":""}},{"type":"Feature","geometry":{"type":"Point","coordinates":[121.505166,25.042861]},"properties":{"name":"統一超商股份有限公司","address":"台北市萬華區成都路68號1樓","district":"萬華區","city":"臺北市","result":"檢驗","types":"新北抽驗(製造端)、新北抽驗(販售端)","grade":""}},{"type":"Feature","geometry":{"type":"Point","coordinates":[121.575042,25.078221]},"properties":{"name":"統一超商股份有限公司","address":"台北市內湖區洲子街12號1樓","district":"內湖區","city":"臺北市","result":"檢驗","types":"新北抽驗(製造端)、新北抽驗(販售端)","grade":""}},{"type":"Feature","geometry":{"type":"Point","coordinates":[121.525232,25.089475]},"properties":{"name":"統一超商股份有限公司","address":"台北市士林區大東路35號1樓","district":"士林區","city":"臺北市","result":"檢驗","types":"新北抽驗(製造端)、新北抽驗(販售端)","grade":""}},{"type":"Feature","geometry":{"type":"Point","coordinates":[121.557495,25.044088]},"properties":{"name":"統一超商股份有限公司","address":"台北市大安區光復南路98之3號98之5號","district":"大安區","city":"臺北市","result":"檢驗","types":"新北抽驗(製造端)、新北抽驗(販售端)","grade":""}},{"type":"Feature","geometry":{"type":"Point","coordinates":[121.530978,25.03417]},"properties":{"name":"統一超商股份有限公司","address":"台北市中正區新生南路一段170巷14之3號1樓","district":"中正區","city":"臺北市","result":"檢驗","types":"新北抽驗(製造端)、新北抽驗(販售端)","grade":""}},{"type":"Feature","geometry":{"type":"Point","coordinates":[121.532251,25.052121]},"properties":{"name":"統一超商股份有限公司","address":"台北市中山區南京東路二段100號1樓","district":"中山區","city":"臺北市","result":"檢驗","types":"新北抽驗(製造端)、新北抽驗(販售端)","grade":""}},{"type":"Feature","geometry":{"type":"Point","coordinates":[121.5256,25.067268]},"properties":{"name":"統一超商股份有限公司","address":"台北市中山區林森北路624號626號1樓","district":"中山區","city":"臺北市","result":"檢驗","types":"新北抽驗(製造端)、新北抽驗(販售端)","grade":""}},{"type":"Feature","geometry":{"type":"Point","coordinates":[121.564602,25.051596]},"properties":{"name":"統一超商股份有限公司","address":"台北市松山區南京東路五段229號231號1樓","district":"松山區","city":"臺北市","result":"檢驗","types":"新北抽驗(製造端)、新北抽驗(販售端)","grade":""}},{"type":"Feature","geometry":{"type":"Point","coordinates":[121.53103,25.043374]},"properties":{"name":"統一超商股份有限公司","address":"台北市中正區臨沂街1號1樓","district":"中正區","city":"臺北市","result":"檢驗","types":"新北抽驗(製造端)、新北抽驗(販售端)","grade":""}},{"type":"Feature","geometry":{"type":"Point","coordinates":[121.616344,25.056311]},"properties":{"name":"統一超商股份有限公司","address":"台北市南港區經貿二路2號B1樓","district":"南港區","city":"臺北市","result":"檢驗","types":"新北抽驗(製造端)、新北抽驗(販售端)","grade":""}},{"type":"Feature","geometry":{"type":"Point","coordinates":[121.578764,25.036732]},"properties":{"name":"統一超商股份有限公司","address":"台北市信義區松山路11號B1樓","district":"信義區","city":"臺北市","result":"檢驗","types":"新北抽驗(製造端)、新北抽驗(販售端)","grade":""}},{"type":"Feature","geometry":{"type":"Point","coordinates":[121.527798,25.101561]},"properties":{"name":"統一超商股份有限公司","address":"台北市士林區至誠路二段82號1樓","district":"士林區","city":"臺北市","result":"檢驗","types":"新北抽驗(製造端)、新北抽驗(販售端)","grade":""}},{"type":"Feature","geometry":{"type":"Point","coordinates":[121.592649,25.068196]},"properties":{"name":"統一超商股份有限公司","address":"台北市內湖區民權東路六段180巷6號1樓","district":"內湖區","city":"臺北市","result":"檢驗","types":"新北抽驗(製造端)、新北抽驗(販售端)","grade":""}},{"type":"Feature","geometry":{"type":"Point","coordinates":[121.576688,25.039499]},"properties":{"name":"統一超商股份有限公司","address":"台北市信義區虎林街151號153號1樓","district":"信義區","city":"臺北市","result":"檢驗","types":"新北抽驗(製造端)、新北抽驗(販售端)","grade":""}},{"type":"Feature","geometry":{"type":"Point","coordinates":[121.56697,25.049752]},"properties":{"name":"統一超商股份有限公司","address":"台北市松山區南京東路五段15號1樓","district":"松山區","city":"臺北市","result":"檢驗","types":"新北抽驗(製造端)、新北抽驗(販售端)","grade":""}},{"type":"Feature","geometry":{"type":"Point","coordinates":[121.607208,25.05267]},"properties":{"name":"統一超商股份有限公司","address":"台北市南港區忠孝東路七段369號2樓","district":"南港區","city":"臺北市","result":"檢驗","types":"新北抽驗(製造端)、新北抽驗(販售端)","grade":""}},{"type":"Feature","geometry":{"type":"Point","coordinates":[121.542284,25.025231]},"properties":{"name":"統一超商股份有限公司","address":"台北市大安區和平東路二段197號199號1樓","district":"大安區","city":"臺北市","result":"檢驗","types":"新北抽驗(製造端)、新北抽驗(販售端)","grade":""}},{"type":"Feature","geometry":{"type":"Point","coordinates":[121.521066,25.023362]},"properties":{"name":"統一超商股份有限公司","address":"台北市中正區同安街62號1樓","district":"中正區","city":"臺北市","result":"檢驗","types":"新北抽驗(製造端)、新北抽驗(販售端)","grade":""}},{"type":"Feature","geometry":{"type":"Point","coordinates":[121.543888,25.025691]},"properties":{"name":"統一超商股份有限公司","address":"台北市大安區復興南路二段271巷2號1樓","district":"大安區","city":"臺北市","result":"檢驗","types":"新北抽驗(製造端)、新北抽驗(販售端)","grade":""}},{"type":"Feature","geometry":{"type":"Point","coordinates":[121.558379,25.08031]},"properties":{"name":"統一超商股份有限公司","address":"台北市中山區敬業四路1號1樓","district":"中山區","city":"臺北市","result":"檢驗","types":"新北抽驗(製造端)、新北抽驗(販售端)","grade":""}},{"type":"Feature","geometry":{"type":"Point","coordinates":[121.54433,25.063431]},"properties":{"name":"統一超商股份有限公司","address":"台北市松山區復興北路15-6號1樓","district":"松山區","city":"臺北市","result":"檢驗","types":"新北抽驗(製造端)、新北抽驗(販售端)","grade":""}},{"type":"Feature","geometry":{"type":"Point","coordinates":[121.593976,25.061743]},"properties":{"name":"統一超商股份有限公司","address":"台北市內湖區石潭里安康路32巷24弄22號1樓","district":"內湖區","city":"臺北市","result":"檢驗","types":"新北抽驗(製造端)、新北抽驗(販售端)","grade":""}},{"type":"Feature","geometry":{"type":"Point","coordinates":[121.57194,25.079565]},"properties":{"name":"統一超商股份有限公司","address":"台北市內湖區洲子街70號1樓","district":"內湖區","city":"臺北市","result":"檢驗","types":"新北抽驗(製造端)、新北抽驗(販售端)","grade":""}},{"type":"Feature","geometry":{"type":"Point","coordinates":[121.615886,25.0672]},"properties":{"name":"統一超商股份有限公司","address":"台北市內湖區五分街62號","district":"內湖區","city":"臺北市","result":"檢驗","types":"新北抽驗(製造端)、新北抽驗(販售端)","grade":""}},{"type":"Feature","geometry":{"type":"Point","coordinates":[121.503706,25.019841]},"properties":{"name":"統一超商股份有限公司","address":"台北市萬華區青年路188號1樓","district":"萬華區","city":"臺北市","result":"檢驗","types":"新北抽驗(製造端)、新北抽驗(販售端)","grade":""}},{"type":"Feature","geometry":{"type":"Point","coordinates":[121.546277,25.093076]},"properties":{"name":"統一超商股份有限公司","address":"台北市士林區臨溪路70號","district":"士林區","city":"臺北市","result":"檢驗","types":"新北抽驗(製造端)、新北抽驗(販售端)","grade":""}},{"type":"Feature","geometry":{"type":"Point","coordinates":[121.517462,25.114479]},"properties":{"name":"統一超商股份有限公司","address":"台北市北投區裕民六路111號113號1樓","district":"北投區","city":"臺北市","result":"檢驗","types":"新北抽驗(製造端)、新北抽驗(販售端)","grade":""}},{"type":"Feature","geometry":{"type":"Point","coordinates":[121.569422,25.024494]},"properties":{"name":"統一超商股份有限公司","address":"台北市信義區松仁路246號248號1樓","district":"信義區","city":"臺北市","result":"檢驗","types":"新北抽驗(製造端)、新北抽驗(販售端)","grade":""}},{"type":"Feature","geometry":{"type":"Point","coordinates":[121.507573,25.042831]},"properties":{"name":"統一超商股份有限公司","address":"台北市萬華區峨嵋街74號1樓","district":"萬華區","city":"臺北市","result":"檢驗","types":"新北抽驗(製造端)、新北抽驗(販售端)","grade":""}},{"type":"Feature","geometry":{"type":"Point","coordinates":[121.526484,25.088414]},"properties":{"name":"統一超商股份有限公司","address":"台北市士林區文林路126號1樓","district":"士林區","city":"臺北市","result":"檢驗","types":"新北抽驗(製造端)、新北抽驗(販售端)","grade":""}},{"type":"Feature","geometry":{"type":"Point","coordinates":[121.536629,25.033724]},"properties":{"name":"統一超商股份有限公司","address":"台北市大安區信義路三段65號1樓","district":"大安區","city":"臺北市","result":"檢驗","types":"新北抽驗(製造端)、新北抽驗(販售端)","grade":""}},{"type":"Feature","geometry":{"type":"Point","coordinates":[121.563782,25.042672]},"properties":{"name":"統一超商股份有限公司","address":"台北市信義區忠孝東路四段559巷24號1樓","district":"信義區","city":"臺北市","result":"檢驗","types":"新北抽驗(製造端)、新北抽驗(販售端)","grade":""}},{"type":"Feature","geometry":{"type":"Point","coordinates":[121.567179,25.042716]},"properties":{"name":"統一超商股份有限公司","address":"台北市信義區忠孝東路五段71巷6號1樓","district":"信義區","city":"臺北市","result":"檢驗","types":"新北抽驗(製造端)、新北抽驗(販售端)","grade":""}},{"type":"Feature","geometry":{"type":"Point","coordinates":[121.505498,25.045648]},"properties":{"name":"統一超商股份有限公司","address":"台北市萬華區昆明街76之1號1樓","district":"萬華區","city":"臺北市","result":"檢驗","types":"新北抽驗(製造端)、新北抽驗(販售端)","grade":""}},{"type":"Feature","geometry":{"type":"Point","coordinates":[121.548009,24.987293]},"properties":{"name":"統一超商股份有限公司","address":"台北市文山區木柵路一段111號1樓(世新大管院)","district":"文山區","city":"臺北市","result":"檢驗","types":"新北抽驗(製造端)、新北抽驗(販售端)","grade":""}},{"type":"Feature","geometry":{"type":"Point","coordinates":[121.470719,25.126993]},"properties":{"name":"統一超商股份有限公司","address":"台北市北投區立德路115號3樓","district":"北投區","city":"臺北市","result":"檢驗","types":"新北抽驗(製造端)、新北抽驗(販售端)","grade":""}},{"type":"Feature","geometry":{"type":"Point","coordinates":[121.538836,25.009182]},"properties":{"name":"統一超商股份有限公司","address":"台北市大安區羅斯福路四段1號1樓卓聯大樓","district":"大安區","city":"臺北市","result":"檢驗","types":"新北抽驗(製造端)、新北抽驗(販售端)","grade":""}},{"type":"Feature","geometry":{"type":"Point","coordinates":[121.567968,25.036732]},"properties":{"name":"統一超商股份有限公司","address":"台北市信義區松仁路58號B2樓","district":"信義區","city":"臺北市","result":"檢驗","types":"新北抽驗(製造端)、新北抽驗(販售端)","grade":""}},{"type":"Feature","geometry":{"type":"Point","coordinates":[121.524306,25.024037]},"properties":{"name":"統一超商股份有限公司","address":"台北市中正區南昌路二段206號1樓","district":"中正區","city":"臺北市","result":"檢驗","types":"新北抽驗(製造端)、新北抽驗(販售端)","grade":""}},{"type":"Feature","geometry":{"type":"Point","coordinates":[121.525904,25.066038]},"properties":{"name":"統一超商股份有限公司","address":"台北市中山區林森北路587號1樓","district":"中山區","city":"臺北市","result":"檢驗","types":"新北抽驗(製造端)、新北抽驗(販售端)","grade":""}},{"type":"Feature","geometry":{"type":"Point","coordinates":[121.517055,25.047176]},"properties":{"name":"統一超商股份有限公司","address":"台北市中正區北平西路3號1樓","district":"中正區","city":"臺北市","result":"檢驗","types":"新北抽驗(製造端)、新北抽驗(販售端)","grade":""}},{"type":"Feature","geometry":{"type":"Point","coordinates":[121.525299,25.04477]},"properties":{"name":"統一超商股份有限公司","address":"台北市中正區紹興北街3號1樓B1","district":"中正區","city":"臺北市","result":"檢驗","types":"新北抽驗(製造端)、新北抽驗(販售端)","grade":""}},{"type":"Feature","geometry":{"type":"Point","coordinates":[121.518378,25.049611]},"properties":{"name":"統一超商股份有限公司","address":"台北市大同區華陰街65號1樓","district":"大同區","city":"臺北市","result":"檢驗","types":"新北抽驗(製造端)、新北抽驗(販售端)","grade":""}},{"type":"Feature","geometry":{"type":"Point","coordinates":[121.508143,25.043793]},"properties":{"name":"統一超商股份有限公司","address":"台北市萬華區中華路一段114巷2號1樓","district":"萬華區","city":"臺北市","result":"檢驗","types":"新北抽驗(製造端)、新北抽驗(販售端)","grade":""}},{"type":"Feature","geometry":{"type":"Point","coordinates":[121.565775,25.034435]},"properties":{"name":"統一超商股份有限公司","address":"台北市信義區松智路17號B2樓","district":"信義區","city":"臺北市","result":"檢驗","types":"新北抽驗(製造端)、新北抽驗(販售端)","grade":""}},{"type":"Feature","geometry":{"type":"Point","coordinates":[121.562337,25.033153]},"properties":{"name":"統一超商股份有限公司","address":"台北市信義區信義路五段5號1樓","district":"信義區","city":"臺北市","result":"檢驗","types":"新北抽驗(製造端)、新北抽驗(販售端)","grade":""}},{"type":"Feature","geometry":{"type":"Point","coordinates":[121.555539,25.048163]},"properties":{"name":"統一超商股份有限公司","address":"台北市松山區八德路三段171號173號1樓","district":"松山區","city":"臺北市","result":"檢驗","types":"新北抽驗(製造端)、新北抽驗(販售端)","grade":""}},{"type":"Feature","geometry":{"type":"Point","coordinates":[121.530884,25.019992]},"properties":{"name":"統一超商股份有限公司","address":"台北市大安區羅斯福路三段29號31號1樓","district":"大安區","city":"臺北市","result":"檢驗","types":"新北抽驗(製造端)、新北抽驗(販售端)","grade":""}},{"type":"Feature","geometry":{"type":"Point","coordinates":[121.5805,25.044626]},"properties":{"name":"統一超商股份有限公司","address":"台北市信義區中坡北路11號1樓","district":"信義區","city":"臺北市","result":"檢驗","types":"新北抽驗(製造端)、新北抽驗(販售端)","grade":""}},{"type":"Feature","geometry":{"type":"Point","coordinates":[121.549909,25.041299]},"properties":{"name":"統一超商股份有限公司","address":"台北市大安區忠孝東路四段148號部份","district":"大安區","city":"臺北市","result":"檢驗","types":"新北抽驗(製造端)、新北抽驗(販售端)","grade":""}},{"type":"Feature","geometry":{"type":"Point","coordinates":[121.551901,25.041527]},"properties":{"name":"統一超商股份有限公司","address":"台北市大安區忠孝東路四段222號224號1樓","district":"大安區","city":"臺北市","result":"檢驗","types":"新北抽驗(製造端)、新北抽驗(販售端)","grade":""}},{"type":"Feature","geometry":{"type":"Point","coordinates":[121.51387,25.046848]},"properties":{"name":"統一超商股份有限公司","address":"台北市中正區忠孝西路一段78號1樓","district":"中正區","city":"臺北市","result":"檢驗","types":"新北抽驗(製造端)、新北抽驗(販售端)","grade":""}},{"type":"Feature","geometry":{"type":"Point","coordinates":[121.509644,25.037898]},"properties":{"name":"統一超商股份有限公司","address":"台北市中正區延平南路129巷3號1樓","district":"中正區","city":"臺北市","result":"檢驗","types":"新北抽驗(製造端)、新北抽驗(販售端)","grade":""}},{"type":"Feature","geometry":{"type":"Point","coordinates":[121.525791,25.092385]},"properties":{"name":"統一超商股份有限公司","address":"台北市士林區福德路12號14號1樓","district":"士林區","city":"臺北市","result":"檢驗","types":"新北抽驗(製造端)、新北抽驗(販售端)","grade":""}},{"type":"Feature","geometry":{"type":"Point","coordinates":[121.539452,25.051752]},"properties":{"name":"統一超商股份有限公司","address":"台北市中山區南京東路三段86號1樓","district":"中山區","city":"臺北市","result":"檢驗","types":"新北抽驗(製造端)、新北抽驗(販售端)","grade":""}},{"type":"Feature","geometry":{"type":"Point","coordinates":[121.544422,25.05993]},"properties":{"name":"統一超商股份有限公司","address":"台北市松山區復興北路335號1樓","district":"松山區","city":"臺北市","result":"檢驗","types":"新北抽驗(製造端)、新北抽驗(販售端)","grade":""}},{"type":"Feature","geometry":{"type":"Point","coordinates":[121.517055,25.047176]},"properties":{"name":"統一超商股份有限公司","address":"台北市中正區北平西路3號B1樓","district":"中正區","city":"臺北市","result":"檢驗","types":"新北抽驗(製造端)、新北抽驗(販售端)","grade":""}},{"type":"Feature","geometry":{"type":"Point","coordinates":[121.546276,25.042477]},"properties":{"name":"統一超商股份有限公司","address":"台北市大安區大安路一段67號1樓","district":"大安區","city":"臺北市","result":"檢驗","types":"新北抽驗(製造端)、新北抽驗(販售端)","grade":""}},{"type":"Feature","geometry":{"type":"Point","coordinates":[121.519883,25.063038]},"properties":{"name":"統一超商股份有限公司","address":"台北市中山區民權西路73號1樓","district":"中山區","city":"臺北市","result":"檢驗","types":"新北抽驗(製造端)、新北抽驗(販售端)","grade":""}},{"type":"Feature","geometry":{"type":"Point","coordinates":[121.538942,25.052169]},"properties":{"name":"統一超商股份有限公司","address":"台北市中山區南京東路三段91之1號1樓","district":"中山區","city":"臺北市","result":"檢驗","types":"新北抽驗(製造端)、新北抽驗(販售端)","grade":""}},{"type":"Feature","geometry":{"type":"Point","coordinates":[121.541397,24.995522]},"properties":{"name":"統一超商股份有限公司","address":"台北市文山區羅斯福路六段235號237號1樓2樓","district":"文山區","city":"臺北市","result":"檢驗","types":"新北抽驗(製造端)、新北抽驗(販售端)","grade":""}},{"type":"Feature","geometry":{"type":"Point","coordinates":[121.562337,25.033153]},"properties":{"name":"統一超商股份有限公司","address":"台北市信義區信義路五段5號2樓","district":"信義區","city":"臺北市","result":"檢驗","types":"新北抽驗(製造端)、新北抽驗(販售端)","grade":""}},{"type":"Feature","geometry":{"type":"Point","coordinates":[121.467139,25.125054]},"properties":{"name":"統一超商股份有限公司","address":"台北市北投區大度路三段270巷69號71號1樓","district":"北投區","city":"臺北市","result":"檢驗","types":"新北抽驗(製造端)、新北抽驗(販售端)","grade":""}},{"type":"Feature","geometry":{"type":"Point","coordinates":[121.568885,25.078077]},"properties":{"name":"統一超商股份有限公司","address":"台北市內湖區瑞光路478巷24號1樓","district":"內湖區","city":"臺北市","result":"檢驗","types":"新北抽驗(製造端)、新北抽驗(販售端)","grade":""}},{"type":"Feature","geometry":{"type":"Point","coordinates":[121.523904,25.044473]},"properties":{"name":"統一超商股份有限公司","address":"台北市中正區忠孝東路一段72號76號1樓","district":"中正區","city":"臺北市","result":"檢驗","types":"新北抽驗(製造端)、新北抽驗(販售端)","grade":""}},{"type":"Feature","geometry":{"type":"Point","coordinates":[121.553282,25.02064]},"properties":{"name":"統一超商股份有限公司","address":"台北市大安區和平東路三段228巷45號1樓","district":"大安區","city":"臺北市","result":"檢驗","types":"新北抽驗(製造端)、新北抽驗(販售端)","grade":""}},{"type":"Feature","geometry":{"type":"Point","coordinates":[121.523791,25.088398]},"properties":{"name":"統一超商股份有限公司","address":"台北市士林區基河路125號127號","district":"士林區","city":"臺北市","result":"檢驗","types":"新北抽驗(製造端)、新北抽驗(販售端)","grade":""}},{"type":"Feature","geometry":{"type":"Point","coordinates":[121.594643,25.083636]},"properties":{"name":"統一超商股份有限公司","address":"台北市內湖區成功路四段173號1樓","district":"內湖區","city":"臺北市","result":"檢驗","types":"新北抽驗(製造端)、新北抽驗(販售端)","grade":""}},{"type":"Feature","geometry":{"type":"Point","coordinates":[121.544995,25.051628]},"properties":{"name":"統一超商股份有限公司","address":"台北市松山區南京東路三段262號1樓","district":"松山區","city":"臺北市","result":"檢驗","types":"新北抽驗(製造端)、新北抽驗(販售端)","grade":""}},{"type":"Feature","geometry":{"type":"Point","coordinates":[121.534233,25.062235]},"properties":{"name":"統一超商股份有限公司","address":"台北市中山區民權東路二段146號1樓","district":"中山區","city":"臺北市","result":"檢驗","types":"新北抽驗(製造端)、新北抽驗(販售端)","grade":""}},{"type":"Feature","geometry":{"type":"Point","coordinates":[121.531373,25.044114]},"properties":{"name":"統一超商股份有限公司","address":"台北市中正區八德路一段29號","district":"中正區","city":"臺北市","result":"檢驗","types":"新北抽驗(製造端)、新北抽驗(販售端)","grade":""}},{"type":"Feature","geometry":{"type":"Point","coordinates":[121.529658,25.026717]},"properties":{"name":"統一超商股份有限公司","address":"台北市大安區和平東路一段129之1號","district":"大安區","city":"臺北市","result":"檢驗","types":"新北抽驗(製造端)、新北抽驗(販售端)","grade":""}},{"type":"Feature","geometry":{"type":"Point","coordinates":[121.526009,25.051912]},"properties":{"name":"統一超商股份有限公司","address":"台北市中山區南京東路一段92號1樓","district":"中山區","city":"臺北市","result":"檢驗","types":"新北抽驗(製造端)、新北抽驗(販售端)","grade":""}},{"type":"Feature","geometry":{"type":"Point","coordinates":[121.562806,25.050328]},"properties":{"name":"統一超商股份有限公司","address":"台北市松山區八德路四段245巷52弄31號","district":"松山區","city":"臺北市","result":"檢驗","types":"新北抽驗(製造端)、新北抽驗(販售端)","grade":""}},{"type":"Feature","geometry":{"type":"Point","coordinates":[121.525383,25.057276]},"properties":{"name":"統一超商股份有限公司","address":"台北市中山區林森北路358號360號","district":"中山區","city":"臺北市","result":"檢驗","types":"新北抽驗(製造端)、新北抽驗(販售端)","grade":""}},{"type":"Feature","geometry":{"type":"Point","coordinates":[121.598626,25.05665]},"properties":{"name":"統一超商股份有限公司","address":"台北市南港區重陽路179號181號1樓","district":"南港區","city":"臺北市","result":"檢驗","types":"新北抽驗(製造端)、新北抽驗(販售端)","grade":""}},{"type":"Feature","geometry":{"type":"Point","coordinates":[121.541413,24.991215]},"properties":{"name":"統一超商股份有限公司","address":"台北市文山區景文街79號","district":"文山區","city":"臺北市","result":"檢驗","types":"新北抽驗(製造端)、新北抽驗(販售端)","grade":""}},{"type":"Feature","geometry":{"type":"Point","coordinates":[121.533625,25.034714]},"properties":{"name":"統一超商股份有限公司","address":"台北市大安區新生南路一段3號B1樓","district":"大安區","city":"臺北市","result":"檢驗","types":"新北抽驗(製造端)、新北抽驗(販售端)","grade":""}},{"type":"Feature","geometry":{"type":"Point","coordinates":[121.562708,25.02662]},"properties":{"name":"統一超商股份有限公司","address":"台北市信義區吳興街250號1樓","district":"信義區","city":"臺北市","result":"檢驗","types":"新北抽驗(製造端)、新北抽驗(販售端)","grade":""}},{"type":"Feature","geometry":{"type":"Point","coordinates":[121.580747,25.043912]},"properties":{"name":"統一超商股份有限公司","address":"台北市信義區忠孝東路五段2號B1樓","district":"信義區","city":"臺北市","result":"檢驗","types":"新北抽驗(製造端)、新北抽驗(販售端)","grade":""}},{"type":"Feature","geometry":{"type":"Point","coordinates":[121.593382,25.06947]},"properties":{"name":"統一超商股份有限公司","address":"台北市內湖區民權東路六段123巷22號22之1號","district":"內湖區","city":"臺北市","result":"檢驗","types":"新北抽驗(製造端)、新北抽驗(販售端)","grade":""}},{"type":"Feature","geometry":{"type":"Point","coordinates":[121.556604,24.999419]},"properties":{"name":"統一超商股份有限公司","address":"台北市文山區興隆路三段112巷2弄22號1樓","district":"文山區","city":"臺北市","result":"檢驗","types":"新北抽驗(製造端)、新北抽驗(販售端)","grade":""}},{"type":"Feature","geometry":{"type":"Point","coordinates":[121.574068,25.05036]},"properties":{"name":"統一超商股份有限公司","address":"台北市松山區饒河街90號1樓","district":"松山區","city":"臺北市","result":"檢驗","types":"新北抽驗(製造端)、新北抽驗(販售端)","grade":""}},{"type":"Feature","geometry":{"type":"Point","coordinates":[121.524899,25.118573]},"properties":{"name":"統一超商股份有限公司","address":"台北市士林區天母西路85號1樓2樓","district":"士林區","city":"臺北市","result":"檢驗","types":"新北抽驗(製造端)、新北抽驗(販售端)","grade":""}},{"type":"Feature","geometry":{"type":"Point","coordinates":[121.517507,25.024648]},"properties":{"name":"統一超商股份有限公司","address":"台北市中正區廈門街77號77之1號1樓","district":"中正區","city":"臺北市","result":"檢驗","types":"新北抽驗(製造端)、新北抽驗(販售端)","grade":""}},{"type":"Feature","geometry":{"type":"Point","coordinates":[121.509519,25.04228]},"properties":{"name":"統一超商股份有限公司","address":"台北市中正區衡陽路93號1樓","district":"中正區","city":"臺北市","result":"檢驗","types":"新北抽驗(製造端)、新北抽驗(販售端)","grade":""}},{"type":"Feature","geometry":{"type":"Point","coordinates":[121.553186,25.030756]},"properties":{"name":"統一超商股份有限公司","address":"台北市大安區通安街64號1樓","district":"大安區","city":"臺北市","result":"檢驗","types":"新北抽驗(製造端)、新北抽驗(販售端)","grade":""}},{"type":"Feature","geometry":{"type":"Point","coordinates":[121.550638,25.051901]},"properties":{"name":"統一超商股份有限公司","address":"台北市松山區南京東路四段25號25之1號","district":"松山區","city":"臺北市","result":"檢驗","types":"新北抽驗(製造端)、新北抽驗(販售端)","grade":""}},{"type":"Feature","geometry":{"type":"Point","coordinates":[121.522098,25.027852]},"properties":{"name":"統一超商股份有限公司","address":"台北市大安區羅斯福路二段31號1樓","district":"大安區","city":"臺北市","result":"檢驗","types":"新北抽驗(製造端)、新北抽驗(販售端)","grade":""}},{"type":"Feature","geometry":{"type":"Point","coordinates":[121.527278,25.031703]},"properties":{"name":"統一超商股份有限公司","address":"台北市大安區愛國東路75號","district":"大安區","city":"臺北市","result":"檢驗","types":"新北抽驗(製造端)、新北抽驗(販售端)","grade":""}},{"type":"Feature","geometry":{"type":"Point","coordinates":[121.588435,25.059046]},"properties":{"name":"統一超商股份有限公司","address":"台北市內湖區新明路122之7號","district":"內湖區","city":"臺北市","result":"檢驗","types":"新北抽驗(製造端)、新北抽驗(販售端)","grade":""}},{"type":"Feature","geometry":{"type":"Point","coordinates":[121.579317,25.048427]},"properties":{"name":"統一超商股份有限公司","address":"台北市信義區松隆路329巷4號","district":"信義區","city":"臺北市","result":"檢驗","types":"新北抽驗(製造端)、新北抽驗(販售端)","grade":""}},{"type":"Feature","geometry":{"type":"Point","coordinates":[121.575205,25.060813]},"properties":{"name":"統一超商股份有限公司","address":"台北市內湖區新湖二路26號","district":"內湖區","city":"臺北市","result":"檢驗","types":"新北抽驗(製造端)、新北抽驗(販售端)","grade":""}},{"type":"Feature","geometry":{"type":"Point","coordinates":[121.529469,25.031477]},"properties":{"name":"統一超商股份有限公司","address":"台北市大安區永康街12之2號1樓","district":"大安區","city":"臺北市","result":"檢驗","types":"新北抽驗(製造端)、新北抽驗(販售端)","grade":""}},{"type":"Feature","geometry":{"type":"Point","coordinates":[121.51515,25.055222]},"properties":{"name":"統一超商股份有限公司","address":"台北市大同區寧夏路23號23之1號","district":"大同區","city":"臺北市","result":"檢驗","types":"新北抽驗(製造端)、新北抽驗(販售端)","grade":""}},{"type":"Feature","geometry":{"type":"Point","coordinates":[121.518555,25.040776]},"properties":{"name":"統一超商股份有限公司","address":"台北市中正區中山南路7號1樓","district":"中正區","city":"臺北市","result":"檢驗","types":"新北抽驗(製造端)、新北抽驗(販售端)","grade":""}},{"type":"Feature","geometry":{"type":"Point","coordinates":[121.557056,25.084574]},"properties":{"name":"統一超商股份有限公司","address":"台北市中山區北安路387號1樓","district":"中山區","city":"臺北市","result":"檢驗","types":"新北抽驗(製造端)、新北抽驗(販售端)","grade":""}},{"type":"Feature","geometry":{"type":"Point","coordinates":[121.549815,25.063374]},"properties":{"name":"統一超商股份有限公司","address":"台北市松山區敦化北路340之10號3樓","district":"松山區","city":"臺北市","result":"檢驗","types":"新北抽驗(製造端)、新北抽驗(販售端)","grade":""}},{"type":"Feature","geometry":{"type":"Point","coordinates":[121.555335,25.041599]},"properties":{"name":"統一超商股份有限公司","address":"台北市大安區忠孝東路四段299號","district":"大安區","city":"臺北市","result":"檢驗","types":"新北抽驗(製造端)、新北抽驗(販售端)","grade":""}},{"type":"Feature","geometry":{"type":"Point","coordinates":[121.51618,25.068708]},"properties":{"name":"統一超商股份有限公司","address":"台北市大同區民族西路151號153號155號","district":"大同區","city":"臺北市","result":"檢驗","types":"新北抽驗(製造端)、新北抽驗(販售端)","grade":""}},{"type":"Feature","geometry":{"type":"Point","coordinates":[121.514637,25.119524]},"properties":{"name":"統一超商股份有限公司","address":"台北市北投區立農街二段155號1樓","district":"北投區","city":"臺北市","result":"檢驗","types":"新北抽驗(製造端)、新北抽驗(販售端)","grade":""}},{"type":"Feature","geometry":{"type":"Point","coordinates":[121.522363,25.060392]},"properties":{"name":"統一超商股份有限公司","address":"台北市中山區錦西街1號","district":"中山區","city":"臺北市","result":"檢驗","types":"新北抽驗(製造端)、新北抽驗(販售端)","grade":""}},{"type":"Feature","geometry":{"type":"Point","coordinates":[121.498875,25.036637]},"properties":{"name":"統一超商股份有限公司","address":"台北市萬華區廣州街170號1樓2樓部份","district":"萬華區","city":"臺北市","result":"檢驗","types":"新北抽驗(製造端)、新北抽驗(販售端)","grade":""}},{"type":"Feature","geometry":{"type":"Point","coordinates":[121.573991,25.045709]},"properties":{"name":"統一超商股份有限公司","address":"台北市信義區永吉路217號1樓2樓及219號1樓","district":"信義區","city":"臺北市","result":"檢驗","types":"新北抽驗(製造端)、新北抽驗(販售端)","grade":""}},{"type":"Feature","geometry":{"type":"Point","coordinates":[121.579088,25.082164]},"properties":{"name":"統一超商股份有限公司","address":"台北市內湖區港墘路37巷15號","district":"內湖區","city":"臺北市","result":"檢驗","types":"新北抽驗(製造端)、新北抽驗(販售端)","grade":""}},{"type":"Feature","geometry":{"type":"Point","coordinates":[121.568235,24.988945]},"properties":{"name":"統一超商股份有限公司","address":"台北市文山區木柵路三段115號117號1樓","district":"文山區","city":"臺北市","result":"檢驗","types":"新北抽驗(製造端)、新北抽驗(販售端)","grade":""}},{"type":"Feature","geometry":{"type":"Point","coordinates":[121.577548,25.050645]},"properties":{"name":"統一超商股份有限公司","address":"台北市松山區八德路四段755號1樓","district":"松山區","city":"臺北市","result":"檢驗","types":"新北抽驗(製造端)、新北抽驗(販售端)","grade":""}},{"type":"Feature","geometry":{"type":"Point","coordinates":[121.503377,25.092065]},"properties":{"name":"統一超商股份有限公司","address":"台北市士林區社中街381號1樓","district":"士林區","city":"臺北市","result":"檢驗","types":"新北抽驗(製造端)、新北抽驗(販售端)","grade":""}},{"type":"Feature","geometry":{"type":"Point","coordinates":[121.575081,25.077408]},"properties":{"name":"統一超商股份有限公司","address":"台北市內湖區瑞光路335號1樓","district":"內湖區","city":"臺北市","result":"檢驗","types":"新北抽驗(製造端)、新北抽驗(販售端)","grade":""}},{"type":"Feature","geometry":{"type":"Point","coordinates":[121.579844,25.07812]},"properties":{"name":"統一超商股份有限公司","address":"台北市內湖區文德路22巷44弄6號8號1樓","district":"內湖區","city":"臺北市","result":"檢驗","types":"新北抽驗(製造端)、新北抽驗(販售端)","grade":""}},{"type":"Feature","geometry":{"type":"Point","coordinates":[121.512513,25.044011]},"properties":{"name":"統一超商股份有限公司","address":"台北市中正區武昌街一段18號1樓","district":"中正區","city":"臺北市","result":"檢驗","types":"新北抽驗(製造端)、新北抽驗(販售端)","grade":""}},{"type":"Feature","geometry":{"type":"Point","coordinates":[121.468884,25.126226]},"properties":{"name":"統一超商股份有限公司","address":"台北市北投區立功街9號1樓","district":"北投區","city":"臺北市","result":"檢驗","types":"新北抽驗(製造端)、新北抽驗(販售端)","grade":""}},{"type":"Feature","geometry":{"type":"Point","coordinates":[121.471177,25.124974]},"properties":{"name":"統一超商股份有限公司","address":"台北市北投區立德路15號1樓","district":"北投區","city":"臺北市","result":"檢驗","types":"新北抽驗(製造端)、新北抽驗(販售端)","grade":""}},{"type":"Feature","geometry":{"type":"Point","coordinates":[121.515735,25.113639]},"properties":{"name":"統一超商股份有限公司","address":"台北市北投區西安街一段345號1樓","district":"北投區","city":"臺北市","result":"檢驗","types":"新北抽驗(製造端)、新北抽驗(販售端)","grade":""}},{"type":"Feature","geometry":{"type":"Point","coordinates":[121.577701,25.057913]},"properties":{"name":"統一超商股份有限公司","address":"台北市內湖區行善路136號1樓","district":"內湖區","city":"臺北市","result":"檢驗","types":"新北抽驗(製造端)、新北抽驗(販售端)","grade":""}},{"type":"Feature","geometry":{"type":"Point","coordinates":[121.567999,25.033643]},"properties":{"name":"統一超商股份有限公司","address":"台北市信義區松仁路130號","district":"信義區","city":"臺北市","result":"檢驗","types":"新北抽驗(製造端)、新北抽驗(販售端)","grade":""}},{"type":"Feature","geometry":{"type":"Point","coordinates":[121.507451,25.087435]},"properties":{"name":"統一超商股份有限公司","address":"台北市士林區社子街42號44號1樓","district":"士林區","city":"臺北市","result":"檢驗","types":"新北抽驗(製造端)、新北抽驗(販售端)","grade":""}},{"type":"Feature","geometry":{"type":"Point","coordinates":[121.540959,25.065269]},"properties":{"name":"統一超商股份有限公司","address":"台北市中山區龍江路83號85號1樓B1","district":"中山區","city":"臺北市","result":"檢驗","types":"新北抽驗(製造端)、新北抽驗(販售端)","grade":""}},{"type":"Feature","geometry":{"type":"Point","coordinates":[121.574859,25.083646]},"properties":{"name":"統一超商股份有限公司","address":"台北市內湖區安泰街26號28號","district":"內湖區","city":"臺北市","result":"檢驗","types":"新北抽驗(製造端)、新北抽驗(販售端)","grade":""}},{"type":"Feature","geometry":{"type":"Point","coordinates":[121.500691,25.038811]},"properties":{"name":"統一超商股份有限公司","address":"台北市萬華區西昌街177號179號179-1號","district":"萬華區","city":"臺北市","result":"檢驗","types":"新北抽驗(製造端)、新北抽驗(販售端)","grade":""}},{"type":"Feature","geometry":{"type":"Point","coordinates":[121.581629,25.041238]},"properties":{"name":"統一超商股份有限公司","address":"台北市信義區大道路9號11號1樓","district":"信義區","city":"臺北市","result":"檢驗","types":"新北抽驗(製造端)、新北抽驗(販售端)","grade":""}},{"type":"Feature","geometry":{"type":"Point","coordinates":[121.582268,25.04123]},"properties":{"name":"統一超商股份有限公司","address":"台北市信義區大道路115號117號1樓","district":"信義區","city":"臺北市","result":"檢驗","types":"新北抽驗(製造端)、新北抽驗(販售端)","grade":""}},{"type":"Feature","geometry":{"type":"Point","coordinates":[121.568414,25.085816]},"properties":{"name":"統一超商股份有限公司","address":"台北市內湖區環山路一段8號1樓","district":"內湖區","city":"臺北市","result":"檢驗","types":"新北抽驗(製造端)、新北抽驗(販售端)","grade":""}},{"type":"Feature","geometry":{"type":"Point","coordinates":[121.494469,25.137458]},"properties":{"name":"統一超商股份有限公司","address":"台北市北投區中央北路二段68之2號68之3號","district":"北投區","city":"臺北市","result":"檢驗","types":"新北抽驗(製造端)、新北抽驗(販售端)","grade":""}},{"type":"Feature","geometry":{"type":"Point","coordinates":[121.537333,25.002162]},"properties":{"name":"統一超商股份有限公司","address":"台北市文山區羅斯福路五段218巷28號30號","district":"文山區","city":"臺北市","result":"檢驗","types":"新北抽驗(製造端)、新北抽驗(販售端)","grade":""}},{"type":"Feature","geometry":{"type":"Point","coordinates":[121.508689,25.084175]},"properties":{"name":"統一超商股份有限公司","address":"台北市士林區延平北路五段35號37號39號","district":"士林區","city":"臺北市","result":"檢驗","types":"新北抽驗(製造端)、新北抽驗(販售端)","grade":""}},{"type":"Feature","geometry":{"type":"Point","coordinates":[121.520209,25.058256]},"properties":{"name":"統一超商股份有限公司","address":"台北市大同區萬全街40巷4號6號1樓","district":"大同區","city":"臺北市","result":"檢驗","types":"新北抽驗(製造端)、新北抽驗(販售端)","grade":""}},{"type":"Feature","geometry":{"type":"Point","coordinates":[121.512513,25.103624]},"properties":{"name":"統一超商股份有限公司","address":"台北市北投區承德路六段120號","district":"北投區","city":"臺北市","result":"檢驗","types":"新北抽驗(製造端)、新北抽驗(販售端)","grade":""}},{"type":"Feature","geometry":{"type":"Point","coordinates":[121.521509,25.085741]},"properties":{"name":"統一超商股份有限公司","address":"台北市士林區後港街98之1號2號1樓","district":"士林區","city":"臺北市","result":"檢驗","types":"新北抽驗(製造端)、新北抽驗(販售端)","grade":""}},{"type":"Feature","geometry":{"type":"Point","coordinates":[121.513479,25.109109]},"properties":{"name":"統一超商股份有限公司","address":"台北市北投區文林北路260號1樓","district":"北投區","city":"臺北市","result":"檢驗","types":"新北抽驗(製造端)、新北抽驗(販售端)","grade":""}},{"type":"Feature","geometry":{"type":"Point","coordinates":[121.511591,25.083895]},"properties":{"name":"統一超商股份有限公司","address":"台北市士林區重慶北路四段177號1樓","district":"士林區","city":"臺北市","result":"檢驗","types":"新北抽驗(製造端)、新北抽驗(販售端)","grade":""}},{"type":"Feature","geometry":{"type":"Point","coordinates":[121.524247,25.056759]},"properties":{"name":"統一超商股份有限公司","address":"台北市中山區中山北路二段11巷11號1樓","district":"中山區","city":"臺北市","result":"檢驗","types":"新北抽驗(製造端)、新北抽驗(販售端)","grade":""}},{"type":"Feature","geometry":{"type":"Point","coordinates":[121.564913,25.05119]},"properties":{"name":"統一超商股份有限公司","address":"台北市松山區南京東路五段206號1樓","district":"松山區","city":"臺北市","result":"檢驗","types":"新北抽驗(製造端)、新北抽驗(販售端)","grade":""}},{"type":"Feature","geometry":{"type":"Point","coordinates":[121.516607,25.044699]},"properties":{"name":"統一超商股份有限公司","address":"台北市中正區信陽街9號11號1樓","district":"中正區","city":"臺北市","result":"檢驗","types":"新北抽驗(製造端)、新北抽驗(販售端)","grade":""}},{"type":"Feature","geometry":{"type":"Point","coordinates":[121.576365,25.084164]},"properties":{"name":"統一超商股份有限公司","address":"台北市內湖區環山路二段123號125號1樓","district":"內湖區","city":"臺北市","result":"檢驗","types":"新北抽驗(製造端)、新北抽驗(販售端)","grade":""}},{"type":"Feature","geometry":{"type":"Point","coordinates":[121.546909,25.026602]},"properties":{"name":"統一超商股份有限公司","address":"台北市大安區和平東路三段1巷51號1樓","district":"大安區","city":"臺北市","result":"檢驗","types":"新北抽驗(製造端)、新北抽驗(販售端)","grade":""}},{"type":"Feature","geometry":{"type":"Point","coordinates":[121.548094,25.042619]},"properties":{"name":"統一超商股份有限公司","address":"台北市大安區敦化南路一段190巷10號1樓","district":"大安區","city":"臺北市","result":"檢驗","types":"新北抽驗(製造端)、新北抽驗(販售端)","grade":""}},{"type":"Feature","geometry":{"type":"Point","coordinates":[121.47266,25.127565]},"properties":{"name":"統一超商股份有限公司","address":"台北市北投區立德路150之3號B1F","district":"北投區","city":"臺北市","result":"檢驗","types":"新北抽驗(製造端)、新北抽驗(販售端)","grade":""}},{"type":"Feature","geometry":{"type":"Point","coordinates":[121.561074,25.029575]},"properties":{"name":"統一超商股份有限公司","address":"台北市信義區吳興街11號1樓","district":"信義區","city":"臺北市","result":"檢驗","types":"新北抽驗(製造端)、新北抽驗(販售端)","grade":""}},{"type":"Feature","geometry":{"type":"Point","coordinates":[121.534839,25.060689]},"properties":{"name":"統一超商股份有限公司","address":"台北市中山區中原街82號1樓84號1樓","district":"中山區","city":"臺北市","result":"檢驗","types":"新北抽驗(製造端)、新北抽驗(販售端)","grade":""}},{"type":"Feature","geometry":{"type":"Point","coordinates":[121.536507,25.062205]},"properties":{"name":"統一超商股份有限公司","address":"台北市中山區民權東路二段206號1樓","district":"中山區","city":"臺北市","result":"檢驗","types":"新北抽驗(製造端)、新北抽驗(販售端)","grade":""}},{"type":"Feature","geometry":{"type":"Point","coordinates":[121.525888,25.118378]},"properties":{"name":"全家便利商店股份有限公司","address":"台北市士林區天母西路４０－２號１樓","district":"士林區","city":"臺北市","result":"檢驗","types":"新北抽驗(販售端)","grade":""}},{"type":"Feature","geometry":{"type":"Point","coordinates":[121.510374,25.027234]},"properties":{"name":"全家便利商店股份有限公司","address":"台北市中正區汀州路一段２４４號","district":"中正區","city":"臺北市","result":"檢驗","types":"新北抽驗(販售端)","grade":""}},{"type":"Feature","geometry":{"type":"Point","coordinates":[121.511061,25.042338]},"properties":{"name":"全家便利商店股份有限公司","address":"台北市中正區衡陽路７７號一樓","district":"中正區","city":"臺北市","result":"檢驗","types":"新北抽驗(販售端)","grade":""}},{"type":"Feature","geometry":{"type":"Point","coordinates":[121.539493,25.084965]},"properties":{"name":"全家便利商店股份有限公司","address":"台北市中山區通北街１１１號","district":"中山區","city":"臺北市","result":"檢驗","types":"新北抽驗(販售端)","grade":""}},{"type":"Feature","geometry":{"type":"Point","coordinates":[121.511223,25.064408]},"properties":{"name":"全家便利商店股份有限公司","address":"台北市大同區延平北路三段２５之３號","district":"大同區","city":"臺北市","result":"檢驗","types":"新北抽驗(販售端)","grade":""}},{"type":"Feature","geometry":{"type":"Point","coordinates":[121.524675,25.06662]},"properties":{"name":"全家便利商店股份有限公司","address":"台北市中山區德惠街１６－７號","district":"中山區","city":"臺北市","result":"檢驗","types":"新北抽驗(販售端)","grade":""}},{"type":"Feature","geometry":{"type":"Point","coordinates":[121.563524,25.08451]},"properties":{"name":"全家便利商店股份有限公司","address":"台北市內湖區環山路一段１１０號","district":"內湖區","city":"臺北市","result":"檢驗","types":"新北抽驗(販售端)","grade":""}},{"type":"Feature","geometry":{"type":"Point","coordinates":[121.531613,25.044432]},"properties":{"name":"全家便利商店股份有限公司","address":"台北市中正區八德路一段４３巷２號","district":"中正區","city":"臺北市","result":"檢驗","types":"新北抽驗(販售端)","grade":""}},{"type":"Feature","geometry":{"type":"Point","coordinates":[121.554414,25.046186]},"properties":{"name":"全家便利商店股份有限公司","address":"台北市松山區光復南路３２巷４６－４號","district":"松山區","city":"臺北市","result":"檢驗","types":"新北抽驗(販售端)","grade":""}},{"type":"Feature","geometry":{"type":"Point","coordinates":[121.504135,25.036527]},"properties":{"name":"全家便利商店股份有限公司","address":"台北市萬華區廣州街２３５－１號","district":"萬華區","city":"臺北市","result":"檢驗","types":"新北抽驗(販售端)","grade":""}},{"type":"Feature","geometry":{"type":"Point","coordinates":[121.549118,25.025582]},"properties":{"name":"全家便利商店股份有限公司","address":"台北市大安區敦化南路二段２６１號","district":"大安區","city":"臺北市","result":"檢驗","types":"新北抽驗(販售端)","grade":""}},{"type":"Feature","geometry":{"type":"Point","coordinates":[121.54987,25.003623]},"properties":{"name":"全家便利商店股份有限公司","address":"台北市文山區福興路６５號","district":"文山區","city":"臺北市","result":"檢驗","types":"新北抽驗(販售端)","grade":""}},{"type":"Feature","geometry":{"type":"Point","coordinates":[121.509622,25.115319]},"properties":{"name":"全家便利商店股份有限公司","address":"台北市北投區實踐街５１號１樓","district":"北投區","city":"臺北市","result":"檢驗","types":"新北抽驗(販售端)","grade":""}},{"type":"Feature","geometry":{"type":"Point","coordinates":[121.526122,25.064811]},"properties":{"name":"全家便利商店股份有限公司","address":"台北市中山區恆安里農安街２６之３號一樓","district":"中山區","city":"臺北市","result":"檢驗","types":"新北抽驗(販售端)","grade":""}},{"type":"Feature","geometry":{"type":"Point","coordinates":[121.51198,25.084559]},"properties":{"name":"全家便利商店股份有限公司","address":"台北市士林區重慶北路四段１８４號１樓","district":"士林區","city":"臺北市","result":"檢驗","types":"新北抽驗(販售端)","grade":""}},{"type":"Feature","geometry":{"type":"Point","coordinates":[121.574316,25.055952]},"properties":{"name":"全家便利商店股份有限公司","address":"台北市內湖區堤頂大道２段４０７巷２６號一樓","district":"內湖區","city":"臺北市","result":"檢驗","types":"新北抽驗(販售端)","grade":""}},{"type":"Feature","geometry":{"type":"Point","coordinates":[121.517607,25.025312]},"properties":{"name":"全家便利商店股份有限公司","address":"台北市中正區汀州路二段３８號１樓","district":"中正區","city":"臺北市","result":"檢驗","types":"新北抽驗(販售端)","grade":""}},{"type":"Feature","geometry":{"type":"Point","coordinates":[121.55893,25.033255]},"properties":{"name":"全家便利商店股份有限公司","address":"台北市信義區信義路四段４０７號壹樓","district":"信義區","city":"臺北市","result":"檢驗","types":"新北抽驗(販售端)","grade":""}},{"type":"Feature","geometry":{"type":"Point","coordinates":[121.582554,25.064849]},"properties":{"name":"全家便利商店股份有限公司","address":"台北市內湖區新湖二路２５０巷８號１樓","district":"內湖區","city":"臺北市","result":"檢驗","types":"新北抽驗(販售端)","grade":""}},{"type":"Feature","geometry":{"type":"Point","coordinates":[121.534094,25.065894]},"properties":{"name":"全家便利商店股份有限公司","address":"台北市中山區農安街４－１號","district":"中山區","city":"臺北市","result":"檢驗","types":"新北抽驗(販售端)","grade":""}},{"type":"Feature","geometry":{"type":"Point","coordinates":[121.552554,25.044012]},"properties":{"name":"全家便利商店股份有限公司","address":"台北市大安區敦化南路一段１６１巷７號","district":"大安區","city":"臺北市","result":"檢驗","types":"新北抽驗(販售端)","grade":""}},{"type":"Feature","geometry":{"type":"Point","coordinates":[121.506326,25.029535]},"properties":{"name":"全家便利商店股份有限公司","address":"台北市中正區中華路二段３０７巷４６號","district":"中正區","city":"臺北市","result":"檢驗","types":"新北抽驗(販售端)","grade":""}},{"type":"Feature","geometry":{"type":"Point","coordinates":[121.484509,25.138973]},"properties":{"name":"全家便利商店股份有限公司","address":"台北市北投區中央北路三段４號１樓","district":"北投區","city":"臺北市","result":"檢驗","types":"新北抽驗(販售端)","grade":""}},{"type":"Feature","geometry":{"type":"Point","coordinates":[121.542592,25.065979]},"properties":{"name":"全家便利商店股份有限公司","address":"台北市中山區復興北路５１４巷３５號","district":"中山區","city":"臺北市","result":"檢驗","types":"新北抽驗(販售端)","grade":""}},{"type":"Feature","geometry":{"type":"Point","coordinates":[121.499203,25.019009]},"properties":{"name":"全家便利商店股份有限公司","address":"台北市萬華區富民路９１巷８號１樓","district":"萬華區","city":"臺北市","result":"檢驗","types":"新北抽驗(販售端)","grade":""}},{"type":"Feature","geometry":{"type":"Point","coordinates":[121.621241,25.039418]},"properties":{"name":"全家便利商店股份有限公司","address":"台北市南港區舊莊街一段１６９號","district":"南港區","city":"臺北市","result":"檢驗","types":"新北抽驗(販售端)","grade":""}},{"type":"Feature","geometry":{"type":"Point","coordinates":[121.525395,25.057013]},"properties":{"name":"全家便利商店股份有限公司","address":"台北市中山區中山北路二段７５－１號１樓","district":"中山區","city":"臺北市","result":"檢驗","types":"新北抽驗(販售端)","grade":""}},{"type":"Feature","geometry":{"type":"Point","coordinates":[121.555176,25.053122]},"properties":{"name":"全家便利商店股份有限公司","address":"台北市松山區南京東路四段１３３巷９弄２號","district":"松山區","city":"臺北市","result":"檢驗","types":"新北抽驗(販售端)","grade":""}},{"type":"Feature","geometry":{"type":"Point","coordinates":[121.546386,25.137721]},"properties":{"name":"全家便利商店股份有限公司","address":"台北市士林區格致路５３號１樓","district":"士林區","city":"臺北市","result":"檢驗","types":"新北抽驗(販售端)","grade":""}},{"type":"Feature","geometry":{"type":"Point","coordinates":[121.504061,25.044122]},"properties":{"name":"全家便利商店股份有限公司","address":"台北市萬華區峨眉街８２號１樓","district":"萬華區","city":"臺北市","result":"檢驗","types":"新北抽驗(販售端)","grade":""}},{"type":"Feature","geometry":{"type":"Point","coordinates":[121.540959,25.065269]},"properties":{"name":"全家便利商店股份有限公司","address":"台北市中山區龍江路９５號１樓","district":"中山區","city":"臺北市","result":"檢驗","types":"新北抽驗(販售端)","grade":""}},{"type":"Feature","geometry":{"type":"Point","coordinates":[121.574752,25.032445]},"properties":{"name":"全家便利商店股份有限公司","address":"台北市信義區松德路２８３號","district":"信義區","city":"臺北市","result":"檢驗","types":"新北抽驗(販售端)","grade":""}},{"type":"Feature","geometry":{"type":"Point","coordinates":[121.506205,25.026142]},"properties":{"name":"全家便利商店股份有限公司","address":"台北市萬華區青年路６號","district":"萬華區","city":"臺北市","result":"檢驗","types":"新北抽驗(販售端)","grade":""}},{"type":"Feature","geometry":{"type":"Point","coordinates":[121.467014,25.120388]},"properties":{"name":"全家便利商店股份有限公司","address":"台北市北投區知行路２３７號","district":"北投區","city":"臺北市","result":"檢驗","types":"新北抽驗(販售端)","grade":""}},{"type":"Feature","geometry":{"type":"Point","coordinates":[121.495874,25.020395]},"properties":{"name":"全家便利商店股份有限公司","address":"台北市萬華區萬大路４８６巷５９弄１號１樓","district":"萬華區","city":"臺北市","result":"檢驗","types":"新北抽驗(販售端)","grade":""}},{"type":"Feature","geometry":{"type":"Point","coordinates":[121.575909,25.043153]},"properties":{"name":"全家便利商店股份有限公司","address":"台北市信義區虎林街６１－４號","district":"信義區","city":"臺北市","result":"檢驗","types":"新北抽驗(販售端)","grade":""}},{"type":"Feature","geometry":{"type":"Point","coordinates":[121.525474,25.056172]},"properties":{"name":"全家便利商店股份有限公司","address":"台北市中山區林森北路６３０號１樓","district":"中山區","city":"臺北市","result":"檢驗","types":"新北抽驗(販售端)","grade":""}},{"type":"Feature","geometry":{"type":"Point","coordinates":[121.566542,25.053611]},"properties":{"name":"全家便利商店股份有限公司","address":"台北市松山區南京東路五段２９１巷１４號","district":"松山區","city":"臺北市","result":"檢驗","types":"新北抽驗(販售端)","grade":""}},{"type":"Feature","geometry":{"type":"Point","coordinates":[121.614169,25.069172]},"properties":{"name":"全家便利商店股份有限公司","address":"台北市內湖區東湖路４３巷４號","district":"內湖區","city":"臺北市","result":"檢驗","types":"新北抽驗(販售端)","grade":""}},{"type":"Feature","geometry":{"type":"Point","coordinates":[121.565975,25.062013]},"properties":{"name":"全家便利商店股份有限公司","address":"台北市松山區新東街１４號","district":"松山區","city":"臺北市","result":"檢驗","types":"新北抽驗(販售端)","grade":""}},{"type":"Feature","geometry":{"type":"Point","coordinates":[121.560991,25.05309]},"properties":{"name":"全家便利商店股份有限公司","address":"台北市松山區南京東路五段１２３巷１號１樓","district":"松山區","city":"臺北市","result":"檢驗","types":"新北抽驗(販售端)","grade":""}},{"type":"Feature","geometry":{"type":"Point","coordinates":[121.5942,25.050119]},"properties":{"name":"全家便利商店股份有限公司","address":"台北市南港區昆陽街１４５號","district":"南港區","city":"臺北市","result":"檢驗","types":"新北抽驗(販售端)","grade":""}},{"type":"Feature","geometry":{"type":"Point","coordinates":[121.567249,25.041789]},"properties":{"name":"全家便利商店股份有限公司","address":"台北市信義區忠孝東路五段７１巷８號壹樓","district":"信義區","city":"臺北市","result":"檢驗","types":"新北抽驗(販售端)","grade":""}},{"type":"Feature","geometry":{"type":"Point","coordinates":[121.495163,25.145108]},"properties":{"name":"全家便利商店股份有限公司","address":"台北市北投區中和街４８９號","district":"北投區","city":"臺北市","result":"檢驗","types":"新北抽驗(販售端)","grade":""}},{"type":"Feature","geometry":{"type":"Point","coordinates":[121.515544,25.110767]},"properties":{"name":"全家便利商店股份有限公司","address":"台北市北投區自強街１１６號１樓","district":"北投區","city":"臺北市","result":"檢驗","types":"新北抽驗(販售端)","grade":""}},{"type":"Feature","geometry":{"type":"Point","coordinates":[121.584436,25.044365]},"properties":{"name":"全家便利商店股份有限公司","address":"台北市南港區玉成街１７６巷１號","district":"南港區","city":"臺北市","result":"檢驗","types":"新北抽驗(販售端)","grade":""}},{"type":"Feature","geometry":{"type":"Point","coordinates":[121.569369,25.024794]},"properties":{"name":"全家便利商店股份有限公司","address":"台北市信義區松仁路２４０巷２號","district":"信義區","city":"臺北市","result":"檢驗","types":"新北抽驗(販售端)","grade":""}},{"type":"Feature","geometry":{"type":"Point","coordinates":[121.534605,25.060689]},"properties":{"name":"全家便利商店股份有限公司","address":"台北市中山區中原街１６號１樓","district":"中山區","city":"臺北市","result":"檢驗","types":"新北抽驗(販售端)","grade":""}},{"type":"Feature","geometry":{"type":"Point","coordinates":[121.532952,25.034316]},"properties":{"name":"全家便利商店股份有限公司","address":"台北市大安區新生南路一段１６３號","district":"大安區","city":"臺北市","result":"檢驗","types":"新北抽驗(販售端)","grade":""}},{"type":"Feature","geometry":{"type":"Point","coordinates":[121.547781,25.060725]},"properties":{"name":"全家便利商店股份有限公司","address":"台北市松山區民權東路三段１６０巷１１號","district":"松山區","city":"臺北市","result":"檢驗","types":"新北抽驗(販售端)","grade":""}},{"type":"Feature","geometry":{"type":"Point","coordinates":[121.514904,25.044566]},"properties":{"name":"全家便利商店股份有限公司","address":"台北市中正區館前路３６號１樓","district":"中正區","city":"臺北市","result":"檢驗","types":"新北抽驗(販售端)","grade":""}},{"type":"Feature","geometry":{"type":"Point","coordinates":[121.546281,25.078906]},"properties":{"name":"全家便利商店股份有限公司","address":"台北市中山區北安路４５８巷４１弄４８號１樓","district":"中山區","city":"臺北市","result":"檢驗","types":"新北抽驗(販售端)","grade":""}},{"type":"Feature","geometry":{"type":"Point","coordinates":[121.542467,25.060274]},"properties":{"name":"全家便利商店股份有限公司","address":"台北市中山區錦州街４２７號","district":"中山區","city":"臺北市","result":"檢驗","types":"新北抽驗(販售端)","grade":""}},{"type":"Feature","geometry":{"type":"Point","coordinates":[121.541601,24.995143]},"properties":{"name":"全家便利商店股份有限公司","address":"台北市文山區景華街３巷２號１樓及Ｂ１","district":"文山區","city":"臺北市","result":"檢驗","types":"新北抽驗(販售端)","grade":""}},{"type":"Feature","geometry":{"type":"Point","coordinates":[121.540403,25.137522]},"properties":{"name":"全家便利商店股份有限公司","address":"台北市士林區華岡路５５號","district":"士林區","city":"臺北市","result":"檢驗","types":"新北抽驗(販售端)","grade":""}},{"type":"Feature","geometry":{"type":"Point","coordinates":[121.533138,25.115651]},"properties":{"name":"全家便利商店股份有限公司","address":"台北市士林區忠誠路二段１６８號１樓","district":"士林區","city":"臺北市","result":"檢驗","types":"新北抽驗(販售端)","grade":""}},{"type":"Feature","geometry":{"type":"Point","coordinates":[121.590747,25.081033]},"properties":{"name":"全家便利商店股份有限公司","address":"台北市內湖區成功路２段４２０號","district":"內湖區","city":"臺北市","result":"檢驗","types":"新北抽驗(販售端)","grade":""}},{"type":"Feature","geometry":{"type":"Point","coordinates":[121.585051,25.040553]},"properties":{"name":"全家便利商店股份有限公司","address":"台北市信義區中坡南路２２９號","district":"信義區","city":"臺北市","result":"檢驗","types":"新北抽驗(販售端)","grade":""}},{"type":"Feature","geometry":{"type":"Point","coordinates":[121.56267,25.04941]},"properties":{"name":"全家便利商店股份有限公司","address":"台北市松山區吉祥路１９號","district":"松山區","city":"臺北市","result":"檢驗","types":"新北抽驗(販售端)","grade":""}},{"type":"Feature","geometry":{"type":"Point","coordinates":[121.591979,25.071802]},"properties":{"name":"全家便利商店股份有限公司","address":"台北市內湖區成功路二段３２５號Ｂ１Ｆ","district":"內湖區","city":"臺北市","result":"檢驗","types":"新北抽驗(販售端)","grade":""}},{"type":"Feature","geometry":{"type":"Point","coordinates":[121.546121,25.045317]},"properties":{"name":"全家便利商店股份有限公司","address":"台北市松山區市民大道四段５１號１樓","district":"松山區","city":"臺北市","result":"檢驗","types":"新北抽驗(販售端)","grade":""}},{"type":"Feature","geometry":{"type":"Point","coordinates":[121.560797,25.055235]},"properties":{"name":"全家便利商店股份有限公司","address":"台北市松山區延壽街２號一樓","district":"松山區","city":"臺北市","result":"檢驗","types":"新北抽驗(販售端)","grade":""}},{"type":"Feature","geometry":{"type":"Point","coordinates":[121.555002,24.984729]},"properties":{"name":"全家便利商店股份有限公司","address":"台北市文山區光輝路７號","district":"文山區","city":"臺北市","result":"檢驗","types":"新北抽驗(販售端)","grade":""}},{"type":"Feature","geometry":{"type":"Point","coordinates":[121.512524,25.046063]},"properties":{"name":"全家便利商店股份有限公司","address":"台北市中正區開封街一段４１號１樓","district":"中正區","city":"臺北市","result":"檢驗","types":"新北抽驗(販售端)","grade":""}},{"type":"Feature","geometry":{"type":"Point","coordinates":[121.500579,25.040083]},"properties":{"name":"全家便利商店股份有限公司","address":"台北市萬華區貴陽街二段１８２號，１８４號","district":"萬華區","city":"臺北市","result":"檢驗","types":"新北抽驗(販售端)","grade":""}},{"type":"Feature","geometry":{"type":"Point","coordinates":[121.545454,24.995289]},"properties":{"name":"全家便利商店股份有限公司","address":"台北市文山區景華街７５號","district":"文山區","city":"臺北市","result":"檢驗","types":"新北抽驗(販售端)","grade":""}},{"type":"Feature","geometry":{"type":"Point","coordinates":[121.556304,25.043058]},"properties":{"name":"全家便利商店股份有限公司","address":"台北市大安區光復南路１１６巷２６號","district":"大安區","city":"臺北市","result":"檢驗","types":"新北抽驗(販售端)","grade":""}},{"type":"Feature","geometry":{"type":"Point","coordinates":[121.520905,25.088406]},"properties":{"name":"全家便利商店股份有限公司","address":"台北市士林區大南路２３１號","district":"士林區","city":"臺北市","result":"檢驗","types":"新北抽驗(販售端)","grade":""}},{"type":"Feature","geometry":{"type":"Point","coordinates":[121.61086,25.07428]},"properties":{"name":"全家便利商店股份有限公司","address":"台北市內湖區康寧路ㄧ段３７號ㄧ樓","district":"內湖區","city":"臺北市","result":"檢驗","types":"新北抽驗(販售端)","grade":""}},{"type":"Feature","geometry":{"type":"Point","coordinates":[121.584186,25.078315]},"properties":{"name":"全家便利商店股份有限公司","address":"台北市內湖區文德路２１２號","district":"內湖區","city":"臺北市","result":"檢驗","types":"新北抽驗(販售端)","grade":""}},{"type":"Feature","geometry":{"type":"Point","coordinates":[121.581114,25.082356]},"properties":{"name":"全家便利商店股份有限公司","address":"台北市內湖區內湖路二段１０３巷１０４號","district":"內湖區","city":"臺北市","result":"檢驗","types":"新北抽驗(販售端)","grade":""}},{"type":"Feature","geometry":{"type":"Point","coordinates":[121.567464,25.083677]},"properties":{"name":"全家便利商店股份有限公司","address":"台北市內湖區內湖路一段２８５巷１９號１樓","district":"內湖區","city":"臺北市","result":"檢驗","types":"新北抽驗(販售端)","grade":""}},{"type":"Feature","geometry":{"type":"Point","coordinates":[121.573157,25.082223]},"properties":{"name":"全家便利商店股份有限公司","address":"台北市內湖區麗山街３４８巷１０弄２號","district":"內湖區","city":"臺北市","result":"檢驗","types":"新北抽驗(販售端)","grade":""}},{"type":"Feature","geometry":{"type":"Point","coordinates":[121.592029,25.039594]},"properties":{"name":"全家便利商店股份有限公司","address":"台北市南港區福德街３７３巷６３號１樓","district":"南港區","city":"臺北市","result":"檢驗","types":"新北抽驗(販售端)","grade":""}},{"type":"Feature","geometry":{"type":"Point","coordinates":[121.585816,25.053098]},"properties":{"name":"全家便利商店股份有限公司","address":"台北市南港區南港路三段２號","district":"南港區","city":"臺北市","result":"檢驗","types":"新北抽驗(販售端)","grade":""}},{"type":"Feature","geometry":{"type":"Point","coordinates":[121.544198,24.999578]},"properties":{"name":"全家便利商店股份有限公司","address":"台北市文山區興隆路一段２４９號１樓","district":"文山區","city":"臺北市","result":"檢驗","types":"新北抽驗(販售端)","grade":""}},{"type":"Feature","geometry":{"type":"Point","coordinates":[121.539722,24.998503]},"properties":{"name":"全家便利商店股份有限公司","address":"台北市文山區景福街２５號","district":"文山區","city":"臺北市","result":"檢驗","types":"新北抽驗(販售端)","grade":""}},{"type":"Feature","geometry":{"type":"Point","coordinates":[121.54286,24.991906]},"properties":{"name":"全家便利商店股份有限公司","address":"台北市文山區景後街９５號","district":"文山區","city":"臺北市","result":"檢驗","types":"新北抽驗(販售端)","grade":""}},{"type":"Feature","geometry":{"type":"Point","coordinates":[121.539996,24.99141]},"properties":{"name":"全家便利商店股份有限公司","address":"台北市文山區羅斯福路六段２７４號","district":"文山區","city":"臺北市","result":"檢驗","types":"新北抽驗(販售端)","grade":""}},{"type":"Feature","geometry":{"type":"Point","coordinates":[121.541387,24.991138]},"properties":{"name":"全家便利商店股份有限公司","address":"台北市文山區景文街８３號","district":"文山區","city":"臺北市","result":"檢驗","types":"新北抽驗(販售端)","grade":""}},{"type":"Feature","geometry":{"type":"Point","coordinates":[121.54176,24.99304]},"properties":{"name":"全家便利商店股份有限公司","address":"台北市文山區景中街５號，七號一樓","district":"文山區","city":"臺北市","result":"檢驗","types":"新北抽驗(販售端)","grade":""}},{"type":"Feature","geometry":{"type":"Point","coordinates":[121.550043,25.036809]},"properties":{"name":"全家便利商店股份有限公司","address":"台北市大安區敦安里仁愛路四段１１２巷５號一樓","district":"大安區","city":"臺北市","result":"檢驗","types":"新北抽驗(販售端)","grade":""}},{"type":"Feature","geometry":{"type":"Point","coordinates":[121.550354,25.034002]},"properties":{"name":"全家便利商店股份有限公司","address":"台北市大安區安和路一段１１２巷２７號","district":"大安區","city":"臺北市","result":"檢驗","types":"新北抽驗(販售端)","grade":""}},{"type":"Feature","geometry":{"type":"Point","coordinates":[121.546291,25.050001]},"properties":{"name":"全家便利商店股份有限公司","address":"台北市松山區敦化北路４巷１號","district":"松山區","city":"臺北市","result":"檢驗","types":"新北抽驗(販售端)","grade":""}},{"type":"Feature","geometry":{"type":"Point","coordinates":[121.559288,25.046445]},"properties":{"name":"全家便利商店股份有限公司","address":"台北市松山區八德路四段４０號．４２號","district":"松山區","city":"臺北市","result":"檢驗","types":"新北抽驗(販售端)","grade":""}},{"type":"Feature","geometry":{"type":"Point","coordinates":[121.52536,25.051562]},"properties":{"name":"全家便利商店股份有限公司","address":"台北市中山區林森北路１４９－１．１４９－２號１樓","district":"中山區","city":"臺北市","result":"檢驗","types":"新北抽驗(販售端)","grade":""}},{"type":"Feature","geometry":{"type":"Point","coordinates":[121.557618,25.031997]},"properties":{"name":"全家便利商店股份有限公司","address":"台北市信義區光復南路５０５號、５０７號及文昌街３２","district":"信義區","city":"臺北市","result":"檢驗","types":"新北抽驗(販售端)","grade":""}},{"type":"Feature","geometry":{"type":"Point","coordinates":[121.507148,25.117306]},"properties":{"name":"全家便利商店股份有限公司","address":"台北市北投區尊賢街２６０號１Ｆ","district":"北投區","city":"臺北市","result":"檢驗","types":"新北抽驗(販售端)","grade":""}},{"type":"Feature","geometry":{"type":"Point","coordinates":[121.565423,25.061266]},"properties":{"name":"全家便利商店股份有限公司","address":"台北市松山區新益里富錦街５２９號一樓","district":"松山區","city":"臺北市","result":"檢驗","types":"新北抽驗(販售端)","grade":""}},{"type":"Feature","geometry":{"type":"Point","coordinates":[121.515884,25.043516]},"properties":{"name":"全家便利商店股份有限公司","address":"台北市中正區襄陽路７號１樓","district":"中正區","city":"臺北市","result":"檢驗","types":"新北抽驗(販售端)","grade":""}},{"type":"Feature","geometry":{"type":"Point","coordinates":[121.616964,25.051944]},"properties":{"name":"全家便利商店股份有限公司","address":"台北市南港區富康街８６號１Ｆ","district":"南港區","city":"臺北市","result":"檢驗","types":"新北抽驗(販售端)","grade":""}},{"type":"Feature","geometry":{"type":"Point","coordinates":[121.520645,25.08112]},"properties":{"name":"全家便利商店股份有限公司","address":"台北市士林區通河街１４５號","district":"士林區","city":"臺北市","result":"檢驗","types":"新北抽驗(販售端)","grade":""}},{"type":"Feature","geometry":{"type":"Point","coordinates":[121.553184,25.032488]},"properties":{"name":"全家便利商店股份有限公司","address":"台北市大安區文昌街１４２號壹樓全部","district":"大安區","city":"臺北市","result":"檢驗","types":"新北抽驗(販售端)","grade":""}},{"type":"Feature","geometry":{"type":"Point","coordinates":[121.553293,25.030359]},"properties":{"name":"全家便利商店股份有限公司","address":"台北市大安區通安街７７號","district":"大安區","city":"臺北市","result":"檢驗","types":"新北抽驗(販售端)","grade":""}},{"type":"Feature","geometry":{"type":"Point","coordinates":[121.563366,25.028438]},"properties":{"name":"全家便利商店股份有限公司","address":"台北市信義區莊敬路３０７號","district":"信義區","city":"臺北市","result":"檢驗","types":"新北抽驗(販售端)","grade":""}},{"type":"Feature","geometry":{"type":"Point","coordinates":[121.564894,25.027556]},"properties":{"name":"全家便利商店股份有限公司","address":"台北市信義區莊敬路３７４號","district":"信義區","city":"臺北市","result":"檢驗","types":"新北抽驗(販售端)","grade":""}},{"type":"Feature","geometry":{"type":"Point","coordinates":[121.570356,25.024302]},"properties":{"name":"全家便利商店股份有限公司","address":"台北市信義區信義路五段１５０巷４０１弄３１號","district":"信義區","city":"臺北市","result":"檢驗","types":"新北抽驗(販售端)","grade":""}},{"type":"Feature","geometry":{"type":"Point","coordinates":[121.565976,25.026137]},"properties":{"name":"全家便利商店股份有限公司","address":"台北市信義區吳興街３３４號","district":"信義區","city":"臺北市","result":"檢驗","types":"新北抽驗(販售端)","grade":""}},{"type":"Feature","geometry":{"type":"Point","coordinates":[121.513577,25.03556]},"properties":{"name":"全家便利商店股份有限公司","address":"台北市中正區愛國西路１號","district":"中正區","city":"臺北市","result":"檢驗","types":"新北抽驗(販售端)","grade":""}},{"type":"Feature","geometry":{"type":"Point","coordinates":[121.618845,25.069606]},"properties":{"name":"全家便利商店股份有限公司","address":"台北市內湖區康樂街８７號","district":"內湖區","city":"臺北市","result":"檢驗","types":"新北抽驗(販售端)","grade":""}},{"type":"Feature","geometry":{"type":"Point","coordinates":[121.595221,25.0776]},"properties":{"name":"全家便利商店股份有限公司","address":"台北市內湖區康寧路一段１１６號及地下室","district":"內湖區","city":"臺北市","result":"檢驗","types":"新北抽驗(販售端)","grade":""}},{"type":"Feature","geometry":{"type":"Point","coordinates":[121.50204,25.039631]},"properties":{"name":"全家便利商店股份有限公司","address":"台北市萬華區康定路９９號","district":"萬華區","city":"臺北市","result":"檢驗","types":"新北抽驗(販售端)","grade":""}},{"type":"Feature","geometry":{"type":"Point","coordinates":[121.502265,25.042578]},"properties":{"name":"全家便利商店股份有限公司","address":"台北市萬華區康定路６０號１樓","district":"萬華區","city":"臺北市","result":"檢驗","types":"新北抽驗(販售端)","grade":""}},{"type":"Feature","geometry":{"type":"Point","coordinates":[121.560967,25.053855]},"properties":{"name":"全家便利商店股份有限公司","address":"台北市松山區健康路２２０號","district":"松山區","city":"臺北市","result":"檢驗","types":"新北抽驗(販售端)","grade":""}},{"type":"Feature","geometry":{"type":"Point","coordinates":[121.502212,25.040733]},"properties":{"name":"全家便利商店股份有限公司","address":"台北市萬華區康定路７３號","district":"萬華區","city":"臺北市","result":"檢驗","types":"新北抽驗(販售端)","grade":""}},{"type":"Feature","geometry":{"type":"Point","coordinates":[121.544884,25.064238]},"properties":{"name":"全家便利商店股份有限公司","address":"台北市松山區五常街３６４號１樓","district":"松山區","city":"臺北市","result":"檢驗","types":"新北抽驗(販售端)","grade":""}},{"type":"Feature","geometry":{"type":"Point","coordinates":[121.55775,25.022372]},"properties":{"name":"全家便利商店股份有限公司","address":"台北市信義區崇德街２９號","district":"信義區","city":"臺北市","result":"檢驗","types":"新北抽驗(販售端)","grade":""}},{"type":"Feature","geometry":{"type":"Point","coordinates":[121.501189,25.126232]},"properties":{"name":"全家便利商店股份有限公司","address":"台北市北投區清江里三合街二段４８７號１樓","district":"北投區","city":"臺北市","result":"檢驗","types":"新北抽驗(販售端)","grade":""}},{"type":"Feature","geometry":{"type":"Point","coordinates":[121.618988,25.04314]},"properties":{"name":"全家便利商店股份有限公司","address":"台北市南港區舊莊街一段３巷３弄２號","district":"南港區","city":"臺北市","result":"檢驗","types":"新北抽驗(販售端)","grade":""}},{"type":"Feature","geometry":{"type":"Point","coordinates":[121.510852,25.067351]},"properties":{"name":"全家便利商店股份有限公司","address":"台北市大同區延平北路三段１１８號１樓","district":"大同區","city":"臺北市","result":"檢驗","types":"新北抽驗(販售端)","grade":""}},{"type":"Feature","geometry":{"type":"Point","coordinates":[121.553548,25.036549]},"properties":{"name":"全家便利商店股份有限公司","address":"台北市大安區仁愛路四段２６６巷１５弄１０號１樓","district":"大安區","city":"臺北市","result":"檢驗","types":"新北抽驗(販售端)","grade":""}},{"type":"Feature","geometry":{"type":"Point","coordinates":[121.518178,25.071818]},"properties":{"name":"全家便利商店股份有限公司","address":"台北市大同區庫倫街４８之４號","district":"大同區","city":"臺北市","result":"檢驗","types":"新北抽驗(販售端)","grade":""}},{"type":"Feature","geometry":{"type":"Point","coordinates":[121.510326,25.044929]},"properties":{"name":"全家便利商店股份有限公司","address":"台北市中正區延平南路６８號","district":"中正區","city":"臺北市","result":"檢驗","types":"新北抽驗(販售端)","grade":""}},{"type":"Feature","geometry":{"type":"Point","coordinates":[121.574092,25.040288]},"properties":{"name":"全家便利商店股份有限公司","address":"台北市信義區虎林街１３２巷８１號１樓","district":"信義區","city":"臺北市","result":"檢驗","types":"新北抽驗(販售端)","grade":""}},{"type":"Feature","geometry":{"type":"Point","coordinates":[121.51572,25.051881]},"properties":{"name":"全家便利商店股份有限公司","address":"台北市大同區太原路８１號","district":"大同區","city":"臺北市","result":"檢驗","types":"新北抽驗(販售端)","grade":""}},{"type":"Feature","geometry":{"type":"Point","coordinates":[121.505069,25.037903]},"properties":{"name":"全家便利商店股份有限公司","address":"台北市萬華區桂林路２３號１樓","district":"萬華區","city":"臺北市","result":"檢驗","types":"新北抽驗(販售端)","grade":""}},{"type":"Feature","geometry":{"type":"Point","coordinates":[121.516458,25.111874]},"properties":{"name":"全家便利商店股份有限公司","address":"台北市北投區振華街２號","district":"北投區","city":"臺北市","result":"檢驗","types":"新北抽驗(販售端)","grade":""}},{"type":"Feature","geometry":{"type":"Point","coordinates":[121.537351,25.0069]},"properties":{"name":"全家便利商店股份有限公司","address":"台北市文山區汀州路４段７７號","district":"文山區","city":"臺北市","result":"檢驗","types":"新北抽驗(販售端)","grade":""}},{"type":"Feature","geometry":{"type":"Point","coordinates":[121.528558,25.023404]},"properties":{"name":"全家便利商店股份有限公司","address":"台北市大安區師大路７９號","district":"大安區","city":"臺北市","result":"檢驗","types":"新北抽驗(販售端)","grade":""}},{"type":"Feature","geometry":{"type":"Point","coordinates":[121.513104,25.043914]},"properties":{"name":"全家便利商店股份有限公司","address":"台北市中正區重慶南路一段５８號","district":"中正區","city":"臺北市","result":"檢驗","types":"新北抽驗(販售端)","grade":""}},{"type":"Feature","geometry":{"type":"Point","coordinates":[121.602587,25.057677]},"properties":{"name":"全家便利商店股份有限公司","address":"台北市南港區重陽路１８３、１８５號１樓","district":"南港區","city":"臺北市","result":"檢驗","types":"新北抽驗(販售端)","grade":""}},{"type":"Feature","geometry":{"type":"Point","coordinates":[121.618075,25.041878]},"properties":{"name":"全家便利商店股份有限公司","address":"台北市南港區舊莊街一段３巷１６號","district":"南港區","city":"臺北市","result":"檢驗","types":"新北抽驗(販售端)","grade":""}},{"type":"Feature","geometry":{"type":"Point","coordinates":[121.561748,25.07683]},"properties":{"name":"全家便利商店股份有限公司","address":"台北市中山區樂群二路１４２號１樓","district":"中山區","city":"臺北市","result":"檢驗","types":"新北抽驗(販售端)","grade":""}},{"type":"Feature","geometry":{"type":"Point","coordinates":[121.556179,25.084954]},"properties":{"name":"全家便利商店股份有限公司","address":"台北市中山區北安路８１９之１號","district":"中山區","city":"臺北市","result":"檢驗","types":"新北抽驗(販售端)","grade":""}},{"type":"Feature","geometry":{"type":"Point","coordinates":[121.5232,25.097134]},"properties":{"name":"全家便利商店股份有限公司","address":"台北市士林區華榮街９７號","district":"士林區","city":"臺北市","result":"檢驗","types":"新北抽驗(販售端)","grade":""}},{"type":"Feature","geometry":{"type":"Point","coordinates":[121.52589,25.056153]},"properties":{"name":"全家便利商店股份有限公司","address":"台北市中山區新生北路二段６２巷３８－３號","district":"中山區","city":"臺北市","result":"檢驗","types":"新北抽驗(販售端)","grade":""}},{"type":"Feature","geometry":{"type":"Point","coordinates":[121.616607,25.051673]},"properties":{"name":"全家便利商店股份有限公司","address":"台北市南港區研究院路２段７０巷１號","district":"南港區","city":"臺北市","result":"檢驗","types":"新北抽驗(販售端)","grade":""}},{"type":"Feature","geometry":{"type":"Point","coordinates":[121.596256,25.080842]},"properties":{"name":"全家便利商店股份有限公司","address":"台北市內湖區星雲街１６１巷１號","district":"內湖區","city":"臺北市","result":"檢驗","types":"新北抽驗(販售端)","grade":""}},{"type":"Feature","geometry":{"type":"Point","coordinates":[121.567832,25.035565]},"properties":{"name":"全家便利商店股份有限公司","address":"台北市信義區松壽路２４號","district":"信義區","city":"臺北市","result":"檢驗","types":"新北抽驗(販售端)","grade":""}},{"type":"Feature","geometry":{"type":"Point","coordinates":[121.539041,25.028768]},"properties":{"name":"全家便利商店股份有限公司","address":"台北市大安區建國南路二段１５１巷３８號１樓","district":"大安區","city":"臺北市","result":"檢驗","types":"新北抽驗(販售端)","grade":""}},{"type":"Feature","geometry":{"type":"Point","coordinates":[121.538748,25.029089]},"properties":{"name":"全家便利商店股份有限公司","address":"台北市大安區建國南路１段１５６，１５８號","district":"大安區","city":"臺北市","result":"檢驗","types":"新北抽驗(販售端)","grade":""}},{"type":"Feature","geometry":{"type":"Point","coordinates":[121.505778,25.028384]},"properties":{"name":"全家便利商店股份有限公司","address":"台北市中正區中華路二段３１１巷１號１樓","district":"中正區","city":"臺北市","result":"檢驗","types":"新北抽驗(販售端)","grade":""}},{"type":"Feature","geometry":{"type":"Point","coordinates":[121.516198,25.044698]},"properties":{"name":"全家便利商店股份有限公司","address":"台北市中正區信陽街１５號","district":"中正區","city":"臺北市","result":"檢驗","types":"新北抽驗(販售端)","grade":""}},{"type":"Feature","geometry":{"type":"Point","coordinates":[121.517008,25.032493]},"properties":{"name":"全家便利商店股份有限公司","address":"台北市中正區南海路２０號","district":"中正區","city":"臺北市","result":"檢驗","types":"新北抽驗(販售端)","grade":""}},{"type":"Feature","geometry":{"type":"Point","coordinates":[121.53968,25.029122]},"properties":{"name":"全家便利商店股份有限公司","address":"台北市大安區信義路三段１３４巷２號壹樓＋地下室","district":"大安區","city":"臺北市","result":"檢驗","types":"新北抽驗(販售端)","grade":""}},{"type":"Feature","geometry":{"type":"Point","coordinates":[121.573502,25.034692]},"properties":{"name":"全家便利商店股份有限公司","address":"台北市信義區松德路２００巷１３號１樓","district":"信義區","city":"臺北市","result":"檢驗","types":"新北抽驗(販售端)","grade":""}},{"type":"Feature","geometry":{"type":"Point","coordinates":[121.54491,25.04859]},"properties":{"name":"全家便利商店股份有限公司","address":"台北市松山區長安東路二段２１９號","district":"松山區","city":"臺北市","result":"檢驗","types":"新北抽驗(販售端)","grade":""}},{"type":"Feature","geometry":{"type":"Point","coordinates":[121.535996,25.048917]},"properties":{"name":"全家便利商店股份有限公司","address":"台北市中山區伊通街１０８號１樓","district":"中山區","city":"臺北市","result":"檢驗","types":"新北抽驗(販售端)","grade":""}},{"type":"Feature","geometry":{"type":"Point","coordinates":[121.500471,25.022277]},"properties":{"name":"全家便利商店股份有限公司","address":"台北市萬華區壽德里長泰街２號２之１號一樓","district":"萬華區","city":"臺北市","result":"檢驗","types":"新北抽驗(販售端)","grade":""}},{"type":"Feature","geometry":{"type":"Point","coordinates":[121.525761,25.054818]},"properties":{"name":"全家便利商店股份有限公司","address":"台北市中山區長春路４８號","district":"中山區","city":"臺北市","result":"檢驗","types":"新北抽驗(販售端)","grade":""}},{"type":"Feature","geometry":{"type":"Point","coordinates":[121.546172,25.054304]},"properties":{"name":"全家便利商店股份有限公司","address":"台北市松山區敦化北路１２０巷８０號","district":"松山區","city":"臺北市","result":"檢驗","types":"新北抽驗(販售端)","grade":""}},{"type":"Feature","geometry":{"type":"Point","coordinates":[121.526749,25.049803]},"properties":{"name":"全家便利商店股份有限公司","address":"台北市中山區林森北路１０７巷５４號","district":"中山區","city":"臺北市","result":"檢驗","types":"新北抽驗(販售端)","grade":""}},{"type":"Feature","geometry":{"type":"Point","coordinates":[121.524526,25.065329]},"properties":{"name":"全家便利商店股份有限公司","address":"台北市中山區雙城街１９巷２號","district":"中山區","city":"臺北市","result":"檢驗","types":"新北抽驗(販售端)","grade":""}},{"type":"Feature","geometry":{"type":"Point","coordinates":[121.513333,25.053892]},"properties":{"name":"全家便利商店股份有限公司","address":"台北市大同區南京西路３０８號１樓","district":"大同區","city":"臺北市","result":"檢驗","types":"新北抽驗(販售端)","grade":""}},{"type":"Feature","geometry":{"type":"Point","coordinates":[121.525327,25.056148]},"properties":{"name":"全家便利商店股份有限公司","address":"台北市中山區林森北路３０８號","district":"中山區","city":"臺北市","result":"檢驗","types":"新北抽驗(販售端)","grade":""}},{"type":"Feature","geometry":{"type":"Point","coordinates":[121.586713,25.088262]},"properties":{"name":"全家便利商店股份有限公司","address":"台北市內湖區金龍路２２４號","district":"內湖區","city":"臺北市","result":"檢驗","types":"新北抽驗(販售端)","grade":""}},{"type":"Feature","geometry":{"type":"Point","coordinates":[121.495165,25.031295]},"properties":{"name":"全家便利商店股份有限公司","address":"台北市萬華區西園路二段１４０巷４２號","district":"萬華區","city":"臺北市","result":"檢驗","types":"新北抽驗(販售端)","grade":""}},{"type":"Feature","geometry":{"type":"Point","coordinates":[121.534652,25.05153]},"properties":{"name":"全家便利商店股份有限公司","address":"台北市中山區伊通街５８號","district":"中山區","city":"臺北市","result":"檢驗","types":"新北抽驗(販售端)","grade":""}},{"type":"Feature","geometry":{"type":"Point","coordinates":[121.587389,25.062889]},"properties":{"name":"全家便利商店股份有限公司","address":"台北市內湖區石潭路６７號１樓","district":"內湖區","city":"臺北市","result":"檢驗","types":"新北抽驗(販售端)","grade":""}},{"type":"Feature","geometry":{"type":"Point","coordinates":[121.544207,25.029958]},"properties":{"name":"全家便利商店股份有限公司","address":"台北市大安區信義路二段１０４號１樓","district":"大安區","city":"臺北市","result":"檢驗","types":"新北抽驗(販售端)","grade":""}},{"type":"Feature","geometry":{"type":"Point","coordinates":[121.523804,25.022285]},"properties":{"name":"全家便利商店股份有限公司","address":"台北市中正區汀州路二段２１６號１樓","district":"中正區","city":"臺北市","result":"檢驗","types":"新北抽驗(販售端)","grade":""}},{"type":"Feature","geometry":{"type":"Point","coordinates":[121.525481,25.056468]},"properties":{"name":"全家便利商店股份有限公司","address":"台北市中山區林森北路１０９號１樓","district":"中山區","city":"臺北市","result":"檢驗","types":"新北抽驗(販售端)","grade":""}},{"type":"Feature","geometry":{"type":"Point","coordinates":[121.537535,25.112309]},"properties":{"name":"全家便利商店股份有限公司","address":"台北市士林區士東路２６６巷５弄１６號","district":"士林區","city":"臺北市","result":"檢驗","types":"新北抽驗(販售端)","grade":""}},{"type":"Feature","geometry":{"type":"Point","coordinates":[121.503431,25.09227]},"properties":{"name":"全家便利商店股份有限公司","address":"台北市士林區社中街３８６號","district":"士林區","city":"臺北市","result":"檢驗","types":"新北抽驗(販售端)","grade":""}},{"type":"Feature","geometry":{"type":"Point","coordinates":[121.547371,25.083437]},"properties":{"name":"全家便利商店股份有限公司","address":"台北市中山區大直街１１號","district":"中山區","city":"臺北市","result":"檢驗","types":"新北抽驗(販售端)","grade":""}},{"type":"Feature","geometry":{"type":"Point","coordinates":[121.563053,24.982108]},"properties":{"name":"全家便利商店股份有限公司","address":"台北市文山區木新路三段９３號","district":"文山區","city":"臺北市","result":"檢驗","types":"新北抽驗(販售端)","grade":""}},{"type":"Feature","geometry":{"type":"Point","coordinates":[121.574146,25.042275]},"properties":{"name":"全家便利商店股份有限公司","address":"台北市信義區虎林街１２０巷１６５號","district":"信義區","city":"臺北市","result":"檢驗","types":"新北抽驗(販售端)","grade":""}},{"type":"Feature","geometry":{"type":"Point","coordinates":[121.525164,25.054941]},"properties":{"name":"全家便利商店股份有限公司","address":"台北市中山區長春路１００號１樓","district":"中山區","city":"臺北市","result":"檢驗","types":"新北抽驗(販售端)","grade":""}},{"type":"Feature","geometry":{"type":"Point","coordinates":[121.557876,25.053444]},"properties":{"name":"全家便利商店股份有限公司","address":"台北市松山區東光里健康路１５８號","district":"松山區","city":"臺北市","result":"檢驗","types":"新北抽驗(販售端)","grade":""}},{"type":"Feature","geometry":{"type":"Point","coordinates":[121.56209,25.055433]},"properties":{"name":"全家便利商店股份有限公司","address":"台北市松山區自強里延壽街３３０巷７弄２２號一樓","district":"松山區","city":"臺北市","result":"檢驗","types":"新北抽驗(販售端)","grade":""}},{"type":"Feature","geometry":{"type":"Point","coordinates":[121.533983,25.064619]},"properties":{"name":"全家便利商店股份有限公司","address":"台北市中山區農安街１６０號","district":"中山區","city":"臺北市","result":"檢驗","types":"新北抽驗(販售端)","grade":""}},{"type":"Feature","geometry":{"type":"Point","coordinates":[121.577857,25.043846]},"properties":{"name":"全家便利商店股份有限公司","address":"台北市信義區松山路１５３號","district":"信義區","city":"臺北市","result":"檢驗","types":"新北抽驗(販售端)","grade":""}},{"type":"Feature","geometry":{"type":"Point","coordinates":[121.555827,25.062158]},"properties":{"name":"全家便利商店股份有限公司","address":"台北市松山區民權東路四段１２１號（松指部）","district":"松山區","city":"臺北市","result":"檢驗","types":"新北抽驗(販售端)","grade":""}},{"type":"Feature","geometry":{"type":"Point","coordinates":[121.562503,25.059052]},"properties":{"name":"全家便利商店股份有限公司","address":"台北市松山區民生東路五段１５９號","district":"松山區","city":"臺北市","result":"檢驗","types":"新北抽驗(販售端)","grade":""}},{"type":"Feature","geometry":{"type":"Point","coordinates":[121.532341,25.053783]},"properties":{"name":"全家便利商店股份有限公司","address":"台北市中山區四平街４７號","district":"中山區","city":"臺北市","result":"檢驗","types":"新北抽驗(販售端)","grade":""}},{"type":"Feature","geometry":{"type":"Point","coordinates":[121.57698,25.035268]},"properties":{"name":"全家便利商店股份有限公司","address":"台北市信義區信義路六段７８號","district":"信義區","city":"臺北市","result":"檢驗","types":"新北抽驗(販售端)","grade":""}},{"type":"Feature","geometry":{"type":"Point","coordinates":[121.57164,25.023782]},"properties":{"name":"全家便利商店股份有限公司","address":"台北市信義區信義路５段１５０巷２２１號","district":"信義區","city":"臺北市","result":"檢驗","types":"新北抽驗(販售端)","grade":""}},{"type":"Feature","geometry":{"type":"Point","coordinates":[121.556904,25.058653]},"properties":{"name":"全家便利商店股份有限公司","address":"台北市松山區民生東路五段３７號","district":"松山區","city":"臺北市","result":"檢驗","types":"新北抽驗(販售端)","grade":""}},{"type":"Feature","geometry":{"type":"Point","coordinates":[121.496493,25.026071]},"properties":{"name":"全家便利商店股份有限公司","address":"台北市萬華區東園街６９號","district":"萬華區","city":"臺北市","result":"檢驗","types":"新北抽驗(販售端)","grade":""}},{"type":"Feature","geometry":{"type":"Point","coordinates":[121.516727,25.112031]},"properties":{"name":"全家便利商店股份有限公司","address":"台北市北投區西安街一段２８３號","district":"北投區","city":"臺北市","result":"檢驗","types":"新北抽驗(販售端)","grade":""}},{"type":"Feature","geometry":{"type":"Point","coordinates":[121.513648,25.117737]},"properties":{"name":"全家便利商店股份有限公司","address":"台北市北投區東華街二段８８號","district":"北投區","city":"臺北市","result":"檢驗","types":"新北抽驗(販售端)","grade":""}},{"type":"Feature","geometry":{"type":"Point","coordinates":[121.61577,25.067821]},"properties":{"name":"全家便利商店股份有限公司","address":"台北市內湖區安康路４８０號","district":"內湖區","city":"臺北市","result":"檢驗","types":"新北抽驗(販售端)","grade":""}},{"type":"Feature","geometry":{"type":"Point","coordinates":[121.566188,25.059227]},"properties":{"name":"全家便利商店股份有限公司","address":"台北市松山區民生東路五段１９７號","district":"松山區","city":"臺北市","result":"檢驗","types":"新北抽驗(販售端)","grade":""}},{"type":"Feature","geometry":{"type":"Point","coordinates":[121.551654,25.040542]},"properties":{"name":"全家便利商店股份有限公司","address":"台北市大安區仁愛路四段１５１巷３４號．３６號","district":"大安區","city":"臺北市","result":"檢驗","types":"新北抽驗(販售端)","grade":""}},{"type":"Feature","geometry":{"type":"Point","coordinates":[121.577808,25.003802]},"properties":{"name":"全家便利商店股份有限公司","address":"台北市文山區木柵路２段１０９巷２５弄２號．２－１號","district":"文山區","city":"臺北市","result":"檢驗","types":"新北抽驗(販售端)","grade":""}},{"type":"Feature","geometry":{"type":"Point","coordinates":[121.518879,25.109067]},"properties":{"name":"全家便利商店股份有限公司","address":"台北市北投區石牌里明德路９３號","district":"北投區","city":"臺北市","result":"檢驗","types":"新北抽驗(販售端)","grade":""}},{"type":"Feature","geometry":{"type":"Point","coordinates":[121.579272,25.020657]},"properties":{"name":"全家便利商店股份有限公司","address":"台北市中山區明水路５８１巷１１號１樓","district":"中山區","city":"臺北市","result":"檢驗","types":"新北抽驗(販售端)","grade":""}},{"type":"Feature","geometry":{"type":"Point","coordinates":[121.504403,25.041285]},"properties":{"name":"全家便利商店股份有限公司","address":"台北市萬華區昆明街１８６號１樓","district":"萬華區","city":"臺北市","result":"檢驗","types":"新北抽驗(販售端)","grade":""}},{"type":"Feature","geometry":{"type":"Point","coordinates":[121.615696,25.053362]},"properties":{"name":"全家便利商店股份有限公司","address":"台北市大安區忠孝東路３段２１７巷２弄１號１樓","district":"大安區","city":"臺北市","result":"檢驗","types":"新北抽驗(販售端)","grade":""}},{"type":"Feature","geometry":{"type":"Point","coordinates":[121.554878,25.036936]},"properties":{"name":"全家便利商店股份有限公司","address":"台北市大安區仁愛路４段２７巷４３號","district":"大安區","city":"臺北市","result":"檢驗","types":"新北抽驗(販售端)","grade":""}},{"type":"Feature","geometry":{"type":"Point","coordinates":[121.575432,25.041017]},"properties":{"name":"全家便利商店股份有限公司","address":"台北市信義區忠孝東路五段４２５號１樓及地下室","district":"信義區","city":"臺北市","result":"檢驗","types":"新北抽驗(販售端)","grade":""}},{"type":"Feature","geometry":{"type":"Point","coordinates":[121.5734,25.042614]},"properties":{"name":"全家便利商店股份有限公司","address":"台北市信義區虎林街１６６號１樓及地下室","district":"信義區","city":"臺北市","result":"檢驗","types":"新北抽驗(販售端)","grade":""}},{"type":"Feature","geometry":{"type":"Point","coordinates":[121.54863,25.042612]},"properties":{"name":"全家便利商店股份有限公司","address":"台北市大安區敦化南路一段１９０巷７號","district":"大安區","city":"臺北市","result":"檢驗","types":"新北抽驗(販售端)","grade":""}},{"type":"Feature","geometry":{"type":"Point","coordinates":[121.554472,25.042187]},"properties":{"name":"全家便利商店股份有限公司","address":"台北市大安區延吉街１３５號之三，一樓","district":"大安區","city":"臺北市","result":"檢驗","types":"新北抽驗(販售端)","grade":""}},{"type":"Feature","geometry":{"type":"Point","coordinates":[121.554707,25.040127]},"properties":{"name":"全家便利商店股份有限公司","address":"台北市大安區延吉街１３０號","district":"大安區","city":"臺北市","result":"檢驗","types":"新北抽驗(販售端)","grade":""}},{"type":"Feature","geometry":{"type":"Point","coordinates":[121.553049,25.039583]},"properties":{"name":"全家便利商店股份有限公司","address":"台北市大安區忠孝東路四段２１６巷３１號","district":"大安區","city":"臺北市","result":"檢驗","types":"新北抽驗(販售端)","grade":""}},{"type":"Feature","geometry":{"type":"Point","coordinates":[121.522614,25.025688]},"properties":{"name":"全家便利商店股份有限公司","address":"台北市中正區延平南路１５９號１樓","district":"中正區","city":"臺北市","result":"檢驗","types":"新北抽驗(販售端)","grade":""}},{"type":"Feature","geometry":{"type":"Point","coordinates":[121.518162,25.082499]},"properties":{"name":"全家便利商店股份有限公司","address":"台北市士林區福華里和豐街２號一樓","district":"士林區","city":"臺北市","result":"檢驗","types":"新北抽驗(販售端)","grade":""}},{"type":"Feature","geometry":{"type":"Point","coordinates":[121.531556,25.044806]},"properties":{"name":"全家便利商店股份有限公司","address":"台北市中正區和平西路一段８２號１樓","district":"中正區","city":"臺北市","result":"檢驗","types":"新北抽驗(販售端)","grade":""}},{"type":"Feature","geometry":{"type":"Point","coordinates":[121.542352,25.022983]},"properties":{"name":"全家便利商店股份有限公司","address":"台北市大安區和平東路二段２２號","district":"大安區","city":"臺北市","result":"檢驗","types":"新北抽驗(販售端)","grade":""}},{"type":"Feature","geometry":{"type":"Point","coordinates":[121.543915,25.024996]},"properties":{"name":"全家便利商店股份有限公司","address":"台北市大安區和平東路二段２６１號，２６３號","district":"大安區","city":"臺北市","result":"檢驗","types":"新北抽驗(販售端)","grade":""}},{"type":"Feature","geometry":{"type":"Point","coordinates":[121.548168,25.02446]},"properties":{"name":"全家便利商店股份有限公司","address":"台北市大安區和平東路三段５８號１樓","district":"大安區","city":"臺北市","result":"檢驗","types":"新北抽驗(販售端)","grade":""}},{"type":"Feature","geometry":{"type":"Point","coordinates":[121.541703,25.024903]},"properties":{"name":"全家便利商店股份有限公司","address":"台北市大安區和平東路二段１０２之３號１樓","district":"大安區","city":"臺北市","result":"檢驗","types":"新北抽驗(販售端)","grade":""}},{"type":"Feature","geometry":{"type":"Point","coordinates":[121.494886,25.035274]},"properties":{"name":"全家便利商店股份有限公司","address":"台北市萬華區愛鄉里和平西路三段２９０之５號、２９０","district":"萬華區","city":"臺北市","result":"檢驗","types":"新北抽驗(販售端)","grade":""}},{"type":"Feature","geometry":{"type":"Point","coordinates":[121.583371,25.042828]},"properties":{"name":"全家便利商店股份有限公司","address":"台北市信義區中坡南路３８號１Ｆ","district":"信義區","city":"臺北市","result":"檢驗","types":"新北抽驗(販售端)","grade":""}},{"type":"Feature","geometry":{"type":"Point","coordinates":[121.538386,25.052169]},"properties":{"name":"全家便利商店股份有限公司","address":"台北市中山區南京東路三段６５號","district":"中山區","city":"臺北市","result":"檢驗","types":"新北抽驗(販售端)","grade":""}},{"type":"Feature","geometry":{"type":"Point","coordinates":[121.553929,25.051435]},"properties":{"name":"全家便利商店股份有限公司","address":"台北市松山區南京東路四段５６－１號１樓","district":"松山區","city":"臺北市","result":"檢驗","types":"新北抽驗(販售端)","grade":""}},{"type":"Feature","geometry":{"type":"Point","coordinates":[121.531417,25.052763]},"properties":{"name":"全家便利商店股份有限公司","address":"台北市中山區一江街２２號１樓","district":"中山區","city":"臺北市","result":"檢驗","types":"新北抽驗(販售端)","grade":""}},{"type":"Feature","geometry":{"type":"Point","coordinates":[121.541087,25.022034]},"properties":{"name":"全家便利商店股份有限公司","address":"台北市大安區辛亥路二段１７１巷３號","district":"大安區","city":"臺北市","result":"檢驗","types":"新北抽驗(販售端)","grade":""}},{"type":"Feature","geometry":{"type":"Point","coordinates":[121.549803,25.054206]},"properties":{"name":"全家便利商店股份有限公司","address":"台北市松山區敦化北路１５５巷３號１樓","district":"松山區","city":"臺北市","result":"檢驗","types":"新北抽驗(販售端)","grade":""}},{"type":"Feature","geometry":{"type":"Point","coordinates":[121.514276,25.046206]},"properties":{"name":"全家便利商店股份有限公司","address":"台北市中正區懷寧街７之１號","district":"中正區","city":"臺北市","result":"檢驗","types":"新北抽驗(販售端)","grade":""}},{"type":"Feature","geometry":{"type":"Point","coordinates":[121.584181,25.061604]},"properties":{"name":"全家便利商店股份有限公司","address":"台北市內湖區行善路２８９號","district":"內湖區","city":"臺北市","result":"檢驗","types":"新北抽驗(販售端)","grade":""}},{"type":"Feature","geometry":{"type":"Point","coordinates":[121.467483,25.121987]},"properties":{"name":"全家便利商店股份有限公司","address":"台北市北投區知行路２９８號１樓","district":"北投區","city":"臺北市","result":"檢驗","types":"新北抽驗(販售端)","grade":""}},{"type":"Feature","geometry":{"type":"Point","coordinates":[121.557337,25.10546]},"properties":{"name":"全家便利商店股份有限公司","address":"台北市士林區臨溪里至善路二段２６８號一樓","district":"士林區","city":"臺北市","result":"檢驗","types":"新北抽驗(販售端)","grade":""}},{"type":"Feature","geometry":{"type":"Point","coordinates":[121.51766,25.087172]},"properties":{"name":"全家便利商店股份有限公司","address":"台北市士林區福港街１５８－１號","district":"士林區","city":"臺北市","result":"檢驗","types":"新北抽驗(販售端)","grade":""}},{"type":"Feature","geometry":{"type":"Point","coordinates":[121.542691,25.062157]},"properties":{"name":"全家便利商店股份有限公司","address":"台北市中山區民權東路三段６４號１樓","district":"中山區","city":"臺北市","result":"檢驗","types":"新北抽驗(販售端)","grade":""}},{"type":"Feature","geometry":{"type":"Point","coordinates":[121.542372,25.050037]},"properties":{"name":"全家便利商店股份有限公司","address":"台北市中山區朱崙街６７號","district":"中山區","city":"臺北市","result":"檢驗","types":"新北抽驗(販售端)","grade":""}},{"type":"Feature","geometry":{"type":"Point","coordinates":[121.504691,25.042766]},"properties":{"name":"全家便利商店股份有限公司","address":"台北市萬華區昆明街１３４號；成都路８６號","district":"萬華區","city":"臺北市","result":"檢驗","types":"新北抽驗(販售端)","grade":""}},{"type":"Feature","geometry":{"type":"Point","coordinates":[121.545074,25.025612]},"properties":{"name":"全家便利商店股份有限公司","address":"台北市大安區和平東路二段３１１巷３２號","district":"大安區","city":"臺北市","result":"檢驗","types":"新北抽驗(販售端)","grade":""}},{"type":"Feature","geometry":{"type":"Point","coordinates":[121.547801,25.028108]},"properties":{"name":"全家便利商店股份有限公司","address":"台北市大安區四維路１７０巷４號","district":"大安區","city":"臺北市","result":"檢驗","types":"新北抽驗(販售端)","grade":""}},{"type":"Feature","geometry":{"type":"Point","coordinates":[121.553294,25.019691]},"properties":{"name":"全家便利商店股份有限公司","address":"台北市大安區安居街７６號","district":"大安區","city":"臺北市","result":"檢驗","types":"新北抽驗(販售端)","grade":""}},{"type":"Feature","geometry":{"type":"Point","coordinates":[121.539273,25.059249]},"properties":{"name":"全家便利商店股份有限公司","address":"台北市中山區合江街８７號一樓","district":"中山區","city":"臺北市","result":"檢驗","types":"新北抽驗(販售端)","grade":""}},{"type":"Feature","geometry":{"type":"Point","coordinates":[121.572979,25.000786]},"properties":{"name":"全家便利商店股份有限公司","address":"台北市文山區和平東路四段９５、９７號１樓","district":"文山區","city":"臺北市","result":"檢驗","types":"新北抽驗(販售端)","grade":""}},{"type":"Feature","geometry":{"type":"Point","coordinates":[121.604857,25.057261]},"properties":{"name":"全家便利商店股份有限公司","address":"台北市南港區東新里重陽路１６號一樓","district":"南港區","city":"臺北市","result":"檢驗","types":"新北抽驗(販售端)","grade":""}},{"type":"Feature","geometry":{"type":"Point","coordinates":[121.553813,25.03613]},"properties":{"name":"全家便利商店股份有限公司","address":"台北市大安區仁愛路四段３００巷１１之１號","district":"大安區","city":"臺北市","result":"檢驗","types":"新北抽驗(販售端)","grade":""}},{"type":"Feature","geometry":{"type":"Point","coordinates":[121.56126,24.983436]},"properties":{"name":"全家便利商店股份有限公司","address":"台北市文山區興隆路３段２０７巷１１弄２號","district":"文山區","city":"臺北市","result":"檢驗","types":"新北抽驗(販售端)","grade":""}},{"type":"Feature","geometry":{"type":"Point","coordinates":[121.526378,25.066583]},"properties":{"name":"全家便利商店股份有限公司","address":"台北市中山區晴光里德惠街３４之２號一樓","district":"中山區","city":"臺北市","result":"檢驗","types":"新北抽驗(販售端)","grade":""}},{"type":"Feature","geometry":{"type":"Point","coordinates":[121.557381,25.036546]},"properties":{"name":"全家便利商店股份有限公司","address":"台北市大安區光復南路４１８號","district":"大安區","city":"臺北市","result":"檢驗","types":"新北抽驗(販售端)","grade":""}},{"type":"Feature","geometry":{"type":"Point","coordinates":[121.532725,25.046994]},"properties":{"name":"全家便利商店股份有限公司","address":"台北市中山區松江路２４之１號","district":"中山區","city":"臺北市","result":"檢驗","types":"新北抽驗(販售端)","grade":""}},{"type":"Feature","geometry":{"type":"Point","coordinates":[121.55798,25.035239]},"properties":{"name":"全家便利商店股份有限公司","address":"台北市信義區光復南路４４７之２號","district":"信義區","city":"臺北市","result":"檢驗","types":"新北抽驗(販售端)","grade":""}},{"type":"Feature","geometry":{"type":"Point","coordinates":[121.499195,25.132632]},"properties":{"name":"全家便利商店股份有限公司","address":"台北市北投區光明路２３號，２５號","district":"北投區","city":"臺北市","result":"檢驗","types":"新北抽驗(販售端)","grade":""}},{"type":"Feature","geometry":{"type":"Point","coordinates":[121.505323,25.116475]},"properties":{"name":"全家便利商店股份有限公司","address":"台北市北投區立賢里承德路七段２９０號","district":"北投區","city":"臺北市","result":"檢驗","types":"新北抽驗(販售端)","grade":""}},{"type":"Feature","geometry":{"type":"Point","coordinates":[121.530768,25.128526]},"properties":{"name":"全家便利商店股份有限公司","address":"台北市北投區中山北路七段２１９巷３弄１７１號壹樓","district":"北投區","city":"臺北市","result":"檢驗","types":"新北抽驗(販售端)","grade":""}},{"type":"Feature","geometry":{"type":"Point","coordinates":[121.513183,25.05828]},"properties":{"name":"全家便利商店股份有限公司","address":"台北市大同區歸綏街１８１之２號","district":"大同區","city":"臺北市","result":"檢驗","types":"新北抽驗(販售端)","grade":""}},{"type":"Feature","geometry":{"type":"Point","coordinates":[121.525118,25.058705]},"properties":{"name":"全家便利商店股份有限公司","address":"台北市中山區民生東路一段２７巷１５號","district":"中山區","city":"臺北市","result":"檢驗","types":"新北抽驗(販售端)","grade":""}},{"type":"Feature","geometry":{"type":"Point","coordinates":[121.500708,25.139203]},"properties":{"name":"全家便利商店股份有限公司","address":"台北市北投區中庸里永興路一段１號、３號一樓","district":"北投區","city":"臺北市","result":"檢驗","types":"新北抽驗(販售端)","grade":""}},{"type":"Feature","geometry":{"type":"Point","coordinates":[121.511269,25.060404]},"properties":{"name":"全家便利商店股份有限公司","address":"台北市大同區延平北路二段２６０號之１","district":"大同區","city":"臺北市","result":"檢驗","types":"新北抽驗(販售端)","grade":""}},{"type":"Feature","geometry":{"type":"Point","coordinates":[121.507111,25.086833]},"properties":{"name":"全家便利商店股份有限公司","address":"台北市士林區社子街２７號","district":"士林區","city":"臺北市","result":"檢驗","types":"新北抽驗(販售端)","grade":""}},{"type":"Feature","geometry":{"type":"Point","coordinates":[121.560431,25.035595]},"properties":{"name":"全家便利商店股份有限公司","address":"台北市信義區基隆路１段１４７巷７號","district":"信義區","city":"臺北市","result":"檢驗","types":"新北抽驗(販售端)","grade":""}},{"type":"Feature","geometry":{"type":"Point","coordinates":[121.575499,25.04333]},"properties":{"name":"全家便利商店股份有限公司","address":"台北市信義區虎林街８２巷２３號","district":"信義區","city":"臺北市","result":"檢驗","types":"新北抽驗(販售端)","grade":""}},{"type":"Feature","geometry":{"type":"Point","coordinates":[121.572159,25.043578]},"properties":{"name":"全家便利商店股份有限公司","address":"台北市信義區松信路１４５號","district":"信義區","city":"臺北市","result":"檢驗","types":"新北抽驗(販售端)","grade":""}},{"type":"Feature","geometry":{"type":"Point","coordinates":[121.557355,25.084566]},"properties":{"name":"全家便利商店股份有限公司","address":"台北市中山區北安路６３０巷７號１樓","district":"中山區","city":"臺北市","result":"檢驗","types":"新北抽驗(販售端)","grade":""}},{"type":"Feature","geometry":{"type":"Point","coordinates":[121.575365,25.045561]},"properties":{"name":"全家便利商店股份有限公司","address":"台北市信義區永吉路２２３號","district":"信義區","city":"臺北市","result":"檢驗","types":"新北抽驗(販售端)","grade":""}},{"type":"Feature","geometry":{"type":"Point","coordinates":[121.510424,25.064147]},"properties":{"name":"全家便利商店股份有限公司","address":"台北市中山區民權西路３５號１樓","district":"中山區","city":"臺北市","result":"檢驗","types":"新北抽驗(販售端)","grade":""}},{"type":"Feature","geometry":{"type":"Point","coordinates":[121.539325,25.066824]},"properties":{"name":"全家便利商店股份有限公司","address":"台北市中山區民族東路４１０巷２３弄２４號","district":"中山區","city":"臺北市","result":"檢驗","types":"新北抽驗(販售端)","grade":""}},{"type":"Feature","geometry":{"type":"Point","coordinates":[121.498226,25.025985]},"properties":{"name":"全家便利商店股份有限公司","address":"台北市萬華區民和街９號１樓","district":"萬華區","city":"臺北市","result":"檢驗","types":"新北抽驗(販售端)","grade":""}},{"type":"Feature","geometry":{"type":"Point","coordinates":[121.526533,25.04888]},"properties":{"name":"全家便利商店股份有限公司","address":"台北市中山區長安東路一段５５號","district":"中山區","city":"臺北市","result":"檢驗","types":"新北抽驗(販售端)","grade":""}},{"type":"Feature","geometry":{"type":"Point","coordinates":[121.520699,25.048494]},"properties":{"name":"全家便利商店股份有限公司","address":"台北市中山區中山北路一段５８號","district":"中山區","city":"臺北市","result":"檢驗","types":"新北抽驗(販售端)","grade":""}},{"type":"Feature","geometry":{"type":"Point","coordinates":[121.545006,25.016501]},"properties":{"name":"全家便利商店股份有限公司","address":"台北市大安區長興街５０號","district":"大安區","city":"臺北市","result":"檢驗","types":"新北抽驗(販售端)","grade":""}},{"type":"Feature","geometry":{"type":"Point","coordinates":[121.533497,25.018864]},"properties":{"name":"全家便利商店股份有限公司","address":"台北市大安區新生南路三段８４之８號","district":"大安區","city":"臺北市","result":"檢驗","types":"新北抽驗(販售端)","grade":""}},{"type":"Feature","geometry":{"type":"Point","coordinates":[121.527571,25.026455]},"properties":{"name":"全家便利商店股份有限公司","address":"台北市大安區和平東路一段１６２號","district":"大安區","city":"臺北市","result":"檢驗","types":"新北抽驗(販售端)","grade":""}},{"type":"Feature","geometry":{"type":"Point","coordinates":[121.530747,25.019036]},"properties":{"name":"全家便利商店股份有限公司","address":"台北市大安區羅斯福路２段１０３號","district":"大安區","city":"臺北市","result":"檢驗","types":"新北抽驗(販售端)","grade":""}},{"type":"Feature","geometry":{"type":"Point","coordinates":[121.563852,25.027005]},"properties":{"name":"全家便利商店股份有限公司","address":"台北市信義區吳興街２６３號","district":"信義區","city":"臺北市","result":"檢驗","types":"新北抽驗(販售端)","grade":""}},{"type":"Feature","geometry":{"type":"Point","coordinates":[121.539156,25.041153]},"properties":{"name":"全家便利商店股份有限公司","address":"台北市大安區建國南路一段８１號","district":"大安區","city":"臺北市","result":"檢驗","types":"新北抽驗(販售端)","grade":""}},{"type":"Feature","geometry":{"type":"Point","coordinates":[121.504293,25.136239]},"properties":{"name":"全家便利商店股份有限公司","address":"台北市北投區光明路２１８之１號","district":"北投區","city":"臺北市","result":"檢驗","types":"新北抽驗(販售端)","grade":""}},{"type":"Feature","geometry":{"type":"Point","coordinates":[121.55036,24.997078]},"properties":{"name":"全家便利商店股份有限公司","address":"台北市文山區仙岩路２號","district":"文山區","city":"臺北市","result":"檢驗","types":"新北抽驗(販售端)","grade":""}},{"type":"Feature","geometry":{"type":"Point","coordinates":[121.535195,25.012858]},"properties":{"name":"全家便利商店股份有限公司","address":"台北市中正區汀州路三段２６１號","district":"中正區","city":"臺北市","result":"檢驗","types":"新北抽驗(販售端)","grade":""}},{"type":"Feature","geometry":{"type":"Point","coordinates":[121.577808,25.003802]},"properties":{"name":"全家便利商店股份有限公司","address":"台北市文山區木柵路２段５２號","district":"文山區","city":"臺北市","result":"檢驗","types":"新北抽驗(販售端)","grade":""}},{"type":"Feature","geometry":{"type":"Point","coordinates":[121.568613,24.988812]},"properties":{"name":"全家便利商店股份有限公司","address":"台北市文山區木柵路三段１４８號１５０號","district":"文山區","city":"臺北市","result":"檢驗","types":"新北抽驗(販售端)","grade":""}},{"type":"Feature","geometry":{"type":"Point","coordinates":[121.518398,25.055002]},"properties":{"name":"全家便利商店股份有限公司","address":"台北市大同區承德路二段３９＆４１號１樓","district":"大同區","city":"臺北市","result":"檢驗","types":"新北抽驗(販售端)","grade":""}},{"type":"Feature","geometry":{"type":"Point","coordinates":[121.502377,25.021107]},"properties":{"name":"全家便利商店股份有限公司","address":"台北市萬華區青年路１５４號、１６８巷２弄１４號１樓","district":"萬華區","city":"臺北市","result":"檢驗","types":"新北抽驗(販售端)","grade":""}},{"type":"Feature","geometry":{"type":"Point","coordinates":[121.523089,25.050123]},"properties":{"name":"全家便利商店股份有限公司","address":"台北市中山區正義里天津街４７號１樓及地下室","district":"中山區","city":"臺北市","result":"檢驗","types":"新北抽驗(販售端)","grade":""}},{"type":"Feature","geometry":{"type":"Point","coordinates":[121.562718,25.086837]},"properties":{"name":"全家便利商店股份有限公司","address":"台北市內湖區文湖街５９號","district":"內湖區","city":"臺北市","result":"檢驗","types":"新北抽驗(販售端)","grade":""}},{"type":"Feature","geometry":{"type":"Point","coordinates":[121.524617,25.035961]},"properties":{"name":"全家便利商店股份有限公司","address":"台北市中正區杭州南路一段１４７號","district":"中正區","city":"臺北市","result":"檢驗","types":"新北抽驗(販售端)","grade":""}},{"type":"Feature","geometry":{"type":"Point","coordinates":[121.532456,25.015044]},"properties":{"name":"全家便利商店股份有限公司","address":"台北市中正區汀州路三段１７３號","district":"中正區","city":"臺北市","result":"檢驗","types":"新北抽驗(販售端)","grade":""}},{"type":"Feature","geometry":{"type":"Point","coordinates":[121.495173,25.136809]},"properties":{"name":"全家便利商店股份有限公司","address":"台北市北投區中央北路二段９７號１樓","district":"北投區","city":"臺北市","result":"檢驗","types":"新北抽驗(販售端)","grade":""}},{"type":"Feature","geometry":{"type":"Point","coordinates":[121.525442,25.108924]},"properties":{"name":"全家便利商店股份有限公司","address":"台北市士林區中山北路六段２３８號壹樓","district":"士林區","city":"臺北市","result":"檢驗","types":"新北抽驗(販售端)","grade":""}},{"type":"Feature","geometry":{"type":"Point","coordinates":[121.531502,25.11659]},"properties":{"name":"全家便利商店股份有限公司","address":"台北市士林區天福里天母東路３６號之５，之６","district":"士林區","city":"臺北市","result":"檢驗","types":"新北抽驗(販售端)","grade":""}},{"type":"Feature","geometry":{"type":"Point","coordinates":[121.519485,25.097029]},"properties":{"name":"全家便利商店股份有限公司","address":"台北市士林區美崙街１１８號","district":"士林區","city":"臺北市","result":"檢驗","types":"新北抽驗(販售端)","grade":""}},{"type":"Feature","geometry":{"type":"Point","coordinates":[121.533975,25.119241]},"properties":{"name":"全家便利商店股份有限公司","address":"台北市士林區天母東路６９巷１１之９號１樓","district":"士林區","city":"臺北市","result":"檢驗","types":"新北抽驗(販售端)","grade":""}},{"type":"Feature","geometry":{"type":"Point","coordinates":[121.53444,25.013648]},"properties":{"name":"全家便利商店股份有限公司","address":"台北市中正區汀州路三段２５１號","district":"中正區","city":"臺北市","result":"檢驗","types":"新北抽驗(販售端)","grade":""}},{"type":"Feature","geometry":{"type":"Point","coordinates":[121.502905,25.025447]},"properties":{"name":"全家便利商店股份有限公司","address":"台北市萬華區青年路４８號","district":"萬華區","city":"臺北市","result":"檢驗","types":"新北抽驗(販售端)","grade":""}},{"type":"Feature","geometry":{"type":"Point","coordinates":[121.557578,25.019872]},"properties":{"name":"全家便利商店股份有限公司","address":"台北市信義區和平東路三段３８７號","district":"信義區","city":"臺北市","result":"檢驗","types":"新北抽驗(販售端)","grade":""}},{"type":"Feature","geometry":{"type":"Point","coordinates":[121.604206,25.070926]},"properties":{"name":"全家便利商店股份有限公司","address":"台北市內湖區民權東路六段１６２號","district":"內湖區","city":"臺北市","result":"檢驗","types":"新北抽驗(販售端)","grade":""}},{"type":"Feature","geometry":{"type":"Point","coordinates":[121.547004,25.037134]},"properties":{"name":"全家便利商店股份有限公司","address":"台北市大安區仁愛路四段４８巷６號","district":"大安區","city":"臺北市","result":"檢驗","types":"新北抽驗(販售端)","grade":""}},{"type":"Feature","geometry":{"type":"Point","coordinates":[121.53971,25.065481]},"properties":{"name":"全家便利商店股份有限公司","address":"台北市中山區五常街５３巷２３號１號","district":"中山區","city":"臺北市","result":"檢驗","types":"新北抽驗(販售端)","grade":""}},{"type":"Feature","geometry":{"type":"Point","coordinates":[121.540959,25.065275]},"properties":{"name":"全家便利商店股份有限公司","address":"台北市中山區龍江路２０１號１Ｆ","district":"中山區","city":"臺北市","result":"檢驗","types":"新北抽驗(販售端)","grade":""}},{"type":"Feature","geometry":{"type":"Point","coordinates":[121.55145,25.103496]},"properties":{"name":"全家便利商店股份有限公司","address":"台北市士林區至善路二段３４號","district":"士林區","city":"臺北市","result":"檢驗","types":"新北抽驗(販售端)","grade":""}},{"type":"Feature","geometry":{"type":"Point","coordinates":[121.601494,25.05618]},"properties":{"name":"全家便利商店股份有限公司","address":"台北市南港區興南街３９號１樓","district":"南港區","city":"臺北市","result":"檢驗","types":"新北抽驗(販售端)","grade":""}},{"type":"Feature","geometry":{"type":"Point","coordinates":[121.50095,25.139905]},"properties":{"name":"全家便利商店股份有限公司","address":"台北市北投區開明里中和街２５２號一樓","district":"北投區","city":"臺北市","result":"檢驗","types":"新北抽驗(販售端)","grade":""}},{"type":"Feature","geometry":{"type":"Point","coordinates":[121.551994,25.058108]},"properties":{"name":"全家便利商店股份有限公司","address":"台北市松山區民生東路四段９５號","district":"松山區","city":"臺北市","result":"檢驗","types":"新北抽驗(販售端)","grade":""}},{"type":"Feature","geometry":{"type":"Point","coordinates":[121.614672,25.057392]},"properties":{"name":"全家便利商店股份有限公司","address":"台北市南港區三重路６６之２號１樓","district":"南港區","city":"臺北市","result":"檢驗","types":"新北抽驗(販售端)","grade":""}},{"type":"Feature","geometry":{"type":"Point","coordinates":[121.611874,25.059305]},"properties":{"name":"全家便利商店股份有限公司","address":"台北市南港區園區街３號２樓之７","district":"南港區","city":"臺北市","result":"檢驗","types":"新北抽驗(販售端)","grade":""}},{"type":"Feature","geometry":{"type":"Point","coordinates":[121.613245,25.056525]},"properties":{"name":"全家便利商店股份有限公司","address":"台北市南港區三重路１９－７號內之一部份","district":"南港區","city":"臺北市","result":"檢驗","types":"新北抽驗(販售端)","grade":""}},{"type":"Feature","geometry":{"type":"Point","coordinates":[121.516115,25.067369]},"properties":{"name":"全家便利商店股份有限公司","address":"台北市大同區大龍街１３３號１樓","district":"大同區","city":"臺北市","result":"檢驗","types":"新北抽驗(販售端)","grade":""}},{"type":"Feature","geometry":{"type":"Point","coordinates":[121.582612,25.040759]},"properties":{"name":"全家便利商店股份有限公司","address":"台北市信義區大道路７９號１樓","district":"信義區","city":"臺北市","result":"檢驗","types":"新北抽驗(販售端)","grade":""}},{"type":"Feature","geometry":{"type":"Point","coordinates":[121.498445,25.129857]},"properties":{"name":"全家便利商店股份有限公司","address":"台北市北投區大興街２２號","district":"北投區","city":"臺北市","result":"檢驗","types":"新北抽驗(販售端)","grade":""}},{"type":"Feature","geometry":{"type":"Point","coordinates":[121.521457,25.084833]},"properties":{"name":"全家便利商店股份有限公司","address":"台北市士林區前港街３９號","district":"士林區","city":"臺北市","result":"檢驗","types":"新北抽驗(販售端)","grade":""}},{"type":"Feature","geometry":{"type":"Point","coordinates":[121.536053,25.034235]},"properties":{"name":"全家便利商店股份有限公司","address":"台北市大安區新生南路一段１６５巷３５號","district":"大安區","city":"臺北市","result":"檢驗","types":"新北抽驗(販售端)","grade":""}},{"type":"Feature","geometry":{"type":"Point","coordinates":[121.559961,25.049808]},"properties":{"name":"全家便利商店股份有限公司","address":"台北市松山區光復北路１１巷５０號１樓","district":"松山區","city":"臺北市","result":"檢驗","types":"新北抽驗(販售端)","grade":""}},{"type":"Feature","geometry":{"type":"Point","coordinates":[121.52488,25.089386]},"properties":{"name":"全家便利商店股份有限公司","address":"台北市士林區大南路５２號","district":"士林區","city":"臺北市","result":"檢驗","types":"新北抽驗(販售端)","grade":""}},{"type":"Feature","geometry":{"type":"Point","coordinates":[121.546908,25.08088]},"properties":{"name":"全家便利商店股份有限公司","address":"台北市中山區大直街３３巷１號","district":"中山區","city":"臺北市","result":"檢驗","types":"新北抽驗(販售端)","grade":""}},{"type":"Feature","geometry":{"type":"Point","coordinates":[121.544763,25.034697]},"properties":{"name":"全家便利商店股份有限公司","address":"台北市大安區大安路一段２０號","district":"大安區","city":"臺北市","result":"檢驗","types":"新北抽驗(販售端)","grade":""}},{"type":"Feature","geometry":{"type":"Point","coordinates":[121.499415,25.128628]},"properties":{"name":"全家便利商店股份有限公司","address":"台北市北投區大業路４５２巷３１號","district":"北投區","city":"臺北市","result":"檢驗","types":"新北抽驗(販售端)","grade":""}},{"type":"Feature","geometry":{"type":"Point","coordinates":[121.526142,25.092293]},"properties":{"name":"全家便利商店股份有限公司","address":"台北市士林區文林路３２０號","district":"士林區","city":"臺北市","result":"檢驗","types":"新北抽驗(販售端)","grade":""}},{"type":"Feature","geometry":{"type":"Point","coordinates":[121.517998,25.091728]},"properties":{"name":"全家便利商店股份有限公司","address":"台北市士林區中正路５０３號","district":"士林區","city":"臺北市","result":"檢驗","types":"新北抽驗(販售端)","grade":""}},{"type":"Feature","geometry":{"type":"Point","coordinates":[121.533367,25.125206]},"properties":{"name":"全家便利商店股份有限公司","address":"台北市士林區中山北路５段６９７號","district":"士林區","city":"臺北市","result":"檢驗","types":"新北抽驗(販售端)","grade":""}},{"type":"Feature","geometry":{"type":"Point","coordinates":[121.569754,25.02197]},"properties":{"name":"全家便利商店股份有限公司","address":"台北市信義區吳興街７號","district":"信義區","city":"臺北市","result":"檢驗","types":"新北抽驗(販售端)","grade":""}},{"type":"Feature","geometry":{"type":"Point","coordinates":[121.563363,25.061066]},"properties":{"name":"全家便利商店股份有限公司","address":"台北市松山區三民路１４８號","district":"松山區","city":"臺北市","result":"檢驗","types":"新北抽驗(販售端)","grade":""}},{"type":"Feature","geometry":{"type":"Point","coordinates":[121.587753,25.066873]},"properties":{"name":"全家便利商店股份有限公司","address":"台北市內湖區民權東路六段９０巷１號","district":"內湖區","city":"臺北市","result":"檢驗","types":"新北抽驗(販售端)","grade":""}},{"type":"Feature","geometry":{"type":"Point","coordinates":[121.544826,25.05163]},"properties":{"name":"全家便利商店股份有限公司","address":"台北市松山區南京東路三段２５８號","district":"松山區","city":"臺北市","result":"檢驗","types":"新北抽驗(販售端)","grade":""}},{"type":"Feature","geometry":{"type":"Point","coordinates":[121.553004,25.013755]},"properties":{"name":"全家便利商店股份有限公司","address":"台北市大安區辛亥路三段３３０號","district":"大安區","city":"臺北市","result":"檢驗","types":"新北抽驗(販售端)","grade":""}},{"type":"Feature","geometry":{"type":"Point","coordinates":[121.561563,25.084793]},"properties":{"name":"全家便利商店股份有限公司","address":"台北市內湖區內湖路一段９１巷４號１樓","district":"內湖區","city":"臺北市","result":"檢驗","types":"新北抽驗(販售端)","grade":""}},{"type":"Feature","geometry":{"type":"Point","coordinates":[121.505525,25.046071]},"properties":{"name":"全家便利商店股份有限公司","address":"台北市萬華區漢口街二段６７之２號１樓","district":"萬華區","city":"臺北市","result":"檢驗","types":"新北抽驗(販售端)","grade":""}},{"type":"Feature","geometry":{"type":"Point","coordinates":[121.520986,25.09625]},"properties":{"name":"全家便利商店股份有限公司","address":"台北市士林區文昌路９５號地下三層","district":"士林區","city":"臺北市","result":"檢驗","types":"新北抽驗(販售端)","grade":""}},{"type":"Feature","geometry":{"type":"Point","coordinates":[121.576036,25.075482]},"properties":{"name":"全家便利商店股份有限公司","address":"台北市內湖區瑞光路２２０號","district":"內湖區","city":"臺北市","result":"檢驗","types":"新北抽驗(販售端)","grade":""}},{"type":"Feature","geometry":{"type":"Point","coordinates":[121.519132,25.053082]},"properties":{"name":"全家便利商店股份有限公司","address":"台北市大同區南京西路６１號１樓","district":"大同區","city":"臺北市","result":"檢驗","types":"新北抽驗(販售端)","grade":""}},{"type":"Feature","geometry":{"type":"Point","coordinates":[121.551481,25.048077]},"properties":{"name":"全家便利商店股份有限公司","address":"台北市松山區八德路三段３０號壹樓（如附圖）","district":"松山區","city":"臺北市","result":"檢驗","types":"新北抽驗(販售端)","grade":""}},{"type":"Feature","geometry":{"type":"Point","coordinates":[121.533354,25.053576]},"properties":{"name":"全家便利商店股份有限公司","address":"台北市中山區松江路１２７之１號１樓及地下室","district":"中山區","city":"臺北市","result":"檢驗","types":"新北抽驗(販售端)","grade":""}},{"type":"Feature","geometry":{"type":"Point","coordinates":[121.516418,25.046227]},"properties":{"name":"全家便利商店股份有限公司","address":"台北市中正區忠孝西路一段３８號１樓（部份）","district":"中正區","city":"臺北市","result":"檢驗","types":"新北抽驗(販售端)","grade":""}},{"type":"Feature","geometry":{"type":"Point","coordinates":[121.573983,25.072755]},"properties":{"name":"全家便利商店股份有限公司","address":"台北市內湖區舊宗路二段２０７號１樓（部份）","district":"內湖區","city":"臺北市","result":"檢驗","types":"新北抽驗(販售端)","grade":""}},{"type":"Feature","geometry":{"type":"Point","coordinates":[121.531881,25.016082]},"properties":{"name":"全家便利商店股份有限公司","address":"台北市中正區羅斯福路２段６２號１樓","district":"中正區","city":"臺北市","result":"檢驗","types":"新北抽驗(販售端)","grade":""}},{"type":"Feature","geometry":{"type":"Point","coordinates":[121.551021,25.038537]},"properties":{"name":"全家便利商店股份有限公司","address":"台北市大安區安和路一段４９巷１０號","district":"大安區","city":"臺北市","result":"檢驗","types":"新北抽驗(販售端)","grade":""}},{"type":"Feature","geometry":{"type":"Point","coordinates":[121.557454,25.039232]},"properties":{"name":"全家便利商店股份有限公司","address":"台北市大安區光復南路２９２號（範圍如附圖）","district":"大安區","city":"臺北市","result":"檢驗","types":"新北抽驗(販售端)","grade":""}},{"type":"Feature","geometry":{"type":"Point","coordinates":[121.542269,24.98967]},"properties":{"name":"全家便利商店股份有限公司","address":"台北市文山區景興路２８２巷２號壹樓","district":"文山區","city":"臺北市","result":"檢驗","types":"新北抽驗(販售端)","grade":""}},{"type":"Feature","geometry":{"type":"Point","coordinates":[121.593582,25.083356]},"properties":{"name":"全家便利商店股份有限公司","address":"台北市內湖區成功路四段１７８號１樓","district":"內湖區","city":"臺北市","result":"檢驗","types":"新北抽驗(販售端)","grade":""}},{"type":"Feature","geometry":{"type":"Point","coordinates":[121.543742,25.054474]},"properties":{"name":"全家便利商店股份有限公司","address":"台北市中山區長春路４１０號１樓及地下室","district":"中山區","city":"臺北市","result":"檢驗","types":"新北抽驗(販售端)","grade":""}},{"type":"Feature","geometry":{"type":"Point","coordinates":[121.511624,25.044212]},"properties":{"name":"全家便利商店股份有限公司","address":"台北市中正區博愛路６３號１Ｆ＋Ｂ１Ｆ","district":"中正區","city":"臺北市","result":"檢驗","types":"新北抽驗(販售端)","grade":""}},{"type":"Feature","geometry":{"type":"Point","coordinates":[121.526973,25.090086]},"properties":{"name":"全家便利商店股份有限公司","address":"台北市士林區文林路２０５號１樓及地下室","district":"士林區","city":"臺北市","result":"檢驗","types":"新北抽驗(販售端)","grade":""}},{"type":"Feature","geometry":{"type":"Point","coordinates":[121.568126,25.03446]},"properties":{"name":"全家便利商店股份有限公司","address":"台北市信義區松仁路１００號６樓之１","district":"信義區","city":"臺北市","result":"檢驗","types":"新北抽驗(販售端)","grade":""}},{"type":"Feature","geometry":{"type":"Point","coordinates":[121.517055,25.047176]},"properties":{"name":"全家便利商店股份有限公司","address":"台北市中正區北平西路３號Ｂ１東側","district":"中正區","city":"臺北市","result":"檢驗","types":"新北抽驗(販售端)","grade":""}},{"type":"Feature","geometry":{"type":"Point","coordinates":[121.517055,25.047176]},"properties":{"name":"全家便利商店股份有限公司","address":"台北市中正區北平西路３號Ｂ１西側","district":"中正區","city":"臺北市","result":"檢驗","types":"新北抽驗(販售端)","grade":""}},{"type":"Feature","geometry":{"type":"Point","coordinates":[121.548822,25.061242]},"properties":{"name":"全家便利商店股份有限公司","address":"台北市松山區民權東路三段１０４號壹樓及地下室","district":"松山區","city":"臺北市","result":"檢驗","types":"新北抽驗(販售端)","grade":""}},{"type":"Feature","geometry":{"type":"Point","coordinates":[121.501017,25.025619]},"properties":{"name":"全家便利商店股份有限公司","address":"台北市萬華區萬大路６４號１樓","district":"萬華區","city":"臺北市","result":"檢驗","types":"新北抽驗(販售端)","grade":""}},{"type":"Feature","geometry":{"type":"Point","coordinates":[121.532292,25.039724]},"properties":{"name":"全家便利商店股份有限公司","address":"台北市中正區中山南路７號Ｂ１樓","district":"中正區","city":"臺北市","result":"檢驗","types":"新北抽驗(販售端)","grade":""}},{"type":"Feature","geometry":{"type":"Point","coordinates":[121.517055,25.047176]},"properties":{"name":"全家便利商店股份有限公司","address":"台北市中正區北平西路３號Ｂ１","district":"中正區","city":"臺北市","result":"檢驗","types":"新北抽驗(販售端)","grade":""}},{"type":"Feature","geometry":{"type":"Point","coordinates":[121.517055,25.047176]},"properties":{"name":"全家便利商店股份有限公司","address":"台北市中正區北平西路３號（西北站）","district":"中正區","city":"臺北市","result":"檢驗","types":"新北抽驗(販售端)","grade":""}},{"type":"Feature","geometry":{"type":"Point","coordinates":[121.517055,25.047176]},"properties":{"name":"全家便利商店股份有限公司","address":"台北市中正區北平西路３號（西南站）","district":"中正區","city":"臺北市","result":"檢驗","types":"新北抽驗(販售端)","grade":""}},{"type":"Feature","geometry":{"type":"Point","coordinates":[121.53254,25.015434]},"properties":{"name":"全家便利商店股份有限公司","address":"台北市中正區羅斯福路三段８號１＋２樓","district":"中正區","city":"臺北市","result":"檢驗","types":"新北抽驗(販售端)","grade":""}},{"type":"Feature","geometry":{"type":"Point","coordinates":[121.500323,25.033383]},"properties":{"name":"全家便利商店股份有限公司","address":"台北市萬華區康定路３８２號","district":"萬華區","city":"臺北市","result":"檢驗","types":"新北抽驗(販售端)","grade":""}},{"type":"Feature","geometry":{"type":"Point","coordinates":[121.523042,25.025887]},"properties":{"name":"全家便利商店股份有限公司","address":"台北市中正區羅斯福路二段１４０號１樓","district":"中正區","city":"臺北市","result":"檢驗","types":"新北抽驗(販售端)","grade":""}},{"type":"Feature","geometry":{"type":"Point","coordinates":[121.517572,25.060124]},"properties":{"name":"濟生股份有限公司","address":"台北市大同區安西街116號","district":"大同區","city":"臺北市","result":"檢驗","types":"新北抽驗(製造端)","grade":""}},{"type":"Feature","geometry":{"type":"Point","coordinates":[121.568146,25.079247]},"properties":{"name":"光泉牧場股份有限公司","address":"台北市內湖區瑞光路502號4樓","district":"內湖區","city":"臺北市","result":"檢驗","types":"新北抽驗(製造端)","grade":""}},{"type":"Feature","geometry":{"type":"Point","coordinates":[121.50905,25.062361]},"properties":{"name":"台農醬園","address":"台北市大同區迪化街1段210號1樓","district":"大同區","city":"臺北市","result":"檢驗","types":"新北抽驗(製造端)","grade":""}},{"type":"Feature","geometry":{"type":"Point","coordinates":[121.577105,25.071704]},"properties":{"name":"麗嬰房股份有限公司","address":"台北市內湖區陽光街321巷60號","district":"內湖區","city":"臺北市","result":"檢驗","types":"新北抽驗(製造端)","grade":""}},{"type":"Feature","geometry":{"type":"Point","coordinates":[121.61258,25.053227]},"properties":{"name":"麗嬰房股份有限公司","address":"台北市大安區忠孝東路4段45號5F","district":"大安區","city":"臺北市","result":"檢驗","types":"新北抽驗(製造端)","grade":""}},{"type":"Feature","geometry":{"type":"Point","coordinates":[121.566797,25.038814]},"properties":{"name":"麗嬰房股份有限公司","address":"台北市信義區松高路12號4F","district":"信義區","city":"臺北市","result":"檢驗","types":"新北抽驗(製造端)","grade":""}},{"type":"Feature","geometry":{"type":"Point","coordinates":[121.521418,25.051211]},"properties":{"name":"麗嬰房股份有限公司","address":"台北市中山區南京西路12號6樓","district":"中山區","city":"臺北市","result":"檢驗","types":"新北抽驗(製造端)","grade":""}},{"type":"Feature","geometry":{"type":"Point","coordinates":[121.518991,25.046234]},"properties":{"name":"麗嬰房股份有限公司","address":"台北市中正區忠孝西路1段66號8樓","district":"中正區","city":"臺北市","result":"檢驗","types":"新北抽驗(製造端)","grade":""}},{"type":"Feature","geometry":{"type":"Point","coordinates":[121.531526,25.048844]},"properties":{"name":"大楠有限公司","address":"台北市中山區長安東路1段43巷4號1樓","district":"中山區","city":"臺北市","result":"檢驗","types":"新北抽驗(製造端)","grade":""}},{"type":"Feature","geometry":{"type":"Point","coordinates":[121.533847,25.051567]},"properties":{"name":"欣臨企業股份有限公司","address":"台北市中山區南京東路3段70號4樓","district":"中山區","city":"臺北市","result":"檢驗","types":"新北抽驗(製造端)","grade":""}},{"type":"Feature","geometry":{"type":"Point","coordinates":[121.556463,25.052104]},"properties":{"name":"脫普聚益股份有限公司","address":"台北市松山區南京東路3段275號5樓","district":"松山區","city":"臺北市","result":"檢驗","types":"新北抽驗(製造端)","grade":""}},{"type":"Feature","geometry":{"type":"Point","coordinates":[121.531229,25.028851]},"properties":{"name":"脫普聚益股份有限公司","address":"台北市大安區永康街75巷20號2樓","district":"大安區","city":"臺北市","result":"檢驗","types":"新北抽驗(製造端)","grade":""}},{"type":"Feature","geometry":{"type":"Point","coordinates":[121.50339,25.0363]},"properties":{"name":"長春雜糧股份有限公司","address":"台北市萬華區昆明街306號3樓","district":"萬華區","city":"臺北市","result":"檢驗","types":"新北抽驗(製造端)","grade":""}},{"type":"Feature","geometry":{"type":"Point","coordinates":[121.537338,25.067924]},"properties":{"name":"臺北農產運銷股份有限公司","address":"台北市中山區民族東路336號","district":"中山區","city":"臺北市","result":"檢驗","types":"新北抽驗(製造端)","grade":""}},{"type":"Feature","geometry":{"type":"Point","coordinates":[121.537338,25.067924]},"properties":{"name":"臺北農產運銷股份有限公司","address":"台北市中山區民族東路336號1樓","district":"中山區","city":"臺北市","result":"檢驗","types":"新北抽驗(製造端)","grade":""}},{"type":"Feature","geometry":{"type":"Point","coordinates":[121.49713,25.0185]},"properties":{"name":"臺北農產運銷股份有限公司","address":"台北市萬華區萬大路533號","district":"萬華區","city":"臺北市","result":"檢驗","types":"新北抽驗(製造端)","grade":""}},{"type":"Feature","geometry":{"type":"Point","coordinates":[121.572847,25.041148]},"properties":{"name":"遠百企業股份有限公司","address":"台北市信義區忠孝東路五段297號B3","district":"信義區","city":"臺北市","result":"檢驗","types":"新北抽驗(製造端)","grade":""}},{"type":"Feature","geometry":{"type":"Point","coordinates":[121.542298,24.99219]},"properties":{"name":"遠百企業股份有限公司","address":"台北市文山區景中街30巷12號","district":"文山區","city":"臺北市","result":"檢驗","types":"新北抽驗(製造端)","grade":""}},{"type":"Feature","geometry":{"type":"Point","coordinates":[121.523014,25.058882]},"properties":{"name":"味王股份有限公司","address":"台北市中山區聚盛里中山北路二段79號5樓","district":"中山區","city":"臺北市","result":"檢驗","types":"新北抽驗(製造端)","grade":""}},{"type":"Feature","geometry":{"type":"Point","coordinates":[121.50905,25.062361]},"properties":{"name":"利隆貿易有限公司","address":"台北市大同區迪化街1段46巷18弄6號","district":"大同區","city":"臺北市","result":"檢驗","types":"新北抽驗(製造端)","grade":""}},{"type":"Feature","geometry":{"type":"Point","coordinates":[121.580671,25.043915]},"properties":{"name":"新和興海洋企業股份有限公司","address":"台北市信義區忠孝東路4段560號9樓","district":"信義區","city":"臺北市","result":"未檢驗","types":"新北抽驗(製造端)","grade":""}},{"type":"Feature","geometry":{"type":"Point","coordinates":[121.500921,25.128661]},"properties":{"name":"台灣森永製菓股份有限公司","address":"台北市北投區中央南路2段22號","district":"北投區","city":"臺北市","result":"未檢驗","types":"新北抽驗(製造端)","grade":""}},{"type":"Feature","geometry":{"type":"Point","coordinates":[121.500339,25.125031]},"properties":{"name":"台灣森永製菓股份有限公司","address":"台北市北投區八仙里中央南路二段二十二號","district":"北投區","city":"臺北市","result":"未檢驗","types":"新北抽驗(製造端)","grade":""}},{"type":"Feature","geometry":{"type":"Point","coordinates":[121.509675,25.057659]},"properties":{"name":"聯華食品工業股份有限公司","address":"台北市大同區迪化街一段148號","district":"大同區","city":"臺北市","result":"未檢驗","types":"新北抽驗(製造端)","grade":""}},{"type":"Feature","geometry":{"type":"Point","coordinates":[121.511514,25.056517]},"properties":{"name":"聯華食品工業股份有限公司","address":"台北市大同區延平北路二段96號10樓","district":"大同區","city":"臺北市","result":"未檢驗","types":"新北抽驗(製造端)","grade":""}},{"type":"Feature","geometry":{"type":"Point","coordinates":[121.472481,25.126652]},"properties":{"name":"旺陞貿易有限公司","address":"台北市北投區立德路120巷19號1樓","district":"北投區","city":"臺北市","result":"檢驗","types":"新北抽驗(製造端)","grade":""}},{"type":"Feature","geometry":{"type":"Point","coordinates":[121.534776,25.109853]},"properties":{"name":"統一超商股份有限公司","address":"台北市士林區德行東路106號108號1樓","district":"士林區","city":"臺北市","result":"檢驗","types":"新北抽驗(製造端)、新北抽驗(販售端)","grade":""}},{"type":"Feature","geometry":{"type":"Point","coordinates":[121.508172,25.086146]},"properties":{"name":"統一超商股份有限公司","address":"台北市士林區中正路639號1樓","district":"士林區","city":"臺北市","result":"檢驗","types":"新北抽驗(製造端)、新北抽驗(販售端)","grade":""}},{"type":"Feature","geometry":{"type":"Point","coordinates":[121.524385,25.108747]},"properties":{"name":"統一超商股份有限公司","address":"台北市士林區克強路11及11-1號1樓","district":"士林區","city":"臺北市","result":"檢驗","types":"新北抽驗(製造端)、新北抽驗(販售端)","grade":""}},{"type":"Feature","geometry":{"type":"Point","coordinates":[121.532773,25.123852]},"properties":{"name":"統一超商股份有限公司","address":"台北市士林區中山北路七段156號1樓","district":"士林區","city":"臺北市","result":"檢驗","types":"新北抽驗(製造端)、新北抽驗(販售端)","grade":""}},{"type":"Feature","geometry":{"type":"Point","coordinates":[121.522897,25.081183]},"properties":{"name":"統一超商股份有限公司","address":"台北市士林區承德路四段39號","district":"士林區","city":"臺北市","result":"檢驗","types":"新北抽驗(製造端)、新北抽驗(販售端)","grade":""}},{"type":"Feature","geometry":{"type":"Point","coordinates":[121.525987,25.107483]},"properties":{"name":"統一超商股份有限公司","address":"台北市士林區中山北路六段18號20號1樓","district":"士林區","city":"臺北市","result":"檢驗","types":"新北抽驗(製造端)、新北抽驗(販售端)","grade":""}},{"type":"Feature","geometry":{"type":"Point","coordinates":[121.53019,25.120607]},"properties":{"name":"統一超商股份有限公司","address":"台北市士林區中山北路七段14巷2-1號","district":"士林區","city":"臺北市","result":"檢驗","types":"新北抽驗(製造端)、新北抽驗(販售端)","grade":""}},{"type":"Feature","geometry":{"type":"Point","coordinates":[121.508408,25.091015]},"properties":{"name":"統一超商股份有限公司","address":"台北市士林區社中街211號1樓","district":"士林區","city":"臺北市","result":"檢驗","types":"新北抽驗(製造端)、新北抽驗(販售端)","grade":""}},{"type":"Feature","geometry":{"type":"Point","coordinates":[121.532809,25.107675]},"properties":{"name":"統一超商股份有限公司","address":"台北市士林區忠義街121號","district":"士林區","city":"臺北市","result":"檢驗","types":"新北抽驗(製造端)、新北抽驗(販售端)","grade":""}},{"type":"Feature","geometry":{"type":"Point","coordinates":[121.510488,25.08205]},"properties":{"name":"統一超商股份有限公司","address":"台北市士林區延平北路五段134號","district":"士林區","city":"臺北市","result":"檢驗","types":"新北抽驗(製造端)、新北抽驗(販售端)","grade":""}},{"type":"Feature","geometry":{"type":"Point","coordinates":[121.534697,25.109734]},"properties":{"name":"統一超商股份有限公司","address":"台北市士林區德行東路262號1樓","district":"士林區","city":"臺北市","result":"檢驗","types":"新北抽驗(製造端)、新北抽驗(販售端)","grade":""}},{"type":"Feature","geometry":{"type":"Point","coordinates":[121.54626,25.137891]},"properties":{"name":"統一超商股份有限公司","address":"台北市士林區格致路57號","district":"士林區","city":"臺北市","result":"檢驗","types":"新北抽驗(製造端)、新北抽驗(販售端)","grade":""}},{"type":"Feature","geometry":{"type":"Point","coordinates":[121.541927,25.137788]},"properties":{"name":"統一超商股份有限公司","address":"台北市士林區華岡路45之1號1樓","district":"士林區","city":"臺北市","result":"檢驗","types":"新北抽驗(製造端)、新北抽驗(販售端)","grade":""}},{"type":"Feature","geometry":{"type":"Point","coordinates":[121.52545,25.091615]},"properties":{"name":"統一超商股份有限公司","address":"台北市士林區大東路123號125號1樓","district":"士林區","city":"臺北市","result":"檢驗","types":"新北抽驗(製造端)、新北抽驗(販售端)","grade":""}},{"type":"Feature","geometry":{"type":"Point","coordinates":[121.529412,25.101686]},"properties":{"name":"統一超商股份有限公司","address":"台北市士林區至誠路二段31號","district":"士林區","city":"臺北市","result":"檢驗","types":"新北抽驗(製造端)、新北抽驗(販售端)","grade":""}},{"type":"Feature","geometry":{"type":"Point","coordinates":[121.526076,25.09552]},"properties":{"name":"統一超商股份有限公司","address":"台北市士林區中正路220號222號","district":"士林區","city":"臺北市","result":"檢驗","types":"新北抽驗(製造端)、新北抽驗(販售端)","grade":""}},{"type":"Feature","geometry":{"type":"Point","coordinates":[121.552868,25.118851]},"properties":{"name":"統一超商股份有限公司","address":"台北市士林區仰德大道三段68號70號","district":"士林區","city":"臺北市","result":"檢驗","types":"新北抽驗(製造端)、新北抽驗(販售端)","grade":""}},{"type":"Feature","geometry":{"type":"Point","coordinates":[121.522181,25.100857]},"properties":{"name":"統一超商股份有限公司","address":"台北市士林區文林路669號1樓","district":"士林區","city":"臺北市","result":"檢驗","types":"新北抽驗(製造端)、新北抽驗(販售端)","grade":""}},{"type":"Feature","geometry":{"type":"Point","coordinates":[121.522673,25.084162]},"properties":{"name":"統一超商股份有限公司","address":"台北市士林區劍潭路21號1樓","district":"士林區","city":"臺北市","result":"檢驗","types":"新北抽驗(製造端)、新北抽驗(販售端)","grade":""}},{"type":"Feature","geometry":{"type":"Point","coordinates":[121.541656,25.137254]},"properties":{"name":"統一超商股份有限公司","address":"台北市士林區光華路26巷10號1樓","district":"士林區","city":"臺北市","result":"檢驗","types":"新北抽驗(製造端)、新北抽驗(販售端)","grade":""}},{"type":"Feature","geometry":{"type":"Point","coordinates":[121.50776,25.089262]},"properties":{"name":"統一超商股份有限公司","address":"台北市士林區延平北路六段122號124號1樓","district":"士林區","city":"臺北市","result":"檢驗","types":"新北抽驗(製造端)、新北抽驗(販售端)","grade":""}},{"type":"Feature","geometry":{"type":"Point","coordinates":[121.530285,25.114608]},"properties":{"name":"統一超商股份有限公司","address":"台北市士林區天母東路88之1號1樓","district":"士林區","city":"臺北市","result":"檢驗","types":"新北抽驗(製造端)、新北抽驗(販售端)","grade":""}},{"type":"Feature","geometry":{"type":"Point","coordinates":[121.509574,25.085267]},"properties":{"name":"統一超商股份有限公司","address":"台北市士林區延平北路五段269號271號1樓","district":"士林區","city":"臺北市","result":"檢驗","types":"新北抽驗(製造端)、新北抽驗(販售端)","grade":""}},{"type":"Feature","geometry":{"type":"Point","coordinates":[121.517468,25.084276]},"properties":{"name":"統一超商股份有限公司","address":"台北市士林區福港街246號248號","district":"士林區","city":"臺北市","result":"檢驗","types":"新北抽驗(製造端)、新北抽驗(販售端)","grade":""}},{"type":"Feature","geometry":{"type":"Point","coordinates":[121.522535,25.094714]},"properties":{"name":"統一超商股份有限公司","address":"台北市士林區中正路324號","district":"士林區","city":"臺北市","result":"檢驗","types":"新北抽驗(製造端)、新北抽驗(販售端)","grade":""}},{"type":"Feature","geometry":{"type":"Point","coordinates":[121.521231,25.104109]},"properties":{"name":"統一超商股份有限公司","address":"台北市士林區德行西路96號","district":"士林區","city":"臺北市","result":"檢驗","types":"新北抽驗(製造端)、新北抽驗(販售端)","grade":""}},{"type":"Feature","geometry":{"type":"Point","coordinates":[121.532331,25.118874]},"properties":{"name":"統一超商股份有限公司","address":"台北市士林區中山北路七段14巷19號Ｂ1","district":"士林區","city":"臺北市","result":"檢驗","types":"新北抽驗(製造端)、新北抽驗(販售端)","grade":""}},{"type":"Feature","geometry":{"type":"Point","coordinates":[121.531191,25.097529]},"properties":{"name":"統一超商股份有限公司","address":"台北市士林區雨農路25號","district":"士林區","city":"臺北市","result":"檢驗","types":"新北抽驗(製造端)、新北抽驗(販售端)","grade":""}},{"type":"Feature","geometry":{"type":"Point","coordinates":[121.522914,25.102716]},"properties":{"name":"統一超商股份有限公司","address":"台北市士林區福華路126號1樓","district":"士林區","city":"臺北市","result":"檢驗","types":"新北抽驗(製造端)、新北抽驗(販售端)","grade":""}},{"type":"Feature","geometry":{"type":"Point","coordinates":[121.533206,25.116783]},"properties":{"name":"統一超商股份有限公司","address":"台北市士林區天母東路50巷25號","district":"士林區","city":"臺北市","result":"檢驗","types":"新北抽驗(製造端)、新北抽驗(販售端)","grade":""}},{"type":"Feature","geometry":{"type":"Point","coordinates":[121.52137,25.096124]},"properties":{"name":"統一超商股份有限公司","address":"台北市士林區文昌路64號","district":"士林區","city":"臺北市","result":"檢驗","types":"新北抽驗(製造端)、新北抽驗(販售端)","grade":""}},{"type":"Feature","geometry":{"type":"Point","coordinates":[121.53753,25.112359]},"properties":{"name":"統一超商股份有限公司","address":"台北市士林區士東路266巷5弄18號20號1樓","district":"士林區","city":"臺北市","result":"檢驗","types":"新北抽驗(製造端)、新北抽驗(販售端)","grade":""}},{"type":"Feature","geometry":{"type":"Point","coordinates":[121.522299,25.102118]},"properties":{"name":"統一超商股份有限公司","address":"台北市士林區福國路94號","district":"士林區","city":"臺北市","result":"檢驗","types":"新北抽驗(製造端)、新北抽驗(販售端)","grade":""}},{"type":"Feature","geometry":{"type":"Point","coordinates":[121.511871,25.083212]},"properties":{"name":"統一超商股份有限公司","address":"台北市士林區重慶北路四段149號151號1樓","district":"士林區","city":"臺北市","result":"檢驗","types":"新北抽驗(製造端)、新北抽驗(販售端)","grade":""}},{"type":"Feature","geometry":{"type":"Point","coordinates":[121.498257,25.093134]},"properties":{"name":"統一超商股份有限公司","address":"台北市士林區延平北路六段505號","district":"士林區","city":"臺北市","result":"檢驗","types":"新北抽驗(製造端)、新北抽驗(販售端)","grade":""}},{"type":"Feature","geometry":{"type":"Point","coordinates":[121.509478,25.055731]},"properties":{"name":"統一超商股份有限公司","address":"台北市大同區迪化街一段13號全棟","district":"大同區","city":"臺北市","result":"檢驗","types":"新北抽驗(製造端)、新北抽驗(販售端)","grade":""}},{"type":"Feature","geometry":{"type":"Point","coordinates":[121.516313,25.063143]},"properties":{"name":"統一超商股份有限公司","address":"台北市大同區民權西路157之1號1樓","district":"大同區","city":"臺北市","result":"檢驗","types":"新北抽驗(製造端)、新北抽驗(販售端)","grade":""}},{"type":"Feature","geometry":{"type":"Point","coordinates":[121.511979,25.051777]},"properties":{"name":"統一超商股份有限公司","address":"台北市大同區延平北路一段89號91號93號1樓","district":"大同區","city":"臺北市","result":"檢驗","types":"新北抽驗(製造端)、新北抽驗(販售端)","grade":""}},{"type":"Feature","geometry":{"type":"Point","coordinates":[121.514964,25.056902]},"properties":{"name":"統一超商股份有限公司","address":"台北市大同區民生西路214號216號1樓","district":"大同區","city":"臺北市","result":"檢驗","types":"新北抽驗(製造端)、新北抽驗(販售端)","grade":""}},{"type":"Feature","geometry":{"type":"Point","coordinates":[121.513792,25.065705]},"properties":{"name":"統一超商股份有限公司","address":"台北市大同區重慶北路三段258、260、262號1樓","district":"大同區","city":"臺北市","result":"檢驗","types":"新北抽驗(製造端)、新北抽驗(販售端)","grade":""}},{"type":"Feature","geometry":{"type":"Point","coordinates":[121.51813,25.065386]},"properties":{"name":"統一超商股份有限公司","address":"台北市大同區承德路三段60號60-1號","district":"大同區","city":"臺北市","result":"檢驗","types":"新北抽驗(製造端)、新北抽驗(販售端)","grade":""}},{"type":"Feature","geometry":{"type":"Point","coordinates":[121.50881,25.053281]},"properties":{"name":"統一超商股份有限公司","address":"台北市大同區南京西路436號1F","district":"大同區","city":"臺北市","result":"檢驗","types":"新北抽驗(製造端)、新北抽驗(販售端)","grade":""}},{"type":"Feature","geometry":{"type":"Point","coordinates":[121.511602,25.072589]},"properties":{"name":"統一超商股份有限公司","address":"台北市大同區延平北路四段16號18號1樓","district":"大同區","city":"臺北市","result":"檢驗","types":"新北抽驗(製造端)、新北抽驗(販售端)","grade":""}},{"type":"Feature","geometry":{"type":"Point","coordinates":[121.511471,25.073055]},"properties":{"name":"統一超商股份有限公司","address":"台北市大同區延平北路四段157號159號","district":"大同區","city":"臺北市","result":"檢驗","types":"新北抽驗(製造端)、新北抽驗(販售端)","grade":""}},{"type":"Feature","geometry":{"type":"Point","coordinates":[121.51382,25.05579]},"properties":{"name":"統一超商股份有限公司","address":"台北市大同區重慶北路二段60號","district":"大同區","city":"臺北市","result":"檢驗","types":"新北抽驗(製造端)、新北抽驗(販售端)","grade":""}},{"type":"Feature","geometry":{"type":"Point","coordinates":[121.51754,25.057138]},"properties":{"name":"統一超商股份有限公司","address":"台北市大同區民生西路176號","district":"大同區","city":"臺北市","result":"檢驗","types":"新北抽驗(製造端)、新北抽驗(販售端)","grade":""}},{"type":"Feature","geometry":{"type":"Point","coordinates":[121.514663,25.054302]},"properties":{"name":"統一超商股份有限公司","address":"台北市大同區南京西路127號","district":"大同區","city":"臺北市","result":"檢驗","types":"新北抽驗(製造端)、新北抽驗(販售端)","grade":""}},{"type":"Feature","geometry":{"type":"Point","coordinates":[121.51855,25.065249]},"properties":{"name":"統一超商股份有限公司","address":"台北市大同區承德路三段55號57號1樓","district":"大同區","city":"臺北市","result":"檢驗","types":"新北抽驗(製造端)、新北抽驗(販售端)","grade":""}},{"type":"Feature","geometry":{"type":"Point","coordinates":[121.515695,25.071898]},"properties":{"name":"統一超商股份有限公司","address":"台北市大同區酒泉街58號60號","district":"大同區","city":"臺北市","result":"檢驗","types":"新北抽驗(製造端)、新北抽驗(販售端)","grade":""}},{"type":"Feature","geometry":{"type":"Point","coordinates":[121.511029,25.065827]},"properties":{"name":"統一超商股份有限公司","address":"台北市大同區延平北路三段61-5號","district":"大同區","city":"臺北市","result":"檢驗","types":"新北抽驗(製造端)、新北抽驗(販售端)","grade":""}},{"type":"Feature","geometry":{"type":"Point","coordinates":[121.512477,25.068526]},"properties":{"name":"統一超商股份有限公司","address":"台北市大同區民族西路246號248號1樓","district":"大同區","city":"臺北市","result":"檢驗","types":"新北抽驗(製造端)、新北抽驗(販售端)","grade":""}},{"type":"Feature","geometry":{"type":"Point","coordinates":[121.51529,25.057892]},"properties":{"name":"統一超商股份有限公司","address":"台北市大同區寧夏路131-1號","district":"大同區","city":"臺北市","result":"檢驗","types":"新北抽驗(製造端)、新北抽驗(販售端)","grade":""}},{"type":"Feature","geometry":{"type":"Point","coordinates":[121.518002,25.050774]},"properties":{"name":"統一超商股份有限公司","address":"台北市大同區長安西路45之2號47號1樓","district":"大同區","city":"臺北市","result":"檢驗","types":"新北抽驗(製造端)、新北抽驗(販售端)","grade":""}},{"type":"Feature","geometry":{"type":"Point","coordinates":[121.511593,25.058262]},"properties":{"name":"統一超商股份有限公司","address":"台北市大同區延平北路二段159號161號","district":"大同區","city":"臺北市","result":"檢驗","types":"新北抽驗(製造端)、新北抽驗(販售端)","grade":""}},{"type":"Feature","geometry":{"type":"Point","coordinates":[121.513737,25.053901]},"properties":{"name":"統一超商股份有限公司","address":"台北市大同區南京西路296號298號1樓","district":"大同區","city":"臺北市","result":"檢驗","types":"新北抽驗(製造端)、新北抽驗(販售端)","grade":""}},{"type":"Feature","geometry":{"type":"Point","coordinates":[121.516055,25.050607]},"properties":{"name":"統一超商股份有限公司","address":"台北市大同區承德路一段22號","district":"大同區","city":"臺北市","result":"檢驗","types":"新北抽驗(製造端)、新北抽驗(販售端)","grade":""}},{"type":"Feature","geometry":{"type":"Point","coordinates":[121.513894,25.065656]},"properties":{"name":"統一超商股份有限公司","address":"台北市大同區重慶北路三段47號49號1樓","district":"大同區","city":"臺北市","result":"檢驗","types":"新北抽驗(製造端)、新北抽驗(販售端)","grade":""}},{"type":"Feature","geometry":{"type":"Point","coordinates":[121.515188,25.058503]},"properties":{"name":"統一超商股份有限公司","address":"台北市大同區寧夏路71號73號","district":"大同區","city":"臺北市","result":"檢驗","types":"新北抽驗(製造端)、新北抽驗(販售端)","grade":""}},{"type":"Feature","geometry":{"type":"Point","coordinates":[121.51117,25.05703]},"properties":{"name":"統一超商股份有限公司","address":"台北市大同區民生西路343號345號","district":"大同區","city":"臺北市","result":"檢驗","types":"新北抽驗(製造端)、新北抽驗(販售端)","grade":""}},{"type":"Feature","geometry":{"type":"Point","coordinates":[121.513792,25.065705]},"properties":{"name":"統一超商股份有限公司","address":"台北市大同區重慶北路三段309、311號1樓","district":"大同區","city":"臺北市","result":"檢驗","types":"新北抽驗(製造端)、新北抽驗(販售端)","grade":""}},{"type":"Feature","geometry":{"type":"Point","coordinates":[121.518574,25.072561]},"properties":{"name":"統一超商股份有限公司","address":"台北市大同區承德路三段240號242號1樓","district":"大同區","city":"臺北市","result":"檢驗","types":"新北抽驗(製造端)、新北抽驗(販售端)","grade":""}},{"type":"Feature","geometry":{"type":"Point","coordinates":[121.519352,25.0707]},"properties":{"name":"統一超商股份有限公司","address":"台北市大同區酒泉街25號27號1樓","district":"大同區","city":"臺北市","result":"檢驗","types":"新北抽驗(製造端)、新北抽驗(販售端)","grade":""}},{"type":"Feature","geometry":{"type":"Point","coordinates":[121.519259,25.057606]},"properties":{"name":"統一超商股份有限公司","address":"台北市大同區民生西路95號97號","district":"大同區","city":"臺北市","result":"檢驗","types":"新北抽驗(製造端)、新北抽驗(販售端)","grade":""}},{"type":"Feature","geometry":{"type":"Point","coordinates":[121.508885,25.050693]},"properties":{"name":"統一超商股份有限公司","address":"台北市大同區鄭州路145號B1","district":"大同區","city":"臺北市","result":"檢驗","types":"新北抽驗(製造端)、新北抽驗(販售端)","grade":""}},{"type":"Feature","geometry":{"type":"Point","coordinates":[121.553005,25.039971]},"properties":{"name":"統一超商股份有限公司","address":"台北市大安區忠孝東路四段216巷27弄1號1樓","district":"大安區","city":"臺北市","result":"檢驗","types":"新北抽驗(製造端)、新北抽驗(販售端)","grade":""}},{"type":"Feature","geometry":{"type":"Point","coordinates":[121.541423,25.022072]},"properties":{"name":"統一超商股份有限公司","address":"台北市大安區和平東路二段118巷33號","district":"大安區","city":"臺北市","result":"檢驗","types":"新北抽驗(製造端)、新北抽驗(販售端)","grade":""}},{"type":"Feature","geometry":{"type":"Point","coordinates":[121.550764,25.04039]},"properties":{"name":"統一超商股份有限公司","address":"台北市大安區敦化南路一段233巷25號","district":"大安區","city":"臺北市","result":"檢驗","types":"新北抽驗(製造端)、新北抽驗(販售端)","grade":""}},{"type":"Feature","geometry":{"type":"Point","coordinates":[121.550658,25.038011]},"properties":{"name":"統一超商股份有限公司","address":"台北市大安區仁愛路四段79號1號","district":"大安區","city":"臺北市","result":"檢驗","types":"新北抽驗(製造端)、新北抽驗(販售端)","grade":""}},{"type":"Feature","geometry":{"type":"Point","coordinates":[121.542241,25.021632]},"properties":{"name":"統一超商股份有限公司","address":"台北市大安區復興南路二段203號","district":"大安區","city":"臺北市","result":"檢驗","types":"新北抽驗(製造端)、新北抽驗(販售端)","grade":""}},{"type":"Feature","geometry":{"type":"Point","coordinates":[121.53734,25.03639]},"properties":{"name":"統一超商股份有限公司","address":"台北市大安區建國南路一段274號","district":"大安區","city":"臺北市","result":"檢驗","types":"新北抽驗(製造端)、新北抽驗(販售端)","grade":""}},{"type":"Feature","geometry":{"type":"Point","coordinates":[121.538532,25.025734]},"properties":{"name":"統一超商股份有限公司","address":"台北市大安區和平東路二段63號1樓","district":"大安區","city":"臺北市","result":"檢驗","types":"新北抽驗(製造端)、新北抽驗(販售端)","grade":""}},{"type":"Feature","geometry":{"type":"Point","coordinates":[121.554163,25.031536]},"properties":{"name":"統一超商股份有限公司","address":"台北市大安區通化街26之8號","district":"大安區","city":"臺北市","result":"檢驗","types":"新北抽驗(製造端)、新北抽驗(販售端)","grade":""}},{"type":"Feature","geometry":{"type":"Point","coordinates":[121.551921,25.025711]},"properties":{"name":"統一超商股份有限公司","address":"台北市大安區樂利路76號78號1樓","district":"大安區","city":"臺北市","result":"檢驗","types":"新北抽驗(製造端)、新北抽驗(販售端)","grade":""}},{"type":"Feature","geometry":{"type":"Point","coordinates":[121.545022,25.040716]},"properties":{"name":"統一超商股份有限公司","address":"台北市大安區仁愛路四段27巷1號","district":"大安區","city":"臺北市","result":"檢驗","types":"新北抽驗(製造端)、新北抽驗(販售端)","grade":""}},{"type":"Feature","geometry":{"type":"Point","coordinates":[121.545894,25.034413]},"properties":{"name":"統一超商股份有限公司","address":"台北市大安區大安路一段218號","district":"大安區","city":"臺北市","result":"檢驗","types":"新北抽驗(製造端)、新北抽驗(販售端)","grade":""}},{"type":"Feature","geometry":{"type":"Point","coordinates":[121.541549,25.041846]},"properties":{"name":"統一超商股份有限公司","address":"台北市大安區忠孝東路三段249號","district":"大安區","city":"臺北市","result":"檢驗","types":"新北抽驗(製造端)、新北抽驗(販售端)","grade":""}},{"type":"Feature","geometry":{"type":"Point","coordinates":[121.54814,25.042103]},"properties":{"name":"統一超商股份有限公司","address":"台北市大安區忠孝東路四段101巷7號","district":"大安區","city":"臺北市","result":"檢驗","types":"新北抽驗(製造端)、新北抽驗(販售端)","grade":""}},{"type":"Feature","geometry":{"type":"Point","coordinates":[121.552887,25.042214]},"properties":{"name":"統一超商股份有限公司","address":"台北市大安區忠孝東路四段223巷9號1樓","district":"大安區","city":"臺北市","result":"檢驗","types":"新北抽驗(製造端)、新北抽驗(販售端)","grade":""}},{"type":"Feature","geometry":{"type":"Point","coordinates":[121.552344,25.034782]},"properties":{"name":"統一超商股份有限公司","address":"台北市大安區安和路一段86號","district":"大安區","city":"臺北市","result":"檢驗","types":"新北抽驗(製造端)、新北抽驗(販售端)","grade":""}},{"type":"Feature","geometry":{"type":"Point","coordinates":[121.538692,25.0337]},"properties":{"name":"統一超商股份有限公司","address":"台北市大安區信義路三段99號1樓","district":"大安區","city":"臺北市","result":"檢驗","types":"新北抽驗(製造端)、新北抽驗(販售端)","grade":""}},{"type":"Feature","geometry":{"type":"Point","coordinates":[121.534621,25.033765]},"properties":{"name":"統一超商股份有限公司","address":"台北市大安區信義路三段33號","district":"大安區","city":"臺北市","result":"檢驗","types":"新北抽驗(製造端)、新北抽驗(販售端)","grade":""}},{"type":"Feature","geometry":{"type":"Point","coordinates":[121.533674,25.025985]},"properties":{"name":"統一超商股份有限公司","address":"台北市大安區和平東路一段266號","district":"大安區","city":"臺北市","result":"檢驗","types":"新北抽驗(製造端)、新北抽驗(販售端)","grade":""}},{"type":"Feature","geometry":{"type":"Point","coordinates":[121.536074,25.035243]},"properties":{"name":"統一超商股份有限公司","address":"台北市大安區建國南路一段28號30號","district":"大安區","city":"臺北市","result":"檢驗","types":"新北抽驗(製造端)、新北抽驗(販售端)","grade":""}},{"type":"Feature","geometry":{"type":"Point","coordinates":[121.532314,25.03213]},"properties":{"name":"統一超商股份有限公司","address":"台北市大安區永康街43號","district":"大安區","city":"臺北市","result":"檢驗","types":"新北抽驗(製造端)、新北抽驗(販售端)","grade":""}},{"type":"Feature","geometry":{"type":"Point","coordinates":[121.542772,25.023083]},"properties":{"name":"統一超商股份有限公司","address":"台北市大安區和平東路二段38之1號40號1樓","district":"大安區","city":"臺北市","result":"檢驗","types":"新北抽驗(製造端)、新北抽驗(販售端)","grade":""}},{"type":"Feature","geometry":{"type":"Point","coordinates":[121.546292,25.043478]},"properties":{"name":"統一超商股份有限公司","address":"台北市大安區大安路一段43號","district":"大安區","city":"臺北市","result":"檢驗","types":"新北抽驗(製造端)、新北抽驗(販售端)","grade":""}},{"type":"Feature","geometry":{"type":"Point","coordinates":[121.538263,25.028692]},"properties":{"name":"統一超商股份有限公司","address":"台北市大安區建國南路二段151巷6之8號","district":"大安區","city":"臺北市","result":"檢驗","types":"新北抽驗(製造端)、新北抽驗(販售端)","grade":""}},{"type":"Feature","geometry":{"type":"Point","coordinates":[121.543364,25.025122]},"properties":{"name":"統一超商股份有限公司","address":"台北市大安區復興南路二段82-1及82-2號","district":"大安區","city":"臺北市","result":"檢驗","types":"新北抽驗(製造端)、新北抽驗(販售端)","grade":""}},{"type":"Feature","geometry":{"type":"Point","coordinates":[121.528553,25.02321]},"properties":{"name":"統一超商股份有限公司","address":"台北市大安區師大路87號","district":"大安區","city":"臺北市","result":"檢驗","types":"新北抽驗(製造端)、新北抽驗(販售端)","grade":""}},{"type":"Feature","geometry":{"type":"Point","coordinates":[121.545104,25.017562]},"properties":{"name":"統一超商股份有限公司","address":"台北市大安區基隆路三段85號","district":"大安區","city":"臺北市","result":"檢驗","types":"新北抽驗(製造端)、新北抽驗(販售端)","grade":""}},{"type":"Feature","geometry":{"type":"Point","coordinates":[121.548288,25.02094]},"properties":{"name":"統一超商股份有限公司","address":"台北市大安區敦化南路二段238號","district":"大安區","city":"臺北市","result":"檢驗","types":"新北抽驗(製造端)、新北抽驗(販售端)","grade":""}},{"type":"Feature","geometry":{"type":"Point","coordinates":[121.555411,25.020005]},"properties":{"name":"統一超商股份有限公司","address":"台北市大安區安居街33號","district":"大安區","city":"臺北市","result":"檢驗","types":"新北抽驗(製造端)、新北抽驗(販售端)","grade":""}},{"type":"Feature","geometry":{"type":"Point","coordinates":[121.527431,25.028982]},"properties":{"name":"統一超商股份有限公司","address":"台北市大安區金山南路二段18號1樓","district":"大安區","city":"臺北市","result":"檢驗","types":"新北抽驗(製造端)、新北抽驗(販售端)","grade":""}},{"type":"Feature","geometry":{"type":"Point","coordinates":[121.557165,25.018337]},"properties":{"name":"統一超商股份有限公司","address":"台北市大安區臥龍街252號及252之1號","district":"大安區","city":"臺北市","result":"檢驗","types":"新北抽驗(製造端)、新北抽驗(販售端)","grade":""}},{"type":"Feature","geometry":{"type":"Point","coordinates":[121.545953,25.030797]},"properties":{"name":"統一超商股份有限公司","address":"台北市大安區大安路二段102號","district":"大安區","city":"臺北市","result":"檢驗","types":"新北抽驗(製造端)、新北抽驗(販售端)","grade":""}},{"type":"Feature","geometry":{"type":"Point","coordinates":[121.54976,25.022693]},"properties":{"name":"統一超商股份有限公司","address":"台北市大安區敦化南路二段331巷14號","district":"大安區","city":"臺北市","result":"檢驗","types":"新北抽驗(製造端)、新北抽驗(販售端)","grade":""}},{"type":"Feature","geometry":{"type":"Point","coordinates":[121.557288,25.032251]},"properties":{"name":"統一超商股份有限公司","address":"台北市大安區通化里光復南路616號","district":"大安區","city":"臺北市","result":"檢驗","types":"新北抽驗(製造端)、新北抽驗(販售端)","grade":""}},{"type":"Feature","geometry":{"type":"Point","coordinates":[121.550908,25.021964]},"properties":{"name":"統一超商股份有限公司","address":"台北市大安區樂業街71號73號","district":"大安區","city":"臺北市","result":"檢驗","types":"新北抽驗(製造端)、新北抽驗(販售端)","grade":""}},{"type":"Feature","geometry":{"type":"Point","coordinates":[121.5396,25.042403]},"properties":{"name":"統一超商股份有限公司","address":"台北市大安區忠孝東路三段217巷1弄2號","district":"大安區","city":"臺北市","result":"檢驗","types":"新北抽驗(製造端)、新北抽驗(販售端)","grade":""}},{"type":"Feature","geometry":{"type":"Point","coordinates":[121.540869,25.022027]},"properties":{"name":"統一超商股份有限公司","address":"台北市大安區辛亥路二段171巷8號","district":"大安區","city":"臺北市","result":"檢驗","types":"新北抽驗(製造端)、新北抽驗(販售端)","grade":""}},{"type":"Feature","geometry":{"type":"Point","coordinates":[121.529973,25.019303]},"properties":{"name":"統一超商股份有限公司","address":"台北市大安區羅斯福路三段245號","district":"大安區","city":"臺北市","result":"檢驗","types":"新北抽驗(製造端)、新北抽驗(販售端)","grade":""}},{"type":"Feature","geometry":{"type":"Point","coordinates":[121.551141,25.038602]},"properties":{"name":"統一超商股份有限公司","address":"台北市大安區安和路一段47號","district":"大安區","city":"臺北市","result":"檢驗","types":"新北抽驗(製造端)、新北抽驗(販售端)","grade":""}},{"type":"Feature","geometry":{"type":"Point","coordinates":[121.554507,25.034664]},"properties":{"name":"統一超商股份有限公司","address":"台北市大安區信義路四段265巷12弄1號","district":"大安區","city":"臺北市","result":"檢驗","types":"新北抽驗(製造端)、新北抽驗(販售端)","grade":""}},{"type":"Feature","geometry":{"type":"Point","coordinates":[121.554202,25.034166]},"properties":{"name":"統一超商股份有限公司","address":"台北市大安區信義路四段32號","district":"大安區","city":"臺北市","result":"檢驗","types":"新北抽驗(製造端)、新北抽驗(販售端)","grade":""}},{"type":"Feature","geometry":{"type":"Point","coordinates":[121.541013,25.028552]},"properties":{"name":"統一超商股份有限公司","address":"台北市大安區瑞安街182號","district":"大安區","city":"臺北市","result":"檢驗","types":"新北抽驗(製造端)、新北抽驗(販售端)","grade":""}},{"type":"Feature","geometry":{"type":"Point","coordinates":[121.542188,25.022756]},"properties":{"name":"統一超商股份有限公司","address":"台北市大安區復興南路二段17號","district":"大安區","city":"臺北市","result":"檢驗","types":"新北抽驗(製造端)、新北抽驗(販售端)","grade":""}},{"type":"Feature","geometry":{"type":"Point","coordinates":[121.525706,25.027013]},"properties":{"name":"統一超商股份有限公司","address":"台北市大安區和平東路一段91號","district":"大安區","city":"臺北市","result":"檢驗","types":"新北抽驗(製造端)、新北抽驗(販售端)","grade":""}},{"type":"Feature","geometry":{"type":"Point","coordinates":[121.522052,25.028613]},"properties":{"name":"統一超商股份有限公司","address":"台北市大安區杭州南路二段91號","district":"大安區","city":"臺北市","result":"檢驗","types":"新北抽驗(製造端)、新北抽驗(販售端)","grade":""}},{"type":"Feature","geometry":{"type":"Point","coordinates":[121.560311,25.016868]},"properties":{"name":"統一超商股份有限公司","address":"台北市大安區和平東路三段97號97之1號1樓","district":"大安區","city":"臺北市","result":"檢驗","types":"新北抽驗(製造端)、新北抽驗(販售端)","grade":""}},{"type":"Feature","geometry":{"type":"Point","coordinates":[121.552856,25.040082]},"properties":{"name":"統一超商股份有限公司","address":"台北市大安區忠孝東路四段26巷5號","district":"大安區","city":"臺北市","result":"檢驗","types":"新北抽驗(製造端)、新北抽驗(販售端)","grade":""}},{"type":"Feature","geometry":{"type":"Point","coordinates":[121.55067,25.042668]},"properties":{"name":"統一超商股份有限公司","address":"台北市大安區敦化南路一段187巷29號","district":"大安區","city":"臺北市","result":"檢驗","types":"新北抽驗(製造端)、新北抽驗(販售端)","grade":""}},{"type":"Feature","geometry":{"type":"Point","coordinates":[121.528447,25.029822]},"properties":{"name":"統一超商股份有限公司","address":"台北市大安區金華街140號1樓","district":"大安區","city":"臺北市","result":"檢驗","types":"新北抽驗(製造端)、新北抽驗(販售端)","grade":""}},{"type":"Feature","geometry":{"type":"Point","coordinates":[121.553579,25.027453]},"properties":{"name":"統一超商股份有限公司","address":"台北市大安區通化街177號","district":"大安區","city":"臺北市","result":"檢驗","types":"新北抽驗(製造端)、新北抽驗(販售端)","grade":""}},{"type":"Feature","geometry":{"type":"Point","coordinates":[121.551669,25.031159]},"properties":{"name":"統一超商股份有限公司","address":"台北市大安區敦化南路二段63巷7號1樓","district":"大安區","city":"臺北市","result":"檢驗","types":"新北抽驗(製造端)、新北抽驗(販售端)","grade":""}},{"type":"Feature","geometry":{"type":"Point","coordinates":[121.530388,25.025817]},"properties":{"name":"統一超商股份有限公司","address":"台北市大安區泰順街13號","district":"大安區","city":"臺北市","result":"檢驗","types":"新北抽驗(製造端)、新北抽驗(販售端)","grade":""}},{"type":"Feature","geometry":{"type":"Point","coordinates":[121.546627,25.036131]},"properties":{"name":"統一超商股份有限公司","address":"台北市大安區東豐街43號45號1樓","district":"大安區","city":"臺北市","result":"檢驗","types":"新北抽驗(製造端)、新北抽驗(販售端)","grade":""}},{"type":"Feature","geometry":{"type":"Point","coordinates":[121.544251,25.036067]},"properties":{"name":"統一超商股份有限公司","address":"台北市大安區東豐街9號","district":"大安區","city":"臺北市","result":"檢驗","types":"新北抽驗(製造端)、新北抽驗(販售端)","grade":""}},{"type":"Feature","geometry":{"type":"Point","coordinates":[121.554305,25.036599]},"properties":{"name":"統一超商股份有限公司","address":"台北市大安區仁愛路四段266巷15弄22號","district":"大安區","city":"臺北市","result":"檢驗","types":"新北抽驗(製造端)、新北抽驗(販售端)","grade":""}},{"type":"Feature","geometry":{"type":"Point","coordinates":[121.555697,25.036571]},"properties":{"name":"統一超商股份有限公司","address":"台北市大安區延吉街237號","district":"大安區","city":"臺北市","result":"檢驗","types":"新北抽驗(製造端)、新北抽驗(販售端)","grade":""}},{"type":"Feature","geometry":{"type":"Point","coordinates":[121.54599,25.028275]},"properties":{"name":"統一超商股份有限公司","address":"台北市大安區復興南路二段151巷41號1樓","district":"大安區","city":"臺北市","result":"檢驗","types":"新北抽驗(製造端)、新北抽驗(販售端)","grade":""}},{"type":"Feature","geometry":{"type":"Point","coordinates":[121.554141,25.042406]},"properties":{"name":"統一超商股份有限公司","address":"台北市大安區延吉街72號","district":"大安區","city":"臺北市","result":"檢驗","types":"新北抽驗(製造端)、新北抽驗(販售端)","grade":""}},{"type":"Feature","geometry":{"type":"Point","coordinates":[121.556465,25.028188]},"properties":{"name":"統一超商股份有限公司","address":"台北市大安區基隆路二段142之1號及142之2號","district":"大安區","city":"臺北市","result":"檢驗","types":"新北抽驗(製造端)、新北抽驗(販售端)","grade":""}},{"type":"Feature","geometry":{"type":"Point","coordinates":[121.531786,25.026531]},"properties":{"name":"統一超商股份有限公司","address":"台北市大安區和平東路一段169號","district":"大安區","city":"臺北市","result":"檢驗","types":"新北抽驗(製造端)、新北抽驗(販售端)","grade":""}},{"type":"Feature","geometry":{"type":"Point","coordinates":[121.548309,25.023562]},"properties":{"name":"統一超商股份有限公司","address":"台北市大安區敦化南路二段182號","district":"大安區","city":"臺北市","result":"檢驗","types":"新北抽驗(製造端)、新北抽驗(販售端)","grade":""}},{"type":"Feature","geometry":{"type":"Point","coordinates":[121.556894,25.042624]},"properties":{"name":"統一超商股份有限公司","address":"台北市大安區光復南路180巷12號","district":"大安區","city":"臺北市","result":"檢驗","types":"新北抽驗(製造端)、新北抽驗(販售端)","grade":""}},{"type":"Feature","geometry":{"type":"Point","coordinates":[121.546288,25.028257]},"properties":{"name":"統一超商股份有限公司","address":"台北市大安區四維路170巷8號1樓","district":"大安區","city":"臺北市","result":"檢驗","types":"新北抽驗(製造端)、新北抽驗(販售端)","grade":""}},{"type":"Feature","geometry":{"type":"Point","coordinates":[121.549536,25.025363]},"properties":{"name":"統一超商股份有限公司","address":"台北市大安區敦化南路二段265巷6號1樓","district":"大安區","city":"臺北市","result":"檢驗","types":"新北抽驗(製造端)、新北抽驗(販售端)","grade":""}},{"type":"Feature","geometry":{"type":"Point","coordinates":[121.533889,25.040109]},"properties":{"name":"統一超商股份有限公司","address":"台北市大安區濟南路三段12號1樓","district":"大安區","city":"臺北市","result":"檢驗","types":"新北抽驗(製造端)、新北抽驗(販售端)","grade":""}},{"type":"Feature","geometry":{"type":"Point","coordinates":[121.550159,25.034434]},"properties":{"name":"統一超商股份有限公司","address":"台北市大安區仁愛路四段122巷50號1樓","district":"大安區","city":"臺北市","result":"檢驗","types":"新北抽驗(製造端)、新北抽驗(販售端)","grade":""}},{"type":"Feature","geometry":{"type":"Point","coordinates":[121.546554,25.023403]},"properties":{"name":"統一超商股份有限公司","address":"台北市大安區敦南街38號","district":"大安區","city":"臺北市","result":"檢驗","types":"新北抽驗(製造端)、新北抽驗(販售端)","grade":""}},{"type":"Feature","geometry":{"type":"Point","coordinates":[121.556336,25.040637]},"properties":{"name":"統一超商股份有限公司","address":"台北市大安區光復南路240巷25號","district":"大安區","city":"臺北市","result":"檢驗","types":"新北抽驗(製造端)、新北抽驗(販售端)","grade":""}},{"type":"Feature","geometry":{"type":"Point","coordinates":[121.538362,25.041465]},"properties":{"name":"統一超商股份有限公司","address":"台北市大安區忠孝東路三段160號","district":"大安區","city":"臺北市","result":"檢驗","types":"新北抽驗(製造端)、新北抽驗(販售端)","grade":""}},{"type":"Feature","geometry":{"type":"Point","coordinates":[121.55154,25.027425]},"properties":{"name":"統一超商股份有限公司","address":"台北市大安區樂利路29號29-1號","district":"大安區","city":"臺北市","result":"檢驗","types":"新北抽驗(製造端)、新北抽驗(販售端)","grade":""}},{"type":"Feature","geometry":{"type":"Point","coordinates":[121.537077,25.023068]},"properties":{"name":"統一超商股份有限公司","address":"台北市大安區辛亥路二段57號","district":"大安區","city":"臺北市","result":"檢驗","types":"新北抽驗(製造端)、新北抽驗(販售端)","grade":""}},{"type":"Feature","geometry":{"type":"Point","coordinates":[121.551631,25.030229]},"properties":{"name":"統一超商股份有限公司","address":"台北市大安區安和路二段74巷1號","district":"大安區","city":"臺北市","result":"檢驗","types":"新北抽驗(製造端)、新北抽驗(販售端)","grade":""}},{"type":"Feature","geometry":{"type":"Point","coordinates":[121.529204,25.03317]},"properties":{"name":"統一超商股份有限公司","address":"台北市大安區永康街2巷12號1樓","district":"大安區","city":"臺北市","result":"檢驗","types":"新北抽驗(製造端)、新北抽驗(販售端)","grade":""}},{"type":"Feature","geometry":{"type":"Point","coordinates":[121.54918,25.02881]},"properties":{"name":"統一超商股份有限公司","address":"台北市大安區敦化南路二段99號1樓","district":"大安區","city":"臺北市","result":"檢驗","types":"新北抽驗(製造端)、新北抽驗(販售端)","grade":""}},{"type":"Feature","geometry":{"type":"Point","coordinates":[121.552844,25.038292]},"properties":{"name":"統一超商股份有限公司","address":"台北市大安區忠孝東路四段216巷68號","district":"大安區","city":"臺北市","result":"檢驗","types":"新北抽驗(製造端)、新北抽驗(販售端)","grade":""}},{"type":"Feature","geometry":{"type":"Point","coordinates":[121.552565,25.030578]},"properties":{"name":"統一超商股份有限公司","address":"台北市大安區安和路二段67號","district":"大安區","city":"臺北市","result":"檢驗","types":"新北抽驗(製造端)、新北抽驗(販售端)","grade":""}},{"type":"Feature","geometry":{"type":"Point","coordinates":[121.557457,25.040106]},"properties":{"name":"統一超商股份有限公司","address":"台北市大安區光復南路262號","district":"大安區","city":"臺北市","result":"檢驗","types":"新北抽驗(製造端)、新北抽驗(販售端)","grade":""}},{"type":"Feature","geometry":{"type":"Point","coordinates":[121.529271,25.024264]},"properties":{"name":"統一超商股份有限公司","address":"台北市大安區師大路59巷13號","district":"大安區","city":"臺北市","result":"檢驗","types":"新北抽驗(製造端)、新北抽驗(販售端)","grade":""}},{"type":"Feature","geometry":{"type":"Point","coordinates":[121.538769,25.037783]},"properties":{"name":"統一超商股份有限公司","address":"台北市大安區仁愛路三段25-1號27號","district":"大安區","city":"臺北市","result":"檢驗","types":"新北抽驗(製造端)、新北抽驗(販售端)","grade":""}},{"type":"Feature","geometry":{"type":"Point","coordinates":[121.541426,25.041013]},"properties":{"name":"統一超商股份有限公司","address":"台北市大安區忠孝東路三段248巷9號","district":"大安區","city":"臺北市","result":"檢驗","types":"新北抽驗(製造端)、新北抽驗(販售端)","grade":""}},{"type":"Feature","geometry":{"type":"Point","coordinates":[121.556289,25.020585]},"properties":{"name":"統一超商股份有限公司","address":"台北市大安區和平東路三段298號300號1樓","district":"大安區","city":"臺北市","result":"檢驗","types":"新北抽驗(製造端)、新北抽驗(販售端)","grade":""}},{"type":"Feature","geometry":{"type":"Point","coordinates":[121.554642,25.022138]},"properties":{"name":"統一超商股份有限公司","address":"台北市大安區和平東路三段230號","district":"大安區","city":"臺北市","result":"檢驗","types":"新北抽驗(製造端)、新北抽驗(販售端)","grade":""}},{"type":"Feature","geometry":{"type":"Point","coordinates":[121.547014,25.040911]},"properties":{"name":"統一超商股份有限公司","address":"台北市大安區大安路一段83巷14號1樓","district":"大安區","city":"臺北市","result":"檢驗","types":"新北抽驗(製造端)、新北抽驗(販售端)","grade":""}},{"type":"Feature","geometry":{"type":"Point","coordinates":[121.544639,25.04274]},"properties":{"name":"統一超商股份有限公司","address":"台北市大安區復興南路一段135巷5號","district":"大安區","city":"臺北市","result":"檢驗","types":"新北抽驗(製造端)、新北抽驗(販售端)","grade":""}},{"type":"Feature","geometry":{"type":"Point","coordinates":[121.553107,25.043543]},"properties":{"name":"統一超商股份有限公司","address":"台北市大安區忠孝東路四段223巷42號","district":"大安區","city":"臺北市","result":"檢驗","types":"新北抽驗(製造端)、新北抽驗(販售端)","grade":""}},{"type":"Feature","geometry":{"type":"Point","coordinates":[121.533455,25.063826]},"properties":{"name":"統一超商股份有限公司","address":"台北市中山區松江路363號","district":"中山區","city":"臺北市","result":"檢驗","types":"新北抽驗(製造端)、新北抽驗(販售端)","grade":""}},{"type":"Feature","geometry":{"type":"Point","coordinates":[121.534467,25.05468]},"properties":{"name":"統一超商股份有限公司","address":"台北市中山區長春路182號","district":"中山區","city":"臺北市","result":"檢驗","types":"新北抽驗(製造端)、新北抽驗(販售端)","grade":""}},{"type":"Feature","geometry":{"type":"Point","coordinates":[121.535073,25.048523]},"properties":{"name":"統一超商股份有限公司","address":"台北市中山區長安東路二段101號","district":"中山區","city":"臺北市","result":"檢驗","types":"新北抽驗(製造端)、新北抽驗(販售端)","grade":""}},{"type":"Feature","geometry":{"type":"Point","coordinates":[121.543487,25.06254]},"properties":{"name":"統一超商股份有限公司","address":"台北市中山區民權東路三段71號73號1樓","district":"中山區","city":"臺北市","result":"檢驗","types":"新北抽驗(製造端)、新北抽驗(販售端)","grade":""}},{"type":"Feature","geometry":{"type":"Point","coordinates":[121.543936,25.059971]},"properties":{"name":"統一超商股份有限公司","address":"台北市中山區復興北路348號1樓","district":"中山區","city":"臺北市","result":"檢驗","types":"新北抽驗(製造端)、新北抽驗(販售端)","grade":""}},{"type":"Feature","geometry":{"type":"Point","coordinates":[121.530362,25.060241]},"properties":{"name":"統一超商股份有限公司","address":"台北市中山區吉林路209號1樓2樓","district":"中山區","city":"臺北市","result":"檢驗","types":"新北抽驗(製造端)、新北抽驗(販售端)","grade":""}},{"type":"Feature","geometry":{"type":"Point","coordinates":[121.53355,25.060963]},"properties":{"name":"統一超商股份有限公司","address":"台北市中山區松江路295號295-1號1樓","district":"中山區","city":"臺北市","result":"檢驗","types":"新北抽驗(製造端)、新北抽驗(販售端)","grade":""}},{"type":"Feature","geometry":{"type":"Point","coordinates":[121.531553,25.058106]},"properties":{"name":"統一超商股份有限公司","address":"台北市中山區民生東路二段113號","district":"中山區","city":"臺北市","result":"檢驗","types":"新北抽驗(製造端)、新北抽驗(販售端)","grade":""}},{"type":"Feature","geometry":{"type":"Point","coordinates":[121.523061,25.06828]},"properties":{"name":"統一超商股份有限公司","address":"台北市中山區圓山里中山北路三段57號","district":"中山區","city":"臺北市","result":"檢驗","types":"新北抽驗(製造端)、新北抽驗(販售端)","grade":""}},{"type":"Feature","geometry":{"type":"Point","coordinates":[121.526608,25.049185]},"properties":{"name":"統一超商股份有限公司","address":"台北市中山區長安東路一段53巷1之3號","district":"中山區","city":"臺北市","result":"檢驗","types":"新北抽驗(製造端)、新北抽驗(販售端)","grade":""}},{"type":"Feature","geometry":{"type":"Point","coordinates":[121.540752,25.054769]},"properties":{"name":"統一超商股份有限公司","address":"台北市中山區長春路257號","district":"中山區","city":"臺北市","result":"檢驗","types":"新北抽驗(製造端)、新北抽驗(販售端)","grade":""}},{"type":"Feature","geometry":{"type":"Point","coordinates":[121.523545,25.051711]},"properties":{"name":"統一超商股份有限公司","address":"台北市中山區天津街65號","district":"中山區","city":"臺北市","result":"檢驗","types":"新北抽驗(製造端)、新北抽驗(販售端)","grade":""}},{"type":"Feature","geometry":{"type":"Point","coordinates":[121.520022,25.062653]},"properties":{"name":"統一超商股份有限公司","address":"台北市中山區民權西路66號","district":"中山區","city":"臺北市","result":"檢驗","types":"新北抽驗(製造端)、新北抽驗(販售端)","grade":""}},{"type":"Feature","geometry":{"type":"Point","coordinates":[121.534658,25.050867]},"properties":{"name":"統一超商股份有限公司","address":"台北市中山區伊通街30號1樓","district":"中山區","city":"臺北市","result":"檢驗","types":"新北抽驗(製造端)、新北抽驗(販售端)","grade":""}},{"type":"Feature","geometry":{"type":"Point","coordinates":[121.525324,25.054625]},"properties":{"name":"統一超商股份有限公司","address":"台北市中山區林森北路262號","district":"中山區","city":"臺北市","result":"檢驗","types":"新北抽驗(製造端)、新北抽驗(販售端)","grade":""}},{"type":"Feature","geometry":{"type":"Point","coordinates":[121.531269,25.055384]},"properties":{"name":"統一超商股份有限公司","address":"台北市中山區長春路11號","district":"中山區","city":"臺北市","result":"檢驗","types":"新北抽驗(製造端)、新北抽驗(販售端)","grade":""}},{"type":"Feature","geometry":{"type":"Point","coordinates":[121.525472,25.061793]},"properties":{"name":"統一超商股份有限公司","address":"台北市中山區林森北路500號","district":"中山區","city":"臺北市","result":"檢驗","types":"新北抽驗(製造端)、新北抽驗(販售端)","grade":""}},{"type":"Feature","geometry":{"type":"Point","coordinates":[121.525412,25.058479]},"properties":{"name":"統一超商股份有限公司","address":"台北市中山區林森北路380之1號1樓","district":"中山區","city":"臺北市","result":"檢驗","types":"新北抽驗(製造端)、新北抽驗(販售端)","grade":""}},{"type":"Feature","geometry":{"type":"Point","coordinates":[121.53248,25.060401]},"properties":{"name":"統一超商股份有限公司","address":"台北市中山區錦州街229號1樓","district":"中山區","city":"臺北市","result":"檢驗","types":"新北抽驗(製造端)、新北抽驗(販售端)","grade":""}},{"type":"Feature","geometry":{"type":"Point","coordinates":[121.525784,25.060281]},"properties":{"name":"統一超商股份有限公司","address":"台北市中山區錦州街21-2號","district":"中山區","city":"臺北市","result":"檢驗","types":"新北抽驗(製造端)、新北抽驗(販售端)","grade":""}},{"type":"Feature","geometry":{"type":"Point","coordinates":[121.540832,25.064934]},"properties":{"name":"統一超商股份有限公司","address":"台北市中山區龍江路322號","district":"中山區","city":"臺北市","result":"檢驗","types":"新北抽驗(製造端)、新北抽驗(販售端)","grade":""}},{"type":"Feature","geometry":{"type":"Point","coordinates":[121.539315,25.060349]},"properties":{"name":"統一超商股份有限公司","address":"台北市中山區合江街117號","district":"中山區","city":"臺北市","result":"檢驗","types":"新北抽驗(製造端)、新北抽驗(販售端)","grade":""}},{"type":"Feature","geometry":{"type":"Point","coordinates":[121.539216,25.079452]},"properties":{"name":"統一超商股份有限公司","address":"台北市中山區北安路649號","district":"中山區","city":"臺北市","result":"檢驗","types":"新北抽驗(製造端)、新北抽驗(販售端)","grade":""}},{"type":"Feature","geometry":{"type":"Point","coordinates":[121.541689,25.046898]},"properties":{"name":"統一超商股份有限公司","address":"台北市中山區八德路二段282號","district":"中山區","city":"臺北市","result":"檢驗","types":"新北抽驗(製造端)、新北抽驗(販售端)","grade":""}},{"type":"Feature","geometry":{"type":"Point","coordinates":[121.532905,25.057644]},"properties":{"name":"統一超商股份有限公司","address":"台北市中山區松江路208號","district":"中山區","city":"臺北市","result":"檢驗","types":"新北抽驗(製造端)、新北抽驗(販售端)","grade":""}},{"type":"Feature","geometry":{"type":"Point","coordinates":[121.521689,25.051757]},"properties":{"name":"統一超商股份有限公司","address":"台北市中山區南京西路12巷9號1樓","district":"中山區","city":"臺北市","result":"檢驗","types":"新北抽驗(製造端)、新北抽驗(販售端)","grade":""}},{"type":"Feature","geometry":{"type":"Point","coordinates":[121.521563,25.054843]},"properties":{"name":"統一超商股份有限公司","address":"台北市中山區中山北路二段44巷2號1樓","district":"中山區","city":"臺北市","result":"檢驗","types":"新北抽驗(製造端)、新北抽驗(販售端)","grade":""}},{"type":"Feature","geometry":{"type":"Point","coordinates":[121.524247,25.056759]},"properties":{"name":"統一超商股份有限公司","address":"台北市中山區中山北路二段11巷3號1樓","district":"中山區","city":"臺北市","result":"檢驗","types":"新北抽驗(製造端)、新北抽驗(販售端)","grade":""}},{"type":"Feature","geometry":{"type":"Point","coordinates":[121.531648,25.05284]},"properties":{"name":"統一超商股份有限公司","address":"台北市中山區一江街23號1樓","district":"中山區","city":"臺北市","result":"檢驗","types":"新北抽驗(製造端)、新北抽驗(販售端)","grade":""}},{"type":"Feature","geometry":{"type":"Point","coordinates":[121.522704,25.059883]},"properties":{"name":"統一超商股份有限公司","address":"台北市中山區中山北路二段98號","district":"中山區","city":"臺北市","result":"檢驗","types":"新北抽驗(製造端)、新北抽驗(販售端)","grade":""}},{"type":"Feature","geometry":{"type":"Point","coordinates":[121.542833,25.04718]},"properties":{"name":"統一超商股份有限公司","address":"台北市中山區八德路二段314號","district":"中山區","city":"臺北市","result":"檢驗","types":"新北抽驗(製造端)、新北抽驗(販售端)","grade":""}},{"type":"Feature","geometry":{"type":"Point","coordinates":[121.536812,25.065652]},"properties":{"name":"統一超商股份有限公司","address":"台北市中山區建國北路三段89號91號1樓","district":"中山區","city":"臺北市","result":"檢驗","types":"新北抽驗(製造端)、新北抽驗(販售端)","grade":""}},{"type":"Feature","geometry":{"type":"Point","coordinates":[121.557038,25.084576]},"properties":{"name":"統一超商股份有限公司","address":"台北市中山區北安路839-1號","district":"中山區","city":"臺北市","result":"檢驗","types":"新北抽驗(製造端)、新北抽驗(販售端)","grade":""}},{"type":"Feature","geometry":{"type":"Point","coordinates":[121.521254,25.060251]},"properties":{"name":"統一超商股份有限公司","address":"台北市中山區錦西街16號","district":"中山區","city":"臺北市","result":"檢驗","types":"新北抽驗(製造端)、新北抽驗(販售端)","grade":""}},{"type":"Feature","geometry":{"type":"Point","coordinates":[121.527029,25.051333]},"properties":{"name":"統一超商股份有限公司","address":"台北市中山區南京東路一段132巷8號","district":"中山區","city":"臺北市","result":"檢驗","types":"新北抽驗(製造端)、新北抽驗(販售端)","grade":""}},{"type":"Feature","geometry":{"type":"Point","coordinates":[121.530275,25.055817]},"properties":{"name":"統一超商股份有限公司","address":"台北市中山區吉林路97號99號1樓","district":"中山區","city":"臺北市","result":"檢驗","types":"新北抽驗(製造端)、新北抽驗(販售端)","grade":""}},{"type":"Feature","geometry":{"type":"Point","coordinates":[121.52343,25.050766]},"properties":{"name":"統一超商股份有限公司","address":"台北市中山區中山北路一段105巷13號","district":"中山區","city":"臺北市","result":"檢驗","types":"新北抽驗(製造端)、新北抽驗(販售端)","grade":""}},{"type":"Feature","geometry":{"type":"Point","coordinates":[121.546478,25.082834]},"properties":{"name":"統一超商股份有限公司","address":"台北市中山區北安路621巷48號","district":"中山區","city":"臺北市","result":"檢驗","types":"新北抽驗(製造端)、新北抽驗(販售端)","grade":""}},{"type":"Feature","geometry":{"type":"Point","coordinates":[121.555907,25.083572]},"properties":{"name":"統一超商股份有限公司","address":"台北市中山區敬業三路11號1樓","district":"中山區","city":"臺北市","result":"檢驗","types":"新北抽驗(製造端)、新北抽驗(販售端)","grade":""}},{"type":"Feature","geometry":{"type":"Point","coordinates":[121.543854,25.053472]},"properties":{"name":"統一超商股份有限公司","address":"台北市中山區復興北路164號1樓","district":"中山區","city":"臺北市","result":"檢驗","types":"新北抽驗(製造端)、新北抽驗(販售端)","grade":""}},{"type":"Feature","geometry":{"type":"Point","coordinates":[121.534966,25.060379]},"properties":{"name":"統一超商股份有限公司","address":"台北市中山區錦州街263號","district":"中山區","city":"臺北市","result":"檢驗","types":"新北抽驗(製造端)、新北抽驗(販售端)","grade":""}},{"type":"Feature","geometry":{"type":"Point","coordinates":[121.551343,25.082842]},"properties":{"name":"統一超商股份有限公司","address":"台北市中山區明水路636號樂群三路1號","district":"中山區","city":"臺北市","result":"檢驗","types":"新北抽驗(製造端)、新北抽驗(販售端)","grade":""}},{"type":"Feature","geometry":{"type":"Point","coordinates":[121.527962,25.048487]},"properties":{"name":"統一超商股份有限公司","address":"台北市中山區長安東路一段75號1樓","district":"中山區","city":"臺北市","result":"檢驗","types":"新北抽驗(製造端)、新北抽驗(販售端)","grade":""}},{"type":"Feature","geometry":{"type":"Point","coordinates":[121.535929,25.058116]},"properties":{"name":"統一超商股份有限公司","address":"台北市中山區民生東路二段157號","district":"中山區","city":"臺北市","result":"檢驗","types":"新北抽驗(製造端)、新北抽驗(販售端)","grade":""}},{"type":"Feature","geometry":{"type":"Point","coordinates":[121.531581,25.051249]},"properties":{"name":"統一超商股份有限公司","address":"台北市中山區一江街11號13號","district":"中山區","city":"臺北市","result":"檢驗","types":"新北抽驗(製造端)、新北抽驗(販售端)","grade":""}},{"type":"Feature","geometry":{"type":"Point","coordinates":[121.5337,25.053331]},"properties":{"name":"統一超商股份有限公司","address":"台北市中山區南京東路二段115巷1號","district":"中山區","city":"臺北市","result":"檢驗","types":"新北抽驗(製造端)、新北抽驗(販售端)","grade":""}},{"type":"Feature","geometry":{"type":"Point","coordinates":[121.54068,25.048216]},"properties":{"name":"統一超商股份有限公司","address":"台北市中山區長安東路二段178號178-1號1樓","district":"中山區","city":"臺北市","result":"檢驗","types":"新北抽驗(製造端)、新北抽驗(販售端)","grade":""}},{"type":"Feature","geometry":{"type":"Point","coordinates":[121.539083,25.058048]},"properties":{"name":"統一超商股份有限公司","address":"台北市中山區民生東路三段31號","district":"中山區","city":"臺北市","result":"檢驗","types":"新北抽驗(製造端)、新北抽驗(販售端)","grade":""}},{"type":"Feature","geometry":{"type":"Point","coordinates":[121.540959,25.065277]},"properties":{"name":"統一超商股份有限公司","address":"台北市中山區龍江路104號1樓","district":"中山區","city":"臺北市","result":"檢驗","types":"新北抽驗(製造端)、新北抽驗(販售端)","grade":""}},{"type":"Feature","geometry":{"type":"Point","coordinates":[121.535914,25.061881]},"properties":{"name":"統一超商股份有限公司","address":"台北市中山區建國北路二段13號1樓","district":"中山區","city":"臺北市","result":"檢驗","types":"新北抽驗(製造端)、新北抽驗(販售端)","grade":""}},{"type":"Feature","geometry":{"type":"Point","coordinates":[121.524827,25.049892]},"properties":{"name":"統一超商股份有限公司","address":"台北市中山區林森北路108號","district":"中山區","city":"臺北市","result":"檢驗","types":"新北抽驗(製造端)、新北抽驗(販售端)","grade":""}},{"type":"Feature","geometry":{"type":"Point","coordinates":[121.547565,25.053465]},"properties":{"name":"統一超商股份有限公司","address":"台北市中山區南京東路三段21號1樓","district":"中山區","city":"臺北市","result":"檢驗","types":"新北抽驗(製造端)、新北抽驗(販售端)","grade":""}},{"type":"Feature","geometry":{"type":"Point","coordinates":[121.543366,25.047791]},"properties":{"name":"統一超商股份有限公司","address":"台北市中山區遼寧街110號1樓","district":"中山區","city":"臺北市","result":"檢驗","types":"新北抽驗(製造端)、新北抽驗(販售端)","grade":""}},{"type":"Feature","geometry":{"type":"Point","coordinates":[121.526535,25.055022]},"properties":{"name":"統一超商股份有限公司","address":"台北市中山區長春路67號","district":"中山區","city":"臺北市","result":"檢驗","types":"新北抽驗(製造端)、新北抽驗(販售端)","grade":""}},{"type":"Feature","geometry":{"type":"Point","coordinates":[121.531642,25.064008]},"properties":{"name":"統一超商股份有限公司","address":"台北市中山區民權東路二段26號","district":"中山區","city":"臺北市","result":"檢驗","types":"新北抽驗(製造端)、新北抽驗(販售端)","grade":""}},{"type":"Feature","geometry":{"type":"Point","coordinates":[121.540987,25.066814]},"properties":{"name":"統一超商股份有限公司","address":"台北市中山區龍江路384巷1號384巷3號","district":"中山區","city":"臺北市","result":"檢驗","types":"新北抽驗(製造端)、新北抽驗(販售端)","grade":""}},{"type":"Feature","geometry":{"type":"Point","coordinates":[121.530715,25.060762]},"properties":{"name":"統一超商股份有限公司","address":"台北市中山區錦州街8號","district":"中山區","city":"臺北市","result":"檢驗","types":"新北抽驗(製造端)、新北抽驗(販售端)","grade":""}},{"type":"Feature","geometry":{"type":"Point","coordinates":[121.540959,25.065277]},"properties":{"name":"統一超商股份有限公司","address":"台北市中山區龍江路281-1號","district":"中山區","city":"臺北市","result":"檢驗","types":"新北抽驗(製造端)、新北抽驗(販售端)","grade":""}},{"type":"Feature","geometry":{"type":"Point","coordinates":[121.529115,25.049677]},"properties":{"name":"統一超商股份有限公司","address":"台北市中山區吉林路28號","district":"中山區","city":"臺北市","result":"檢驗","types":"新北抽驗(製造端)、新北抽驗(販售端)","grade":""}},{"type":"Feature","geometry":{"type":"Point","coordinates":[121.526478,25.049323]},"properties":{"name":"統一超商股份有限公司","address":"台北市中山區長安東路一段12號","district":"中山區","city":"臺北市","result":"檢驗","types":"新北抽驗(製造端)、新北抽驗(販售端)","grade":""}},{"type":"Feature","geometry":{"type":"Point","coordinates":[121.531011,25.056896]},"properties":{"name":"統一超商股份有限公司","address":"台北市中山區松江路101號","district":"中山區","city":"臺北市","result":"檢驗","types":"新北抽驗(製造端)、新北抽驗(販售端)","grade":""}},{"type":"Feature","geometry":{"type":"Point","coordinates":[121.464374,25.117898]},"properties":{"name":"統一超商股份有限公司","address":"台北市中山區南京東路三段208號1樓","district":"中山區","city":"臺北市","result":"檢驗","types":"新北抽驗(製造端)、新北抽驗(販售端)","grade":""}},{"type":"Feature","geometry":{"type":"Point","coordinates":[121.537328,25.059955]},"properties":{"name":"統一超商股份有限公司","address":"台北市中山區建國北路二段127號1樓B1樓","district":"中山區","city":"臺北市","result":"檢驗","types":"新北抽驗(製造端)、新北抽驗(販售端)","grade":""}},{"type":"Feature","geometry":{"type":"Point","coordinates":[121.531874,25.062329]},"properties":{"name":"統一超商股份有限公司","address":"台北市中山區民權東路二段96號98號1樓","district":"中山區","city":"臺北市","result":"檢驗","types":"新北抽驗(製造端)、新北抽驗(販售端)","grade":""}},{"type":"Feature","geometry":{"type":"Point","coordinates":[121.524601,25.057932]},"properties":{"name":"統一超商股份有限公司","address":"台北市中山區民生東路一段46號46-1號1樓","district":"中山區","city":"臺北市","result":"檢驗","types":"新北抽驗(製造端)、新北抽驗(販售端)","grade":""}},{"type":"Feature","geometry":{"type":"Point","coordinates":[121.539382,25.066006]},"properties":{"name":"統一超商股份有限公司","address":"台北市中山區龍江路356巷39及41號1樓","district":"中山區","city":"臺北市","result":"檢驗","types":"新北抽驗(製造端)、新北抽驗(販售端)","grade":""}},{"type":"Feature","geometry":{"type":"Point","coordinates":[121.525517,25.050216]},"properties":{"name":"統一超商股份有限公司","address":"台北市中山區林森北路107巷15號1樓","district":"中山區","city":"臺北市","result":"檢驗","types":"新北抽驗(製造端)、新北抽驗(販售端)","grade":""}},{"type":"Feature","geometry":{"type":"Point","coordinates":[121.580403,25.055552]},"properties":{"name":"統一超商股份有限公司","address":"台北市中山區明水路397巷7弄25號1樓","district":"中山區","city":"臺北市","result":"檢驗","types":"新北抽驗(製造端)、新北抽驗(販售端)","grade":""}},{"type":"Feature","geometry":{"type":"Point","coordinates":[121.551023,25.080243]},"properties":{"name":"統一超商股份有限公司","address":"台北市中山區明水路581巷15號1樓","district":"中山區","city":"臺北市","result":"檢驗","types":"新北抽驗(製造端)、新北抽驗(販售端)","grade":""}},{"type":"Feature","geometry":{"type":"Point","coordinates":[121.543017,25.055952]},"properties":{"name":"統一超商股份有限公司","address":"台北市中山區興安街112號一樓","district":"中山區","city":"臺北市","result":"檢驗","types":"新北抽驗(製造端)、新北抽驗(販售端)","grade":""}},{"type":"Feature","geometry":{"type":"Point","coordinates":[121.536389,25.050928]},"properties":{"name":"統一超商股份有限公司","address":"台北市中山區建國北路一段136號","district":"中山區","city":"臺北市","result":"檢驗","types":"新北抽驗(製造端)、新北抽驗(販售端)","grade":""}},{"type":"Feature","geometry":{"type":"Point","coordinates":[121.533317,25.056437]},"properties":{"name":"統一超商股份有限公司","address":"台北市中山區松江路183號183-1號1樓","district":"中山區","city":"臺北市","result":"檢驗","types":"新北抽驗(製造端)、新北抽驗(販售端)","grade":""}},{"type":"Feature","geometry":{"type":"Point","coordinates":[121.540959,25.065277]},"properties":{"name":"統一超商股份有限公司","address":"台北市中山區龍江路239號1樓","district":"中山區","city":"臺北市","result":"檢驗","types":"新北抽驗(製造端)、新北抽驗(販售端)","grade":""}},{"type":"Feature","geometry":{"type":"Point","coordinates":[121.561747,25.076793]},"properties":{"name":"統一超商股份有限公司","address":"台北市中山區樂群二路154號1樓","district":"中山區","city":"臺北市","result":"檢驗","types":"新北抽驗(製造端)、新北抽驗(販售端)","grade":""}},{"type":"Feature","geometry":{"type":"Point","coordinates":[121.561741,25.076649]},"properties":{"name":"統一超商股份有限公司","address":"台北市中山區樂群二路206號1樓","district":"中山區","city":"臺北市","result":"檢驗","types":"新北抽驗(製造端)、新北抽驗(販售端)","grade":""}},{"type":"Feature","geometry":{"type":"Point","coordinates":[121.524171,25.065997]},"properties":{"name":"統一超商股份有限公司","address":"台北市中山區雙城街30號1樓","district":"中山區","city":"臺北市","result":"檢驗","types":"新北抽驗(製造端)、新北抽驗(販售端)","grade":""}},{"type":"Feature","geometry":{"type":"Point","coordinates":[121.530481,25.064959]},"properties":{"name":"統一超商股份有限公司","address":"台北市中山區吉林路365號367號農安街137號","district":"中山區","city":"臺北市","result":"檢驗","types":"新北抽驗(製造端)、新北抽驗(販售端)","grade":""}},{"type":"Feature","geometry":{"type":"Point","coordinates":[121.531029,25.057511]},"properties":{"name":"統一超商股份有限公司","address":"台北市中山區松江路65號","district":"中山區","city":"臺北市","result":"檢驗","types":"新北抽驗(製造端)、新北抽驗(販售端)","grade":""}},{"type":"Feature","geometry":{"type":"Point","coordinates":[121.522593,25.066533]},"properties":{"name":"統一超商股份有限公司","address":"台北市中山區晴光里中山北路三段47號","district":"中山區","city":"臺北市","result":"檢驗","types":"新北抽驗(製造端)、新北抽驗(販售端)","grade":""}},{"type":"Feature","geometry":{"type":"Point","coordinates":[121.53176,25.048578]},"properties":{"name":"統一超商股份有限公司","address":"台北市中山區長安東路二段43號45-1號1樓","district":"中山區","city":"臺北市","result":"檢驗","types":"新北抽驗(製造端)、新北抽驗(販售端)","grade":""}},{"type":"Feature","geometry":{"type":"Point","coordinates":[121.523022,25.068635]},"properties":{"name":"統一超商股份有限公司","address":"台北市中山區中山北路三段23-6號","district":"中山區","city":"臺北市","result":"檢驗","types":"新北抽驗(製造端)、新北抽驗(販售端)","grade":""}},{"type":"Feature","geometry":{"type":"Point","coordinates":[121.521257,25.053114]},"properties":{"name":"統一超商股份有限公司","address":"台北市中山區中山北路二段40-1號","district":"中山區","city":"臺北市","result":"檢驗","types":"新北抽驗(製造端)、新北抽驗(販售端)","grade":""}},{"type":"Feature","geometry":{"type":"Point","coordinates":[121.525549,25.065004]},"properties":{"name":"統一超商股份有限公司","address":"台北市中山區林森北路572號","district":"中山區","city":"臺北市","result":"檢驗","types":"新北抽驗(製造端)、新北抽驗(販售端)","grade":""}},{"type":"Feature","geometry":{"type":"Point","coordinates":[121.534815,25.064565]},"properties":{"name":"統一超商股份有限公司","address":"台北市中山區農安街178號180號","district":"中山區","city":"臺北市","result":"檢驗","types":"新北抽驗(製造端)、新北抽驗(販售端)","grade":""}},{"type":"Feature","geometry":{"type":"Point","coordinates":[121.52538,25.057014]},"properties":{"name":"統一超商股份有限公司","address":"台北市中山區中山北路二段71號1樓","district":"中山區","city":"臺北市","result":"檢驗","types":"新北抽驗(製造端)、新北抽驗(販售端)","grade":""}},{"type":"Feature","geometry":{"type":"Point","coordinates":[121.526094,25.06675]},"properties":{"name":"統一超商股份有限公司","address":"台北市中山區德惠街15號1樓","district":"中山區","city":"臺北市","result":"檢驗","types":"新北抽驗(製造端)、新北抽驗(販售端)","grade":""}},{"type":"Feature","geometry":{"type":"Point","coordinates":[121.531375,25.054953]},"properties":{"name":"統一超商股份有限公司","address":"台北市中山區長春路135號135之1號1樓","district":"中山區","city":"臺北市","result":"檢驗","types":"新北抽驗(製造端)、新北抽驗(販售端)","grade":""}},{"type":"Feature","geometry":{"type":"Point","coordinates":[121.532308,25.064786]},"properties":{"name":"統一超商股份有限公司","address":"台北市中山區農安街28-1號1樓28-2號1樓","district":"中山區","city":"臺北市","result":"檢驗","types":"新北抽驗(製造端)、新北抽驗(販售端)","grade":""}},{"type":"Feature","geometry":{"type":"Point","coordinates":[121.525682,25.059698]},"properties":{"name":"統一超商股份有限公司","address":"台北市中山區林森北路411號","district":"中山區","city":"臺北市","result":"檢驗","types":"新北抽驗(製造端)、新北抽驗(販售端)","grade":""}},{"type":"Feature","geometry":{"type":"Point","coordinates":[121.546231,25.083587]},"properties":{"name":"統一超商股份有限公司","address":"台北市中山區大直街70號1樓","district":"中山區","city":"臺北市","result":"檢驗","types":"新北抽驗(製造端)、新北抽驗(販售端)","grade":""}},{"type":"Feature","geometry":{"type":"Point","coordinates":[121.516955,25.045725]},"properties":{"name":"統一超商股份有限公司","address":"台北市中正區許昌街17號1樓","district":"中正區","city":"臺北市","result":"檢驗","types":"新北抽驗(製造端)、新北抽驗(販售端)","grade":""}},{"type":"Feature","geometry":{"type":"Point","coordinates":[121.51617,25.044644]},"properties":{"name":"統一超商股份有限公司","address":"台北市中正區信陽街2-1號","district":"中正區","city":"臺北市","result":"檢驗","types":"新北抽驗(製造端)、新北抽驗(販售端)","grade":""}},{"type":"Feature","geometry":{"type":"Point","coordinates":[121.523664,25.022405]},"properties":{"name":"統一超商股份有限公司","address":"台北市中正區汀州路二段210號","district":"中正區","city":"臺北市","result":"檢驗","types":"新北抽驗(製造端)、新北抽驗(販售端)","grade":""}},{"type":"Feature","geometry":{"type":"Point","coordinates":[121.512179,25.0451]},"properties":{"name":"統一超商股份有限公司","address":"台北市中正區漢口街一段82號1樓","district":"中正區","city":"臺北市","result":"檢驗","types":"新北抽驗(製造端)、新北抽驗(販售端)","grade":""}},{"type":"Feature","geometry":{"type":"Point","coordinates":[121.520727,25.02661]},"properties":{"name":"統一超商股份有限公司","address":"台北市中正區和平西路一段26號","district":"中正區","city":"臺北市","result":"檢驗","types":"新北抽驗(製造端)、新北抽驗(販售端)","grade":""}},{"type":"Feature","geometry":{"type":"Point","coordinates":[121.51487,25.046795]},"properties":{"name":"統一超商股份有限公司","address":"台北市中正區忠孝西路一段50-1號(捷運地下街)","district":"中正區","city":"臺北市","result":"檢驗","types":"新北抽驗(製造端)、新北抽驗(販售端)","grade":""}},{"type":"Feature","geometry":{"type":"Point","coordinates":[121.529487,25.043169]},"properties":{"name":"統一超商股份有限公司","address":"台北市中正區忠孝東路二段100號1樓","district":"中正區","city":"臺北市","result":"檢驗","types":"新北抽驗(製造端)、新北抽驗(販售端)","grade":""}},{"type":"Feature","geometry":{"type":"Point","coordinates":[121.531556,25.044806]},"properties":{"name":"統一超商股份有限公司","address":"台北市中正區中華路一段41號1樓","district":"中正區","city":"臺北市","result":"檢驗","types":"新北抽驗(製造端)、新北抽驗(販售端)","grade":""}},{"type":"Feature","geometry":{"type":"Point","coordinates":[121.525443,25.044097]},"properties":{"name":"統一超商股份有限公司","address":"台北市中正區忠孝東路一段138號","district":"中正區","city":"臺北市","result":"檢驗","types":"新北抽驗(製造端)、新北抽驗(販售端)","grade":""}},{"type":"Feature","geometry":{"type":"Point","coordinates":[121.52212,25.040189]},"properties":{"name":"統一超商股份有限公司","address":"台北市中正區林森南路53號55號","district":"中正區","city":"臺北市","result":"檢驗","types":"新北抽驗(製造端)、新北抽驗(販售端)","grade":""}},{"type":"Feature","geometry":{"type":"Point","coordinates":[121.517484,25.031019]},"properties":{"name":"統一超商股份有限公司","address":"台北市中正區南昌路一段67號69號1樓","district":"中正區","city":"臺北市","result":"檢驗","types":"新北抽驗(製造端)、新北抽驗(販售端)","grade":""}},{"type":"Feature","geometry":{"type":"Point","coordinates":[121.509524,25.028045]},"properties":{"name":"統一超商股份有限公司","address":"台北市中正區汀州路一段127號129號","district":"中正區","city":"臺北市","result":"檢驗","types":"新北抽驗(製造端)、新北抽驗(販售端)","grade":""}},{"type":"Feature","geometry":{"type":"Point","coordinates":[121.532185,25.015507]},"properties":{"name":"統一超商股份有限公司","address":"台北市中正區羅斯福路三段316巷16號1樓","district":"中正區","city":"臺北市","result":"檢驗","types":"新北抽驗(製造端)、新北抽驗(販售端)","grade":""}},{"type":"Feature","geometry":{"type":"Point","coordinates":[121.521278,25.037089]},"properties":{"name":"統一超商股份有限公司","address":"台北市中正區信義路一段21-3號B1樓","district":"中正區","city":"臺北市","result":"檢驗","types":"新北抽驗(製造端)、新北抽驗(販售端)","grade":""}},{"type":"Feature","geometry":{"type":"Point","coordinates":[121.51326,25.046603]},"properties":{"name":"統一超商股份有限公司","address":"台北市中正區黎明里重慶南路一段1-1號一樓","district":"中正區","city":"臺北市","result":"檢驗","types":"新北抽驗(製造端)、新北抽驗(販售端)","grade":""}},{"type":"Feature","geometry":{"type":"Point","coordinates":[121.512723,25.04239]},"properties":{"name":"統一超商股份有限公司","address":"台北市中正區衡陽路27號","district":"中正區","city":"臺北市","result":"檢驗","types":"新北抽驗(製造端)、新北抽驗(販售端)","grade":""}},{"type":"Feature","geometry":{"type":"Point","coordinates":[121.525542,25.04545]},"properties":{"name":"統一超商股份有限公司","address":"台北市中正區紹興北街37號1樓","district":"中正區","city":"臺北市","result":"檢驗","types":"新北抽驗(製造端)、新北抽驗(販售端)","grade":""}},{"type":"Feature","geometry":{"type":"Point","coordinates":[121.510506,25.044978]},"properties":{"name":"統一超商股份有限公司","address":"台北市中正區延平南路47號","district":"中正區","city":"臺北市","result":"檢驗","types":"新北抽驗(製造端)、新北抽驗(販售端)","grade":""}},{"type":"Feature","geometry":{"type":"Point","coordinates":[121.526357,25.035854]},"properties":{"name":"統一超商股份有限公司","address":"台北市中正區杭州南路一段23號","district":"中正區","city":"臺北市","result":"檢驗","types":"新北抽驗(製造端)、新北抽驗(販售端)","grade":""}},{"type":"Feature","geometry":{"type":"Point","coordinates":[121.528661,25.038441]},"properties":{"name":"統一超商股份有限公司","address":"台北市中正區仁愛路二段39號39-1號","district":"中正區","city":"臺北市","result":"檢驗","types":"新北抽驗(製造端)、新北抽驗(販售端)","grade":""}},{"type":"Feature","geometry":{"type":"Point","coordinates":[121.530087,25.0146]},"properties":{"name":"統一超商股份有限公司","address":"台北市中正區思源街16號","district":"中正區","city":"臺北市","result":"檢驗","types":"新北抽驗(製造端)、新北抽驗(販售端)","grade":""}},{"type":"Feature","geometry":{"type":"Point","coordinates":[121.53124,25.040241]},"properties":{"name":"統一超商股份有限公司","address":"台北市中正區濟南路二段50號","district":"中正區","city":"臺北市","result":"檢驗","types":"新北抽驗(製造端)、新北抽驗(販售端)","grade":""}},{"type":"Feature","geometry":{"type":"Point","coordinates":[121.530175,25.034317]},"properties":{"name":"統一超商股份有限公司","address":"台北市中正區三愛里連雲街81號","district":"中正區","city":"臺北市","result":"檢驗","types":"新北抽驗(製造端)、新北抽驗(販售端)","grade":""}},{"type":"Feature","geometry":{"type":"Point","coordinates":[121.513833,25.045098]},"properties":{"name":"統一超商股份有限公司","address":"台北市中正區漢口街一段36號1樓","district":"中正區","city":"臺北市","result":"檢驗","types":"新北抽驗(製造端)、新北抽驗(販售端)","grade":""}},{"type":"Feature","geometry":{"type":"Point","coordinates":[121.52804,25.036757]},"properties":{"name":"統一超商股份有限公司","address":"台北市中正區杭州南路一段83號","district":"中正區","city":"臺北市","result":"檢驗","types":"新北抽驗(製造端)、新北抽驗(販售端)","grade":""}},{"type":"Feature","geometry":{"type":"Point","coordinates":[121.507616,25.034472]},"properties":{"name":"統一超商股份有限公司","address":"台北市中正區延平南路177號","district":"中正區","city":"臺北市","result":"檢驗","types":"新北抽驗(製造端)、新北抽驗(販售端)","grade":""}},{"type":"Feature","geometry":{"type":"Point","coordinates":[121.516712,25.037326]},"properties":{"name":"統一超商股份有限公司","address":"台北市中正區中山南路20號B1樓","district":"中正區","city":"臺北市","result":"檢驗","types":"新北抽驗(製造端)、新北抽驗(販售端)","grade":""}},{"type":"Feature","geometry":{"type":"Point","coordinates":[121.527799,25.034526]},"properties":{"name":"統一超商股份有限公司","address":"台北市中正區文祥里臨沂街74號76號","district":"中正區","city":"臺北市","result":"檢驗","types":"新北抽驗(製造端)、新北抽驗(販售端)","grade":""}},{"type":"Feature","geometry":{"type":"Point","coordinates":[121.531271,25.034623]},"properties":{"name":"統一超商股份有限公司","address":"台北市中正區新生南路一段126-7號","district":"中正區","city":"臺北市","result":"檢驗","types":"新北抽驗(製造端)、新北抽驗(販售端)","grade":""}},{"type":"Feature","geometry":{"type":"Point","coordinates":[121.518716,25.046109]},"properties":{"name":"統一超商股份有限公司","address":"台北市中正區黎明里忠孝西路一段35號一樓","district":"中正區","city":"臺北市","result":"檢驗","types":"新北抽驗(製造端)、新北抽驗(販售端)","grade":""}},{"type":"Feature","geometry":{"type":"Point","coordinates":[121.515233,25.032034]},"properties":{"name":"統一超商股份有限公司","address":"台北市中正區南海路50號","district":"中正區","city":"臺北市","result":"檢驗","types":"新北抽驗(製造端)、新北抽驗(販售端)","grade":""}},{"type":"Feature","geometry":{"type":"Point","coordinates":[121.51741,25.025557]},"properties":{"name":"統一超商股份有限公司","address":"台北市中正區廈門街46號1樓","district":"中正區","city":"臺北市","result":"檢驗","types":"新北抽驗(製造端)、新北抽驗(販售端)","grade":""}},{"type":"Feature","geometry":{"type":"Point","coordinates":[121.53539,25.012573]},"properties":{"name":"統一超商股份有限公司","address":"台北市中正區汀州路三段269號1樓2樓","district":"中正區","city":"臺北市","result":"檢驗","types":"新北抽驗(製造端)、新北抽驗(販售端)","grade":""}},{"type":"Feature","geometry":{"type":"Point","coordinates":[121.515124,25.044787]},"properties":{"name":"統一超商股份有限公司","address":"台北市中正區館前路59號1樓","district":"中正區","city":"臺北市","result":"檢驗","types":"新北抽驗(製造端)、新北抽驗(販售端)","grade":""}},{"type":"Feature","geometry":{"type":"Point","coordinates":[121.513802,25.026353]},"properties":{"name":"統一超商股份有限公司","address":"台北市中正區汀州路一段285號一樓","district":"中正區","city":"臺北市","result":"檢驗","types":"新北抽驗(製造端)、新北抽驗(販售端)","grade":""}},{"type":"Feature","geometry":{"type":"Point","coordinates":[121.522938,25.04383]},"properties":{"name":"統一超商股份有限公司","address":"台北市中正區林森南路4號之3","district":"中正區","city":"臺北市","result":"檢驗","types":"新北抽驗(製造端)、新北抽驗(販售端)","grade":""}},{"type":"Feature","geometry":{"type":"Point","coordinates":[121.518701,25.031492]},"properties":{"name":"統一超商股份有限公司","address":"台北市中正區寧波西街3號","district":"中正區","city":"臺北市","result":"檢驗","types":"新北抽驗(製造端)、新北抽驗(販售端)","grade":""}},{"type":"Feature","geometry":{"type":"Point","coordinates":[121.512227,25.044088]},"properties":{"name":"統一超商股份有限公司","address":"台北市中正區武昌街一段1-2號1樓","district":"中正區","city":"臺北市","result":"檢驗","types":"新北抽驗(製造端)、新北抽驗(販售端)","grade":""}},{"type":"Feature","geometry":{"type":"Point","coordinates":[121.521543,25.04377]},"properties":{"name":"統一超商股份有限公司","address":"台北市中正區青島東路4號","district":"中正區","city":"臺北市","result":"檢驗","types":"新北抽驗(製造端)、新北抽驗(販售端)","grade":""}},{"type":"Feature","geometry":{"type":"Point","coordinates":[121.512261,25.045918]},"properties":{"name":"統一超商股份有限公司","address":"台北市中正區開封街一段40號42號1樓","district":"中正區","city":"臺北市","result":"檢驗","types":"新北抽驗(製造端)、新北抽驗(販售端)","grade":""}},{"type":"Feature","geometry":{"type":"Point","coordinates":[121.519076,25.025816]},"properties":{"name":"統一超商股份有限公司","address":"台北市中正區廈門街99巷19-2號1樓","district":"中正區","city":"臺北市","result":"檢驗","types":"新北抽驗(製造端)、新北抽驗(販售端)","grade":""}},{"type":"Feature","geometry":{"type":"Point","coordinates":[121.519196,25.03291]},"properties":{"name":"統一超商股份有限公司","address":"台北市中正區寧波東街17號1樓","district":"中正區","city":"臺北市","result":"檢驗","types":"新北抽驗(製造端)、新北抽驗(販售端)","grade":""}},{"type":"Feature","geometry":{"type":"Point","coordinates":[121.525358,25.035169]},"properties":{"name":"統一超商股份有限公司","address":"台北市中正區信義路二段15號1樓","district":"中正區","city":"臺北市","result":"檢驗","types":"新北抽驗(製造端)、新北抽驗(販售端)","grade":""}},{"type":"Feature","geometry":{"type":"Point","coordinates":[121.512092,25.024144]},"properties":{"name":"統一超商股份有限公司","address":"台北市中正區中華路二段405號407號","district":"中正區","city":"臺北市","result":"檢驗","types":"新北抽驗(製造端)、新北抽驗(販售端)","grade":""}},{"type":"Feature","geometry":{"type":"Point","coordinates":[121.509341,25.040074]},"properties":{"name":"統一超商股份有限公司","address":"台北市中正區長沙街一段20號1樓","district":"中正區","city":"臺北市","result":"檢驗","types":"新北抽驗(製造端)、新北抽驗(販售端)","grade":""}},{"type":"Feature","geometry":{"type":"Point","coordinates":[121.522573,25.042666]},"properties":{"name":"統一超商股份有限公司","address":"台北市中正區林森南路12號","district":"中正區","city":"臺北市","result":"檢驗","types":"新北抽驗(製造端)、新北抽驗(販售端)","grade":""}},{"type":"Feature","geometry":{"type":"Point","coordinates":[121.530772,25.016233]},"properties":{"name":"統一超商股份有限公司","address":"台北市中正區汀州路三段129號","district":"中正區","city":"臺北市","result":"檢驗","types":"新北抽驗(製造端)、新北抽驗(販售端)","grade":""}},{"type":"Feature","geometry":{"type":"Point","coordinates":[121.513768,25.042231]},"properties":{"name":"統一超商股份有限公司","address":"台北市中正區衡陽路6號1樓","district":"中正區","city":"臺北市","result":"檢驗","types":"新北抽驗(製造端)、新北抽驗(販售端)","grade":""}},{"type":"Feature","geometry":{"type":"Point","coordinates":[121.508527,25.041335]},"properties":{"name":"統一超商股份有限公司","address":"台北市中正區中華路一段59之16號","district":"中正區","city":"臺北市","result":"檢驗","types":"新北抽驗(製造端)、新北抽驗(販售端)","grade":""}},{"type":"Feature","geometry":{"type":"Point","coordinates":[121.511603,25.043032]},"properties":{"name":"統一超商股份有限公司","address":"台北市中正區博愛路97號1樓","district":"中正區","city":"臺北市","result":"檢驗","types":"新北抽驗(製造端)、新北抽驗(販售端)","grade":""}},{"type":"Feature","geometry":{"type":"Point","coordinates":[121.51122,25.044187]},"properties":{"name":"統一超商股份有限公司","address":"台北市中正區武昌街一段45號1樓","district":"中正區","city":"臺北市","result":"檢驗","types":"新北抽驗(製造端)、新北抽驗(販售端)","grade":""}},{"type":"Feature","geometry":{"type":"Point","coordinates":[121.518488,25.029665]},"properties":{"name":"統一超商股份有限公司","address":"台北市中正區南昌路一段135號1樓","district":"中正區","city":"臺北市","result":"檢驗","types":"新北抽驗(製造端)、新北抽驗(販售端)","grade":""}},{"type":"Feature","geometry":{"type":"Point","coordinates":[121.515902,25.029869]},"properties":{"name":"統一超商股份有限公司","address":"台北市中正區寧波西街86號1樓","district":"中正區","city":"臺北市","result":"檢驗","types":"新北抽驗(製造端)、新北抽驗(販售端)","grade":""}},{"type":"Feature","geometry":{"type":"Point","coordinates":[121.506585,25.031984]},"properties":{"name":"統一超商股份有限公司","address":"台北市中正區忠孝東路二段130-2號130-3號","district":"中正區","city":"臺北市","result":"檢驗","types":"新北抽驗(製造端)、新北抽驗(販售端)","grade":""}},{"type":"Feature","geometry":{"type":"Point","coordinates":[121.526356,25.035321]},"properties":{"name":"統一超商股份有限公司","address":"台北市中正區金山南路一段108號","district":"中正區","city":"臺北市","result":"檢驗","types":"新北抽驗(製造端)、新北抽驗(販售端)","grade":""}},{"type":"Feature","geometry":{"type":"Point","coordinates":[121.5174,25.04549]},"properties":{"name":"統一超商股份有限公司","address":"台北市中正區公園路13號","district":"中正區","city":"臺北市","result":"檢驗","types":"新北抽驗(製造端)、新北抽驗(販售端)","grade":""}},{"type":"Feature","geometry":{"type":"Point","coordinates":[121.521914,25.027422]},"properties":{"name":"統一超商股份有限公司","address":"台北市中正區羅斯福路二段68號","district":"中正區","city":"臺北市","result":"檢驗","types":"新北抽驗(製造端)、新北抽驗(販售端)","grade":""}},{"type":"Feature","geometry":{"type":"Point","coordinates":[121.53216,25.016767]},"properties":{"name":"統一超商股份有限公司","address":"台北市中正區羅斯福路三段80號82號","district":"中正區","city":"臺北市","result":"檢驗","types":"新北抽驗(製造端)、新北抽驗(販售端)","grade":""}},{"type":"Feature","geometry":{"type":"Point","coordinates":[121.534304,25.013745]},"properties":{"name":"統一超商股份有限公司","address":"台北市中正區汀州路三段249號","district":"中正區","city":"臺北市","result":"檢驗","types":"新北抽驗(製造端)、新北抽驗(販售端)","grade":""}},{"type":"Feature","geometry":{"type":"Point","coordinates":[121.468515,25.128138]},"properties":{"name":"統一超商股份有限公司","address":"台北市北投區中央北路四段513號","district":"北投區","city":"臺北市","result":"檢驗","types":"新北抽驗(製造端)、新北抽驗(販售端)","grade":""}},{"type":"Feature","geometry":{"type":"Point","coordinates":[121.500358,25.131077]},"properties":{"name":"統一超商股份有限公司","address":"台北市北投區中央南路一段114號","district":"北投區","city":"臺北市","result":"檢驗","types":"新北抽驗(製造端)、新北抽驗(販售端)","grade":""}},{"type":"Feature","geometry":{"type":"Point","coordinates":[121.575058,25.073311]},"properties":{"name":"統一超商股份有限公司","address":"台北市內湖區港墘路221巷41號1樓","district":"內湖區","city":"臺北市","result":"檢驗","types":"新北抽驗(製造端)、新北抽驗(販售端)","grade":""}},{"type":"Feature","geometry":{"type":"Point","coordinates":[121.485123,25.137761]},"properties":{"name":"統一超商股份有限公司","address":"台北市北投區中央北路三段55號57號1樓","district":"北投區","city":"臺北市","result":"檢驗","types":"新北抽驗(製造端)、新北抽驗(販售端)","grade":""}},{"type":"Feature","geometry":{"type":"Point","coordinates":[121.508931,25.126079]},"properties":{"name":"統一超商股份有限公司","address":"台北市北投區公館路31號","district":"北投區","city":"臺北市","result":"檢驗","types":"新北抽驗(製造端)、新北抽驗(販售端)","grade":""}},{"type":"Feature","geometry":{"type":"Point","coordinates":[121.523694,25.113726]},"properties":{"name":"統一超商股份有限公司","address":"台北市北投區富貴一路3號1樓","district":"北投區","city":"臺北市","result":"檢驗","types":"新北抽驗(製造端)、新北抽驗(販售端)","grade":""}},{"type":"Feature","geometry":{"type":"Point","coordinates":[121.555734,24.980318]},"properties":{"name":"統一超商股份有限公司","address":"台北市文山區木新路三段351號353號1樓","district":"文山區","city":"臺北市","result":"檢驗","types":"新北抽驗(製造端)、新北抽驗(販售端)","grade":""}},{"type":"Feature","geometry":{"type":"Point","coordinates":[121.568897,24.986703]},"properties":{"name":"統一超商股份有限公司","address":"台北市文山區永安街22巷23號25號1樓","district":"文山區","city":"臺北市","result":"檢驗","types":"新北抽驗(製造端)、新北抽驗(販售端)","grade":""}},{"type":"Feature","geometry":{"type":"Point","coordinates":[121.562362,24.984512]},"properties":{"name":"統一超商股份有限公司","address":"台北市文山區忠順街二段10號1樓","district":"文山區","city":"臺北市","result":"檢驗","types":"新北抽驗(製造端)、新北抽驗(販售端)","grade":""}},{"type":"Feature","geometry":{"type":"Point","coordinates":[121.558119,24.981213]},"properties":{"name":"統一超商股份有限公司","address":"台北市文山區木新路三段276號","district":"文山區","city":"臺北市","result":"檢驗","types":"新北抽驗(製造端)、新北抽驗(販售端)","grade":""}},{"type":"Feature","geometry":{"type":"Point","coordinates":[121.564077,24.982579]},"properties":{"name":"統一超商股份有限公司","address":"台北市文山區木新路三段54號56號","district":"文山區","city":"臺北市","result":"檢驗","types":"新北抽驗(製造端)、新北抽驗(販售端)","grade":""}},{"type":"Feature","geometry":{"type":"Point","coordinates":[121.580304,25.070149]},"properties":{"name":"統一超商股份有限公司","address":"台北市內湖區瑞光路76巷59號1樓","district":"內湖區","city":"臺北市","result":"檢驗","types":"新北抽驗(製造端)、新北抽驗(販售端)","grade":""}},{"type":"Feature","geometry":{"type":"Point","coordinates":[121.562915,24.989107]},"properties":{"name":"統一超商股份有限公司","address":"台北市文山區木柵路二段157號","district":"文山區","city":"臺北市","result":"檢驗","types":"新北抽驗(製造端)、新北抽驗(販售端)","grade":""}},{"type":"Feature","geometry":{"type":"Point","coordinates":[121.566976,24.988535]},"properties":{"name":"統一超商股份有限公司","address":"台北市文山區木柵路三段88號","district":"文山區","city":"臺北市","result":"檢驗","types":"新北抽驗(製造端)、新北抽驗(販售端)","grade":""}},{"type":"Feature","geometry":{"type":"Point","coordinates":[121.566654,24.983141]},"properties":{"name":"統一超商股份有限公司","address":"台北市文山區木新路二段255號","district":"文山區","city":"臺北市","result":"檢驗","types":"新北抽驗(製造端)、新北抽驗(販售端)","grade":""}},{"type":"Feature","geometry":{"type":"Point","coordinates":[121.544095,24.988624]},"properties":{"name":"統一超商股份有限公司","address":"台北市文山區木柵路一段17巷1號1樓","district":"文山區","city":"臺北市","result":"檢驗","types":"新北抽驗(製造端)、新北抽驗(販售端)","grade":""}},{"type":"Feature","geometry":{"type":"Point","coordinates":[121.54848,24.997731]},"properties":{"name":"統一超商股份有限公司","address":"台北市文山區仙岩路18號18-118號18-2號1樓","district":"文山區","city":"臺北市","result":"檢驗","types":"新北抽驗(製造端)、新北抽驗(販售端)","grade":""}},{"type":"Feature","geometry":{"type":"Point","coordinates":[121.505493,25.135657]},"properties":{"name":"統一超商股份有限公司","address":"台北市北投區溫泉路73巷5號地下二樓之1","district":"北投區","city":"臺北市","result":"檢驗","types":"新北抽驗(製造端)、新北抽驗(販售端)","grade":""}},{"type":"Feature","geometry":{"type":"Point","coordinates":[121.501844,25.139094]},"properties":{"name":"統一超商股份有限公司","address":"台北市北投區中和街222號","district":"北投區","city":"臺北市","result":"檢驗","types":"新北抽驗(製造端)、新北抽驗(販售端)","grade":""}},{"type":"Feature","geometry":{"type":"Point","coordinates":[121.551355,25.002844]},"properties":{"name":"統一超商股份有限公司","address":"台北市文山區興旺里福興路20號","district":"文山區","city":"臺北市","result":"檢驗","types":"新北抽驗(製造端)、新北抽驗(販售端)","grade":""}},{"type":"Feature","geometry":{"type":"Point","coordinates":[121.537172,25.007839]},"properties":{"name":"統一超商股份有限公司","address":"台北市文山區汀州路四段88號行政大樓1樓","district":"文山區","city":"臺北市","result":"檢驗","types":"新北抽驗(製造端)、新北抽驗(販售端)","grade":""}},{"type":"Feature","geometry":{"type":"Point","coordinates":[121.602752,25.06772]},"properties":{"name":"統一超商股份有限公司","address":"台北市內湖區民權東路六段82號1樓","district":"內湖區","city":"臺北市","result":"檢驗","types":"新北抽驗(製造端)、新北抽驗(販售端)","grade":""}},{"type":"Feature","geometry":{"type":"Point","coordinates":[121.523431,25.122437]},"properties":{"name":"統一超商股份有限公司","address":"台北市北投區石牌路二段8號","district":"北投區","city":"臺北市","result":"檢驗","types":"新北抽驗(製造端)、新北抽驗(販售端)","grade":""}},{"type":"Feature","geometry":{"type":"Point","coordinates":[121.502828,25.118726]},"properties":{"name":"統一超商股份有限公司","address":"台北市北投區承德路七段378號","district":"北投區","city":"臺北市","result":"檢驗","types":"新北抽驗(製造端)、新北抽驗(販售端)","grade":""}},{"type":"Feature","geometry":{"type":"Point","coordinates":[121.501836,25.133297]},"properties":{"name":"統一超商股份有限公司","address":"台北市北投區光明路122號","district":"北投區","city":"臺北市","result":"檢驗","types":"新北抽驗(製造端)、新北抽驗(販售端)","grade":""}},{"type":"Feature","geometry":{"type":"Point","coordinates":[121.593219,25.066934]},"properties":{"name":"統一超商股份有限公司","address":"台北市內湖區民權東路六段180巷17號19號","district":"內湖區","city":"臺北市","result":"檢驗","types":"新北抽驗(製造端)、新北抽驗(販售端)","grade":""}},{"type":"Feature","geometry":{"type":"Point","coordinates":[121.512924,25.117478]},"properties":{"name":"統一超商股份有限公司","address":"台北市北投區致遠二路149號","district":"北投區","city":"臺北市","result":"檢驗","types":"新北抽驗(製造端)、新北抽驗(販售端)","grade":""}},{"type":"Feature","geometry":{"type":"Point","coordinates":[121.590351,25.06616]},"properties":{"name":"統一超商股份有限公司","address":"台北市內湖區成功路二段252號","district":"內湖區","city":"臺北市","result":"檢驗","types":"新北抽驗(製造端)、新北抽驗(販售端)","grade":""}},{"type":"Feature","geometry":{"type":"Point","coordinates":[121.584647,25.056876]},"properties":{"name":"統一超商股份有限公司","address":"台北市內湖區新明路317號","district":"內湖區","city":"臺北市","result":"檢驗","types":"新北抽驗(製造端)、新北抽驗(販售端)","grade":""}},{"type":"Feature","geometry":{"type":"Point","coordinates":[121.599662,25.085098]},"properties":{"name":"統一超商股份有限公司","address":"台北市內湖區成功路四段346號","district":"內湖區","city":"臺北市","result":"檢驗","types":"新北抽驗(製造端)、新北抽驗(販售端)","grade":""}},{"type":"Feature","geometry":{"type":"Point","coordinates":[121.510302,25.113159]},"properties":{"name":"統一超商股份有限公司","address":"台北市北投區石牌路一段37號","district":"北投區","city":"臺北市","result":"檢驗","types":"新北抽驗(製造端)、新北抽驗(販售端)","grade":""}},{"type":"Feature","geometry":{"type":"Point","coordinates":[121.578149,25.067786]},"properties":{"name":"統一超商股份有限公司","address":"台北市內湖區行愛路128號","district":"內湖區","city":"臺北市","result":"檢驗","types":"新北抽驗(製造端)、新北抽驗(販售端)","grade":""}},{"type":"Feature","geometry":{"type":"Point","coordinates":[121.499345,25.130072]},"properties":{"name":"統一超商股份有限公司","address":"台北市北投區大興街44號46號1樓","district":"北投區","city":"臺北市","result":"檢驗","types":"新北抽驗(製造端)、新北抽驗(販售端)","grade":""}},{"type":"Feature","geometry":{"type":"Point","coordinates":[121.567903,25.08232]},"properties":{"name":"統一超商股份有限公司","address":"台北市內湖區內湖路一段321號","district":"內湖區","city":"臺北市","result":"檢驗","types":"新北抽驗(製造端)、新北抽驗(販售端)","grade":""}},{"type":"Feature","geometry":{"type":"Point","coordinates":[121.61344,25.067605]},"properties":{"name":"統一超商股份有限公司","address":"台北市內湖區五分街33號35號1樓","district":"內湖區","city":"臺北市","result":"檢驗","types":"新北抽驗(製造端)、新北抽驗(販售端)","grade":""}},{"type":"Feature","geometry":{"type":"Point","coordinates":[121.495166,25.145286]},"properties":{"name":"統一超商股份有限公司","address":"台北市北投區中和街476號478號480號1樓","district":"北投區","city":"臺北市","result":"檢驗","types":"新北抽驗(製造端)、新北抽驗(販售端)","grade":""}},{"type":"Feature","geometry":{"type":"Point","coordinates":[121.599995,25.084511]},"properties":{"name":"統一超商股份有限公司","address":"台北市內湖區成功路四段359號1樓","district":"內湖區","city":"臺北市","result":"檢驗","types":"新北抽驗(製造端)、新北抽驗(販售端)","grade":""}},{"type":"Feature","geometry":{"type":"Point","coordinates":[121.577064,25.074873]},"properties":{"name":"統一超商股份有限公司","address":"台北市內湖區瑞光路196號","district":"內湖區","city":"臺北市","result":"檢驗","types":"新北抽驗(製造端)、新北抽驗(販售端)","grade":""}},{"type":"Feature","geometry":{"type":"Point","coordinates":[121.556639,25.004528]},"properties":{"name":"統一超商股份有限公司","address":"台北市文山區辛亥路四段132號","district":"文山區","city":"臺北市","result":"檢驗","types":"新北抽驗(製造端)、新北抽驗(販售端)","grade":""}},{"type":"Feature","geometry":{"type":"Point","coordinates":[121.570576,25.078082]},"properties":{"name":"統一超商股份有限公司","address":"台北市內湖區瑞光路406號1樓","district":"內湖區","city":"臺北市","result":"檢驗","types":"新北抽驗(製造端)、新北抽驗(販售端)","grade":""}},{"type":"Feature","geometry":{"type":"Point","coordinates":[121.472008,25.128341]},"properties":{"name":"統一超商股份有限公司","address":"台北市北投區立德路125號1樓","district":"北投區","city":"臺北市","result":"檢驗","types":"新北抽驗(製造端)、新北抽驗(販售端)","grade":""}},{"type":"Feature","geometry":{"type":"Point","coordinates":[121.493196,25.145117]},"properties":{"name":"統一超商股份有限公司","address":"台北市北投區中和街10號","district":"北投區","city":"臺北市","result":"檢驗","types":"新北抽驗(製造端)、新北抽驗(販售端)","grade":""}},{"type":"Feature","geometry":{"type":"Point","coordinates":[121.50147,25.126224]},"properties":{"name":"統一超商股份有限公司","address":"台北市北投區崇仁路一段76號","district":"北投區","city":"臺北市","result":"檢驗","types":"新北抽驗(製造端)、新北抽驗(販售端)","grade":""}},{"type":"Feature","geometry":{"type":"Point","coordinates":[121.559375,24.983129]},"properties":{"name":"統一超商股份有限公司","address":"台北市文山區忠順街一段26巷22號24號","district":"文山區","city":"臺北市","result":"檢驗","types":"新北抽驗(製造端)、新北抽驗(販售端)","grade":""}},{"type":"Feature","geometry":{"type":"Point","coordinates":[121.614114,25.068904]},"properties":{"name":"統一超商股份有限公司","address":"台北市內湖區東湖路45號","district":"內湖區","city":"臺北市","result":"檢驗","types":"新北抽驗(製造端)、新北抽驗(販售端)","grade":""}},{"type":"Feature","geometry":{"type":"Point","coordinates":[121.519405,25.109499]},"properties":{"name":"統一超商股份有限公司","address":"台北市北投區明德路99號","district":"北投區","city":"臺北市","result":"檢驗","types":"新北抽驗(製造端)、新北抽驗(販售端)","grade":""}},{"type":"Feature","geometry":{"type":"Point","coordinates":[121.52191,25.10984]},"properties":{"name":"統一超商股份有限公司","address":"台北市北投區明德路114號","district":"北投區","city":"臺北市","result":"檢驗","types":"新北抽驗(製造端)、新北抽驗(販售端)","grade":""}},{"type":"Feature","geometry":{"type":"Point","coordinates":[121.516911,25.114906]},"properties":{"name":"統一超商股份有限公司","address":"台北市北投區裕民一路40巷1號","district":"北投區","city":"臺北市","result":"檢驗","types":"新北抽驗(製造端)、新北抽驗(販售端)","grade":""}},{"type":"Feature","geometry":{"type":"Point","coordinates":[121.587589,25.067711]},"properties":{"name":"統一超商股份有限公司","address":"台北市內湖區民權東路六段120巷7弄8號","district":"內湖區","city":"臺北市","result":"檢驗","types":"新北抽驗(製造端)、新北抽驗(販售端)","grade":""}},{"type":"Feature","geometry":{"type":"Point","coordinates":[121.466139,25.119085]},"properties":{"name":"統一超商股份有限公司","address":"台北市北投區知行路185號1樓","district":"北投區","city":"臺北市","result":"檢驗","types":"新北抽驗(製造端)、新北抽驗(販售端)","grade":""}},{"type":"Feature","geometry":{"type":"Point","coordinates":[121.499944,25.140973]},"properties":{"name":"統一超商股份有限公司","address":"台北市北投區中和街314號316號1樓","district":"北投區","city":"臺北市","result":"檢驗","types":"新北抽驗(製造端)、新北抽驗(販售端)","grade":""}},{"type":"Feature","geometry":{"type":"Point","coordinates":[121.537889,25.061823]},"properties":{"name":"統一超商股份有限公司","address":"台北市中山區建國北路二段151巷8號1樓","district":"中山區","city":"臺北市","result":"檢驗","types":"新北抽驗(製造端)、新北抽驗(販售端)","grade":""}},{"type":"Feature","geometry":{"type":"Point","coordinates":[121.567702,25.079446]},"properties":{"name":"全家便利商店股份有限公司","address":"台北市內湖區瑞光路５１０號１樓","district":"內湖區","city":"臺北市","result":"檢驗","types":"新北抽驗(販售端)","grade":""}},{"type":"Feature","geometry":{"type":"Point","coordinates":[121.541683,25.026484]},"properties":{"name":"全家便利商店股份有限公司","address":"台北市大安區瑞安街１３５巷２８號１樓","district":"大安區","city":"臺北市","result":"檢驗","types":"新北抽驗(販售端)","grade":""}},{"type":"Feature","geometry":{"type":"Point","coordinates":[121.580852,25.069626]},"properties":{"name":"全家便利商店股份有限公司","address":"台北市內湖區瑞光路６６巷４０號","district":"內湖區","city":"臺北市","result":"檢驗","types":"新北抽驗(販售端)","grade":""}},{"type":"Feature","geometry":{"type":"Point","coordinates":[121.570283,25.080067]},"properties":{"name":"全家便利商店股份有限公司","address":"台北市內湖區港墘里瑞光路５１３巷３９號１樓","district":"內湖區","city":"臺北市","result":"檢驗","types":"新北抽驗(販售端)","grade":""}},{"type":"Feature","geometry":{"type":"Point","coordinates":[121.583502,25.077252]},"properties":{"name":"全家便利商店股份有限公司","address":"台北市內湖區文德路９０巷４９號","district":"內湖區","city":"臺北市","result":"檢驗","types":"新北抽驗(販售端)","grade":""}},{"type":"Feature","geometry":{"type":"Point","coordinates":[121.575899,25.075918]},"properties":{"name":"全家便利商店股份有限公司","address":"台北市內湖區瑞光路３０３號","district":"內湖區","city":"臺北市","result":"檢驗","types":"新北抽驗(販售端)","grade":""}},{"type":"Feature","geometry":{"type":"Point","coordinates":[121.508068,25.045282]},"properties":{"name":"全家便利商店股份有限公司","address":"台北市萬華區漢口街二段２２號","district":"萬華區","city":"臺北市","result":"檢驗","types":"新北抽驗(販售端)","grade":""}},{"type":"Feature","geometry":{"type":"Point","coordinates":[121.520148,25.05772]},"properties":{"name":"全家便利商店股份有限公司","address":"台北市大同區民生西路６３號","district":"大同區","city":"臺北市","result":"檢驗","types":"新北抽驗(販售端)","grade":""}},{"type":"Feature","geometry":{"type":"Point","coordinates":[121.506261,25.043541]},"properties":{"name":"全家便利商店股份有限公司","address":"台北市萬華區西寧南路１５５號１樓","district":"萬華區","city":"臺北市","result":"檢驗","types":"新北抽驗(販售端)","grade":""}},{"type":"Feature","geometry":{"type":"Point","coordinates":[121.536877,25.002189]},"properties":{"name":"全家便利商店股份有限公司","address":"台北市文山區羅斯福路五段２１８巷３８弄２號１樓","district":"文山區","city":"臺北市","result":"檢驗","types":"新北抽驗(販售端)","grade":""}},{"type":"Feature","geometry":{"type":"Point","coordinates":[121.498035,25.022374]},"properties":{"name":"全家便利商店股份有限公司","address":"台北市萬華區東園街１７４號１樓","district":"萬華區","city":"臺北市","result":"檢驗","types":"新北抽驗(販售端)","grade":""}},{"type":"Feature","geometry":{"type":"Point","coordinates":[121.507395,25.043497]},"properties":{"name":"全家便利商店股份有限公司","address":"台北市萬華區峨眉街２１號１樓","district":"萬華區","city":"臺北市","result":"檢驗","types":"新北抽驗(販售端)","grade":""}},{"type":"Feature","geometry":{"type":"Point","coordinates":[121.49942,25.035014]},"properties":{"name":"全家便利商店股份有限公司","address":"台北市萬華區西園路一段１５９號壹樓","district":"萬華區","city":"臺北市","result":"檢驗","types":"新北抽驗(販售端)","grade":""}},{"type":"Feature","geometry":{"type":"Point","coordinates":[121.54137,25.004221]},"properties":{"name":"全家便利商店股份有限公司","address":"台北市文山區興隆路一段５５巷２７弄１－４號","district":"文山區","city":"臺北市","result":"檢驗","types":"新北抽驗(販售端)","grade":""}},{"type":"Feature","geometry":{"type":"Point","coordinates":[121.555911,25.035094]},"properties":{"name":"全家便利商店股份有限公司","address":"台北市大安區信義路四段８８號（部分）","district":"大安區","city":"臺北市","result":"檢驗","types":"新北抽驗(販售端)","grade":""}},{"type":"Feature","geometry":{"type":"Point","coordinates":[121.554206,25.03378]},"properties":{"name":"全家便利商店股份有限公司","address":"台北市大安區信義路四段２６５巷８號","district":"大安區","city":"臺北市","result":"檢驗","types":"新北抽驗(販售端)","grade":""}},{"type":"Feature","geometry":{"type":"Point","coordinates":[121.554184,25.03263]},"properties":{"name":"全家便利商店股份有限公司","address":"台北市大安區信義路４段１之１０．１之１１號","district":"大安區","city":"臺北市","result":"檢驗","types":"新北抽驗(販售端)","grade":""}},{"type":"Feature","geometry":{"type":"Point","coordinates":[121.509485,25.085597]},"properties":{"name":"全家便利商店股份有限公司","address":"台北市士林區延平北路五段２８３之１號","district":"士林區","city":"臺北市","result":"檢驗","types":"新北抽驗(販售端)","grade":""}},{"type":"Feature","geometry":{"type":"Point","coordinates":[121.547358,24.987109]},"properties":{"name":"全家便利商店股份有限公司","address":"台北市文山區木柵路一段９１號９３號一樓","district":"文山區","city":"臺北市","result":"檢驗","types":"新北抽驗(販售端)","grade":""}},{"type":"Feature","geometry":{"type":"Point","coordinates":[121.532408,25.115125]},"properties":{"name":"全家便利商店股份有限公司","address":"台北市士林區忠誠路二段５號１樓","district":"士林區","city":"臺北市","result":"檢驗","types":"新北抽驗(販售端)","grade":""}},{"type":"Feature","geometry":{"type":"Point","coordinates":[121.534919,25.064795]},"properties":{"name":"全家便利商店股份有限公司","address":"台北市中山區農安街２４９號","district":"中山區","city":"臺北市","result":"檢驗","types":"新北抽驗(販售端)","grade":""}},{"type":"Feature","geometry":{"type":"Point","coordinates":[121.515115,25.055831]},"properties":{"name":"全家便利商店股份有限公司","address":"台北市大同區寧夏路２８，３０，２８—１，２８—２號","district":"大同區","city":"臺北市","result":"檢驗","types":"新北抽驗(販售端)","grade":""}},{"type":"Feature","geometry":{"type":"Point","coordinates":[121.515137,25.112417]},"properties":{"name":"全家便利商店股份有限公司","address":"台北市北投區石牌路一段１６６巷９３號","district":"北投區","city":"臺北市","result":"檢驗","types":"新北抽驗(販售端)","grade":""}},{"type":"Feature","geometry":{"type":"Point","coordinates":[121.540872,25.06585]},"properties":{"name":"全家便利商店股份有限公司","address":"台北市中山區龍江路３５２號","district":"中山區","city":"臺北市","result":"檢驗","types":"新北抽驗(販售端)","grade":""}},{"type":"Feature","geometry":{"type":"Point","coordinates":[121.527966,25.115071]},"properties":{"name":"全家便利商店股份有限公司","address":"台北市士林區中山北路六段７２６號北側","district":"士林區","city":"臺北市","result":"檢驗","types":"新北抽驗(販售端)","grade":""}},{"type":"Feature","geometry":{"type":"Point","coordinates":[121.507313,25.041722]},"properties":{"name":"全家便利商店股份有限公司","address":"台北市萬華區漢中街１３９號１樓","district":"萬華區","city":"臺北市","result":"檢驗","types":"新北抽驗(販售端)","grade":""}},{"type":"Feature","geometry":{"type":"Point","coordinates":[121.514382,25.045087]},"properties":{"name":"全家便利商店股份有限公司","address":"台北市中正區漢口街一段１８號","district":"中正區","city":"臺北市","result":"檢驗","types":"新北抽驗(販售端)","grade":""}},{"type":"Feature","geometry":{"type":"Point","coordinates":[121.573315,25.080997]},"properties":{"name":"全家便利商店股份有限公司","address":"台北市內湖區內湖路一段５９３號一樓及地下室","district":"內湖區","city":"臺北市","result":"檢驗","types":"新北抽驗(販售端)","grade":""}},{"type":"Feature","geometry":{"type":"Point","coordinates":[121.519882,25.05014]},"properties":{"name":"全家便利商店股份有限公司","address":"台北市大同區長安西路５４號１樓","district":"大同區","city":"臺北市","result":"檢驗","types":"新北抽驗(販售端)","grade":""}},{"type":"Feature","geometry":{"type":"Point","coordinates":[121.526002,25.095181]},"properties":{"name":"全家便利商店股份有限公司","address":"台北市士林區福林里中正路２３３號，２３３之１號","district":"士林區","city":"臺北市","result":"檢驗","types":"新北抽驗(販售端)","grade":""}},{"type":"Feature","geometry":{"type":"Point","coordinates":[121.524304,25.057934]},"properties":{"name":"全家便利商店股份有限公司","address":"台北市中山區民生東路一段３６號１樓","district":"中山區","city":"臺北市","result":"檢驗","types":"新北抽驗(販售端)","grade":""}},{"type":"Feature","geometry":{"type":"Point","coordinates":[121.517764,25.085184]},"properties":{"name":"全家便利商店股份有限公司","address":"台北市士林區前港街１２６號","district":"士林區","city":"臺北市","result":"檢驗","types":"新北抽驗(販售端)","grade":""}},{"type":"Feature","geometry":{"type":"Point","coordinates":[121.515808,25.062765]},"properties":{"name":"全家便利商店股份有限公司","address":"台北市大同區民權西路１４６號","district":"大同區","city":"臺北市","result":"檢驗","types":"新北抽驗(販售端)","grade":""}},{"type":"Feature","geometry":{"type":"Point","coordinates":[121.566792,25.078226]},"properties":{"name":"全家便利商店股份有限公司","address":"台北市內湖區堤頂大道二段２４１號壹樓","district":"內湖區","city":"臺北市","result":"檢驗","types":"新北抽驗(販售端)","grade":""}},{"type":"Feature","geometry":{"type":"Point","coordinates":[121.49233,25.032915]},"properties":{"name":"全家便利商店股份有限公司","address":"台北市萬華區環河南路二段１７３號","district":"萬華區","city":"臺北市","result":"檢驗","types":"新北抽驗(販售端)","grade":""}},{"type":"Feature","geometry":{"type":"Point","coordinates":[121.525424,25.057011]},"properties":{"name":"全家便利商店股份有限公司","address":"台北市中山區中山北路二段１３７巷３４號１樓","district":"中山區","city":"臺北市","result":"檢驗","types":"新北抽驗(販售端)","grade":""}},{"type":"Feature","geometry":{"type":"Point","coordinates":[121.526708,25.041687]},"properties":{"name":"全家便利商店股份有限公司","address":"台北市中正區濟南路二段３－７號１樓","district":"中正區","city":"臺北市","result":"檢驗","types":"新北抽驗(販售端)","grade":""}},{"type":"Feature","geometry":{"type":"Point","coordinates":[121.528459,25.110398]},"properties":{"name":"全家便利商店股份有限公司","address":"台北市士林區德行東路１０９巷３號","district":"士林區","city":"臺北市","result":"檢驗","types":"新北抽驗(販售端)","grade":""}},{"type":"Feature","geometry":{"type":"Point","coordinates":[121.528477,25.110005]},"properties":{"name":"全家便利商店股份有限公司","address":"台北市士林區德行東路１０９巷７５號壹樓","district":"士林區","city":"臺北市","result":"檢驗","types":"新北抽驗(販售端)","grade":""}},{"type":"Feature","geometry":{"type":"Point","coordinates":[121.531943,25.066636]},"properties":{"name":"全家便利商店股份有限公司","address":"台北市中山區德惠街１７３號","district":"中山區","city":"臺北市","result":"檢驗","types":"新北抽驗(販售端)","grade":""}},{"type":"Feature","geometry":{"type":"Point","coordinates":[121.530302,25.066706]},"properties":{"name":"全家便利商店股份有限公司","address":"台北市中山區吉林路４４８號","district":"中山區","city":"臺北市","result":"檢驗","types":"新北抽驗(販售端)","grade":""}},{"type":"Feature","geometry":{"type":"Point","coordinates":[121.580561,25.077142]},"properties":{"name":"全家便利商店股份有限公司","address":"台北市內湖區文德路２２巷２５號","district":"內湖區","city":"臺北市","result":"檢驗","types":"新北抽驗(販售端)","grade":""}},{"type":"Feature","geometry":{"type":"Point","coordinates":[121.544902,25.052735]},"properties":{"name":"全家便利商店股份有限公司","address":"台北市松山區中正里慶城街８號","district":"松山區","city":"臺北市","result":"檢驗","types":"新北抽驗(販售端)","grade":""}},{"type":"Feature","geometry":{"type":"Point","coordinates":[121.513744,25.06276]},"properties":{"name":"全家便利商店股份有限公司","address":"台北市大同區重慶北路二段２６３號１樓","district":"大同區","city":"臺北市","result":"檢驗","types":"新北抽驗(販售端)","grade":""}},{"type":"Feature","geometry":{"type":"Point","coordinates":[121.520856,25.063535]},"properties":{"name":"全家便利商店股份有限公司","address":"台北市中山區撫順街１２之２號１樓","district":"中山區","city":"臺北市","result":"檢驗","types":"新北抽驗(販售端)","grade":""}},{"type":"Feature","geometry":{"type":"Point","coordinates":[121.550105,25.028186]},"properties":{"name":"全家便利商店股份有限公司","address":"台北市大安區安和路二段１６９號","district":"大安區","city":"臺北市","result":"檢驗","types":"新北抽驗(販售端)","grade":""}},{"type":"Feature","geometry":{"type":"Point","coordinates":[121.558509,25.079576]},"properties":{"name":"全家便利商店股份有限公司","address":"台北市中山區樂群二路１８６號","district":"中山區","city":"臺北市","result":"檢驗","types":"新北抽驗(販售端)","grade":""}},{"type":"Feature","geometry":{"type":"Point","coordinates":[121.543944,25.039103]},"properties":{"name":"全家便利商店股份有限公司","address":"台北市大安區復興南路一段２１７號","district":"大安區","city":"臺北市","result":"檢驗","types":"新北抽驗(販售端)","grade":""}},{"type":"Feature","geometry":{"type":"Point","coordinates":[121.54506,25.063459]},"properties":{"name":"全家便利商店股份有限公司","address":"台北市松山區民權東路三段１０３巷１５—１號","district":"松山區","city":"臺北市","result":"檢驗","types":"新北抽驗(販售端)","grade":""}},{"type":"Feature","geometry":{"type":"Point","coordinates":[121.542324,25.056199]},"properties":{"name":"全家便利商店股份有限公司","address":"台北市中山區興安街５７號","district":"中山區","city":"臺北市","result":"檢驗","types":"新北抽驗(販售端)","grade":""}},{"type":"Feature","geometry":{"type":"Point","coordinates":[121.543699,25.028317]},"properties":{"name":"全家便利商店股份有限公司","address":"台北市大安區復興南路二段１５３號","district":"大安區","city":"臺北市","result":"檢驗","types":"新北抽驗(販售端)","grade":""}},{"type":"Feature","geometry":{"type":"Point","coordinates":[121.543494,25.039692]},"properties":{"name":"全家便利商店股份有限公司","address":"台北市大安區復興南路一段２００號","district":"大安區","city":"臺北市","result":"檢驗","types":"新北抽驗(販售端)","grade":""}},{"type":"Feature","geometry":{"type":"Point","coordinates":[121.554599,24.984278]},"properties":{"name":"全家便利商店股份有限公司","address":"台北市文山區辛亥路４段１０１巷１號","district":"文山區","city":"臺北市","result":"檢驗","types":"新北抽驗(販售端)","grade":""}},{"type":"Feature","geometry":{"type":"Point","coordinates":[121.544738,25.029649]},"properties":{"name":"全家便利商店股份有限公司","address":"台北市大安區復興南路二段８，１０號","district":"大安區","city":"臺北市","result":"檢驗","types":"新北抽驗(販售端)","grade":""}},{"type":"Feature","geometry":{"type":"Point","coordinates":[121.575146,24.987869]},"properties":{"name":"全家便利商店股份有限公司","address":"台北市文山區指南路二段８３號壹＋貳樓","district":"文山區","city":"臺北市","result":"檢驗","types":"新北抽驗(販售端)","grade":""}},{"type":"Feature","geometry":{"type":"Point","coordinates":[121.560816,24.986468]},"properties":{"name":"全家便利商店股份有限公司","address":"台北市文山區興隆路四段５０之１號","district":"文山區","city":"臺北市","result":"檢驗","types":"新北抽驗(販售端)","grade":""}},{"type":"Feature","geometry":{"type":"Point","coordinates":[121.605696,25.055929]},"properties":{"name":"全家便利商店股份有限公司","address":"台北市南港區興華路８６號","district":"南港區","city":"臺北市","result":"檢驗","types":"新北抽驗(販售端)","grade":""}},{"type":"Feature","geometry":{"type":"Point","coordinates":[121.552264,25.000416]},"properties":{"name":"全家便利商店股份有限公司","address":"台北市文山區興業里興隆路二段２２０巷３３號","district":"文山區","city":"臺北市","result":"檢驗","types":"新北抽驗(販售端)","grade":""}},{"type":"Feature","geometry":{"type":"Point","coordinates":[121.552697,25.001637]},"properties":{"name":"全家便利商店股份有限公司","address":"台北市文山區興隆路二段２７９號","district":"文山區","city":"臺北市","result":"檢驗","types":"新北抽驗(販售端)","grade":""}},{"type":"Feature","geometry":{"type":"Point","coordinates":[121.542413,25.048188]},"properties":{"name":"全家便利商店股份有限公司","address":"台北市中山區長安東路二段２１６號","district":"中山區","city":"臺北市","result":"檢驗","types":"新北抽驗(販售端)","grade":""}},{"type":"Feature","geometry":{"type":"Point","coordinates":[121.535439,25.060658]},"properties":{"name":"全家便利商店股份有限公司","address":"台北市中山區民權東路二段１５２巷１４號","district":"中山區","city":"臺北市","result":"檢驗","types":"新北抽驗(販售端)","grade":""}},{"type":"Feature","geometry":{"type":"Point","coordinates":[121.532195,25.06039]},"properties":{"name":"全家便利商店股份有限公司","address":"台北市中山區錦州街２１５號","district":"中山區","city":"臺北市","result":"檢驗","types":"新北抽驗(販售端)","grade":""}},{"type":"Feature","geometry":{"type":"Point","coordinates":[121.520318,25.060036]},"properties":{"name":"全家便利商店股份有限公司","address":"台北市中山區錦西街８號","district":"中山區","city":"臺北市","result":"檢驗","types":"新北抽驗(販售端)","grade":""}},{"type":"Feature","geometry":{"type":"Point","coordinates":[121.539493,25.084965]},"properties":{"name":"全家便利商店股份有限公司","address":"台北市中山區中原街１０１號１樓","district":"中山區","city":"臺北市","result":"檢驗","types":"新北抽驗(販售端)","grade":""}},{"type":"Feature","geometry":{"type":"Point","coordinates":[121.525474,25.056172]},"properties":{"name":"全家便利商店股份有限公司","address":"台北市中山區林森北路４２８號１樓","district":"中山區","city":"臺北市","result":"檢驗","types":"新北抽驗(販售端)","grade":""}},{"type":"Feature","geometry":{"type":"Point","coordinates":[121.546576,24.999243]},"properties":{"name":"全家便利商店股份有限公司","address":"台北市文山區興隆路二段７５號壹樓","district":"文山區","city":"臺北市","result":"檢驗","types":"新北抽驗(販售端)","grade":""}},{"type":"Feature","geometry":{"type":"Point","coordinates":[121.532471,25.015775]},"properties":{"name":"全家便利商店股份有限公司","address":"台北市中正區羅斯福路三段３１６巷８弄１號１樓","district":"中正區","city":"臺北市","result":"檢驗","types":"新北抽驗(販售端)","grade":""}},{"type":"Feature","geometry":{"type":"Point","coordinates":[121.61258,25.053227]},"properties":{"name":"全家便利商店股份有限公司","address":"台北市大安區忠孝東路４段１７０巷６弄２號","district":"大安區","city":"臺北市","result":"檢驗","types":"新北抽驗(販售端)","grade":""}},{"type":"Feature","geometry":{"type":"Point","coordinates":[121.533313,25.040465]},"properties":{"name":"全家便利商店股份有限公司","address":"台北市大安區濟南路３段７號","district":"大安區","city":"臺北市","result":"檢驗","types":"新北抽驗(販售端)","grade":""}},{"type":"Feature","geometry":{"type":"Point","coordinates":[121.490682,25.031473]},"properties":{"name":"全家便利商店股份有限公司","address":"台北市萬華區環河南路二段２９８號","district":"萬華區","city":"臺北市","result":"檢驗","types":"新北抽驗(販售端)","grade":""}},{"type":"Feature","geometry":{"type":"Point","coordinates":[121.563518,25.042339]},"properties":{"name":"全家便利商店股份有限公司","address":"台北市信義區忠孝東路四段５５３巷６弄１７號１樓","district":"信義區","city":"臺北市","result":"檢驗","types":"新北抽驗(販售端)","grade":""}},{"type":"Feature","geometry":{"type":"Point","coordinates":[121.51487,25.046795]},"properties":{"name":"全家便利商店股份有限公司","address":"台北市中正區忠孝西路一段１００號","district":"中正區","city":"臺北市","result":"檢驗","types":"新北抽驗(販售端)","grade":""}},{"type":"Feature","geometry":{"type":"Point","coordinates":[121.546354,25.056963]},"properties":{"name":"全家便利商店股份有限公司","address":"台北市松山區民生東路三段１３０巷５弄２號","district":"松山區","city":"臺北市","result":"檢驗","types":"新北抽驗(販售端)","grade":""}},{"type":"Feature","geometry":{"type":"Point","coordinates":[121.546047,25.058577]},"properties":{"name":"全家便利商店股份有限公司","address":"台北市松山區民生東路三段１１３巷６弄１號一樓","district":"松山區","city":"臺北市","result":"檢驗","types":"新北抽驗(販售端)","grade":""}},{"type":"Feature","geometry":{"type":"Point","coordinates":[121.547107,25.057012]},"properties":{"name":"全家便利商店股份有限公司","address":"台北市松山區民生東路三段１３０巷５弄２２號","district":"松山區","city":"臺北市","result":"檢驗","types":"新北抽驗(販售端)","grade":""}},{"type":"Feature","geometry":{"type":"Point","coordinates":[121.52432,25.063201]},"properties":{"name":"全家便利商店股份有限公司","address":"台北市中山區雙城街２之２號","district":"中山區","city":"臺北市","result":"檢驗","types":"新北抽驗(販售端)","grade":""}},{"type":"Feature","geometry":{"type":"Point","coordinates":[121.52422,25.064625]},"properties":{"name":"全家便利商店股份有限公司","address":"台北市中山區雙城街１２之１號","district":"中山區","city":"臺北市","result":"檢驗","types":"新北抽驗(販售端)","grade":""}},{"type":"Feature","geometry":{"type":"Point","coordinates":[121.544277,25.03012]},"properties":{"name":"全家便利商店股份有限公司","address":"台北市大安區復興南路１段７０號","district":"大安區","city":"臺北市","result":"檢驗","types":"新北抽驗(販售端)","grade":""}},{"type":"Feature","geometry":{"type":"Point","coordinates":[121.521923,25.028093]},"properties":{"name":"全家便利商店股份有限公司","address":"台北市大安區羅斯福路二段１７號１Ｆ","district":"大安區","city":"臺北市","result":"檢驗","types":"新北抽驗(販售端)","grade":""}},{"type":"Feature","geometry":{"type":"Point","coordinates":[121.540953,24.995701]},"properties":{"name":"全家便利商店股份有限公司","address":"台北市文山區羅斯福路六段１４６－１號","district":"文山區","city":"臺北市","result":"檢驗","types":"新北抽驗(販售端)","grade":""}},{"type":"Feature","geometry":{"type":"Point","coordinates":[121.530747,25.019036]},"properties":{"name":"全家便利商店股份有限公司","address":"台北市大安區羅斯福路三段２６９巷２號","district":"大安區","city":"臺北市","result":"檢驗","types":"新北抽驗(販售端)","grade":""}},{"type":"Feature","geometry":{"type":"Point","coordinates":[121.579111,25.080341]},"properties":{"name":"全家便利商店股份有限公司","address":"台北市內湖區內湖路一段７３７巷４９號","district":"內湖區","city":"臺北市","result":"檢驗","types":"新北抽驗(販售端)","grade":""}},{"type":"Feature","geometry":{"type":"Point","coordinates":[121.494719,25.022682]},"properties":{"name":"全家便利商店股份有限公司","address":"台北市萬華區寶興街４０號","district":"萬華區","city":"臺北市","result":"檢驗","types":"新北抽驗(販售端)","grade":""}},{"type":"Feature","geometry":{"type":"Point","coordinates":[121.572489,25.049762]},"properties":{"name":"全家便利商店股份有限公司","address":"台北市松山區八德路四段５９８號１樓","district":"松山區","city":"臺北市","result":"檢驗","types":"新北抽驗(販售端)","grade":""}},{"type":"Feature","geometry":{"type":"Point","coordinates":[121.508858,25.039569]},"properties":{"name":"全家便利商店股份有限公司","address":"台北市中正區延平南路１１１號","district":"中正區","city":"臺北市","result":"檢驗","types":"新北抽驗(販售端)","grade":""}},{"type":"Feature","geometry":{"type":"Point","coordinates":[121.492616,25.028956]},"properties":{"name":"全家便利商店股份有限公司","address":"台北市萬華區寶興街７８號","district":"萬華區","city":"臺北市","result":"檢驗","types":"新北抽驗(販售端)","grade":""}},{"type":"Feature","geometry":{"type":"Point","coordinates":[121.515971,25.070593]},"properties":{"name":"全家便利商店股份有限公司","address":"台北市大同區大龍街２１７號１樓","district":"大同區","city":"臺北市","result":"檢驗","types":"新北抽驗(販售端)","grade":""}},{"type":"Feature","geometry":{"type":"Point","coordinates":[121.613703,25.075513]},"properties":{"name":"全家便利商店股份有限公司","address":"台北市內湖區康寧路三段７５巷１３７號","district":"內湖區","city":"臺北市","result":"檢驗","types":"新北抽驗(販售端)","grade":""}},{"type":"Feature","geometry":{"type":"Point","coordinates":[121.506336,25.120465]},"properties":{"name":"全家便利商店股份有限公司","address":"台北市北投區西安街二段２８３號","district":"北投區","city":"臺北市","result":"檢驗","types":"新北抽驗(販售端)","grade":""}},{"type":"Feature","geometry":{"type":"Point","coordinates":[121.49506,25.02688]},"properties":{"name":"全家便利商店股份有限公司","address":"台北市萬華區東園街２８巷３４號","district":"萬華區","city":"臺北市","result":"檢驗","types":"新北抽驗(販售端)","grade":""}},{"type":"Feature","geometry":{"type":"Point","coordinates":[121.531434,25.04798]},"properties":{"name":"全家便利商店股份有限公司","address":"台北市中山區新生北路一段１１６號","district":"中山區","city":"臺北市","result":"檢驗","types":"新北抽驗(販售端)","grade":""}},{"type":"Feature","geometry":{"type":"Point","coordinates":[121.562601,24.984552]},"properties":{"name":"全家便利商店股份有限公司","address":"台北市文山區忠順街二段１６號","district":"文山區","city":"臺北市","result":"檢驗","types":"新北抽驗(販售端)","grade":""}},{"type":"Feature","geometry":{"type":"Point","coordinates":[121.546568,25.048044]},"properties":{"name":"全家便利商店股份有限公司","address":"台北市松山區八德路二段４００號","district":"松山區","city":"臺北市","result":"檢驗","types":"新北抽驗(販售端)","grade":""}},{"type":"Feature","geometry":{"type":"Point","coordinates":[121.538007,25.065932]},"properties":{"name":"全家便利商店股份有限公司","address":"台北市中山區龍江路３５６巷７２號","district":"中山區","city":"臺北市","result":"檢驗","types":"新北抽驗(販售端)","grade":""}},{"type":"Feature","geometry":{"type":"Point","coordinates":[121.555181,24.999989]},"properties":{"name":"全家便利商店股份有限公司","address":"台北市文山區興隆路三段３６巷９弄１０號","district":"文山區","city":"臺北市","result":"檢驗","types":"新北抽驗(販售端)","grade":""}},{"type":"Feature","geometry":{"type":"Point","coordinates":[121.515793,25.046433]},"properties":{"name":"全家便利商店股份有限公司","address":"台北市中正區忠孝西路一段５０號１樓","district":"中正區","city":"臺北市","result":"檢驗","types":"新北抽驗(販售端)","grade":""}},{"type":"Feature","geometry":{"type":"Point","coordinates":[121.509695,25.113524]},"properties":{"name":"全家便利商店股份有限公司","address":"台北市北投區石牌路２段８８之１號１樓","district":"北投區","city":"臺北市","result":"檢驗","types":"新北抽驗(販售端)","grade":""}},{"type":"Feature","geometry":{"type":"Point","coordinates":[121.522152,25.039984]},"properties":{"name":"全家便利商店股份有限公司","address":"台北市中正區林森南路５７．５９號","district":"中正區","city":"臺北市","result":"檢驗","types":"新北抽驗(販售端)","grade":""}},{"type":"Feature","geometry":{"type":"Point","coordinates":[121.53492,25.048525]},"properties":{"name":"全家便利商店股份有限公司","address":"台北市中山區長安東路二段９９號１樓及２樓","district":"中山區","city":"臺北市","result":"檢驗","types":"新北抽驗(販售端)","grade":""}},{"type":"Feature","geometry":{"type":"Point","coordinates":[121.550928,25.051424]},"properties":{"name":"全家便利商店股份有限公司","address":"台北市松山區南京東路四段２號（１６、１７號店舖）","district":"松山區","city":"臺北市","result":"檢驗","types":"新北抽驗(販售端)","grade":""}},{"type":"Feature","geometry":{"type":"Point","coordinates":[121.540136,25.001324]},"properties":{"name":"全家便利商店股份有限公司","address":"台北市文山區羅斯福路五段２６９巷１１號","district":"文山區","city":"臺北市","result":"檢驗","types":"新北抽驗(販售端)","grade":""}},{"type":"Feature","geometry":{"type":"Point","coordinates":[121.513758,25.042414]},"properties":{"name":"全家便利商店股份有限公司","address":"台北市中正區衡陽路７號１樓部分（如附圖）","district":"中正區","city":"臺北市","result":"檢驗","types":"新北抽驗(販售端)","grade":""}},{"type":"Feature","geometry":{"type":"Point","coordinates":[121.535887,25.058114]},"properties":{"name":"全家便利商店股份有限公司","address":"台北市中山區民生東路二段１５５號","district":"中山區","city":"臺北市","result":"檢驗","types":"新北抽驗(販售端)","grade":""}},{"type":"Feature","geometry":{"type":"Point","coordinates":[121.560502,24.984386]},"properties":{"name":"全家便利商店股份有限公司","address":"台北市文山區忠順街一段１３１號","district":"文山區","city":"臺北市","result":"檢驗","types":"新北抽驗(販售端)","grade":""}},{"type":"Feature","geometry":{"type":"Point","coordinates":[121.500577,25.122469]},"properties":{"name":"全家便利商店股份有限公司","address":"台北市北投區中央南路２段１５號１樓","district":"北投區","city":"臺北市","result":"檢驗","types":"新北抽驗(販售端)","grade":""}},{"type":"Feature","geometry":{"type":"Point","coordinates":[121.564085,25.054336]},"properties":{"name":"全家便利商店股份有限公司","address":"台北市松山區健康路２８５號１樓","district":"松山區","city":"臺北市","result":"檢驗","types":"新北抽驗(販售端)","grade":""}},{"type":"Feature","geometry":{"type":"Point","coordinates":[121.577154,24.987476]},"properties":{"name":"全家便利商店股份有限公司","address":"台北市文山區指南路二段１４５號１樓","district":"文山區","city":"臺北市","result":"檢驗","types":"新北抽驗(販售端)","grade":""}},{"type":"Feature","geometry":{"type":"Point","coordinates":[121.525381,25.057871]},"properties":{"name":"全家便利商店股份有限公司","address":"台北市中山區林森北路３７６號１樓","district":"中山區","city":"臺北市","result":"檢驗","types":"新北抽驗(販售端)","grade":""}},{"type":"Feature","geometry":{"type":"Point","coordinates":[121.568647,25.043104]},"properties":{"name":"全家便利商店股份有限公司","address":"台北市信義區永吉路３０巷１１８號１樓","district":"信義區","city":"臺北市","result":"檢驗","types":"新北抽驗(販售端)","grade":""}},{"type":"Feature","geometry":{"type":"Point","coordinates":[121.519752,25.029427]},"properties":{"name":"全家便利商店股份有限公司","address":"台北市中正區福州街１０號１樓（部份）","district":"中正區","city":"臺北市","result":"檢驗","types":"新北抽驗(販售端)","grade":""}},{"type":"Feature","geometry":{"type":"Point","coordinates":[121.500404,25.036733]},"properties":{"name":"全家便利商店股份有限公司","address":"台北市萬華區廣州街２０３號１．２樓","district":"萬華區","city":"臺北市","result":"檢驗","types":"新北抽驗(販售端)","grade":""}},{"type":"Feature","geometry":{"type":"Point","coordinates":[121.533006,25.063776]},"properties":{"name":"全家便利商店股份有限公司","address":"台北市中山區松江路４００號１樓及地下室","district":"中山區","city":"臺北市","result":"檢驗","types":"新北抽驗(販售端)","grade":""}},{"type":"Feature","geometry":{"type":"Point","coordinates":[121.572938,25.07947]},"properties":{"name":"全家便利商店股份有限公司","address":"台北市內湖區洲子街６１號１樓（部份）","district":"內湖區","city":"臺北市","result":"檢驗","types":"新北抽驗(販售端)","grade":""}},{"type":"Feature","geometry":{"type":"Point","coordinates":[121.522831,25.060033]},"properties":{"name":"全家便利商店股份有限公司","address":"台北市中山區中山北路二段４４號１樓部份","district":"中山區","city":"臺北市","result":"檢驗","types":"新北抽驗(販售端)","grade":""}},{"type":"Feature","geometry":{"type":"Point","coordinates":[121.510162,25.051939]},"properties":{"name":"全家便利商店股份有限公司","address":"台北市大同區長安西路３４２號１樓","district":"大同區","city":"臺北市","result":"檢驗","types":"新北抽驗(販售端)","grade":""}},{"type":"Feature","geometry":{"type":"Point","coordinates":[121.556926,25.029379]},"properties":{"name":"全家便利商店股份有限公司","address":"台北市大安區臨江街２巷２號","district":"大安區","city":"臺北市","result":"檢驗","types":"新北抽驗(販售端)","grade":""}},{"type":"Feature","geometry":{"type":"Point","coordinates":[121.538836,25.009182]},"properties":{"name":"全家便利商店股份有限公司","address":"台北市大安區羅斯福路四段１號（女九餐廳）","district":"大安區","city":"臺北市","result":"檢驗","types":"新北抽驗(販售端)","grade":""}},{"type":"Feature","geometry":{"type":"Point","coordinates":[121.607496,25.052571]},"properties":{"name":"全家便利商店股份有限公司","address":"台北市南港區忠孝東路七段３７１號Ｂ２","district":"南港區","city":"臺北市","result":"檢驗","types":"新北抽驗(販售端)","grade":""}},{"type":"Feature","geometry":{"type":"Point","coordinates":[121.531484,25.112413]},"properties":{"name":"全家便利商店股份有限公司","address":"台北市士林區士東路８６號壹樓","district":"士林區","city":"臺北市","result":"檢驗","types":"新北抽驗(販售端)","grade":""}},{"type":"Feature","geometry":{"type":"Point","coordinates":[121.592498,25.082717]},"properties":{"name":"全家便利商店股份有限公司","address":"台北市內湖區成功路四段６２號１樓及Ｂ１","district":"內湖區","city":"臺北市","result":"檢驗","types":"新北抽驗(販售端)","grade":""}},{"type":"Feature","geometry":{"type":"Point","coordinates":[121.577119,25.057533]},"properties":{"name":"全家便利商店股份有限公司","address":"台北市內湖區民善街１號１樓","district":"內湖區","city":"臺北市","result":"檢驗","types":"新北抽驗(販售端)","grade":""}},{"type":"Feature","geometry":{"type":"Point","coordinates":[121.513374,25.051645]},"properties":{"name":"全家便利商店股份有限公司","address":"台北市大同區長安西路２５８號１樓","district":"大同區","city":"臺北市","result":"檢驗","types":"新北抽驗(販售端)","grade":""}},{"type":"Feature","geometry":{"type":"Point","coordinates":[121.529189,25.102168]},"properties":{"name":"全家便利商店股份有限公司","address":"台北市士林區雨聲街３６號１樓","district":"士林區","city":"臺北市","result":"檢驗","types":"新北抽驗(販售端)","grade":""}},{"type":"Feature","geometry":{"type":"Point","coordinates":[121.550859,25.051901]},"properties":{"name":"全家便利商店股份有限公司","address":"台北市松山區南京東路四段４７號壹樓","district":"松山區","city":"臺北市","result":"檢驗","types":"新北抽驗(販售端)","grade":""}},{"type":"Feature","geometry":{"type":"Point","coordinates":[121.525852,25.060173]},"properties":{"name":"綠緣國際有限公司","address":"台北市中山區錦州街48號8樓之2","district":"中山區","city":"臺北市","result":"檢驗","types":"新北抽驗(製造端)","grade":""}},{"type":"Feature","geometry":{"type":"Point","coordinates":[121.490383,25.10184]},"properties":{"name":"信思秀股份有限公司","address":"台北市大同區延平北路1段104號10樓","district":"大同區","city":"臺北市","result":"檢驗","types":"新北抽驗(製造端)","grade":""}},{"type":"Feature","geometry":{"type":"Point","coordinates":[121.559266,24.990038]},"properties":{"name":"黑堂有限公司","address":"台北市文山區興隆路2段244巷24號","district":"文山區","city":"臺北市","result":"檢驗","types":"新北抽驗(製造端)","grade":""}},{"type":"Feature","geometry":{"type":"Point","coordinates":[121.612549,25.070749]},"properties":{"name":"黑堂有限公司","address":"台北市內湖區康寧路三段189巷7號","district":"內湖區","city":"臺北市","result":"檢驗","types":"新北抽驗(製造端)","grade":""}},{"type":"Feature","geometry":{"type":"Point","coordinates":[121.604864,25.056579]},"properties":{"name":"黑堂有限公司","address":"台北市南港區興華路16號1樓","district":"南港區","city":"臺北市","result":"檢驗","types":"新北抽驗(製造端)","grade":""}},{"type":"Feature","geometry":{"type":"Point","coordinates":[121.562539,25.087535]},"properties":{"name":"黑堂有限公司","address":"台北市內湖區內湖路一段91巷5號","district":"內湖區","city":"臺北市","result":"檢驗","types":"新北抽驗(製造端)","grade":""}},{"type":"Feature","geometry":{"type":"Point","coordinates":[121.539511,25.064416]},"properties":{"name":"黑堂有限公司","address":"台北市中山區五常街53巷11-1號","district":"中山區","city":"臺北市","result":"檢驗","types":"新北抽驗(製造端)","grade":""}},{"type":"Feature","geometry":{"type":"Point","coordinates":[121.520789,25.024366]},"properties":{"name":"黑堂有限公司","address":"台北市中正區同安街65號1樓","district":"中正區","city":"臺北市","result":"檢驗","types":"新北抽驗(製造端)","grade":""}},{"type":"Feature","geometry":{"type":"Point","coordinates":[121.51529,25.057892]},"properties":{"name":"黑堂有限公司","address":"台北市大同區寧夏路寧夏夜市 41攤","district":"大同區","city":"臺北市","result":"檢驗","types":"新北抽驗(製造端)","grade":""}},{"type":"Feature","geometry":{"type":"Point","coordinates":[121.58572,25.057563]},"properties":{"name":"黑堂有限公司","address":"台北市內湖區新明路166號","district":"內湖區","city":"臺北市","result":"檢驗","types":"新北抽驗(製造端)","grade":""}},{"type":"Feature","geometry":{"type":"Point","coordinates":[121.56867,25.042932]},"properties":{"name":"黑堂有限公司","address":"台北市信義區永吉路30巷122號","district":"信義區","city":"臺北市","result":"檢驗","types":"新北抽驗(製造端)","grade":""}},{"type":"Feature","geometry":{"type":"Point","coordinates":[121.556017,24.99952]},"properties":{"name":"黑堂有限公司","address":"台北市文山區興隆路三段36巷15弄14號","district":"文山區","city":"臺北市","result":"檢驗","types":"新北抽驗(製造端)","grade":""}},{"type":"Feature","geometry":{"type":"Point","coordinates":[121.513825,25.059022]},"properties":{"name":"黑堂有限公司","address":"台北市大同區重慶北路二段171號","district":"大同區","city":"臺北市","result":"檢驗","types":"新北抽驗(製造端)","grade":""}},{"type":"Feature","geometry":{"type":"Point","coordinates":[121.518991,25.046234]},"properties":{"name":"棉花田生機園地股份有限公司","address":"台北市中正區忠孝西路1段66號22樓","district":"中正區","city":"臺北市","result":"檢驗","types":"新北抽驗(製造端)、新北抽驗(販售端)","grade":""}},{"type":"Feature","geometry":{"type":"Point","coordinates":[121.515929,25.115914]},"properties":{"name":"棉花田生機園地股份有限公司","address":"台北市北投區石牌路二段50號","district":"北投區","city":"臺北市","result":"檢驗","types":"新北抽驗(製造端)、新北抽驗(販售端)","grade":""}},{"type":"Feature","geometry":{"type":"Point","coordinates":[121.534143,25.109799]},"properties":{"name":"棉花田生機園地股份有限公司","address":"台北市士林區士東路97號1樓","district":"士林區","city":"臺北市","result":"檢驗","types":"新北抽驗(製造端)、新北抽驗(販售端)","grade":""}},{"type":"Feature","geometry":{"type":"Point","coordinates":[121.554585,25.043471]},"properties":{"name":"棉花田生機園地股份有限公司","address":"台北市松山區延吉街32號","district":"松山區","city":"臺北市","result":"檢驗","types":"新北抽驗(製造端)、新北抽驗(販售端)","grade":""}},{"type":"Feature","geometry":{"type":"Point","coordinates":[121.553655,25.039514]},"properties":{"name":"棉花田生機園地股份有限公司","address":"台北市大安區忠孝東路四段216巷33弄11號1樓","district":"大安區","city":"臺北市","result":"檢驗","types":"新北抽驗(製造端)、新北抽驗(販售端)","grade":""}},{"type":"Feature","geometry":{"type":"Point","coordinates":[121.560345,25.080468]},"properties":{"name":"棉花田生機園地股份有限公司","address":"台北市中山區樂群2路158號","district":"中山區","city":"臺北市","result":"檢驗","types":"新北抽驗(製造端)、新北抽驗(販售端)","grade":""}},{"type":"Feature","geometry":{"type":"Point","coordinates":[121.538324,25.035101]},"properties":{"name":"棉花田生機園地股份有限公司","address":"台北市大安區建國南路2段201號1樓","district":"大安區","city":"臺北市","result":"檢驗","types":"新北抽驗(製造端)、新北抽驗(販售端)","grade":""}},{"type":"Feature","geometry":{"type":"Point","coordinates":[121.569315,24.987546]},"properties":{"name":"棉花田生機園地股份有限公司","address":"台北市文山區指南路一段22號","district":"文山區","city":"臺北市","result":"檢驗","types":"新北抽驗(製造端)、新北抽驗(販售端)","grade":""}},{"type":"Feature","geometry":{"type":"Point","coordinates":[121.545918,25.036281]},"properties":{"name":"棉花田生機園地股份有限公司","address":"台北市大安區大安路一段182號","district":"大安區","city":"臺北市","result":"檢驗","types":"新北抽驗(製造端)、新北抽驗(販售端)","grade":""}},{"type":"Feature","geometry":{"type":"Point","coordinates":[121.5576,25.040571]},"properties":{"name":"棉花田生機園地股份有限公司","address":"台北市大安區光復南路390-2號","district":"大安區","city":"臺北市","result":"檢驗","types":"新北抽驗(製造端)、新北抽驗(販售端)","grade":""}},{"type":"Feature","geometry":{"type":"Point","coordinates":[121.565093,25.027498]},"properties":{"name":"棉花田生機園地股份有限公司","address":"台北市信義區莊敬路376號","district":"信義區","city":"臺北市","result":"檢驗","types":"新北抽驗(製造端)、新北抽驗(販售端)","grade":""}},{"type":"Feature","geometry":{"type":"Point","coordinates":[121.54123,24.990513]},"properties":{"name":"棉花田生機園地股份有限公司","address":"台北市文山區景文街117號","district":"文山區","city":"臺北市","result":"檢驗","types":"新北抽驗(製造端)、新北抽驗(販售端)","grade":""}},{"type":"Feature","geometry":{"type":"Point","coordinates":[121.563429,25.05707]},"properties":{"name":"棉花田生機園地股份有限公司","address":"台北市松山區三民路93號","district":"松山區","city":"臺北市","result":"檢驗","types":"新北抽驗(製造端)、新北抽驗(販售端)","grade":""}},{"type":"Feature","geometry":{"type":"Point","coordinates":[121.589867,25.050033]},"properties":{"name":"棉花田生機園地股份有限公司","address":"台北市南港區忠孝東路六段6號","district":"南港區","city":"臺北市","result":"檢驗","types":"新北抽驗(製造端)、新北抽驗(販售端)","grade":""}},{"type":"Feature","geometry":{"type":"Point","coordinates":[121.524954,25.050772]},"properties":{"name":"棉花田生機園地股份有限公司","address":"台北市中山區中山北路一段116號","district":"中山區","city":"臺北市","result":"檢驗","types":"新北抽驗(製造端)、新北抽驗(販售端)","grade":""}},{"type":"Feature","geometry":{"type":"Point","coordinates":[121.561763,24.984657]},"properties":{"name":"棉花田生機園地股份有限公司","address":"台北市文山區興隆路四段153號","district":"文山區","city":"臺北市","result":"檢驗","types":"新北抽驗(製造端)、新北抽驗(販售端)","grade":""}},{"type":"Feature","geometry":{"type":"Point","coordinates":[121.505405,25.025903]},"properties":{"name":"棉花田生機園地股份有限公司","address":"台北市萬華區青年路22號","district":"萬華區","city":"臺北市","result":"檢驗","types":"新北抽驗(製造端)、新北抽驗(販售端)","grade":""}},{"type":"Feature","geometry":{"type":"Point","coordinates":[121.61644,25.068072]},"properties":{"name":"棉花田生機園地股份有限公司","address":"台北市內湖區東湖路126號","district":"內湖區","city":"臺北市","result":"檢驗","types":"新北抽驗(製造端)、新北抽驗(販售端)","grade":""}},{"type":"Feature","geometry":{"type":"Point","coordinates":[121.541778,25.059826]},"properties":{"name":"棉花田生機園地股份有限公司","address":"台北市中山區龍江路281巷1號","district":"中山區","city":"臺北市","result":"檢驗","types":"新北抽驗(製造端)、新北抽驗(販售端)","grade":""}},{"type":"Feature","geometry":{"type":"Point","coordinates":[121.517535,25.028185]},"properties":{"name":"棉花田生機園地股份有限公司","address":"台北市中正區福州街11-7號","district":"中正區","city":"臺北市","result":"檢驗","types":"新北抽驗(製造端)、新北抽驗(販售端)","grade":""}},{"type":"Feature","geometry":{"type":"Point","coordinates":[121.511409,25.04401]},"properties":{"name":"棉花田生機園地股份有限公司","address":"台北市中正區博愛路98號","district":"中正區","city":"臺北市","result":"檢驗","types":"新北抽驗(製造端)、新北抽驗(販售端)","grade":""}},{"type":"Feature","geometry":{"type":"Point","coordinates":[121.561527,25.051679]},"properties":{"name":"棉花田生機園地股份有限公司","address":"台北市松山區南京東路五段137號","district":"松山區","city":"臺北市","result":"檢驗","types":"新北抽驗(製造端)、新北抽驗(販售端)","grade":""}},{"type":"Feature","geometry":{"type":"Point","coordinates":[121.530902,25.020107]},"properties":{"name":"棉花田生機園地股份有限公司","address":"台北市大安區羅斯福路三段273-1號","district":"大安區","city":"臺北市","result":"檢驗","types":"新北抽驗(製造端)、新北抽驗(販售端)","grade":""}},{"type":"Feature","geometry":{"type":"Point","coordinates":[121.526356,25.035321]},"properties":{"name":"棉花田生機園地股份有限公司","address":"台北市中正區金山南路一段139-1號","district":"中正區","city":"臺北市","result":"檢驗","types":"新北抽驗(製造端)、新北抽驗(販售端)","grade":""}},{"type":"Feature","geometry":{"type":"Point","coordinates":[121.576689,25.041038]},"properties":{"name":"棉花田生機園地股份有限公司","address":"台北市信義區忠孝東路五段457號","district":"信義區","city":"臺北市","result":"檢驗","types":"新北抽驗(製造端)、新北抽驗(販售端)","grade":""}},{"type":"Feature","geometry":{"type":"Point","coordinates":[121.523716,25.094983]},"properties":{"name":"棉花田生機園地股份有限公司","address":"台北市士林區中正路282號1樓","district":"士林區","city":"臺北市","result":"檢驗","types":"新北抽驗(製造端)、新北抽驗(販售端)","grade":""}},{"type":"Feature","geometry":{"type":"Point","coordinates":[121.590727,25.080105]},"properties":{"name":"棉花田生機園地股份有限公司","address":"台北市內湖區成功路三段181號","district":"內湖區","city":"臺北市","result":"檢驗","types":"新北抽驗(製造端)、新北抽驗(販售端)","grade":""}},{"type":"Feature","geometry":{"type":"Point","coordinates":[121.501453,25.132276]},"properties":{"name":"棉花田生機園地股份有限公司","address":"台北市北投區中央南路一段39號","district":"北投區","city":"臺北市","result":"檢驗","types":"新北抽驗(製造端)、新北抽驗(販售端)","grade":""}},{"type":"Feature","geometry":{"type":"Point","coordinates":[121.543822,25.052303]},"properties":{"name":"棉花田生機園地股份有限公司","address":"台北市中山區復興北路148號","district":"中山區","city":"臺北市","result":"檢驗","types":"新北抽驗(製造端)、新北抽驗(販售端)","grade":""}},{"type":"Feature","geometry":{"type":"Point","coordinates":[121.552928,25.057104]},"properties":{"name":"棉花田生機園地股份有限公司","address":"台北市松山區民生東路四段80巷4號","district":"松山區","city":"臺北市","result":"檢驗","types":"新北抽驗(製造端)、新北抽驗(販售端)","grade":""}},{"type":"Feature","geometry":{"type":"Point","coordinates":[121.551381,25.030023]},"properties":{"name":"棉花田生機園地股份有限公司","address":"台北市大安區敦化南路二段81巷65號","district":"大安區","city":"臺北市","result":"檢驗","types":"新北抽驗(製造端)、新北抽驗(販售端)","grade":""}},{"type":"Feature","geometry":{"type":"Point","coordinates":[121.531221,25.020303]},"properties":{"name":"棉花田生機園地股份有限公司","address":"台北市大安區羅斯福路三段43號1樓","district":"大安區","city":"臺北市","result":"檢驗","types":"新北抽驗(製造端)、新北抽驗(販售端)","grade":""}},{"type":"Feature","geometry":{"type":"Point","coordinates":[121.554618,25.03451]},"properties":{"name":"棉花田生機園地股份有限公司","address":"台北市大安區信義路四段265巷22號1樓","district":"大安區","city":"臺北市","result":"檢驗","types":"新北抽驗(製造端)、新北抽驗(販售端)","grade":""}},{"type":"Feature","geometry":{"type":"Point","coordinates":[121.530858,25.119816]},"properties":{"name":"棉花田生機園地股份有限公司","address":"台北市士林區中山北路七段63巷1號1樓","district":"士林區","city":"臺北市","result":"檢驗","types":"新北抽驗(製造端)、新北抽驗(販售端)","grade":""}},{"type":"Feature","geometry":{"type":"Point","coordinates":[121.609155,25.071036]},"properties":{"name":"棉花田生機園地股份有限公司","address":"台北市內湖區康寧路三段101號1樓","district":"內湖區","city":"臺北市","result":"檢驗","types":"新北抽驗(製造端)、新北抽驗(販售端)","grade":""}},{"type":"Feature","geometry":{"type":"Point","coordinates":[121.507619,25.116399]},"properties":{"name":"棉花田生機園地股份有限公司","address":"台北市北投區尊賢街236號","district":"北投區","city":"臺北市","result":"檢驗","types":"新北抽驗(製造端)、新北抽驗(販售端)","grade":""}},{"type":"Feature","geometry":{"type":"Point","coordinates":[121.578745,25.080593]},"properties":{"name":"棉花田生機園地股份有限公司","address":"台北市內湖區內湖路一段737巷50弄7號","district":"內湖區","city":"臺北市","result":"檢驗","types":"新北抽驗(製造端)、新北抽驗(販售端)","grade":""}},{"type":"Feature","geometry":{"type":"Point","coordinates":[121.554184,25.03263]},"properties":{"name":"哈肯舖股份有限公司","address":"台北市大安區信義路4段265巷18號","district":"大安區","city":"臺北市","result":"檢驗","types":"新北抽驗(製造端)、新北抽驗(販售端)","grade":""}},{"type":"Feature","geometry":{"type":"Point","coordinates":[121.610007,25.071288]},"properties":{"name":"哈肯舖股份有限公司","address":"台北市內湖區康寧路三段54-10號","district":"內湖區","city":"臺北市","result":"檢驗","types":"新北抽驗(製造端)、新北抽驗(販售端)","grade":""}},{"type":"Feature","geometry":{"type":"Point","coordinates":[121.554474,25.034404]},"properties":{"name":"哈肯舖股份有限公司","address":"台北市大安區信義路四段265巷18號","district":"大安區","city":"臺北市","result":"檢驗","types":"新北抽驗(製造端)、新北抽驗(販售端)","grade":""}},{"type":"Feature","geometry":{"type":"Point","coordinates":[121.578764,25.036732]},"properties":{"name":"哈肯舖股份有限公司","address":"台北市信義區松山路11號","district":"信義區","city":"臺北市","result":"檢驗","types":"新北抽驗(製造端)、新北抽驗(販售端)","grade":""}},{"type":"Feature","geometry":{"type":"Point","coordinates":[121.517244,25.046481]},"properties":{"name":"哈肯舖股份有限公司","address":"台北市中正區忠孝西路一段49號B1","district":"中正區","city":"臺北市","result":"檢驗","types":"新北抽驗(製造端)、新北抽驗(販售端)","grade":""}},{"type":"Feature","geometry":{"type":"Point","coordinates":[121.545987,25.034143]},"properties":{"name":"哈肯舖股份有限公司","address":"台北市大安區大安路一段77號地下街2-2號店舖","district":"大安區","city":"臺北市","result":"檢驗","types":"新北抽驗(製造端)、新北抽驗(販售端)","grade":""}},{"type":"Feature","geometry":{"type":"Point","coordinates":[121.532407,25.016526]},"properties":{"name":"哈肯舖股份有限公司","address":"台北市中正區羅斯福路三段126-5號B1","district":"中正區","city":"臺北市","result":"檢驗","types":"新北抽驗(製造端)、新北抽驗(販售端)","grade":""}},{"type":"Feature","geometry":{"type":"Point","coordinates":[121.52519,25.08505]},"properties":{"name":"哈肯舖股份有限公司","address":"台北市士林區中山北路五段65號","district":"士林區","city":"臺北市","result":"檢驗","types":"新北抽驗(製造端)、新北抽驗(販售端)","grade":""}},{"type":"Feature","geometry":{"type":"Point","coordinates":[121.556709,25.082926]},"properties":{"name":"哈肯舖股份有限公司","address":"台北市中山區敬業三路20號","district":"中山區","city":"臺北市","result":"檢驗","types":"新北抽驗(製造端)、新北抽驗(販售端)","grade":""}},{"type":"Feature","geometry":{"type":"Point","coordinates":[121.524865,25.066797]},"properties":{"name":"萬家香醬園股份有限公司","address":"台北市中山區德惠街9號5樓之6","district":"中山區","city":"臺北市","result":"檢驗","types":"新北抽驗(製造端)","grade":""}},{"type":"Feature","geometry":{"type":"Point","coordinates":[121.534499,25.04792]},"properties":{"name":"台灣卜蜂企業股份有限公司","address":"台北市中山區朱園里松江路87號17樓","district":"中山區","city":"臺北市","result":"檢驗","types":"新北抽驗(製造端)","grade":""}},{"type":"Feature","geometry":{"type":"Point","coordinates":[121.547464,25.06185]},"properties":{"name":"台灣卜蜂企業股份有限公司","address":"台北市松山區民權東路三段146號","district":"松山區","city":"臺北市","result":"檢驗","types":"新北抽驗(製造端)","grade":""}},{"type":"Feature","geometry":{"type":"Point","coordinates":[121.530852,25.057466]},"properties":{"name":"台灣卜蜂企業股份有限公司","address":"台北市中山區松江路87號17樓","district":"中山區","city":"臺北市","result":"檢驗","types":"新北抽驗(製造端)","grade":""}},{"type":"Feature","geometry":{"type":"Point","coordinates":[121.617233,25.077513]},"properties":{"name":"進財商行","address":"台北市內湖區安泰街125巷36號2樓","district":"內湖區","city":"臺北市","result":"未檢驗","types":"新北抽驗(製造端)","grade":""}},{"type":"Feature","geometry":{"type":"Point","coordinates":[121.544277,25.03012]},"properties":{"name":"信功實業股份有限公司","address":"台北市大安區復興南路1段82號2樓之3","district":"大安區","city":"臺北市","result":"檢驗","types":"新北抽驗(製造端)","grade":""}},{"type":"Feature","geometry":{"type":"Point","coordinates":[121.5933,25.054614]},"properties":{"name":"德誠食品有限公司","address":"台北市南港區成功路1段38號1樓","district":"南港區","city":"臺北市","result":"檢驗","types":"新北抽驗(製造端)","grade":""}},{"type":"Feature","geometry":{"type":"Point","coordinates":[121.592768,25.056302]},"properties":{"name":"德誠食品有限公司","address":"台北市南港區西新里成功路一段三八號一樓","district":"南港區","city":"臺北市","result":"檢驗","types":"新北抽驗(製造端)","grade":""}},{"type":"Feature","geometry":{"type":"Point","coordinates":[121.530183,25.018485]},"properties":{"name":"金車股份有限公司","address":"台北市中正區羅斯福路三段230號","district":"中正區","city":"臺北市","result":"檢驗","types":"新北抽驗(製造端)","grade":""}},{"type":"Feature","geometry":{"type":"Point","coordinates":[121.5337,25.053331]},"properties":{"name":"金車股份有限公司","address":"台北市中山區南京東路二段1號","district":"中山區","city":"臺北市","result":"檢驗","types":"新北抽驗(製造端)","grade":""}},{"type":"Feature","geometry":{"type":"Point","coordinates":[121.534454,25.013784]},"properties":{"name":"金車股份有限公司","address":"台北市中正區羅斯福路3段230號","district":"中正區","city":"臺北市","result":"檢驗","types":"新北抽驗(製造端)","grade":""}},{"type":"Feature","geometry":{"type":"Point","coordinates":[121.536185,25.051814]},"properties":{"name":"金車股份有限公司","address":"台北市中山區南京東路二段218號","district":"中山區","city":"臺北市","result":"檢驗","types":"新北抽驗(製造端)","grade":""}},{"type":"Feature","geometry":{"type":"Point","coordinates":[121.537482,25.039876]},"properties":{"name":"金車股份有限公司","address":"台北市大安區建國南路一段166號","district":"大安區","city":"臺北市","result":"檢驗","types":"新北抽驗(製造端)","grade":""}},{"type":"Feature","geometry":{"type":"Point","coordinates":[121.521443,25.049209]},"properties":{"name":"金車股份有限公司","address":"台北市中山區中山北路一段106-1號","district":"中山區","city":"臺北市","result":"檢驗","types":"新北抽驗(製造端)","grade":""}},{"type":"Feature","geometry":{"type":"Point","coordinates":[121.543762,25.03115]},"properties":{"name":"金車股份有限公司","address":"台北市大安區復興南路二段49號","district":"大安區","city":"臺北市","result":"檢驗","types":"新北抽驗(製造端)","grade":""}},{"type":"Feature","geometry":{"type":"Point","coordinates":[121.550907,25.030018]},"properties":{"name":"金車股份有限公司","address":"台北市大安區敦化南路二段81巷57號","district":"大安區","city":"臺北市","result":"檢驗","types":"新北抽驗(製造端)","grade":""}},{"type":"Feature","geometry":{"type":"Point","coordinates":[121.528176,25.115324]},"properties":{"name":"金車股份有限公司","address":"台北市士林區中山北路六段734號","district":"士林區","city":"臺北市","result":"檢驗","types":"新北抽驗(製造端)","grade":""}},{"type":"Feature","geometry":{"type":"Point","coordinates":[121.532982,25.035637]},"properties":{"name":"金車股份有限公司","address":"台北市大安區新生南路一段147號","district":"大安區","city":"臺北市","result":"檢驗","types":"新北抽驗(製造端)","grade":""}},{"type":"Feature","geometry":{"type":"Point","coordinates":[121.566505,25.027318]},"properties":{"name":"金車股份有限公司","address":"台北市信義區莊敬路421號","district":"信義區","city":"臺北市","result":"檢驗","types":"新北抽驗(製造端)","grade":""}},{"type":"Feature","geometry":{"type":"Point","coordinates":[121.521623,25.065652]},"properties":{"name":"金車股份有限公司","address":"台北市中山區中山北路三段8號","district":"中山區","city":"臺北市","result":"檢驗","types":"新北抽驗(製造端)","grade":""}},{"type":"Feature","geometry":{"type":"Point","coordinates":[121.553883,25.058303]},"properties":{"name":"金車股份有限公司","address":"台北市松山區民生東路四段127號","district":"松山區","city":"臺北市","result":"檢驗","types":"新北抽驗(製造端)","grade":""}},{"type":"Feature","geometry":{"type":"Point","coordinates":[121.533277,25.061923]},"properties":{"name":"金車股份有限公司","address":"台北市中山區松江路187-1號","district":"中山區","city":"臺北市","result":"檢驗","types":"新北抽驗(製造端)","grade":""}},{"type":"Feature","geometry":{"type":"Point","coordinates":[121.5527,25.035979]},"properties":{"name":"金車股份有限公司","address":"台北市大安區安和路一段97號","district":"大安區","city":"臺北市","result":"檢驗","types":"新北抽驗(製造端)","grade":""}},{"type":"Feature","geometry":{"type":"Point","coordinates":[121.559055,25.051714]},"properties":{"name":"金車股份有限公司","address":"台北市松山區南京東路五段57號","district":"松山區","city":"臺北市","result":"檢驗","types":"新北抽驗(製造端)","grade":""}},{"type":"Feature","geometry":{"type":"Point","coordinates":[121.548925,25.082731]},"properties":{"name":"金車股份有限公司","address":"台北市中山區北安路581號","district":"中山區","city":"臺北市","result":"檢驗","types":"新北抽驗(製造端)","grade":""}},{"type":"Feature","geometry":{"type":"Point","coordinates":[121.517055,25.047176]},"properties":{"name":"金車股份有限公司","address":"台北市中正區北平西路3號2樓","district":"中正區","city":"臺北市","result":"檢驗","types":"新北抽驗(製造端)","grade":""}},{"type":"Feature","geometry":{"type":"Point","coordinates":[121.544995,25.051628]},"properties":{"name":"金車股份有限公司","address":"台北市松山區中正里南京東路三段262號1樓","district":"松山區","city":"臺北市","result":"檢驗","types":"新北抽驗(製造端)","grade":""}},{"type":"Feature","geometry":{"type":"Point","coordinates":[121.525838,25.11863]},"properties":{"name":"金車股份有限公司","address":"台北市士林區天母西路65之3號","district":"士林區","city":"臺北市","result":"檢驗","types":"新北抽驗(製造端)","grade":""}},{"type":"Feature","geometry":{"type":"Point","coordinates":[121.527171,25.051893]},"properties":{"name":"金車股份有限公司","address":"台北市中山區南京東路一段130號","district":"中山區","city":"臺北市","result":"檢驗","types":"新北抽驗(製造端)","grade":""}},{"type":"Feature","geometry":{"type":"Point","coordinates":[121.564697,25.03347]},"properties":{"name":"金車股份有限公司","address":"台北市信義區信義路五段7號B1","district":"信義區","city":"臺北市","result":"檢驗","types":"新北抽驗(製造端)","grade":""}},{"type":"Feature","geometry":{"type":"Point","coordinates":[121.556676,24.999986]},"properties":{"name":"金車股份有限公司","address":"台北市文山區興隆路三段81號1樓","district":"文山區","city":"臺北市","result":"檢驗","types":"新北抽驗(製造端)","grade":""}},{"type":"Feature","geometry":{"type":"Point","coordinates":[121.509395,25.024568]},"properties":{"name":"金車股份有限公司","address":"台北市萬華區中華路1段162號1樓","district":"萬華區","city":"臺北市","result":"檢驗","types":"新北抽驗(製造端)","grade":""}},{"type":"Feature","geometry":{"type":"Point","coordinates":[121.502407,25.134568]},"properties":{"name":"金車股份有限公司","address":"台北市北投區光明路167-1號1樓","district":"北投區","city":"臺北市","result":"檢驗","types":"新北抽驗(製造端)","grade":""}},{"type":"Feature","geometry":{"type":"Point","coordinates":[121.582612,25.086044]},"properties":{"name":"金車股份有限公司","address":"台北市內湖區內湖路1段315號1樓","district":"內湖區","city":"臺北市","result":"檢驗","types":"新北抽驗(製造端)","grade":""}},{"type":"Feature","geometry":{"type":"Point","coordinates":[121.562908,25.059288]},"properties":{"name":"金車股份有限公司","address":"台北市松山區民生東路五段163號","district":"松山區","city":"臺北市","result":"檢驗","types":"新北抽驗(製造端)","grade":""}},{"type":"Feature","geometry":{"type":"Point","coordinates":[121.615102,25.070167]},"properties":{"name":"金車股份有限公司","address":"台北市內湖區東湖路72號1樓","district":"內湖區","city":"臺北市","result":"檢驗","types":"新北抽驗(製造端)","grade":""}},{"type":"Feature","geometry":{"type":"Point","coordinates":[121.528235,25.032892]},"properties":{"name":"金車股份有限公司","address":"台北市大安區金山南路二段31巷19號1樓","district":"大安區","city":"臺北市","result":"檢驗","types":"新北抽驗(製造端)","grade":""}},{"type":"Feature","geometry":{"type":"Point","coordinates":[121.543003,25.047223]},"properties":{"name":"金車股份有限公司","address":"台北市中山區八德路二段320號","district":"中山區","city":"臺北市","result":"檢驗","types":"新北抽驗(製造端)","grade":""}},{"type":"Feature","geometry":{"type":"Point","coordinates":[121.509296,25.025265]},"properties":{"name":"金格食品股份有限公司","address":"台北市中正區中華路2段41號1樓","district":"中正區","city":"臺北市","result":"檢驗","types":"新北抽驗(製造端)","grade":""}},{"type":"Feature","geometry":{"type":"Point","coordinates":[121.558259,25.059636]},"properties":{"name":"金格食品股份有限公司","address":"台北市松山區民生東路五段184-1號","district":"松山區","city":"臺北市","result":"檢驗","types":"新北抽驗(製造端)","grade":""}},{"type":"Feature","geometry":{"type":"Point","coordinates":[121.508691,25.024777]},"properties":{"name":"金格食品股份有限公司","address":"台北市萬華區中華路二段41號","district":"萬華區","city":"臺北市","result":"檢驗","types":"新北抽驗(製造端)","grade":""}},{"type":"Feature","geometry":{"type":"Point","coordinates":[121.520565,25.053149]},"properties":{"name":"金格食品股份有限公司","address":"台北市中山區中山北路二段40號","district":"中山區","city":"臺北市","result":"檢驗","types":"新北抽驗(製造端)","grade":""}},{"type":"Feature","geometry":{"type":"Point","coordinates":[121.515299,25.046226]},"properties":{"name":"金格食品股份有限公司","address":"台北市中正區忠孝西路一段66號(B2)","district":"中正區","city":"臺北市","result":"檢驗","types":"新北抽驗(製造端)","grade":""}},{"type":"Feature","geometry":{"type":"Point","coordinates":[121.524232,25.096101]},"properties":{"name":"金格食品股份有限公司","address":"台北市士林區文林路479號","district":"士林區","city":"臺北市","result":"檢驗","types":"新北抽驗(製造端)","grade":""}},{"type":"Feature","geometry":{"type":"Point","coordinates":[121.511546,25.024276]},"properties":{"name":"金格食品股份有限公司","address":"台北市中正區中華路二段41號","district":"中正區","city":"臺北市","result":"檢驗","types":"新北抽驗(製造端)","grade":""}},{"type":"Feature","geometry":{"type":"Point","coordinates":[121.572847,25.041148]},"properties":{"name":"遠百企業股份有限公司","address":"台北市信義區忠孝東路五段297號","district":"信義區","city":"臺北市","result":"檢驗","types":"新北抽驗(製造端)","grade":""}},{"type":"Feature","geometry":{"type":"Point","coordinates":[121.510899,25.113244]},"properties":{"name":"義美股份有限公司","address":"台北市北投區石牌路一段56號","district":"北投區","city":"臺北市","result":"檢驗","types":"新北抽驗(製造端)","grade":""}},{"type":"Feature","geometry":{"type":"Point","coordinates":[121.502369,25.133952]},"properties":{"name":"義美股份有限公司","address":"台北市北投區光明路132號-4","district":"北投區","city":"臺北市","result":"檢驗","types":"新北抽驗(製造端)","grade":""}},{"type":"Feature","geometry":{"type":"Point","coordinates":[121.577859,25.041292]},"properties":{"name":"義美股份有限公司","address":"台北市信義區松山路273號","district":"信義區","city":"臺北市","result":"檢驗","types":"新北抽驗(製造端)","grade":""}},{"type":"Feature","geometry":{"type":"Point","coordinates":[121.527215,25.029243]},"properties":{"name":"義美股份有限公司","address":"台北市大安區金山南路二段12號","district":"大安區","city":"臺北市","result":"檢驗","types":"新北抽驗(製造端)","grade":""}},{"type":"Feature","geometry":{"type":"Point","coordinates":[121.548388,25.080556]},"properties":{"name":"義美股份有限公司","address":"台北市中山區北安路558號","district":"中山區","city":"臺北市","result":"檢驗","types":"新北抽驗(製造端)","grade":""}},{"type":"Feature","geometry":{"type":"Point","coordinates":[121.557708,25.036051]},"properties":{"name":"義美股份有限公司","address":"台北市信義區光復南路425號","district":"信義區","city":"臺北市","result":"檢驗","types":"新北抽驗(製造端)","grade":""}},{"type":"Feature","geometry":{"type":"Point","coordinates":[121.554543,25.04824]},"properties":{"name":"義美股份有限公司","address":"台北市松山區八德路三段131號","district":"松山區","city":"臺北市","result":"檢驗","types":"新北抽驗(製造端)","grade":""}},{"type":"Feature","geometry":{"type":"Point","coordinates":[121.55538,25.052589]},"properties":{"name":"義美股份有限公司","address":"台北市松山區南京東路5段253號1樓","district":"松山區","city":"臺北市","result":"檢驗","types":"新北抽驗(製造端)","grade":""}},{"type":"Feature","geometry":{"type":"Point","coordinates":[121.543564,25.056154]},"properties":{"name":"義美股份有限公司","address":"台北市中山區興安街99號","district":"中山區","city":"臺北市","result":"檢驗","types":"新北抽驗(製造端)","grade":""}},{"type":"Feature","geometry":{"type":"Point","coordinates":[121.531353,25.048486]},"properties":{"name":"義美股份有限公司","address":"台北市中山區長安東路二段114-1號1樓","district":"中山區","city":"臺北市","result":"檢驗","types":"新北抽驗(製造端)","grade":""}},{"type":"Feature","geometry":{"type":"Point","coordinates":[121.520059,25.029937]},"properties":{"name":"義美股份有限公司","address":"台北市中正區羅斯福路一段102號","district":"中正區","city":"臺北市","result":"檢驗","types":"新北抽驗(製造端)","grade":""}},{"type":"Feature","geometry":{"type":"Point","coordinates":[121.501021,25.036561]},"properties":{"name":"義美股份有限公司","address":"台北市萬華區廣州街132號","district":"萬華區","city":"臺北市","result":"檢驗","types":"新北抽驗(製造端)","grade":""}},{"type":"Feature","geometry":{"type":"Point","coordinates":[121.509341,25.040074]},"properties":{"name":"義美股份有限公司","address":"台北市中正區長沙街一段20號","district":"中正區","city":"臺北市","result":"檢驗","types":"新北抽驗(製造端)","grade":""}},{"type":"Feature","geometry":{"type":"Point","coordinates":[121.547701,25.024488]},"properties":{"name":"義美股份有限公司","address":"台北市大安區和平東路三段40號","district":"大安區","city":"臺北市","result":"檢驗","types":"新北抽驗(製造端)","grade":""}},{"type":"Feature","geometry":{"type":"Point","coordinates":[121.5118,25.054764]},"properties":{"name":"義美股份有限公司","address":"台北市大同區延平北路二段29號","district":"大同區","city":"臺北市","result":"檢驗","types":"新北抽驗(製造端)","grade":""}},{"type":"Feature","geometry":{"type":"Point","coordinates":[121.520565,25.053149]},"properties":{"name":"義美股份有限公司","address":"台北市中山區中山北路二段97號","district":"中山區","city":"臺北市","result":"檢驗","types":"新北抽驗(製造端)","grade":""}},{"type":"Feature","geometry":{"type":"Point","coordinates":[121.543353,25.041465]},"properties":{"name":"義美股份有限公司","address":"台北市大安區忠孝東路三段302號2樓","district":"大安區","city":"臺北市","result":"檢驗","types":"新北抽驗(製造端)","grade":""}},{"type":"Feature","geometry":{"type":"Point","coordinates":[121.520565,25.057772]},"properties":{"name":"義美股份有限公司","address":"台北市中山區雙連里民生西路47號B1","district":"中山區","city":"臺北市","result":"檢驗","types":"新北抽驗(製造端)","grade":""}},{"type":"Feature","geometry":{"type":"Point","coordinates":[121.55285,25.02372]},"properties":{"name":"義美股份有限公司","address":"台北市大安區和平東路三段168號2樓","district":"大安區","city":"臺北市","result":"檢驗","types":"新北抽驗(製造端)","grade":""}},{"type":"Feature","geometry":{"type":"Point","coordinates":[121.549249,25.036777]},"properties":{"name":"義美股份有限公司","address":"台北市大安區敦化南路一段259號1樓","district":"大安區","city":"臺北市","result":"檢驗","types":"新北抽驗(製造端)","grade":""}},{"type":"Feature","geometry":{"type":"Point","coordinates":[121.530121,25.060165]},"properties":{"name":"義美股份有限公司","address":"台北市中山區吉林路258號1樓","district":"中山區","city":"臺北市","result":"檢驗","types":"新北抽驗(製造端)","grade":""}},{"type":"Feature","geometry":{"type":"Point","coordinates":[121.553346,25.001406]},"properties":{"name":"義美股份有限公司","address":"台北市文山區興隆路二段303號1樓","district":"文山區","city":"臺北市","result":"檢驗","types":"新北抽驗(製造端)","grade":""}},{"type":"Feature","geometry":{"type":"Point","coordinates":[121.541435,24.992811]},"properties":{"name":"義美股份有限公司","address":"台北市文山區景中街4號1樓","district":"文山區","city":"臺北市","result":"檢驗","types":"新北抽驗(製造端)","grade":""}},{"type":"Feature","geometry":{"type":"Point","coordinates":[121.557861,25.060048]},"properties":{"name":"義美股份有限公司","address":"台北市松山區民生東路5段114號1樓","district":"松山區","city":"臺北市","result":"檢驗","types":"新北抽驗(製造端)","grade":""}},{"type":"Feature","geometry":{"type":"Point","coordinates":[121.500904,25.018767]},"properties":{"name":"義美股份有限公司","address":"台北市萬華區青年路36號","district":"萬華區","city":"臺北市","result":"檢驗","types":"新北抽驗(製造端)","grade":""}},{"type":"Feature","geometry":{"type":"Point","coordinates":[121.543364,25.025122]},"properties":{"name":"義美股份有限公司","address":"台北市大安區復興南路二段33-1號1樓","district":"大安區","city":"臺北市","result":"檢驗","types":"新北抽驗(製造端)","grade":""}},{"type":"Feature","geometry":{"type":"Point","coordinates":[121.532308,25.064786]},"properties":{"name":"義美股份有限公司","address":"台北市中山區農安街18-3號","district":"中山區","city":"臺北市","result":"檢驗","types":"新北抽驗(製造端)","grade":""}},{"type":"Feature","geometry":{"type":"Point","coordinates":[121.531385,25.05742]},"properties":{"name":"義美股份有限公司","address":"台北市中山區松江路42號","district":"中山區","city":"臺北市","result":"檢驗","types":"新北抽驗(製造端)","grade":""}},{"type":"Feature","geometry":{"type":"Point","coordinates":[121.5635,25.055972]},"properties":{"name":"義美股份有限公司","address":"台北市松山區三民路41號","district":"松山區","city":"臺北市","result":"檢驗","types":"新北抽驗(製造端)","grade":""}},{"type":"Feature","geometry":{"type":"Point","coordinates":[121.540593,25.041454]},"properties":{"name":"義美股份有限公司","address":"台北市大安區忠孝東路三段226號","district":"大安區","city":"臺北市","result":"檢驗","types":"新北抽驗(製造端)","grade":""}},{"type":"Feature","geometry":{"type":"Point","coordinates":[121.560402,24.981783]},"properties":{"name":"義美股份有限公司","address":"台北市文山區木新路三段184號","district":"文山區","city":"臺北市","result":"檢驗","types":"新北抽驗(製造端)","grade":""}},{"type":"Feature","geometry":{"type":"Point","coordinates":[121.540385,25.058689]},"properties":{"name":"義美股份有限公司","address":"台北市中山區龍江路240號","district":"中山區","city":"臺北市","result":"檢驗","types":"新北抽驗(製造端)","grade":""}},{"type":"Feature","geometry":{"type":"Point","coordinates":[121.554323,25.042468]},"properties":{"name":"義美股份有限公司","address":"台北市大安區延吉街133號","district":"大安區","city":"臺北市","result":"檢驗","types":"新北抽驗(製造端)","grade":""}},{"type":"Feature","geometry":{"type":"Point","coordinates":[121.605825,25.055433]},"properties":{"name":"義美股份有限公司","address":"台北市南港區興華路66號","district":"南港區","city":"臺北市","result":"檢驗","types":"新北抽驗(製造端)","grade":""}},{"type":"Feature","geometry":{"type":"Point","coordinates":[121.55605,25.032512]},"properties":{"name":"義美股份有限公司","address":"台北市大安區信義路四段2號(捷運大安站1樓)","district":"大安區","city":"臺北市","result":"檢驗","types":"新北抽驗(製造端)","grade":""}},{"type":"Feature","geometry":{"type":"Point","coordinates":[121.522457,25.051193]},"properties":{"name":"義美股份有限公司","address":"台北市中山區中山北路一段115號1樓","district":"中山區","city":"臺北市","result":"檢驗","types":"新北抽驗(製造端)","grade":""}},{"type":"Feature","geometry":{"type":"Point","coordinates":[121.554398,25.022085]},"properties":{"name":"義美股份有限公司","address":"台北市大安區和平東路三段228巷7號","district":"大安區","city":"臺北市","result":"檢驗","types":"新北抽驗(製造端)","grade":""}},{"type":"Feature","geometry":{"type":"Point","coordinates":[121.530386,25.018886]},"properties":{"name":"義美股份有限公司","address":"台北市大安區羅斯福路三段261號","district":"大安區","city":"臺北市","result":"檢驗","types":"新北抽驗(製造端)","grade":""}},{"type":"Feature","geometry":{"type":"Point","coordinates":[121.526878,25.033968]},"properties":{"name":"義美股份有限公司","address":"台北市大安區信義路二段88號7樓之一","district":"大安區","city":"臺北市","result":"檢驗","types":"新北抽驗(製造端)","grade":""}},{"type":"Feature","geometry":{"type":"Point","coordinates":[121.593961,25.083101]},"properties":{"name":"義美股份有限公司","address":"台北市內湖區成功路四段149號","district":"內湖區","city":"臺北市","result":"檢驗","types":"新北抽驗(製造端)","grade":""}},{"type":"Feature","geometry":{"type":"Point","coordinates":[121.607719,25.070574]},"properties":{"name":"義美股份有限公司","address":"台北市內湖區民權東路六段296巷56號1樓","district":"內湖區","city":"臺北市","result":"檢驗","types":"新北抽驗(製造端)","grade":""}},{"type":"Feature","geometry":{"type":"Point","coordinates":[121.559873,25.051709]},"properties":{"name":"義美股份有限公司","address":"台北市松山區南京東路五段81號","district":"松山區","city":"臺北市","result":"檢驗","types":"新北抽驗(製造端)","grade":""}},{"type":"Feature","geometry":{"type":"Point","coordinates":[121.559482,25.058821]},"properties":{"name":"義美股份有限公司","address":"台北市松山區民生東路五段89號","district":"松山區","city":"臺北市","result":"檢驗","types":"新北抽驗(製造端)","grade":""}},{"type":"Feature","geometry":{"type":"Point","coordinates":[121.553715,25.052713]},"properties":{"name":"義美股份有限公司","address":"台北市松山區台北市松山區南京東路四段111號","district":"松山區","city":"臺北市","result":"檢驗","types":"新北抽驗(製造端)","grade":""}},{"type":"Feature","geometry":{"type":"Point","coordinates":[121.519935,25.062655]},"properties":{"name":"義美股份有限公司","address":"台北市中山區民權西路68之1號","district":"中山區","city":"臺北市","result":"檢驗","types":"新北抽驗(製造端)","grade":""}},{"type":"Feature","geometry":{"type":"Point","coordinates":[121.616796,25.067985]},"properties":{"name":"義美股份有限公司","address":"台北市內湖區東湖路136號","district":"內湖區","city":"臺北市","result":"檢驗","types":"新北抽驗(製造端)","grade":""}},{"type":"Feature","geometry":{"type":"Point","coordinates":[121.553338,25.041161]},"properties":{"name":"義美股份有限公司","address":"台北市大安區忠孝東路四段218之1號218之2號","district":"大安區","city":"臺北市","result":"檢驗","types":"新北抽驗(製造端)","grade":""}},{"type":"Feature","geometry":{"type":"Point","coordinates":[121.52209,25.050329]},"properties":{"name":"義美股份有限公司","address":"台北市中山區中山北路一段77號","district":"中山區","city":"臺北市","result":"檢驗","types":"新北抽驗(製造端)","grade":""}},{"type":"Feature","geometry":{"type":"Point","coordinates":[121.509633,25.085017]},"properties":{"name":"義美股份有限公司","address":"台北市士林區延平北路五段259號","district":"士林區","city":"臺北市","result":"檢驗","types":"新北抽驗(製造端)","grade":""}},{"type":"Feature","geometry":{"type":"Point","coordinates":[121.565736,25.027578]},"properties":{"name":"義美股份有限公司","address":"台北市信義區莊敬路395號1樓","district":"信義區","city":"臺北市","result":"檢驗","types":"新北抽驗(製造端)","grade":""}},{"type":"Feature","geometry":{"type":"Point","coordinates":[121.532047,25.026117]},"properties":{"name":"義美股份有限公司","address":"台北市大安區和平東路一段218號","district":"大安區","city":"臺北市","result":"檢驗","types":"新北抽驗(製造端)","grade":""}},{"type":"Feature","geometry":{"type":"Point","coordinates":[121.553738,25.036357]},"properties":{"name":"義美股份有限公司","address":"台北市大安區仁愛路四段14號1樓","district":"大安區","city":"臺北市","result":"檢驗","types":"新北抽驗(製造端)","grade":""}},{"type":"Feature","geometry":{"type":"Point","coordinates":[121.502713,25.040767]},"properties":{"name":"義美股份有限公司","address":"台北市萬華區長沙街2段72號1樓","district":"萬華區","city":"臺北市","result":"檢驗","types":"新北抽驗(製造端)","grade":""}},{"type":"Feature","geometry":{"type":"Point","coordinates":[121.592676,25.081813]},"properties":{"name":"義美股份有限公司","address":"台北市內湖區成功路四段61巷4號","district":"內湖區","city":"臺北市","result":"檢驗","types":"新北抽驗(製造端)","grade":""}},{"type":"Feature","geometry":{"type":"Point","coordinates":[121.530175,25.034317]},"properties":{"name":"義美股份有限公司","address":"台北市中正區連雲街81號","district":"中正區","city":"臺北市","result":"檢驗","types":"新北抽驗(製造端)","grade":""}},{"type":"Feature","geometry":{"type":"Point","coordinates":[121.495503,25.037657]},"properties":{"name":"歐立食品股份有限公司","address":"台北市萬華區桂林路26號8樓之2","district":"萬華區","city":"臺北市","result":"未檢驗","types":"新北抽驗(製造端)、新北抽驗(販售端)","grade":""}},{"type":"Feature","geometry":{"type":"Point","coordinates":[121.525465,25.057007]},"properties":{"name":"歐立食品股份有限公司","address":"台北市中山區中山北路二段92號一樓","district":"中山區","city":"臺北市","result":"未檢驗","types":"新北抽驗(製造端)、新北抽驗(販售端)","grade":""}},{"type":"Feature","geometry":{"type":"Point","coordinates":[121.529854,25.033537]},"properties":{"name":"歐立食品股份有限公司","address":"台北市大安區信義路二段186號","district":"大安區","city":"臺北市","result":"未檢驗","types":"新北抽驗(製造端)、新北抽驗(販售端)","grade":""}},{"type":"Feature","geometry":{"type":"Point","coordinates":[121.561482,25.058872]},"properties":{"name":"歐立食品股份有限公司","address":"台北市松山區民生東路五段133號","district":"松山區","city":"臺北市","result":"未檢驗","types":"新北抽驗(製造端)、新北抽驗(販售端)","grade":""}},{"type":"Feature","geometry":{"type":"Point","coordinates":[121.520565,25.053149]},"properties":{"name":"歐立食品股份有限公司","address":"台北市中山區中山北路二段92號","district":"中山區","city":"臺北市","result":"未檢驗","types":"新北抽驗(製造端)、新北抽驗(販售端)","grade":""}},{"type":"Feature","geometry":{"type":"Point","coordinates":[121.508681,25.045683]},"properties":{"name":"歐立食品股份有限公司","address":"台北市萬華區中華路一段166-1號","district":"萬華區","city":"臺北市","result":"未檢驗","types":"新北抽驗(製造端)、新北抽驗(販售端)","grade":""}},{"type":"Feature","geometry":{"type":"Point","coordinates":[121.505396,25.043803]},"properties":{"name":"歐立食品股份有限公司","address":"台北市萬華區峨眉街52號","district":"萬華區","city":"臺北市","result":"未檢驗","types":"新北抽驗(製造端)、新北抽驗(販售端)","grade":""}},{"type":"Feature","geometry":{"type":"Point","coordinates":[121.543639,25.025235]},"properties":{"name":"歐立食品股份有限公司","address":"台北市大安區復興南路二段287號","district":"大安區","city":"臺北市","result":"未檢驗","types":"新北抽驗(製造端)、新北抽驗(販售端)","grade":""}},{"type":"Feature","geometry":{"type":"Point","coordinates":[121.594547,25.084081]},"properties":{"name":"歐立食品股份有限公司","address":"台北市內湖區成功路四段188號2樓(內湖店)","district":"內湖區","city":"臺北市","result":"未檢驗","types":"新北抽驗(製造端)、新北抽驗(販售端)","grade":""}},{"type":"Feature","geometry":{"type":"Point","coordinates":[121.594547,25.084081]},"properties":{"name":"歐立食品股份有限公司","address":"台北市內湖區成功路四段188號2樓(內湖(潤泰)店)","district":"內湖區","city":"臺北市","result":"未檢驗","types":"新北抽驗(製造端)、新北抽驗(販售端)","grade":""}},{"type":"Feature","geometry":{"type":"Point","coordinates":[121.544997,25.052441]},"properties":{"name":"歐立食品股份有限公司","address":"台北市松山區慶城街6號","district":"松山區","city":"臺北市","result":"未檢驗","types":"新北抽驗(製造端)、新北抽驗(販售端)","grade":""}},{"type":"Feature","geometry":{"type":"Point","coordinates":[121.517055,25.047176]},"properties":{"name":"歐立食品股份有限公司","address":"台北市中正區北平西路3號微風廣場B1","district":"中正區","city":"臺北市","result":"未檢驗","types":"新北抽驗(製造端)、新北抽驗(販售端)","grade":""}},{"type":"Feature","geometry":{"type":"Point","coordinates":[121.505771,25.042709]},"properties":{"name":"歐立食品股份有限公司","address":"台北市萬華區成都路54之1號","district":"萬華區","city":"臺北市","result":"未檢驗","types":"新北抽驗(製造端)、新北抽驗(販售端)","grade":""}},{"type":"Feature","geometry":{"type":"Point","coordinates":[121.517244,25.046481]},"properties":{"name":"歐立食品股份有限公司","address":"台北市中正區忠孝西路一段49號B1樓","district":"中正區","city":"臺北市","result":"未檢驗","types":"新北抽驗(製造端)、新北抽驗(販售端)","grade":""}},{"type":"Feature","geometry":{"type":"Point","coordinates":[121.520986,25.09625]},"properties":{"name":"統一速邁自販股份有限公司","address":"臺北市士林區台北市士林區文昌路95號","district":"士林區","city":"臺北市","result":"檢驗","types":"新北抽驗(製造端)","grade":""}},{"type":"Feature","geometry":{"type":"Point","coordinates":[121.525322,25.09823]},"properties":{"name":"統一速邁自販股份有限公司","address":"臺北市士林區台北市士林區臨溪街70號","district":"士林區","city":"臺北市","result":"檢驗","types":"新北抽驗(製造端)","grade":""}},{"type":"Feature","geometry":{"type":"Point","coordinates":[121.518343,25.095784]},"properties":{"name":"統一速邁自販股份有限公司","address":"臺北市士林區台北市士林區基河路363號2樓","district":"士林區","city":"臺北市","result":"檢驗","types":"新北抽驗(製造端)","grade":""}},{"type":"Feature","geometry":{"type":"Point","coordinates":[121.559063,25.102489]},"properties":{"name":"統一速邁自販股份有限公司","address":"臺北市士林區台北市士林區劍南路352號旁","district":"士林區","city":"臺北市","result":"檢驗","types":"新北抽驗(製造端)","grade":""}},{"type":"Feature","geometry":{"type":"Point","coordinates":[121.506364,25.085628]},"properties":{"name":"統一速邁自販股份有限公司","address":"臺北市士林區台北市士林區中正路715號","district":"士林區","city":"臺北市","result":"檢驗","types":"新北抽驗(製造端)","grade":""}},{"type":"Feature","geometry":{"type":"Point","coordinates":[121.520458,25.092422]},"properties":{"name":"統一速邁自販股份有限公司","address":"臺北市士林區台北市士林區基河路258號","district":"士林區","city":"臺北市","result":"檢驗","types":"新北抽驗(製造端)","grade":""}},{"type":"Feature","geometry":{"type":"Point","coordinates":[121.534034,25.097468]},"properties":{"name":"統一速邁自販股份有限公司","address":"臺北市士林區台北市士林區福林路240號","district":"士林區","city":"臺北市","result":"檢驗","types":"新北抽驗(製造端)","grade":""}},{"type":"Feature","geometry":{"type":"Point","coordinates":[121.527289,25.114331]},"properties":{"name":"統一速邁自販股份有限公司","address":"臺北市士林區台北市士林區文林北路200號對面","district":"士林區","city":"臺北市","result":"檢驗","types":"新北抽驗(製造端)","grade":""}},{"type":"Feature","geometry":{"type":"Point","coordinates":[121.574214,25.16721]},"properties":{"name":"統一速邁自販股份有限公司","address":"臺北市士林區台北市士林區菁山路101巷246號","district":"士林區","city":"臺北市","result":"檢驗","types":"新北抽驗(製造端)","grade":""}},{"type":"Feature","geometry":{"type":"Point","coordinates":[121.466276,25.130012]},"properties":{"name":"統一速邁自販股份有限公司","address":"臺北市北投區台北市北投區學園路1號","district":"北投區","city":"臺北市","result":"檢驗","types":"新北抽驗(製造端)","grade":""}},{"type":"Feature","geometry":{"type":"Point","coordinates":[121.4863,25.140098]},"properties":{"name":"統一速邁自販股份有限公司","address":"臺北市北投區台北市士林區華崗路55號","district":"北投區","city":"臺北市","result":"檢驗","types":"新北抽驗(製造端)","grade":""}},{"type":"Feature","geometry":{"type":"Point","coordinates":[121.499133,25.125043]},"properties":{"name":"統一速邁自販股份有限公司","address":"臺北市北投區台北市北投區大業路160號","district":"北投區","city":"臺北市","result":"檢驗","types":"新北抽驗(製造端)","grade":""}},{"type":"Feature","geometry":{"type":"Point","coordinates":[121.489632,25.138884]},"properties":{"name":"統一速邁自販股份有限公司","address":"臺北市北投區台北市北投區中央北路2段70號","district":"北投區","city":"臺北市","result":"檢驗","types":"新北抽驗(製造端)","grade":""}},{"type":"Feature","geometry":{"type":"Point","coordinates":[121.536816,25.111787]},"properties":{"name":"統一速邁自販股份有限公司","address":"臺北市北投區台北市北投區立農路2段155號","district":"北投區","city":"臺北市","result":"檢驗","types":"新北抽驗(製造端)","grade":""}},{"type":"Feature","geometry":{"type":"Point","coordinates":[121.501948,25.120421]},"properties":{"name":"統一速邁自販股份有限公司","address":"臺北市北投區台北市北投區公館路432號","district":"北投區","city":"臺北市","result":"檢驗","types":"新北抽驗(製造端)","grade":""}},{"type":"Feature","geometry":{"type":"Point","coordinates":[121.4863,25.140098]},"properties":{"name":"統一速邁自販股份有限公司","address":"臺北市北投區台北市士林區山華崗路55號","district":"北投區","city":"臺北市","result":"檢驗","types":"新北抽驗(製造端)","grade":""}},{"type":"Feature","geometry":{"type":"Point","coordinates":[121.52706,25.144727]},"properties":{"name":"統一速邁自販股份有限公司","address":"臺北市北投區台北市北投區泉源路221號","district":"北投區","city":"臺北市","result":"檢驗","types":"新北抽驗(製造端)","grade":""}},{"type":"Feature","geometry":{"type":"Point","coordinates":[121.511747,25.106087]},"properties":{"name":"統一速邁自販股份有限公司","address":"臺北市北投區台北市北投區承德路六段335-2號","district":"北投區","city":"臺北市","result":"檢驗","types":"新北抽驗(製造端)","grade":""}},{"type":"Feature","geometry":{"type":"Point","coordinates":[121.499844,25.129454]},"properties":{"name":"統一速邁自販股份有限公司","address":"臺北市北投區台北市北投區北投路2段13號5F","district":"北投區","city":"臺北市","result":"檢驗","types":"新北抽驗(製造端)","grade":""}},{"type":"Feature","geometry":{"type":"Point","coordinates":[121.473653,25.126572]},"properties":{"name":"統一速邁自販股份有限公司","address":"臺北市北投區台北市北投區立德路111號","district":"北投區","city":"臺北市","result":"檢驗","types":"新北抽驗(製造端)","grade":""}},{"type":"Feature","geometry":{"type":"Point","coordinates":[121.470068,25.127563]},"properties":{"name":"統一速邁自販股份有限公司","address":"臺北市北投區台北市北投區立德路117號","district":"北投區","city":"臺北市","result":"檢驗","types":"新北抽驗(製造端)","grade":""}},{"type":"Feature","geometry":{"type":"Point","coordinates":[121.521344,25.11755]},"properties":{"name":"統一速邁自販股份有限公司","address":"臺北市北投區台北市北投區明德路365號","district":"北投區","city":"臺北市","result":"檢驗","types":"新北抽驗(製造端)","grade":""}},{"type":"Feature","geometry":{"type":"Point","coordinates":[121.513959,25.117719]},"properties":{"name":"統一速邁自販股份有限公司","address":"臺北市北投區台北市北投區立農街2段155號","district":"北投區","city":"臺北市","result":"檢驗","types":"新北抽驗(製造端)","grade":""}},{"type":"Feature","geometry":{"type":"Point","coordinates":[121.469119,25.122393]},"properties":{"name":"統一速邁自販股份有限公司","address":"臺北市北投區台北市北投區知行路316巷79號","district":"北投區","city":"臺北市","result":"檢驗","types":"新北抽驗(製造端)","grade":""}},{"type":"Feature","geometry":{"type":"Point","coordinates":[121.499844,25.129454]},"properties":{"name":"統一速邁自販股份有限公司","address":"臺北市北投區台北市北投區北投路2段55號","district":"北投區","city":"臺北市","result":"檢驗","types":"新北抽驗(製造端)","grade":""}},{"type":"Feature","geometry":{"type":"Point","coordinates":[121.50095,25.127813]},"properties":{"name":"統一速邁自販股份有限公司","address":"臺北市北投區台北市北投區中央南路一段223號","district":"北投區","city":"臺北市","result":"檢驗","types":"新北抽驗(製造端)","grade":""}},{"type":"Feature","geometry":{"type":"Point","coordinates":[121.500921,25.128661]},"properties":{"name":"統一速邁自販股份有限公司","address":"臺北市北投區台北市北投區中央南路2段12-2號","district":"北投區","city":"臺北市","result":"檢驗","types":"新北抽驗(製造端)","grade":""}},{"type":"Feature","geometry":{"type":"Point","coordinates":[121.500477,25.102679]},"properties":{"name":"統一速邁自販股份有限公司","address":"臺北市北投區台北市北投區洲美街249號","district":"北投區","city":"臺北市","result":"檢驗","types":"新北抽驗(製造端)","grade":""}},{"type":"Feature","geometry":{"type":"Point","coordinates":[121.473167,25.125112]},"properties":{"name":"統一速邁自販股份有限公司","address":"臺北市北投區台北市北投區立功街120號","district":"北投區","city":"臺北市","result":"檢驗","types":"新北抽驗(製造端)","grade":""}},{"type":"Feature","geometry":{"type":"Point","coordinates":[121.472008,25.128341]},"properties":{"name":"統一速邁自販股份有限公司","address":"臺北市北投區台北市北投區立德路125號","district":"北投區","city":"臺北市","result":"檢驗","types":"新北抽驗(製造端)","grade":""}},{"type":"Feature","geometry":{"type":"Point","coordinates":[121.515103,25.137569]},"properties":{"name":"統一速邁自販股份有限公司","address":"臺北市北投區台北市北投區幽雅路30號","district":"北投區","city":"臺北市","result":"檢驗","types":"新北抽驗(製造端)","grade":""}},{"type":"Feature","geometry":{"type":"Point","coordinates":[121.509688,25.13989]},"properties":{"name":"統一速邁自販股份有限公司","address":"臺北市北投區台北市北投區新民路60號","district":"北投區","city":"臺北市","result":"檢驗","types":"新北抽驗(製造端)","grade":""}},{"type":"Feature","geometry":{"type":"Point","coordinates":[121.546882,25.176461]},"properties":{"name":"統一速邁自販股份有限公司","address":"臺北市北投區台北市北投區竹子湖路69號","district":"北投區","city":"臺北市","result":"檢驗","types":"新北抽驗(製造端)","grade":""}},{"type":"Feature","geometry":{"type":"Point","coordinates":[121.507501,25.138946]},"properties":{"name":"統一速邁自販股份有限公司","address":"臺北市北投區台北市北投區新民路22巷9號","district":"北投區","city":"臺北市","result":"檢驗","types":"新北抽驗(製造端)","grade":""}},{"type":"Feature","geometry":{"type":"Point","coordinates":[121.49309,25.148647]},"properties":{"name":"統一速邁自販股份有限公司","address":"臺北市北投區台北市北投區秀山路45號","district":"北投區","city":"臺北市","result":"檢驗","types":"新北抽驗(製造端)","grade":""}},{"type":"Feature","geometry":{"type":"Point","coordinates":[121.500921,25.128661]},"properties":{"name":"統一速邁自販股份有限公司","address":"臺北市北投區台北市北投區中央南路2段22號","district":"北投區","city":"臺北市","result":"檢驗","types":"新北抽驗(製造端)","grade":""}},{"type":"Feature","geometry":{"type":"Point","coordinates":[121.471173,25.123586]},"properties":{"name":"統一速邁自販股份有限公司","address":"臺北市北投區台北市北投區立德路1號","district":"北投區","city":"臺北市","result":"檢驗","types":"新北抽驗(製造端)","grade":""}},{"type":"Feature","geometry":{"type":"Point","coordinates":[121.541864,25.180679]},"properties":{"name":"統一速邁自販股份有限公司","address":"臺北市北投區台北市士林區巴拉卡公路旁","district":"北投區","city":"臺北市","result":"檢驗","types":"新北抽驗(製造端)","grade":""}},{"type":"Feature","geometry":{"type":"Point","coordinates":[121.580867,25.071915]},"properties":{"name":"統一速邁自販股份有限公司","address":"臺北市內湖區台北市內湖區瑞光路108號1F","district":"內湖區","city":"臺北市","result":"檢驗","types":"新北抽驗(製造端)","grade":""}},{"type":"Feature","geometry":{"type":"Point","coordinates":[121.578994,25.084432]},"properties":{"name":"統一速邁自販股份有限公司","address":"臺北市內湖區台北市內湖區港漧路185號","district":"內湖區","city":"臺北市","result":"檢驗","types":"新北抽驗(製造端)","grade":""}},{"type":"Feature","geometry":{"type":"Point","coordinates":[121.579468,25.06468]},"properties":{"name":"統一速邁自販股份有限公司","address":"臺北市內湖區台北市內湖區行愛路168號","district":"內湖區","city":"臺北市","result":"檢驗","types":"新北抽驗(製造端)","grade":""}},{"type":"Feature","geometry":{"type":"Point","coordinates":[121.574398,25.064842]},"properties":{"name":"統一速邁自販股份有限公司","address":"臺北市內湖區台北市內湖區民善街277號","district":"內湖區","city":"臺北市","result":"檢驗","types":"新北抽驗(製造端)","grade":""}},{"type":"Feature","geometry":{"type":"Point","coordinates":[121.597655,25.070145]},"properties":{"name":"統一速邁自販股份有限公司","address":"臺北市內湖區台北市內湖區民權東路六段161號","district":"內湖區","city":"臺北市","result":"檢驗","types":"新北抽驗(製造端)","grade":""}},{"type":"Feature","geometry":{"type":"Point","coordinates":[121.573666,25.073638]},"properties":{"name":"統一速邁自販股份有限公司","address":"臺北市內湖區台北市內湖區舊宗路1段86號","district":"內湖區","city":"臺北市","result":"檢驗","types":"新北抽驗(製造端)","grade":""}},{"type":"Feature","geometry":{"type":"Point","coordinates":[121.575362,25.060142]},"properties":{"name":"統一速邁自販股份有限公司","address":"臺北市內湖區台北市內湖區民善街88號","district":"內湖區","city":"臺北市","result":"檢驗","types":"新北抽驗(製造端)","grade":""}},{"type":"Feature","geometry":{"type":"Point","coordinates":[121.575362,25.060142]},"properties":{"name":"統一速邁自販股份有限公司","address":"臺北市內湖區台北市內湖區民善街88號5F","district":"內湖區","city":"臺北市","result":"檢驗","types":"新北抽驗(製造端)","grade":""}},{"type":"Feature","geometry":{"type":"Point","coordinates":[121.581311,25.06265]},"properties":{"name":"統一速邁自販股份有限公司","address":"臺北市內湖區台北市內湖區行愛路77巷16號","district":"內湖區","city":"臺北市","result":"檢驗","types":"新北抽驗(製造端)","grade":""}},{"type":"Feature","geometry":{"type":"Point","coordinates":[121.59087,25.067545]},"properties":{"name":"統一速邁自販股份有限公司","address":"臺北市內湖區台北市內湖區成功路二段225號","district":"內湖區","city":"臺北市","result":"檢驗","types":"新北抽驗(製造端)","grade":""}},{"type":"Feature","geometry":{"type":"Point","coordinates":[121.574316,25.055952]},"properties":{"name":"統一速邁自販股份有限公司","address":"臺北市內湖區台北市內湖區堤頂大道2段201號","district":"內湖區","city":"臺北市","result":"檢驗","types":"新北抽驗(製造端)","grade":""}},{"type":"Feature","geometry":{"type":"Point","coordinates":[121.583288,25.062952]},"properties":{"name":"統一速邁自販股份有限公司","address":"臺北市內湖區台北市內湖區新湖一路368號","district":"內湖區","city":"臺北市","result":"檢驗","types":"新北抽驗(製造端)","grade":""}},{"type":"Feature","geometry":{"type":"Point","coordinates":[121.586375,25.057856]},"properties":{"name":"統一速邁自販股份有限公司","address":"臺北市內湖區台北市內湖區新明路142號","district":"內湖區","city":"臺北市","result":"檢驗","types":"新北抽驗(製造端)","grade":""}},{"type":"Feature","geometry":{"type":"Point","coordinates":[121.598203,25.069377]},"properties":{"name":"統一速邁自販股份有限公司","address":"臺北市內湖區台北市內湖區民權東路6段20號","district":"內湖區","city":"臺北市","result":"檢驗","types":"新北抽驗(製造端)","grade":""}},{"type":"Feature","geometry":{"type":"Point","coordinates":[121.597637,25.068434]},"properties":{"name":"統一速邁自販股份有限公司","address":"臺北市內湖區台北市內湖區民權東路6段10號","district":"內湖區","city":"臺北市","result":"檢驗","types":"新北抽驗(製造端)","grade":""}},{"type":"Feature","geometry":{"type":"Point","coordinates":[121.570901,25.078403]},"properties":{"name":"統一速邁自販股份有限公司","address":"臺北市內湖區台北市內湖區瑞光路451號4F","district":"內湖區","city":"臺北市","result":"檢驗","types":"新北抽驗(製造端)","grade":""}},{"type":"Feature","geometry":{"type":"Point","coordinates":[121.570901,25.078403]},"properties":{"name":"統一速邁自販股份有限公司","address":"臺北市內湖區台北市內湖區瑞光路451號5F","district":"內湖區","city":"臺北市","result":"檢驗","types":"新北抽驗(製造端)","grade":""}},{"type":"Feature","geometry":{"type":"Point","coordinates":[121.570901,25.078403]},"properties":{"name":"統一速邁自販股份有限公司","address":"臺北市內湖區台北市內湖區瑞光路451號7F","district":"內湖區","city":"臺北市","result":"檢驗","types":"新北抽驗(製造端)","grade":""}},{"type":"Feature","geometry":{"type":"Point","coordinates":[121.570901,25.078403]},"properties":{"name":"統一速邁自販股份有限公司","address":"臺北市內湖區台北市內湖區瑞光路451號10F","district":"內湖區","city":"臺北市","result":"檢驗","types":"新北抽驗(製造端)","grade":""}},{"type":"Feature","geometry":{"type":"Point","coordinates":[121.582414,25.065315]},"properties":{"name":"統一速邁自販股份有限公司","address":"臺北市內湖區台北市內湖區行愛路141巷50號3F","district":"內湖區","city":"臺北市","result":"檢驗","types":"新北抽驗(製造端)","grade":""}},{"type":"Feature","geometry":{"type":"Point","coordinates":[121.580558,25.062207]},"properties":{"name":"統一速邁自販股份有限公司","address":"臺北市內湖區台北市內湖區行愛路78巷26號","district":"內湖區","city":"臺北市","result":"檢驗","types":"新北抽驗(製造端)","grade":""}},{"type":"Feature","geometry":{"type":"Point","coordinates":[121.581079,25.071154]},"properties":{"name":"統一速邁自販股份有限公司","address":"臺北市內湖區台北市內湖區瑞光路76巷18號","district":"內湖區","city":"臺北市","result":"檢驗","types":"新北抽驗(製造端)","grade":""}},{"type":"Feature","geometry":{"type":"Point","coordinates":[121.561588,25.086526]},"properties":{"name":"統一速邁自販股份有限公司","address":"臺北市內湖區台北市內湖區文湖街18-20號","district":"內湖區","city":"臺北市","result":"檢驗","types":"新北抽驗(製造端)","grade":""}},{"type":"Feature","geometry":{"type":"Point","coordinates":[121.572394,25.077246]},"properties":{"name":"統一速邁自販股份有限公司","address":"臺北市內湖區台北市內湖區瑞光路360號","district":"內湖區","city":"臺北市","result":"檢驗","types":"新北抽驗(製造端)","grade":""}},{"type":"Feature","geometry":{"type":"Point","coordinates":[121.578,25.071553]},"properties":{"name":"統一速邁自販股份有限公司","address":"臺北市內湖區台北市內湖區陽光街321巷56號3F","district":"內湖區","city":"臺北市","result":"檢驗","types":"新北抽驗(製造端)","grade":""}},{"type":"Feature","geometry":{"type":"Point","coordinates":[121.572452,25.074821]},"properties":{"name":"統一速邁自販股份有限公司","address":"臺北市內湖區台北市內湖區港墘路250號","district":"內湖區","city":"臺北市","result":"檢驗","types":"新北抽驗(製造端)","grade":""}},{"type":"Feature","geometry":{"type":"Point","coordinates":[121.576113,25.063986]},"properties":{"name":"統一速邁自販股份有限公司","address":"臺北市內湖區台北市內湖區舊宗路一段268號 2F","district":"內湖區","city":"臺北市","result":"檢驗","types":"新北抽驗(製造端)","grade":""}},{"type":"Feature","geometry":{"type":"Point","coordinates":[121.576113,25.063986]},"properties":{"name":"統一速邁自販股份有限公司","address":"臺北市內湖區台北市內湖區舊宗路一段268號","district":"內湖區","city":"臺北市","result":"檢驗","types":"新北抽驗(製造端)","grade":""}},{"type":"Feature","geometry":{"type":"Point","coordinates":[121.601571,25.074386]},"properties":{"name":"統一速邁自販股份有限公司","address":"臺北市內湖區台北市內湖區金龍路(團管區)","district":"內湖區","city":"臺北市","result":"檢驗","types":"新北抽驗(製造端)","grade":""}},{"type":"Feature","geometry":{"type":"Point","coordinates":[121.574528,25.07465]},"properties":{"name":"統一速邁自販股份有限公司","address":"臺北市內湖區台北市內湖區瑞光路258巷53號","district":"內湖區","city":"臺北市","result":"檢驗","types":"新北抽驗(製造端)","grade":""}},{"type":"Feature","geometry":{"type":"Point","coordinates":[121.57402,25.057018]},"properties":{"name":"統一速邁自販股份有限公司","address":"臺北市內湖區台北市內湖區堤頂大道一段9號","district":"內湖區","city":"臺北市","result":"檢驗","types":"新北抽驗(製造端)","grade":""}},{"type":"Feature","geometry":{"type":"Point","coordinates":[121.571195,25.079682]},"properties":{"name":"統一速邁自販股份有限公司","address":"臺北市內湖區台北市內湖區洲子街88號 5樓","district":"內湖區","city":"臺北市","result":"檢驗","types":"新北抽驗(製造端)","grade":""}},{"type":"Feature","geometry":{"type":"Point","coordinates":[121.576523,25.079654]},"properties":{"name":"統一速邁自販股份有限公司","address":"臺北市內湖區台北市內湖區新湖路一段278號","district":"內湖區","city":"臺北市","result":"檢驗","types":"新北抽驗(製造端)","grade":""}},{"type":"Feature","geometry":{"type":"Point","coordinates":[121.571195,25.079682]},"properties":{"name":"統一速邁自販股份有限公司","address":"臺北市內湖區台北市內湖區洲子街88號5樓","district":"內湖區","city":"臺北市","result":"檢驗","types":"新北抽驗(製造端)","grade":""}},{"type":"Feature","geometry":{"type":"Point","coordinates":[121.571343,25.078252]},"properties":{"name":"統一速邁自販股份有限公司","address":"臺北市內湖區台北市內湖區瑞光路407號12F","district":"內湖區","city":"臺北市","result":"檢驗","types":"新北抽驗(製造端)","grade":""}},{"type":"Feature","geometry":{"type":"Point","coordinates":[121.580834,25.066544]},"properties":{"name":"統一速邁自販股份有限公司","address":"臺北市內湖區台北市內湖區行忠路70號","district":"內湖區","city":"臺北市","result":"檢驗","types":"新北抽驗(製造端)","grade":""}},{"type":"Feature","geometry":{"type":"Point","coordinates":[121.571343,25.078252]},"properties":{"name":"統一速邁自販股份有限公司","address":"臺北市內湖區台北市內湖區瑞光路407號3F","district":"內湖區","city":"臺北市","result":"檢驗","types":"新北抽驗(製造端)","grade":""}},{"type":"Feature","geometry":{"type":"Point","coordinates":[121.575714,25.073787]},"properties":{"name":"統一速邁自販股份有限公司","address":"臺北市內湖區台北市內湖區瑞湖街62號8F","district":"內湖區","city":"臺北市","result":"檢驗","types":"新北抽驗(製造端)","grade":""}},{"type":"Feature","geometry":{"type":"Point","coordinates":[121.583348,25.065053]},"properties":{"name":"統一速邁自販股份有限公司","address":"臺北市內湖區台北市內湖區新湖二路280號","district":"內湖區","city":"臺北市","result":"檢驗","types":"新北抽驗(製造端)","grade":""}},{"type":"Feature","geometry":{"type":"Point","coordinates":[121.602572,25.073057]},"properties":{"name":"統一速邁自販股份有限公司","address":"臺北市內湖區台北市內湖區金湖路365號","district":"內湖區","city":"臺北市","result":"檢驗","types":"新北抽驗(製造端)","grade":""}},{"type":"Feature","geometry":{"type":"Point","coordinates":[121.614139,25.076305]},"properties":{"name":"統一速邁自販股份有限公司","address":"臺北市內湖區台北市內湖區康寧路三段220號","district":"內湖區","city":"臺北市","result":"檢驗","types":"新北抽驗(製造端)","grade":""}},{"type":"Feature","geometry":{"type":"Point","coordinates":[121.571343,25.078252]},"properties":{"name":"統一速邁自販股份有限公司","address":"臺北市內湖區台北市內湖區瑞光路407號6F","district":"內湖區","city":"臺北市","result":"檢驗","types":"新北抽驗(製造端)","grade":""}},{"type":"Feature","geometry":{"type":"Point","coordinates":[121.573666,25.073638]},"properties":{"name":"統一速邁自販股份有限公司","address":"臺北市內湖區台北市內湖區舊宗路1段228號","district":"內湖區","city":"臺北市","result":"檢驗","types":"新北抽驗(製造端)","grade":""}},{"type":"Feature","geometry":{"type":"Point","coordinates":[121.587701,25.062255]},"properties":{"name":"統一速邁自販股份有限公司","address":"臺北市內湖區台北市內湖區金莊路26號11樓","district":"內湖區","city":"臺北市","result":"檢驗","types":"新北抽驗(製造端)","grade":""}},{"type":"Feature","geometry":{"type":"Point","coordinates":[121.58198,25.065981]},"properties":{"name":"統一速邁自販股份有限公司","address":"臺北市內湖區台北市內湖區新湖三路288號","district":"內湖區","city":"臺北市","result":"檢驗","types":"新北抽驗(製造端)","grade":""}},{"type":"Feature","geometry":{"type":"Point","coordinates":[121.574341,25.056375]},"properties":{"name":"統一速邁自販股份有限公司","address":"臺北市內湖區台北市內湖區堤頂大道1段215號","district":"內湖區","city":"臺北市","result":"檢驗","types":"新北抽驗(製造端)","grade":""}},{"type":"Feature","geometry":{"type":"Point","coordinates":[121.581385,25.065956]},"properties":{"name":"統一速邁自販股份有限公司","address":"臺北市內湖區台北市內湖區新湖三路280號","district":"內湖區","city":"臺北市","result":"檢驗","types":"新北抽驗(製造端)","grade":""}},{"type":"Feature","geometry":{"type":"Point","coordinates":[121.572635,25.07766]},"properties":{"name":"統一速邁自販股份有限公司","address":"臺北市內湖區台北市內湖區瑞光路399號9F之1","district":"內湖區","city":"臺北市","result":"檢驗","types":"新北抽驗(製造端)","grade":""}},{"type":"Feature","geometry":{"type":"Point","coordinates":[121.572635,25.07766]},"properties":{"name":"統一速邁自販股份有限公司","address":"臺北市內湖區台北市內湖區瑞光路399號10F之1","district":"內湖區","city":"臺北市","result":"檢驗","types":"新北抽驗(製造端)","grade":""}},{"type":"Feature","geometry":{"type":"Point","coordinates":[121.586519,25.078404]},"properties":{"name":"統一速邁自販股份有限公司","address":"臺北市內湖區台北市內湖區文德路218號5F","district":"內湖區","city":"臺北市","result":"檢驗","types":"新北抽驗(製造端)","grade":""}},{"type":"Feature","geometry":{"type":"Point","coordinates":[121.586519,25.078404]},"properties":{"name":"統一速邁自販股份有限公司","address":"臺北市內湖區台北市內湖區文德路218號4F","district":"內湖區","city":"臺北市","result":"檢驗","types":"新北抽驗(製造端)","grade":""}},{"type":"Feature","geometry":{"type":"Point","coordinates":[121.574201,25.062188]},"properties":{"name":"統一速邁自販股份有限公司","address":"臺北市內湖區台北市內湖區新湖三路23號B2","district":"內湖區","city":"臺北市","result":"檢驗","types":"新北抽驗(製造端)","grade":""}},{"type":"Feature","geometry":{"type":"Point","coordinates":[121.5623,25.083666]},"properties":{"name":"統一速邁自販股份有限公司","address":"臺北市內湖區台北市內湖區內湖路一段66號","district":"內湖區","city":"臺北市","result":"檢驗","types":"新北抽驗(製造端)","grade":""}},{"type":"Feature","geometry":{"type":"Point","coordinates":[121.58521,25.074724]},"properties":{"name":"統一速邁自販股份有限公司","address":"臺北市內湖區台北市內湖區陽光街1號","district":"內湖區","city":"臺北市","result":"檢驗","types":"新北抽驗(製造端)","grade":""}},{"type":"Feature","geometry":{"type":"Point","coordinates":[121.580247,25.061827]},"properties":{"name":"統一速邁自販股份有限公司","address":"臺北市內湖區台北市內湖區行愛路78巷25號","district":"內湖區","city":"臺北市","result":"檢驗","types":"新北抽驗(製造端)","grade":""}},{"type":"Feature","geometry":{"type":"Point","coordinates":[121.567121,25.079707]},"properties":{"name":"統一速邁自販股份有限公司","address":"臺北市內湖區台北市內湖區瑞光路550號9樓","district":"內湖區","city":"臺北市","result":"檢驗","types":"新北抽驗(製造端)","grade":""}},{"type":"Feature","geometry":{"type":"Point","coordinates":[121.57865,25.061391]},"properties":{"name":"統一速邁自販股份有限公司","address":"臺北市內湖區台北市內湖區舊宗路一段159號","district":"內湖區","city":"臺北市","result":"檢驗","types":"新北抽驗(製造端)","grade":""}},{"type":"Feature","geometry":{"type":"Point","coordinates":[121.571416,25.07856]},"properties":{"name":"統一速邁自販股份有限公司","address":"臺北市內湖區台北市內湖區瑞光路417號2F","district":"內湖區","city":"臺北市","result":"檢驗","types":"新北抽驗(製造端)","grade":""}},{"type":"Feature","geometry":{"type":"Point","coordinates":[121.576853,25.082397]},"properties":{"name":"統一速邁自販股份有限公司","address":"臺北市內湖區台北市內湖區港華街32號","district":"內湖區","city":"臺北市","result":"檢驗","types":"新北抽驗(製造端)","grade":""}},{"type":"Feature","geometry":{"type":"Point","coordinates":[121.577105,25.071704]},"properties":{"name":"統一速邁自販股份有限公司","address":"臺北市內湖區台北市內湖區陽光街321巷60號","district":"內湖區","city":"臺北市","result":"檢驗","types":"新北抽驗(製造端)","grade":""}},{"type":"Feature","geometry":{"type":"Point","coordinates":[121.598643,25.072676]},"properties":{"name":"統一速邁自販股份有限公司","address":"臺北市內湖區台北市內湖區金湖路363巷133弄底","district":"內湖區","city":"臺北市","result":"檢驗","types":"新北抽驗(製造端)","grade":""}},{"type":"Feature","geometry":{"type":"Point","coordinates":[121.581113,25.061568]},"properties":{"name":"統一速邁自販股份有限公司","address":"臺北市內湖區台北市內湖區新湖一路218號1樓","district":"內湖區","city":"臺北市","result":"檢驗","types":"新北抽驗(製造端)","grade":""}},{"type":"Feature","geometry":{"type":"Point","coordinates":[121.590747,25.081033]},"properties":{"name":"統一速邁自販股份有限公司","address":"臺北市內湖區台北市內湖區成功路2段325號","district":"內湖區","city":"臺北市","result":"檢驗","types":"新北抽驗(製造端)","grade":""}},{"type":"Feature","geometry":{"type":"Point","coordinates":[121.59107,25.049542]},"properties":{"name":"統一速邁自販股份有限公司","address":"臺北市南港區台北市南港區忠孝東路六段360號","district":"南港區","city":"臺北市","result":"檢驗","types":"新北抽驗(製造端)","grade":""}},{"type":"Feature","geometry":{"type":"Point","coordinates":[121.587701,25.062255]},"properties":{"name":"統一速邁自販股份有限公司","address":"臺北市南港區台北市內湖區金莊路26號12F","district":"南港區","city":"臺北市","result":"檢驗","types":"新北抽驗(製造端)","grade":""}},{"type":"Feature","geometry":{"type":"Point","coordinates":[121.587701,25.062255]},"properties":{"name":"統一速邁自販股份有限公司","address":"臺北市南港區台北市南港區金莊路26號12F","district":"南港區","city":"臺北市","result":"檢驗","types":"新北抽驗(製造端)","grade":""}},{"type":"Feature","geometry":{"type":"Point","coordinates":[121.609913,25.033596]},"properties":{"name":"統一速邁自販股份有限公司","address":"臺北市南港區台北市南港區研究院路三段245號","district":"南港區","city":"臺北市","result":"檢驗","types":"新北抽驗(製造端)","grade":""}},{"type":"Feature","geometry":{"type":"Point","coordinates":[121.602187,25.057849]},"properties":{"name":"統一速邁自販股份有限公司","address":"臺北市南港區台北市南港區重陽路263巷2號","district":"南港區","city":"臺北市","result":"檢驗","types":"新北抽驗(製造端)","grade":""}},{"type":"Feature","geometry":{"type":"Point","coordinates":[121.584795,25.046596]},"properties":{"name":"統一速邁自販股份有限公司","address":"臺北市南港區台北市南港區忠孝東路六段39號","district":"南港區","city":"臺北市","result":"檢驗","types":"新北抽驗(製造端)","grade":""}},{"type":"Feature","geometry":{"type":"Point","coordinates":[121.550698,25.006841]},"properties":{"name":"統一速邁自販股份有限公司","address":"臺北市文山區台北市中正區汀洲路49號","district":"文山區","city":"臺北市","result":"檢驗","types":"新北抽驗(製造端)","grade":""}},{"type":"Feature","geometry":{"type":"Point","coordinates":[121.546791,25.003157]},"properties":{"name":"統一速邁自販股份有限公司","address":"臺北市文山區台北市內湖區成功路二段225號","district":"文山區","city":"臺北市","result":"檢驗","types":"新北抽驗(製造端)","grade":""}},{"type":"Feature","geometry":{"type":"Point","coordinates":[120.312533,22.651258]},"properties":{"name":"統一速邁自販股份有限公司","address":"臺北市中正區高雄市三民區灣興街35號","district":"中正區","city":"臺北市","result":"檢驗","types":"新北抽驗(製造端)","grade":""}},{"type":"Feature","geometry":{"type":"Point","coordinates":[120.246535,22.850826]},"properties":{"name":"統一速邁自販股份有限公司","address":"臺北市中正區高雄市路竹區中華路528號","district":"中正區","city":"臺北市","result":"檢驗","types":"新北抽驗(製造端)","grade":""}},{"type":"Feature","geometry":{"type":"Point","coordinates":[121.5191,25.031515]},"properties":{"name":"統一速邁自販股份有限公司","address":"臺北市中正區高雄市鳥松區澄清路840號","district":"中正區","city":"臺北市","result":"檢驗","types":"新北抽驗(製造端)","grade":""}},{"type":"Feature","geometry":{"type":"Point","coordinates":[121.615837,25.057322]},"properties":{"name":"統一速邁自販股份有限公司","address":"台北市南港區台北市南港區經貿二路66號14F","district":"南港區","city":"臺北市","result":"檢驗","types":"新北抽驗(製造端)","grade":""}},{"type":"Feature","geometry":{"type":"Point","coordinates":[121.597148,25.054823]},"properties":{"name":"統一速邁自販股份有限公司","address":"臺北市南港區115台北市南港區向陽路21號","district":"南港區","city":"臺北市","result":"檢驗","types":"新北抽驗(製造端)","grade":""}},{"type":"Feature","geometry":{"type":"Point","coordinates":[121.523246,25.057835]},"properties":{"name":"統一速邁自販股份有限公司","address":"臺北市中山區台北市中山區民生東路2段172號","district":"中山區","city":"臺北市","result":"檢驗","types":"新北抽驗(製造端)","grade":""}},{"type":"Feature","geometry":{"type":"Point","coordinates":[121.523246,25.057835]},"properties":{"name":"統一速邁自販股份有限公司","address":"臺北市中山區台北市中山區民生東路2段174號","district":"中山區","city":"臺北市","result":"檢驗","types":"新北抽驗(製造端)","grade":""}},{"type":"Feature","geometry":{"type":"Point","coordinates":[121.548498,25.054182]},"properties":{"name":"統一速邁自販股份有限公司","address":"臺北市松山區台北市松山區敦化北路122號5樓","district":"松山區","city":"臺北市","result":"檢驗","types":"新北抽驗(製造端)","grade":""}},{"type":"Feature","geometry":{"type":"Point","coordinates":[121.554074,25.022375]},"properties":{"name":"統一速邁自販股份有限公司","address":"臺北市大安區台北市大安區和平東路1段129號","district":"大安區","city":"臺北市","result":"檢驗","types":"新北抽驗(製造端)","grade":""}},{"type":"Feature","geometry":{"type":"Point","coordinates":[121.569302,25.024635]},"properties":{"name":"統一速邁自販股份有限公司","address":"臺北市信義區台北市信義區松仁路3號","district":"信義區","city":"臺北市","result":"檢驗","types":"新北抽驗(製造端)","grade":""}},{"type":"Feature","geometry":{"type":"Point","coordinates":[121.566022,25.03586]},"properties":{"name":"統一速邁自販股份有限公司","address":"臺北市信義區台北市信義區松壽路與松智路口","district":"信義區","city":"臺北市","result":"檢驗","types":"新北抽驗(製造端)","grade":""}},{"type":"Feature","geometry":{"type":"Point","coordinates":[121.55538,25.052589]},"properties":{"name":"統一速邁自販股份有限公司","address":"臺北市松山區臺北市松山區南京東路5段171號","district":"松山區","city":"臺北市","result":"檢驗","types":"新北抽驗(製造端)","grade":""}},{"type":"Feature","geometry":{"type":"Point","coordinates":[121.56524,25.039516]},"properties":{"name":"統一速邁自販股份有限公司","address":"臺北市信義區臺北市信義區松高路11號","district":"信義區","city":"臺北市","result":"檢驗","types":"新北抽驗(製造端)","grade":""}},{"type":"Feature","geometry":{"type":"Point","coordinates":[121.592868,24.992413]},"properties":{"name":"統一速邁自販股份有限公司","address":"臺北市文山區台北市文山區新光路二段21號","district":"文山區","city":"臺北市","result":"檢驗","types":"新北抽驗(製造端)","grade":""}},{"type":"Feature","geometry":{"type":"Point","coordinates":[121.595138,24.968944]},"properties":{"name":"統一速邁自販股份有限公司","address":"臺北市文山區北市指南路三段","district":"文山區","city":"臺北市","result":"檢驗","types":"新北抽驗(製造端)","grade":""}},{"type":"Feature","geometry":{"type":"Point","coordinates":[121.549634,25.056406]},"properties":{"name":"統一速邁自販股份有限公司","address":"臺北市松山區臺北市松山區敦化北路201號","district":"松山區","city":"臺北市","result":"檢驗","types":"新北抽驗(製造端)","grade":""}},{"type":"Feature","geometry":{"type":"Point","coordinates":[121.535011,25.098523]},"properties":{"name":"統一速邁自販股份有限公司","address":"臺北市士林區台北市士林區福林路253號旁工地","district":"士林區","city":"臺北市","result":"檢驗","types":"新北抽驗(製造端)","grade":""}},{"type":"Feature","geometry":{"type":"Point","coordinates":[121.522066,25.048498]},"properties":{"name":"統一速邁自販股份有限公司","address":"台北市中山區中山北路一段33巷2號","district":"中山區","city":"臺北市","result":"檢驗","types":"新北抽驗(製造端)","grade":""}},{"type":"Feature","geometry":{"type":"Point","coordinates":[121.516858,25.118899]},"properties":{"name":"統一速邁自販股份有限公司","address":"臺北市北投區台北市北投區立農街二段301號","district":"北投區","city":"臺北市","result":"檢驗","types":"新北抽驗(製造端)","grade":""}},{"type":"Feature","geometry":{"type":"Point","coordinates":[121.437728,25.083077]},"properties":{"name":"統一速邁自販股份有限公司","address":"臺北市中正區238新北市樹林區武林街2-3號","district":"中正區","city":"臺北市","result":"檢驗","types":"新北抽驗(製造端)","grade":""}},{"type":"Feature","geometry":{"type":"Point","coordinates":[121.533498,25.110132]},"properties":{"name":"統一速邁自販股份有限公司","address":"臺北市士林區台北市士林區忠誠路二段55號","district":"士林區","city":"臺北市","result":"檢驗","types":"新北抽驗(製造端)","grade":""}},{"type":"Feature","geometry":{"type":"Point","coordinates":[121.524484,25.056434]},"properties":{"name":"統一速邁自販股份有限公司","address":"台北市中山區台北市中山區中山北路4段1號","district":"中山區","city":"臺北市","result":"檢驗","types":"新北抽驗(製造端)","grade":""}},{"type":"Feature","geometry":{"type":"Point","coordinates":[121.536292,25.04749]},"properties":{"name":"統一速邁自販股份有限公司","address":"台北市中山區台北市中山區國北路一段38號","district":"中山區","city":"臺北市","result":"檢驗","types":"新北抽驗(製造端)","grade":""}},{"type":"Feature","geometry":{"type":"Point","coordinates":[121.511585,25.098443]},"properties":{"name":"統一速邁自販股份有限公司","address":"臺北市北投區台北市北投區洲美街265-2號","district":"北投區","city":"臺北市","result":"檢驗","types":"新北抽驗(製造端)","grade":""}},{"type":"Feature","geometry":{"type":"Point","coordinates":[121.519288,25.05274]},"properties":{"name":"金壕興業股份有限公司","address":"台北市大同區南京西路46號5樓","district":"大同區","city":"臺北市","result":"檢驗","types":"新北抽驗(製造端)","grade":""}},{"type":"Feature","geometry":{"type":"Point","coordinates":[121.508784,25.057628]},"properties":{"name":"百味集品食品有限公司","address":"台北市大同區民生西路423巷23號1樓","district":"大同區","city":"臺北市","result":"檢驗","types":"新北抽驗(製造端)","grade":""}},{"type":"Feature","geometry":{"type":"Point","coordinates":[121.50905,25.062361]},"properties":{"name":"振農食品有限公司","address":"台北市大同區迪化街1段283號","district":"大同區","city":"臺北市","result":"檢驗","types":"新北抽驗(製造端)","grade":""}},{"type":"Feature","geometry":{"type":"Point","coordinates":[121.523149,25.084245]},"properties":{"name":"明侖有限公司","address":"台北市士林區劍潭路11號3樓","district":"士林區","city":"臺北市","result":"檢驗","types":"新北抽驗(製造端)","grade":""}},{"type":"Feature","geometry":{"type":"Point","coordinates":[121.515299,25.046226]},"properties":{"name":"三金農業科技股份有限公司","address":"台北市中正區忠孝西路一段66號B2","district":"中正區","city":"臺北市","result":"檢驗","types":"新北抽驗(製造端)","grade":""}},{"type":"Feature","geometry":{"type":"Point","coordinates":[121.566664,25.03936]},"properties":{"name":"三金農業科技股份有限公司","address":"台北市信義區松高路19號","district":"信義區","city":"臺北市","result":"檢驗","types":"新北抽驗(製造端)","grade":""}},{"type":"Feature","geometry":{"type":"Point","coordinates":[121.558003,25.081043]},"properties":{"name":"全聯實業股份有限公司","address":"台北市中山區敬業四路33號8樓","district":"中山區","city":"臺北市","result":"檢驗","types":"新北抽驗(製造端)、新北抽驗(販售端)","grade":""}},{"type":"Feature","geometry":{"type":"Point","coordinates":[121.548592,25.013551]},"properties":{"name":"全聯實業股份有限公司","address":"台北市大安區辛亥路3段223號1樓","district":"大安區","city":"臺北市","result":"檢驗","types":"新北抽驗(製造端)、新北抽驗(販售端)","grade":""}},{"type":"Feature","geometry":{"type":"Point","coordinates":[121.510097,25.117144]},"properties":{"name":"全聯實業股份有限公司","address":"台北市北投區致遠二路113巷13.15.15-1號","district":"北投區","city":"臺北市","result":"檢驗","types":"新北抽驗(製造端)、新北抽驗(販售端)","grade":""}},{"type":"Feature","geometry":{"type":"Point","coordinates":[121.536907,25.085029]},"properties":{"name":"全聯實業股份有限公司","address":"台北市中山區通北街111號","district":"中山區","city":"臺北市","result":"檢驗","types":"新北抽驗(製造端)、新北抽驗(販售端)","grade":""}},{"type":"Feature","geometry":{"type":"Point","coordinates":[121.620648,25.075932]},"properties":{"name":"全聯實業股份有限公司","address":"台北市內湖區康樂街116號地下一樓","district":"內湖區","city":"臺北市","result":"檢驗","types":"新北抽驗(製造端)、新北抽驗(販售端)","grade":""}},{"type":"Feature","geometry":{"type":"Point","coordinates":[121.557132,25.084564]},"properties":{"name":"全聯實業股份有限公司","address":"台北市中山區北安路655號地下一樓","district":"中山區","city":"臺北市","result":"檢驗","types":"新北抽驗(製造端)、新北抽驗(販售端)","grade":""}},{"type":"Feature","geometry":{"type":"Point","coordinates":[121.562433,25.050501]},"properties":{"name":"全聯實業股份有限公司","address":"台北市松山區光復北路11巷99號地下","district":"松山區","city":"臺北市","result":"檢驗","types":"新北抽驗(製造端)、新北抽驗(販售端)","grade":""}},{"type":"Feature","geometry":{"type":"Point","coordinates":[121.507492,25.033784]},"properties":{"name":"全聯實業股份有限公司","address":"台北市中正區延平南路189號1樓","district":"中正區","city":"臺北市","result":"檢驗","types":"新北抽驗(製造端)、新北抽驗(販售端)","grade":""}},{"type":"Feature","geometry":{"type":"Point","coordinates":[121.558003,25.081043]},"properties":{"name":"全聯實業股份有限公司","address":"台北市中山區敬業四路33號地下1樓","district":"中山區","city":"臺北市","result":"檢驗","types":"新北抽驗(製造端)、新北抽驗(販售端)","grade":""}},{"type":"Feature","geometry":{"type":"Point","coordinates":[121.544217,24.992286]},"properties":{"name":"全聯實業股份有限公司","address":"台北市文山區景興路191號地下一樓","district":"文山區","city":"臺北市","result":"檢驗","types":"新北抽驗(製造端)、新北抽驗(販售端)","grade":""}},{"type":"Feature","geometry":{"type":"Point","coordinates":[121.519547,25.112729]},"properties":{"name":"全聯實業股份有限公司","address":"台北市北投區懷德街3-10號","district":"北投區","city":"臺北市","result":"檢驗","types":"新北抽驗(製造端)、新北抽驗(販售端)","grade":""}},{"type":"Feature","geometry":{"type":"Point","coordinates":[121.525774,25.064538]},"properties":{"name":"全聯實業股份有限公司","address":"台北市中山區林森北路561號1樓","district":"中山區","city":"臺北市","result":"檢驗","types":"新北抽驗(製造端)、新北抽驗(販售端)","grade":""}},{"type":"Feature","geometry":{"type":"Point","coordinates":[121.60152,25.086139]},"properties":{"name":"全聯實業股份有限公司","address":"台北市內湖區大湖山莊街148號1樓及地下一層","district":"內湖區","city":"臺北市","result":"檢驗","types":"新北抽驗(製造端)、新北抽驗(販售端)","grade":""}},{"type":"Feature","geometry":{"type":"Point","coordinates":[121.551263,25.021653]},"properties":{"name":"全聯實業股份有限公司","address":"台北市大安區樂業街87號1樓","district":"大安區","city":"臺北市","result":"檢驗","types":"新北抽驗(製造端)、新北抽驗(販售端)","grade":""}},{"type":"Feature","geometry":{"type":"Point","coordinates":[121.528644,25.105414]},"properties":{"name":"全聯實業股份有限公司","address":"台北市士林區忠誠路一段177、179號1樓","district":"士林區","city":"臺北市","result":"檢驗","types":"新北抽驗(製造端)、新北抽驗(販售端)","grade":""}},{"type":"Feature","geometry":{"type":"Point","coordinates":[121.520336,25.032843]},"properties":{"name":"全聯實業股份有限公司","address":"台北市中正區寧波東街20號地下1樓","district":"中正區","city":"臺北市","result":"檢驗","types":"新北抽驗(製造端)、新北抽驗(販售端)","grade":""}},{"type":"Feature","geometry":{"type":"Point","coordinates":[121.558155,25.060044]},"properties":{"name":"全聯實業股份有限公司","address":"台北市松山區民生東路3段130巷9號1樓","district":"松山區","city":"臺北市","result":"檢驗","types":"新北抽驗(製造端)、新北抽驗(販售端)","grade":""}},{"type":"Feature","geometry":{"type":"Point","coordinates":[121.497263,25.019215]},"properties":{"name":"全聯實業股份有限公司","address":"台北市萬華區萬大路406號及地下一層","district":"萬華區","city":"臺北市","result":"檢驗","types":"新北抽驗(製造端)、新北抽驗(販售端)","grade":""}},{"type":"Feature","geometry":{"type":"Point","coordinates":[121.495358,25.147292]},"properties":{"name":"全聯實業股份有限公司","address":"台北市北投區中和街49號1樓","district":"北投區","city":"臺北市","result":"檢驗","types":"新北抽驗(製造端)、新北抽驗(販售端)","grade":""}},{"type":"Feature","geometry":{"type":"Point","coordinates":[121.553985,25.025334]},"properties":{"name":"全聯實業股份有限公司","address":"台北市信義區基隆路2段22號地下一層","district":"信義區","city":"臺北市","result":"檢驗","types":"新北抽驗(製造端)、新北抽驗(販售端)","grade":""}},{"type":"Feature","geometry":{"type":"Point","coordinates":[121.515571,25.068617]},"properties":{"name":"全聯實業股份有限公司","address":"台北市大同區民族西路235、237號1樓","district":"大同區","city":"臺北市","result":"檢驗","types":"新北抽驗(製造端)、新北抽驗(販售端)","grade":""}},{"type":"Feature","geometry":{"type":"Point","coordinates":[121.497619,25.025451]},"properties":{"name":"全聯實業股份有限公司","address":"台北市萬華區民和街103、105號1樓","district":"萬華區","city":"臺北市","result":"檢驗","types":"新北抽驗(製造端)、新北抽驗(販售端)","grade":""}},{"type":"Feature","geometry":{"type":"Point","coordinates":[121.492719,25.137812]},"properties":{"name":"全聯實業股份有限公司","address":"台北市北投區中央北路二段181號1樓","district":"北投區","city":"臺北市","result":"檢驗","types":"新北抽驗(製造端)、新北抽驗(販售端)","grade":""}},{"type":"Feature","geometry":{"type":"Point","coordinates":[121.513006,25.056898]},"properties":{"name":"全聯實業股份有限公司","address":"台北市大同區朝陽里民生西路280號1樓","district":"大同區","city":"臺北市","result":"檢驗","types":"新北抽驗(製造端)、新北抽驗(販售端)","grade":""}},{"type":"Feature","geometry":{"type":"Point","coordinates":[121.548925,25.082731]},"properties":{"name":"全聯實業股份有限公司","address":"台北市中山區北安路588巷8、10號1樓","district":"中山區","city":"臺北市","result":"檢驗","types":"新北抽驗(製造端)、新北抽驗(販售端)","grade":""}},{"type":"Feature","geometry":{"type":"Point","coordinates":[121.597637,25.068434]},"properties":{"name":"全聯實業股份有限公司","address":"台北市內湖區民權東路6段90巷18號1樓","district":"內湖區","city":"臺北市","result":"檢驗","types":"新北抽驗(製造端)、新北抽驗(販售端)","grade":""}},{"type":"Feature","geometry":{"type":"Point","coordinates":[121.587188,25.088152]},"properties":{"name":"全聯實業股份有限公司","address":"台北市內湖區金龍路215號1樓","district":"內湖區","city":"臺北市","result":"檢驗","types":"新北抽驗(製造端)、新北抽驗(販售端)","grade":""}},{"type":"Feature","geometry":{"type":"Point","coordinates":[121.568348,25.024392]},"properties":{"name":"全聯實業股份有限公司","address":"台北市信義區松仁路240巷19號1、2樓","district":"信義區","city":"臺北市","result":"檢驗","types":"新北抽驗(製造端)、新北抽驗(販售端)","grade":""}},{"type":"Feature","geometry":{"type":"Point","coordinates":[121.584082,25.043287]},"properties":{"name":"全聯實業股份有限公司","address":"台北市南港區中坡南路7號1樓","district":"南港區","city":"臺北市","result":"檢驗","types":"新北抽驗(製造端)、新北抽驗(販售端)","grade":""}},{"type":"Feature","geometry":{"type":"Point","coordinates":[121.530299,25.113184]},"properties":{"name":"全聯實業股份有限公司","address":"台北市士林區天祿里士東路23號1樓","district":"士林區","city":"臺北市","result":"檢驗","types":"新北抽驗(製造端)、新北抽驗(販售端)","grade":""}},{"type":"Feature","geometry":{"type":"Point","coordinates":[121.541879,25.065251]},"properties":{"name":"全聯實業股份有限公司","address":"台北市中山區龍江路15號1、2樓","district":"中山區","city":"臺北市","result":"檢驗","types":"新北抽驗(製造端)、新北抽驗(販售端)","grade":""}},{"type":"Feature","geometry":{"type":"Point","coordinates":[121.596439,25.081262]},"properties":{"name":"全聯實業股份有限公司","address":"台北市內湖區清白里星雲街163號1樓","district":"內湖區","city":"臺北市","result":"檢驗","types":"新北抽驗(製造端)、新北抽驗(販售端)","grade":""}},{"type":"Feature","geometry":{"type":"Point","coordinates":[121.539329,25.061656]},"properties":{"name":"全聯實業股份有限公司","address":"台北市中山區合江街137號1.2樓","district":"中山區","city":"臺北市","result":"檢驗","types":"新北抽驗(製造端)、新北抽驗(販售端)","grade":""}},{"type":"Feature","geometry":{"type":"Point","coordinates":[121.528817,25.051383]},"properties":{"name":"全聯實業股份有限公司","address":"台北市中山區吉林路26巷34號1樓","district":"中山區","city":"臺北市","result":"檢驗","types":"新北抽驗(製造端)、新北抽驗(販售端)","grade":""}},{"type":"Feature","geometry":{"type":"Point","coordinates":[121.56237,24.984039]},"properties":{"name":"全聯實業股份有限公司","address":"台北市文山區興隆路4段143號地下","district":"文山區","city":"臺北市","result":"檢驗","types":"新北抽驗(製造端)、新北抽驗(販售端)","grade":""}},{"type":"Feature","geometry":{"type":"Point","coordinates":[121.511056,25.079198]},"properties":{"name":"全聯實業股份有限公司","address":"台北市士林區延平北路5段238、240號","district":"士林區","city":"臺北市","result":"檢驗","types":"新北抽驗(製造端)、新北抽驗(販售端)","grade":""}},{"type":"Feature","geometry":{"type":"Point","coordinates":[121.532145,25.119658]},"properties":{"name":"全聯實業股份有限公司","address":"台北市士林區中山北路7段81巷7號地下1層","district":"士林區","city":"臺北市","result":"檢驗","types":"新北抽驗(製造端)、新北抽驗(販售端)","grade":""}},{"type":"Feature","geometry":{"type":"Point","coordinates":[121.517829,25.087143]},"properties":{"name":"全聯實業股份有限公司","address":"台北市士林區福中里福港街104號1樓","district":"士林區","city":"臺北市","result":"檢驗","types":"新北抽驗(製造端)、新北抽驗(販售端)","grade":""}},{"type":"Feature","geometry":{"type":"Point","coordinates":[121.531779,25.026409]},"properties":{"name":"全聯實業股份有限公司","address":"台北市大安區和平東路一段段63號地下一層","district":"大安區","city":"臺北市","result":"檢驗","types":"新北抽驗(製造端)、新北抽驗(販售端)","grade":""}},{"type":"Feature","geometry":{"type":"Point","coordinates":[121.540147,24.990199]},"properties":{"name":"全聯實業股份有限公司","address":"台北市文山區羅斯福路5段170巷41號1樓","district":"文山區","city":"臺北市","result":"檢驗","types":"新北抽驗(製造端)、新北抽驗(販售端)","grade":""}},{"type":"Feature","geometry":{"type":"Point","coordinates":[121.564049,25.08692]},"properties":{"name":"全聯實業股份有限公司","address":"台北市內湖區西安里文湖街31號及地下一層","district":"內湖區","city":"臺北市","result":"檢驗","types":"新北抽驗(製造端)、新北抽驗(販售端)","grade":""}},{"type":"Feature","geometry":{"type":"Point","coordinates":[121.537156,25.024467]},"properties":{"name":"全聯實業股份有限公司","address":"台北市大安區建國南路2段123巷16號地下1樓","district":"大安區","city":"臺北市","result":"檢驗","types":"新北抽驗(製造端)、新北抽驗(販售端)","grade":""}},{"type":"Feature","geometry":{"type":"Point","coordinates":[121.502011,25.032284]},"properties":{"name":"全聯實業股份有限公司","address":"台北市萬華區興寧街2號1樓","district":"萬華區","city":"臺北市","result":"檢驗","types":"新北抽驗(製造端)、新北抽驗(販售端)","grade":""}},{"type":"Feature","geometry":{"type":"Point","coordinates":[121.579813,25.047349]},"properties":{"name":"全聯實業股份有限公司","address":"台北市信義區松隆路36號1、2樓","district":"信義區","city":"臺北市","result":"檢驗","types":"新北抽驗(製造端)、新北抽驗(販售端)","grade":""}},{"type":"Feature","geometry":{"type":"Point","coordinates":[121.617093,25.035585]},"properties":{"name":"全聯實業股份有限公司","address":"台北市南港區研究院路3段68巷9號1樓","district":"南港區","city":"臺北市","result":"檢驗","types":"新北抽驗(製造端)、新北抽驗(販售端)","grade":""}},{"type":"Feature","geometry":{"type":"Point","coordinates":[121.575973,25.001248]},"properties":{"name":"全聯實業股份有限公司","address":"台北市文山區木柵路1段177號1、2樓","district":"文山區","city":"臺北市","result":"檢驗","types":"新北抽驗(製造端)、新北抽驗(販售端)","grade":""}},{"type":"Feature","geometry":{"type":"Point","coordinates":[121.547161,25.044758]},"properties":{"name":"全聯實業股份有限公司","address":"台北市大安區市民大道4段190號1、2樓","district":"大安區","city":"臺北市","result":"檢驗","types":"新北抽驗(製造端)、新北抽驗(販售端)","grade":""}},{"type":"Feature","geometry":{"type":"Point","coordinates":[121.564626,24.985639]},"properties":{"name":"全聯實業股份有限公司","address":"台北市文山區忠順街2段22號1、2樓","district":"文山區","city":"臺北市","result":"檢驗","types":"新北抽驗(製造端)、新北抽驗(販售端)","grade":""}},{"type":"Feature","geometry":{"type":"Point","coordinates":[121.522354,25.096429]},"properties":{"name":"全聯實業股份有限公司","address":"台北市士林區華聲街17號1樓","district":"士林區","city":"臺北市","result":"檢驗","types":"新北抽驗(製造端)、新北抽驗(販售端)","grade":""}},{"type":"Feature","geometry":{"type":"Point","coordinates":[121.59363,25.084126]},"properties":{"name":"全聯實業股份有限公司","address":"台北市內湖區成功路4段30巷28弄2號1樓","district":"內湖區","city":"臺北市","result":"檢驗","types":"新北抽驗(製造端)、新北抽驗(販售端)","grade":""}},{"type":"Feature","geometry":{"type":"Point","coordinates":[121.577088,25.077988]},"properties":{"name":"全聯實業股份有限公司","address":"台北市內湖區港墘路127巷10號地下1層","district":"內湖區","city":"臺北市","result":"檢驗","types":"新北抽驗(製造端)、新北抽驗(販售端)","grade":""}},{"type":"Feature","geometry":{"type":"Point","coordinates":[121.509472,25.024826]},"properties":{"name":"全聯實業股份有限公司","address":"台北市萬華區中華路2段666-12號地下1樓","district":"萬華區","city":"臺北市","result":"檢驗","types":"新北抽驗(製造端)、新北抽驗(販售端)","grade":""}},{"type":"Feature","geometry":{"type":"Point","coordinates":[121.496511,25.03168]},"properties":{"name":"全聯實業股份有限公司","address":"台北市萬華區西園路2段217號1樓","district":"萬華區","city":"臺北市","result":"檢驗","types":"新北抽驗(製造端)、新北抽驗(販售端)","grade":""}},{"type":"Feature","geometry":{"type":"Point","coordinates":[121.498104,25.135916]},"properties":{"name":"全聯實業股份有限公司","address":"台北市北投區中央北路4段532號地下一層","district":"北投區","city":"臺北市","result":"檢驗","types":"新北抽驗(製造端)、新北抽驗(販售端)","grade":""}},{"type":"Feature","geometry":{"type":"Point","coordinates":[121.510036,25.120697]},"properties":{"name":"全聯實業股份有限公司","address":"台北市北投區東華街2段180號地下1樓","district":"北投區","city":"臺北市","result":"檢驗","types":"新北抽驗(製造端)、新北抽驗(販售端)","grade":""}},{"type":"Feature","geometry":{"type":"Point","coordinates":[121.543934,25.036749]},"properties":{"name":"全聯實業股份有限公司","address":"台北市大安區復興南路2段237號地下1樓","district":"大安區","city":"臺北市","result":"檢驗","types":"新北抽驗(製造端)、新北抽驗(販售端)","grade":""}},{"type":"Feature","geometry":{"type":"Point","coordinates":[121.502713,25.040767]},"properties":{"name":"全聯實業股份有限公司","address":"台北市萬華區長沙街2段110.112號1樓","district":"萬華區","city":"臺北市","result":"檢驗","types":"新北抽驗(製造端)、新北抽驗(販售端)","grade":""}},{"type":"Feature","geometry":{"type":"Point","coordinates":[121.527056,25.033822]},"properties":{"name":"全聯實業股份有限公司","address":"台北市大安區金山南路2段12號地下1樓","district":"大安區","city":"臺北市","result":"檢驗","types":"新北抽驗(製造端)、新北抽驗(販售端)","grade":""}},{"type":"Feature","geometry":{"type":"Point","coordinates":[121.512954,25.054067]},"properties":{"name":"全聯實業股份有限公司","address":"台北市大同區朝陽里南京西路165號1樓","district":"大同區","city":"臺北市","result":"檢驗","types":"新北抽驗(製造端)、新北抽驗(販售端)","grade":""}},{"type":"Feature","geometry":{"type":"Point","coordinates":[121.524444,25.044338]},"properties":{"name":"全聯實業股份有限公司","address":"台北市中正區忠孝東路一段86號1樓","district":"中正區","city":"臺北市","result":"檢驗","types":"新北抽驗(製造端)、新北抽驗(販售端)","grade":""}},{"type":"Feature","geometry":{"type":"Point","coordinates":[121.538324,25.035101]},"properties":{"name":"全聯實業股份有限公司","address":"台北市大安區建國南路2段151巷16號1樓","district":"大安區","city":"臺北市","result":"檢驗","types":"新北抽驗(製造端)、新北抽驗(販售端)","grade":""}},{"type":"Feature","geometry":{"type":"Point","coordinates":[121.516339,25.038953]},"properties":{"name":"全聯實業股份有限公司","address":"台北市中正區凱達格蘭大道2號地下室","district":"中正區","city":"臺北市","result":"檢驗","types":"新北抽驗(製造端)、新北抽驗(販售端)","grade":""}},{"type":"Feature","geometry":{"type":"Point","coordinates":[121.498738,25.130608]},"properties":{"name":"全聯實業股份有限公司","address":"台北市北投區北投路二段11號地下一樓","district":"北投區","city":"臺北市","result":"檢驗","types":"新北抽驗(製造端)、新北抽驗(販售端)","grade":""}},{"type":"Feature","geometry":{"type":"Point","coordinates":[121.576734,25.050322]},"properties":{"name":"全聯實業股份有限公司","address":"台北市松山區吉仁里八德路3段106巷1號1樓","district":"松山區","city":"臺北市","result":"檢驗","types":"新北抽驗(製造端)、新北抽驗(販售端)","grade":""}},{"type":"Feature","geometry":{"type":"Point","coordinates":[121.568856,25.054603]},"properties":{"name":"全聯實業股份有限公司","address":"台北市松山區健康路399號1樓","district":"松山區","city":"臺北市","result":"檢驗","types":"新北抽驗(製造端)、新北抽驗(販售端)","grade":""}},{"type":"Feature","geometry":{"type":"Point","coordinates":[121.615998,25.06819]},"properties":{"name":"全聯實業股份有限公司","address":"台北市內湖區東湖路118號地下一層","district":"內湖區","city":"臺北市","result":"檢驗","types":"新北抽驗(製造端)、新北抽驗(販售端)","grade":""}},{"type":"Feature","geometry":{"type":"Point","coordinates":[121.496431,25.036897]},"properties":{"name":"全聯實業股份有限公司","address":"台北市萬華區青山里廣州街263號1樓","district":"萬華區","city":"臺北市","result":"檢驗","types":"新北抽驗(製造端)、新北抽驗(販售端)","grade":""}},{"type":"Feature","geometry":{"type":"Point","coordinates":[121.560752,25.02855]},"properties":{"name":"全聯實業股份有限公司","address":"台北市信義區吳興街156巷6號1.2樓","district":"信義區","city":"臺北市","result":"檢驗","types":"新北抽驗(製造端)、新北抽驗(販售端)","grade":""}},{"type":"Feature","geometry":{"type":"Point","coordinates":[121.606675,25.072225]},"properties":{"name":"全聯實業股份有限公司","address":"台北市內湖區民權東路六段296巷26號地下一層","district":"內湖區","city":"臺北市","result":"檢驗","types":"新北抽驗(製造端)、新北抽驗(販售端)","grade":""}},{"type":"Feature","geometry":{"type":"Point","coordinates":[121.51009,25.088998]},"properties":{"name":"全聯實業股份有限公司","address":"台北市士林區社正路59號61及61之1號1樓","district":"士林區","city":"臺北市","result":"檢驗","types":"新北抽驗(製造端)、新北抽驗(販售端)","grade":""}},{"type":"Feature","geometry":{"type":"Point","coordinates":[121.580828,25.04059]},"properties":{"name":"全聯實業股份有限公司","address":"台北市信義區大道里林口街176號地下一層","district":"信義區","city":"臺北市","result":"檢驗","types":"新北抽驗(製造端)、新北抽驗(販售端)","grade":""}},{"type":"Feature","geometry":{"type":"Point","coordinates":[121.541937,25.056214]},"properties":{"name":"全聯實業股份有限公司","address":"台北市中山區朱馥里興安街55號地下樓","district":"中山區","city":"臺北市","result":"檢驗","types":"新北抽驗(製造端)、新北抽驗(販售端)","grade":""}},{"type":"Feature","geometry":{"type":"Point","coordinates":[121.552274,25.059188]},"properties":{"name":"全聯實業股份有限公司","address":"台北市松山區民生東路4段133號1樓","district":"松山區","city":"臺北市","result":"檢驗","types":"新北抽驗(製造端)、新北抽驗(販售端)","grade":""}},{"type":"Feature","geometry":{"type":"Point","coordinates":[121.520318,25.060036]},"properties":{"name":"全聯實業股份有限公司","address":"台北市中山區集英里錦西街8號1樓","district":"中山區","city":"臺北市","result":"檢驗","types":"新北抽驗(製造端)、新北抽驗(販售端)","grade":""}},{"type":"Feature","geometry":{"type":"Point","coordinates":[121.567576,24.988361]},"properties":{"name":"全聯實業股份有限公司","address":"台北市文山區木柵里木柵路3段41號1樓","district":"文山區","city":"臺北市","result":"檢驗","types":"新北抽驗(製造端)、新北抽驗(販售端)","grade":""}},{"type":"Feature","geometry":{"type":"Point","coordinates":[121.530307,25.063197]},"properties":{"name":"全聯實業股份有限公司","address":"台北市中山區吉林路213、215、217、219號1樓","district":"中山區","city":"臺北市","result":"檢驗","types":"新北抽驗(製造端)、新北抽驗(販售端)","grade":""}},{"type":"Feature","geometry":{"type":"Point","coordinates":[121.54093,25.004061]},"properties":{"name":"全聯實業股份有限公司","address":"台北市文山區興隆路一段53號地下1樓","district":"文山區","city":"臺北市","result":"檢驗","types":"新北抽驗(製造端)、新北抽驗(販售端)","grade":""}},{"type":"Feature","geometry":{"type":"Point","coordinates":[121.566973,24.982598]},"properties":{"name":"全聯實業股份有限公司","address":"台北市文山區恆光街37.39.41.43號1樓","district":"文山區","city":"臺北市","result":"檢驗","types":"新北抽驗(製造端)、新北抽驗(販售端)","grade":""}},{"type":"Feature","geometry":{"type":"Point","coordinates":[121.51602,25.06554]},"properties":{"name":"全聯實業股份有限公司","address":"台北市大同區大龍街153、155號","district":"大同區","city":"臺北市","result":"檢驗","types":"新北抽驗(製造端)、新北抽驗(販售端)","grade":""}},{"type":"Feature","geometry":{"type":"Point","coordinates":[121.605616,25.073092]},"properties":{"name":"全聯實業股份有限公司","address":"台北市內湖區民權東路六段296巷113、115號地下樓","district":"內湖區","city":"臺北市","result":"檢驗","types":"新北抽驗(製造端)、新北抽驗(販售端)","grade":""}},{"type":"Feature","geometry":{"type":"Point","coordinates":[121.549687,25.04591]},"properties":{"name":"全聯實業股份有限公司","address":"台北市松山區八德路三段223號及225號地下樓","district":"松山區","city":"臺北市","result":"檢驗","types":"新北抽驗(製造端)、新北抽驗(販售端)","grade":""}},{"type":"Feature","geometry":{"type":"Point","coordinates":[121.524563,25.056052]},"properties":{"name":"全聯實業股份有限公司","address":"台北市中山區中山北路二段59巷45號地下一層","district":"中山區","city":"臺北市","result":"檢驗","types":"新北抽驗(製造端)、新北抽驗(販售端)","grade":""}},{"type":"Feature","geometry":{"type":"Point","coordinates":[121.555265,25.038972]},"properties":{"name":"全聯實業股份有限公司","address":"台北市大安區延吉街161號地下1樓","district":"大安區","city":"臺北市","result":"檢驗","types":"新北抽驗(製造端)、新北抽驗(販售端)","grade":""}},{"type":"Feature","geometry":{"type":"Point","coordinates":[121.614832,25.058698]},"properties":{"name":"全聯實業股份有限公司","address":"台北市南港區經貿二路188號3樓","district":"南港區","city":"臺北市","result":"檢驗","types":"新北抽驗(製造端)、新北抽驗(販售端)","grade":""}},{"type":"Feature","geometry":{"type":"Point","coordinates":[121.555482,25.01924]},"properties":{"name":"全聯實業股份有限公司","address":"台北市大安區和平東路3段1巷51號","district":"大安區","city":"臺北市","result":"檢驗","types":"新北抽驗(製造端)、新北抽驗(販售端)","grade":""}},{"type":"Feature","geometry":{"type":"Point","coordinates":[121.532885,25.060672]},"properties":{"name":"全聯實業股份有限公司","address":"台北市中山區松江路318號1樓","district":"中山區","city":"臺北市","result":"檢驗","types":"新北抽驗(製造端)、新北抽驗(販售端)","grade":""}},{"type":"Feature","geometry":{"type":"Point","coordinates":[121.571148,25.018832]},"properties":{"name":"全聯實業股份有限公司","address":"台北市信義區吳興街600巷81號及地下一層","district":"信義區","city":"臺北市","result":"檢驗","types":"新北抽驗(製造端)、新北抽驗(販售端)","grade":""}},{"type":"Feature","geometry":{"type":"Point","coordinates":[121.59237,25.082967]},"properties":{"name":"全聯實業股份有限公司","address":"台北市內湖區成功路四段30巷40號地下","district":"內湖區","city":"臺北市","result":"檢驗","types":"新北抽驗(製造端)、新北抽驗(販售端)","grade":""}},{"type":"Feature","geometry":{"type":"Point","coordinates":[121.532865,25.016263]},"properties":{"name":"全聯實業股份有限公司","address":"台北市大安區羅斯福路三段81號","district":"大安區","city":"臺北市","result":"檢驗","types":"新北抽驗(製造端)、新北抽驗(販售端)","grade":""}},{"type":"Feature","geometry":{"type":"Point","coordinates":[121.551607,25.02691]},"properties":{"name":"全聯實業股份有限公司","address":"台北市大安區樂利路89、91號","district":"大安區","city":"臺北市","result":"檢驗","types":"新北抽驗(製造端)、新北抽驗(販售端)","grade":""}},{"type":"Feature","geometry":{"type":"Point","coordinates":[121.552243,25.032878]},"properties":{"name":"全聯實業股份有限公司","address":"台北市大安區安和路2段88號","district":"大安區","city":"臺北市","result":"檢驗","types":"新北抽驗(製造端)、新北抽驗(販售端)","grade":""}},{"type":"Feature","geometry":{"type":"Point","coordinates":[121.613275,25.069768]},"properties":{"name":"全聯實業股份有限公司","address":"台北市內湖區安湖里東湖路33巷19號地下一層","district":"內湖區","city":"臺北市","result":"檢驗","types":"新北抽驗(製造端)、新北抽驗(販售端)","grade":""}},{"type":"Feature","geometry":{"type":"Point","coordinates":[121.521652,25.02664]},"properties":{"name":"全聯實業股份有限公司","address":"台北市中正區板溪里和平西路一段52、54號","district":"中正區","city":"臺北市","result":"檢驗","types":"新北抽驗(製造端)、新北抽驗(販售端)","grade":""}},{"type":"Feature","geometry":{"type":"Point","coordinates":[121.530523,25.06642]},"properties":{"name":"全聯實業股份有限公司","address":"台北市中山區新喜里吉林路413號1、2樓","district":"中山區","city":"臺北市","result":"檢驗","types":"新北抽驗(製造端)、新北抽驗(販售端)","grade":""}},{"type":"Feature","geometry":{"type":"Point","coordinates":[121.54801,25.029287]},"properties":{"name":"全聯實業股份有限公司","address":"台北市大安區四維路41、43、45號","district":"大安區","city":"臺北市","result":"檢驗","types":"新北抽驗(製造端)、新北抽驗(販售端)","grade":""}},{"type":"Feature","geometry":{"type":"Point","coordinates":[121.564879,25.028759]},"properties":{"name":"全聯實業股份有限公司","address":"台北市信義區莊敬路325巷58號","district":"信義區","city":"臺北市","result":"檢驗","types":"新北抽驗(製造端)、新北抽驗(販售端)","grade":""}},{"type":"Feature","geometry":{"type":"Point","coordinates":[121.53862,25.053799]},"properties":{"name":"全聯實業股份有限公司","address":"台北市中山區長春路258巷6號","district":"中山區","city":"臺北市","result":"檢驗","types":"新北抽驗(製造端)、新北抽驗(販售端)","grade":""}},{"type":"Feature","geometry":{"type":"Point","coordinates":[121.525894,25.065258]},"properties":{"name":"全聯實業股份有限公司","address":"台北市中山區晴光里林森北路575-1.575-3.575-4.575-6.575-7.575-8.575-9號","district":"中山區","city":"臺北市","result":"檢驗","types":"新北抽驗(製造端)、新北抽驗(販售端)","grade":""}},{"type":"Feature","geometry":{"type":"Point","coordinates":[121.550247,25.003764]},"properties":{"name":"全聯實業股份有限公司","address":"台北市文山區福興路62號","district":"文山區","city":"臺北市","result":"檢驗","types":"新北抽驗(製造端)、新北抽驗(販售端)","grade":""}},{"type":"Feature","geometry":{"type":"Point","coordinates":[121.563941,25.057724]},"properties":{"name":"全聯實業股份有限公司","address":"台北市松山區富泰里三民路108號地下","district":"松山區","city":"臺北市","result":"檢驗","types":"新北抽驗(製造端)、新北抽驗(販售端)","grade":""}},{"type":"Feature","geometry":{"type":"Point","coordinates":[121.506737,25.118716]},"properties":{"name":"全聯實業股份有限公司","address":"台北市北投區吉利街125號1樓","district":"北投區","city":"臺北市","result":"檢驗","types":"新北抽驗(製造端)、新北抽驗(販售端)","grade":""}},{"type":"Feature","geometry":{"type":"Point","coordinates":[121.529425,25.02371]},"properties":{"name":"全聯實業股份有限公司","address":"台北市大安區泰順街45號","district":"大安區","city":"臺北市","result":"檢驗","types":"新北抽驗(製造端)、新北抽驗(販售端)","grade":""}},{"type":"Feature","geometry":{"type":"Point","coordinates":[121.53042,25.063226]},"properties":{"name":"信德股份有限公司","address":"台北市中山區松江路301號2樓之4","district":"中山區","city":"臺北市","result":"檢驗","types":"新北抽驗(製造端)","grade":""}},{"type":"Feature","geometry":{"type":"Point","coordinates":[121.565708,25.080364]},"properties":{"name":"佳格食品股份有限公司","address":"台北市內湖區瑞光路610號10樓","district":"內湖區","city":"臺北市","result":"未檢驗","types":"新北抽驗(製造端)","grade":""}},{"type":"Feature","geometry":{"type":"Point","coordinates":[121.554074,25.022375]},"properties":{"name":"保利包裝有限公司","address":"台北市大安區和平東路1段177號之2，10樓","district":"大安區","city":"臺北市","result":"檢驗","types":"新北抽驗(製造端)","grade":""}},{"type":"Feature","geometry":{"type":"Point","coordinates":[121.498932,25.038378]},"properties":{"name":"嘉一香食品股份有限公司","address":"台北市萬華區桂林路128號21樓","district":"萬華區","city":"臺北市","result":"檢驗","types":"新北抽驗(製造端)、新北抽驗(販售端)","grade":""}},{"type":"Feature","geometry":{"type":"Point","coordinates":[121.574333,25.040053]},"properties":{"name":"羅撒食品股份有限公司","address":"台北市信義區忠孝東路5段8號B2(羅撒專櫃)","district":"信義區","city":"臺北市","result":"檢驗","types":"新北抽驗(製造端)、新北抽驗(販售端)","grade":""}},{"type":"Feature","geometry":{"type":"Point","coordinates":[121.521756,25.052539]},"properties":{"name":"豪龍食品有限公司","address":"台北市中山區南京西路1之1號11樓","district":"中山區","city":"臺北市","result":"檢驗","types":"新北抽驗(製造端)","grade":""}},{"type":"Feature","geometry":{"type":"Point","coordinates":[121.55605,25.032512]},"properties":{"name":"祥美食品股份有限公司","address":"台北市大安區信義路2段88號5樓","district":"大安區","city":"臺北市","result":"檢驗","types":"新北抽驗(製造端)","grade":""}},{"type":"Feature","geometry":{"type":"Point","coordinates":[121.5161,25.09003]},"properties":{"name":"統園企業股份有限公司","address":"台北市士林區福中里大南路三六一號五樓之ㄧ","district":"士林區","city":"臺北市","result":"檢驗","types":"第二級品管驗證","grade":""}},{"type":"Feature","geometry":{"type":"Point","coordinates":[121.564667,24.998316]},"properties":{"name":"日正食品工業股份有限公司","address":"台北市文山區萬芳路21號1樓","district":"文山區","city":"臺北市","result":"檢驗","types":"新北抽驗(製造端)","grade":""}},{"type":"Feature","geometry":{"type":"Point","coordinates":[121.61258,25.053227]},"properties":{"name":"恩旺貿易有限公司","address":"台北市大安區忠孝東路4段148號7樓","district":"大安區","city":"臺北市","result":"檢驗","types":"新北抽驗(製造端)、新北抽驗(販售端)","grade":""}},{"type":"Feature","geometry":{"type":"Point","coordinates":[121.556463,25.052104]},"properties":{"name":"香菇王股份有限公司","address":"台北市松山區南京東路3段346之12號9樓","district":"松山區","city":"臺北市","result":"檢驗","types":"新北抽驗(製造端)","grade":""}},{"type":"Feature","geometry":{"type":"Point","coordinates":[121.548088,25.051562]},"properties":{"name":"香菇王股份有限公司","address":"台北市松山區南京東路三段346之12號9樓","district":"松山區","city":"臺北市","result":"檢驗","types":"新北抽驗(製造端)","grade":""}},{"type":"Feature","geometry":{"type":"Point","coordinates":[121.565077,25.05021]},"properties":{"name":"統一多拿滋股份有限公司","address":"台北市松山區東興路8號8樓","district":"松山區","city":"臺北市","result":"檢驗","types":"新北抽驗(製造端)","grade":""}},{"type":"Feature","geometry":{"type":"Point","coordinates":[121.578764,25.036732]},"properties":{"name":"統一多拿滋股份有限公司","address":"台北市信義區永吉里松山路11號1樓","district":"信義區","city":"臺北市","result":"檢驗","types":"新北抽驗(製造端)","grade":""}},{"type":"Feature","geometry":{"type":"Point","coordinates":[121.574333,25.040053]},"properties":{"name":"統一多拿滋股份有限公司","address":"台北市信義區忠孝東路5段6號","district":"信義區","city":"臺北市","result":"檢驗","types":"新北抽驗(製造端)","grade":""}},{"type":"Feature","geometry":{"type":"Point","coordinates":[121.574333,25.040053]},"properties":{"name":"統一多拿滋股份有限公司","address":"台北市信義區忠孝東路5段8號B2","district":"信義區","city":"臺北市","result":"檢驗","types":"新北抽驗(製造端)","grade":""}},{"type":"Feature","geometry":{"type":"Point","coordinates":[121.555088,25.050312]},"properties":{"name":"統一多拿滋股份有限公司","address":"台北市松山區南京東路四段10-1號B1","district":"松山區","city":"臺北市","result":"檢驗","types":"新北抽驗(製造端)","grade":""}},{"type":"Feature","geometry":{"type":"Point","coordinates":[121.510388,25.064532]},"properties":{"name":"統一多拿滋股份有限公司","address":"台北市大同區民權西路72號","district":"大同區","city":"臺北市","result":"檢驗","types":"新北抽驗(製造端)","grade":""}},{"type":"Feature","geometry":{"type":"Point","coordinates":[121.546231,25.083587]},"properties":{"name":"統一多拿滋股份有限公司","address":"台北市中山區大直街70號","district":"中山區","city":"臺北市","result":"檢驗","types":"新北抽驗(製造端)","grade":""}},{"type":"Feature","geometry":{"type":"Point","coordinates":[121.514756,25.051384]},"properties":{"name":"統一多拿滋股份有限公司","address":"台北市大同區長安西路52-1號B1","district":"大同區","city":"臺北市","result":"檢驗","types":"新北抽驗(製造端)","grade":""}},{"type":"Feature","geometry":{"type":"Point","coordinates":[121.532774,25.052573]},"properties":{"name":"統一多拿滋股份有限公司","address":"台北市中山區松江路126號B1","district":"中山區","city":"臺北市","result":"檢驗","types":"新北抽驗(製造端)","grade":""}},{"type":"Feature","geometry":{"type":"Point","coordinates":[121.557849,25.000833]},"properties":{"name":"統一多拿滋股份有限公司","address":"台北市文山區台北市文山區興隆路三段111號","district":"文山區","city":"臺北市","result":"檢驗","types":"新北抽驗(製造端)","grade":""}},{"type":"Feature","geometry":{"type":"Point","coordinates":[121.567968,25.036732]},"properties":{"name":"統一多拿滋股份有限公司","address":"台北市信義區松仁路58號B3","district":"信義區","city":"臺北市","result":"檢驗","types":"新北抽驗(製造端)","grade":""}},{"type":"Feature","geometry":{"type":"Point","coordinates":[121.514169,25.096835]},"properties":{"name":"統一多拿滋股份有限公司","address":"台北市士林區承德路五段55號2樓","district":"士林區","city":"臺北市","result":"檢驗","types":"新北抽驗(製造端)","grade":""}},{"type":"Feature","geometry":{"type":"Point","coordinates":[121.517244,25.046481]},"properties":{"name":"統一多拿滋股份有限公司","address":"台北市中正區忠孝西路一段49號B1","district":"中正區","city":"臺北市","result":"檢驗","types":"新北抽驗(製造端)","grade":""}},{"type":"Feature","geometry":{"type":"Point","coordinates":[121.607208,25.05267]},"properties":{"name":"統一多拿滋股份有限公司","address":"台北市南港區忠孝東路七段369號A棟","district":"南港區","city":"臺北市","result":"檢驗","types":"新北抽驗(製造端)","grade":""}},{"type":"Feature","geometry":{"type":"Point","coordinates":[121.578764,25.036732]},"properties":{"name":"統一多拿滋股份有限公司","address":"台北市信義區松山路11號1樓","district":"信義區","city":"臺北市","result":"檢驗","types":"新北抽驗(製造端)","grade":""}},{"type":"Feature","geometry":{"type":"Point","coordinates":[121.543353,25.041465]},"properties":{"name":"統一多拿滋股份有限公司","address":"台北市大安區忠孝東路三段302號B1","district":"大安區","city":"臺北市","result":"檢驗","types":"新北抽驗(製造端)","grade":""}},{"type":"Feature","geometry":{"type":"Point","coordinates":[121.545104,25.017562]},"properties":{"name":"統一多拿滋股份有限公司","address":"台北市大安區基隆路三段85號","district":"大安區","city":"臺北市","result":"檢驗","types":"新北抽驗(製造端)","grade":""}},{"type":"Feature","geometry":{"type":"Point","coordinates":[121.530087,25.0146]},"properties":{"name":"統一多拿滋股份有限公司","address":"台北市中正區思源街16號","district":"中正區","city":"臺北市","result":"檢驗","types":"新北抽驗(製造端)","grade":""}},{"type":"Feature","geometry":{"type":"Point","coordinates":[121.549815,25.063374]},"properties":{"name":"統一多拿滋股份有限公司","address":"台北市松山區敦化北路340之10號第二航廈","district":"松山區","city":"臺北市","result":"檢驗","types":"新北抽驗(製造端)","grade":""}},{"type":"Feature","geometry":{"type":"Point","coordinates":[121.563901,25.034027]},"properties":{"name":"統一多拿滋股份有限公司","address":"台北市信義區市府路45號B1","district":"信義區","city":"臺北市","result":"檢驗","types":"新北抽驗(製造端)","grade":""}},{"type":"Feature","geometry":{"type":"Point","coordinates":[121.515213,25.115005]},"properties":{"name":"統一多拿滋股份有限公司","address":"台北市北投區石牌路一段200號","district":"北投區","city":"臺北市","result":"檢驗","types":"新北抽驗(製造端)","grade":""}},{"type":"Feature","geometry":{"type":"Point","coordinates":[121.520565,25.057772]},"properties":{"name":"統一多拿滋股份有限公司","address":"台北市大同區民生西路47號B1","district":"大同區","city":"臺北市","result":"檢驗","types":"新北抽驗(製造端)","grade":""}},{"type":"Feature","geometry":{"type":"Point","coordinates":[121.518555,25.040776]},"properties":{"name":"統一多拿滋股份有限公司","address":"台北市中正區中山南路7號","district":"中正區","city":"臺北市","result":"檢驗","types":"新北抽驗(製造端)","grade":""}},{"type":"Feature","geometry":{"type":"Point","coordinates":[121.575362,25.060142]},"properties":{"name":"統一多拿滋股份有限公司","address":"台北市內湖區民善街88號","district":"內湖區","city":"臺北市","result":"檢驗","types":"新北抽驗(製造端)","grade":""}},{"type":"Feature","geometry":{"type":"Point","coordinates":[121.508776,25.041856]},"properties":{"name":"統一多拿滋股份有限公司","address":"台北市中正區寶慶路32之1號B1","district":"中正區","city":"臺北市","result":"檢驗","types":"新北抽驗(製造端)","grade":""}},{"type":"Feature","geometry":{"type":"Point","coordinates":[121.526372,25.092844]},"properties":{"name":"統一多拿滋股份有限公司","address":"台北市士林區福德路1號","district":"士林區","city":"臺北市","result":"檢驗","types":"新北抽驗(製造端)","grade":""}},{"type":"Feature","geometry":{"type":"Point","coordinates":[121.495751,25.038089]},"properties":{"name":"統一多拿滋股份有限公司","address":"台北市萬華區桂林路1號","district":"萬華區","city":"臺北市","result":"檢驗","types":"新北抽驗(製造端)","grade":""}},{"type":"Feature","geometry":{"type":"Point","coordinates":[121.518555,25.040776]},"properties":{"name":"統一多拿滋股份有限公司","address":"台北市中正區中山南路7號B1","district":"中正區","city":"臺北市","result":"檢驗","types":"新北抽驗(製造端)","grade":""}},{"type":"Feature","geometry":{"type":"Point","coordinates":[121.499457,25.035853]},"properties":{"name":"統一多拿滋股份有限公司","address":"台北市萬華區西園路一段153號B1","district":"萬華區","city":"臺北市","result":"檢驗","types":"新北抽驗(製造端)","grade":""}},{"type":"Feature","geometry":{"type":"Point","coordinates":[121.533498,25.110132]},"properties":{"name":"統一多拿滋股份有限公司","address":"台北市士林區忠誠路二段55號B1","district":"士林區","city":"臺北市","result":"檢驗","types":"新北抽驗(製造端)","grade":""}},{"type":"Feature","geometry":{"type":"Point","coordinates":[121.57541,25.035068]},"properties":{"name":"統一多拿滋股份有限公司","address":"台北市信義區信義路5段20號","district":"信義區","city":"臺北市","result":"檢驗","types":"新北抽驗(製造端)","grade":""}},{"type":"Feature","geometry":{"type":"Point","coordinates":[121.512519,25.055512]},"properties":{"name":"統一多拿滋股份有限公司","address":"台北市大同區南京西路16號B1","district":"大同區","city":"臺北市","result":"檢驗","types":"新北抽驗(製造端)","grade":""}},{"type":"Feature","geometry":{"type":"Point","coordinates":[121.556463,25.052104]},"properties":{"name":"統一多拿滋股份有限公司","address":"台北市松山區南京東路3段253號B1","district":"松山區","city":"臺北市","result":"檢驗","types":"新北抽驗(製造端)","grade":""}},{"type":"Feature","geometry":{"type":"Point","coordinates":[121.518288,25.048582]},"properties":{"name":"統一多拿滋股份有限公司","address":"台北市中正區市民大道一段100號","district":"中正區","city":"臺北市","result":"檢驗","types":"新北抽驗(製造端)","grade":""}},{"type":"Feature","geometry":{"type":"Point","coordinates":[121.617583,25.059345]},"properties":{"name":"統一多拿滋股份有限公司","address":"台北市南港區經貿二路131號B1","district":"南港區","city":"臺北市","result":"檢驗","types":"新北抽驗(製造端)","grade":""}},{"type":"Feature","geometry":{"type":"Point","coordinates":[121.523303,25.025537]},"properties":{"name":"統一多拿滋股份有限公司","address":"台北市中正區羅斯福路二段164之1號B1","district":"中正區","city":"臺北市","result":"檢驗","types":"新北抽驗(製造端)","grade":""}},{"type":"Feature","geometry":{"type":"Point","coordinates":[121.557858,24.999359]},"properties":{"name":"統一多拿滋股份有限公司","address":"台北市文山區興隆路三段113號2樓","district":"文山區","city":"臺北市","result":"檢驗","types":"新北抽驗(製造端)","grade":""}},{"type":"Feature","geometry":{"type":"Point","coordinates":[121.521482,25.051338]},"properties":{"name":"統一多拿滋股份有限公司","address":"台北市中山區南京西路15號B1","district":"中山區","city":"臺北市","result":"檢驗","types":"新北抽驗(製造端)","grade":""}},{"type":"Feature","geometry":{"type":"Point","coordinates":[121.558306,25.042728]},"properties":{"name":"統一多拿滋股份有限公司","address":"台北市信義區忠孝東路四段505號B2","district":"信義區","city":"臺北市","result":"檢驗","types":"新北抽驗(製造端)","grade":""}},{"type":"Feature","geometry":{"type":"Point","coordinates":[121.51868,25.058172]},"properties":{"name":"柑泉國際興業有限公司","address":"台北市大同區承德路3段24巷38弄21號","district":"大同區","city":"臺北市","result":"檢驗","types":"新北抽驗(製造端)","grade":""}},{"type":"Feature","geometry":{"type":"Point","coordinates":[121.562065,25.029537]},"properties":{"name":"馬可先生食品企業股份有限公司","address":"台北市信義區莊敬路238號","district":"信義區","city":"臺北市","result":"檢驗","types":"新北抽驗(製造端)","grade":""}},{"type":"Feature","geometry":{"type":"Point","coordinates":[121.546306,25.081875]},"properties":{"name":"林文必涼麵","address":"台北市中山區大直街38號1樓","district":"中山區","city":"臺北市","result":"檢驗","types":"台北稽查","grade":""}},{"type":"Feature","geometry":{"type":"Point","coordinates":[121.583579,25.056558]},"properties":{"name":"加生農產品有限公司","address":"台北市內湖區新明路早市","district":"內湖區","city":"臺北市","result":"檢驗","types":"新北抽驗(製造端)","grade":""}},{"type":"Feature","geometry":{"type":"Point","coordinates":[121.572466,25.08351]},"properties":{"name":"上將食品有限公司","address":"台北市內湖區港華街100號","district":"內湖區","city":"臺北市","result":"檢驗","types":"新北抽驗(販售端)","grade":""}},{"type":"Feature","geometry":{"type":"Point","coordinates":[121.5406,25.057193]},"properties":{"name":"上將食品有限公司","address":"台北市中山區龍江路62號","district":"中山區","city":"臺北市","result":"檢驗","types":"新北抽驗(販售端)","grade":""}},{"type":"Feature","geometry":{"type":"Point","coordinates":[121.520905,25.099616]},"properties":{"name":"上將食品有限公司","address":"台北市士林區文林路615巷20號","district":"士林區","city":"臺北市","result":"檢驗","types":"新北抽驗(販售端)","grade":""}},{"type":"Feature","geometry":{"type":"Point","coordinates":[121.482687,25.104893]},"properties":{"name":"義美股份有限公司","address":"台北市大同區延平北路2段29號2樓","district":"大同區","city":"臺北市","result":"檢驗","types":"新北抽驗(製造端)","grade":""}},{"type":"Feature","geometry":{"type":"Point","coordinates":[121.526878,25.033968]},"properties":{"name":"義美股份有限公司","address":"台北市大安區信義路二段88號9樓","district":"大安區","city":"臺北市","result":"檢驗","types":"新北抽驗(製造端)","grade":""}},{"type":"Feature","geometry":{"type":"Point","coordinates":[121.578362,25.07898]},"properties":{"name":"義美股份有限公司","address":"台北市內湖區內湖路一段739號1樓","district":"內湖區","city":"臺北市","result":"檢驗","types":"新北抽驗(製造端)","grade":""}},{"type":"Feature","geometry":{"type":"Point","coordinates":[121.542389,25.060457]},"properties":{"name":"義美股份有限公司","address":"台北市中山區民權東路三段112號","district":"中山區","city":"臺北市","result":"檢驗","types":"新北抽驗(製造端)","grade":""}},{"type":"Feature","geometry":{"type":"Point","coordinates":[121.51357,25.071064]},"properties":{"name":"義美股份有限公司","address":"台北市大同區重慶北路三段250之5號","district":"大同區","city":"臺北市","result":"檢驗","types":"新北抽驗(製造端)","grade":""}},{"type":"Feature","geometry":{"type":"Point","coordinates":[121.524005,25.09527]},"properties":{"name":"義美股份有限公司","address":"台北市士林區中正路268之2號","district":"士林區","city":"臺北市","result":"檢驗","types":"新北抽驗(製造端)","grade":""}},{"type":"Feature","geometry":{"type":"Point","coordinates":[121.525518,25.10955]},"properties":{"name":"義美股份有限公司","address":"台北市士林區中山北路六段260號","district":"士林區","city":"臺北市","result":"檢驗","types":"新北抽驗(製造端)","grade":""}},{"type":"Feature","geometry":{"type":"Point","coordinates":[121.525717,25.118358]},"properties":{"name":"義美股份有限公司","address":"台北市士林區天母西路42號","district":"士林區","city":"臺北市","result":"檢驗","types":"新北抽驗(製造端)","grade":""}},{"type":"Feature","geometry":{"type":"Point","coordinates":[121.531011,25.056896]},"properties":{"name":"味全食品工業股份有限公司","address":"台北市中山區松江路125號","district":"中山區","city":"臺北市","result":"檢驗","types":"新北抽驗(製造端)","grade":""}},{"type":"Feature","geometry":{"type":"Point","coordinates":[121.532814,25.113553]},"properties":{"name":"味全食品工業股份有限公司","address":"台北市士林區忠誠路二段77號","district":"士林區","city":"臺北市","result":"檢驗","types":"新北抽驗(製造端)","grade":""}},{"type":"Feature","geometry":{"type":"Point","coordinates":[121.511799,25.054788]},"properties":{"name":"義美食品股份有限公司","address":"台北市大同區延平北路二段31號1樓","district":"大同區","city":"臺北市","result":"未檢驗","types":"新北抽驗(製造端)","grade":""}},{"type":"Feature","geometry":{"type":"Point","coordinates":[121.614533,25.059842]},"properties":{"name":"台灣明尼蘇達礦業製造股份有限公司","address":"台北市南港區經貿二路198號3樓至5樓","district":"南港區","city":"臺北市","result":"檢驗","types":"新北抽驗(製造端)","grade":""}},{"type":"Feature","geometry":{"type":"Point","coordinates":[121.559792,25.045485]},"properties":{"name":"台灣飛利浦股份有限公司","address":"台北市信義區市民大道6段288號10樓之6","district":"信義區","city":"臺北市","result":"檢驗","types":"新北抽驗(製造端)","grade":""}},{"type":"Feature","geometry":{"type":"Point","coordinates":[121.518342,25.073647]},"properties":{"name":"台宮有限公司","address":"台北市大同區哈密街50之3號1樓","district":"大同區","city":"臺北市","result":"檢驗","types":"新北抽驗(製造端)","grade":""}},{"type":"Feature","geometry":{"type":"Point","coordinates":[121.547579,25.026403]},"properties":{"name":"三多士股份有限公司","address":"台北市大安區四維路208巷3之1號1樓","district":"大安區","city":"臺北市","result":"檢驗","types":"新北抽驗(製造端)","grade":""}},{"type":"Feature","geometry":{"type":"Point","coordinates":[121.563888,25.040985]},"properties":{"name":"南聯國際貿易股份有限公司","address":"台北市信義區忠孝東路四段560號12樓","district":"信義區","city":"臺北市","result":"檢驗","types":"新北抽驗(製造端)","grade":""}},{"type":"Feature","geometry":{"type":"Point","coordinates":[121.557096,25.052779]},"properties":{"name":"南聯國際貿易股份有限公司","address":"台北市松山區光復北路135號6樓","district":"松山區","city":"臺北市","result":"檢驗","types":"新北抽驗(製造端)","grade":""}},{"type":"Feature","geometry":{"type":"Point","coordinates":[121.508809,25.055503]},"properties":{"name":"元豪參藥行有限公司","address":"台北市大同區西寧北路92號1樓","district":"大同區","city":"臺北市","result":"檢驗","types":"新北抽驗(製造端)","grade":""}},{"type":"Feature","geometry":{"type":"Point","coordinates":[121.548782,25.01822]},"properties":{"name":"統一速邁自販股份有限公司","address":"臺北市大安區106台北市大安區辛亥路三段55號","district":"大安區","city":"臺北市","result":"檢驗","types":"新北抽驗(製造端)","grade":""}},{"type":"Feature","geometry":{"type":"Point","coordinates":[121.564109,25.008204]},"properties":{"name":"統一速邁自販股份有限公司","address":"臺北市大安區台北市和平東路三段636巷167號","district":"大安區","city":"臺北市","result":"檢驗","types":"新北抽驗(製造端)","grade":""}},{"type":"Feature","geometry":{"type":"Point","coordinates":[121.56126,24.983436]},"properties":{"name":"統一速邁自販股份有限公司","address":"臺北市文山區北市興隆路3段153號","district":"文山區","city":"臺北市","result":"檢驗","types":"新北抽驗(製造端)","grade":""}},{"type":"Feature","geometry":{"type":"Point","coordinates":[121.576502,24.987419]},"properties":{"name":"統一速邁自販股份有限公司","address":"臺北市文山區116台北市文山區指南路二段64號","district":"文山區","city":"臺北市","result":"檢驗","types":"新北抽驗(製造端)","grade":""}},{"type":"Feature","geometry":{"type":"Point","coordinates":[121.558222,24.993743]},"properties":{"name":"統一速邁自販股份有限公司","address":"臺北市文山區116台北市文山區興隆路3段153號","district":"文山區","city":"臺北市","result":"檢驗","types":"新北抽驗(製造端)","grade":""}},{"type":"Feature","geometry":{"type":"Point","coordinates":[121.557849,25.000833]},"properties":{"name":"統一速邁自販股份有限公司","address":"臺北市文山區116台北市文山區興隆路三段111號","district":"文山區","city":"臺北市","result":"檢驗","types":"新北抽驗(製造端)","grade":""}},{"type":"Feature","geometry":{"type":"Point","coordinates":[121.565903,24.998008]},"properties":{"name":"統一速邁自販股份有限公司","address":"臺北市文山區116台北市文山區萬芳路64巷8號","district":"文山區","city":"臺北市","result":"檢驗","types":"新北抽驗(製造端)","grade":""}},{"type":"Feature","geometry":{"type":"Point","coordinates":[121.555402,24.999264]},"properties":{"name":"統一速邁自販股份有限公司","address":"臺北市文山區116台北市文山區興隆路三段56號","district":"文山區","city":"臺北市","result":"檢驗","types":"新北抽驗(製造端)","grade":""}},{"type":"Feature","geometry":{"type":"Point","coordinates":[121.55149,25.001979]},"properties":{"name":"統一速邁自販股份有限公司","address":"臺北市文山區116台北市文山區興隆路二段247號","district":"文山區","city":"臺北市","result":"檢驗","types":"新北抽驗(製造端)","grade":""}},{"type":"Feature","geometry":{"type":"Point","coordinates":[121.542298,24.99219]},"properties":{"name":"統一速邁自販股份有限公司","address":"臺北市文山區116台北市文山區景中街30巷12號","district":"文山區","city":"臺北市","result":"檢驗","types":"新北抽驗(製造端)","grade":""}},{"type":"Feature","geometry":{"type":"Point","coordinates":[121.565492,24.998458]},"properties":{"name":"統一速邁自販股份有限公司","address":"臺北市文山區116台北市文山區萬芳路18-22號","district":"文山區","city":"臺北市","result":"檢驗","types":"新北抽驗(製造端)","grade":""}},{"type":"Feature","geometry":{"type":"Point","coordinates":[121.55525,24.979502]},"properties":{"name":"統一速邁自販股份有限公司","address":"臺北市文山區116台北市文山區樟新街9號","district":"文山區","city":"臺北市","result":"檢驗","types":"新北抽驗(製造端)","grade":""}},{"type":"Feature","geometry":{"type":"Point","coordinates":[121.574772,24.998864]},"properties":{"name":"統一速邁自販股份有限公司","address":"臺北市文山區116台北市文山區木柵路1段72號","district":"文山區","city":"臺北市","result":"檢驗","types":"新北抽驗(製造端)","grade":""}},{"type":"Feature","geometry":{"type":"Point","coordinates":[121.587744,24.985621]},"properties":{"name":"統一速邁自販股份有限公司","address":"臺北市文山區116台北市文山區萬壽路75號","district":"文山區","city":"臺北市","result":"檢驗","types":"新北抽驗(製造端)","grade":""}},{"type":"Feature","geometry":{"type":"Point","coordinates":[121.570913,24.99066]},"properties":{"name":"統一速邁自販股份有限公司","address":"臺北市文山區116深坑文山路平埔街口","district":"文山區","city":"臺北市","result":"檢驗","types":"新北抽驗(製造端)","grade":""}},{"type":"Feature","geometry":{"type":"Point","coordinates":[121.584722,25.003054]},"properties":{"name":"統一速邁自販股份有限公司","address":"臺北市文山區木柵路五段土地公","district":"文山區","city":"臺北市","result":"檢驗","types":"新北抽驗(製造端)","grade":""}},{"type":"Feature","geometry":{"type":"Point","coordinates":[121.584722,25.003054]},"properties":{"name":"統一速邁自販股份有限公司","address":"臺北市文山區木柵路五段土地公旁","district":"文山區","city":"臺北市","result":"檢驗","types":"新北抽驗(製造端)","grade":""}},{"type":"Feature","geometry":{"type":"Point","coordinates":[121.574637,24.997581]},"properties":{"name":"統一速邁自販股份有限公司","address":"臺北市文山區木柵路5段北深路口","district":"文山區","city":"臺北市","result":"檢驗","types":"新北抽驗(製造端)","grade":""}},{"type":"Feature","geometry":{"type":"Point","coordinates":[121.551646,25.001976]},"properties":{"name":"統一速邁自販股份有限公司","address":"臺北市文山區116台北市文山區興隆路二段251號","district":"文山區","city":"臺北市","result":"檢驗","types":"新北抽驗(製造端)","grade":""}},{"type":"Feature","geometry":{"type":"Point","coordinates":[121.589659,25.011529]},"properties":{"name":"統一速邁自販股份有限公司","address":"臺北市文山區台北市文山區木柵路五段110號","district":"文山區","city":"臺北市","result":"檢驗","types":"新北抽驗(製造端)","grade":""}},{"type":"Feature","geometry":{"type":"Point","coordinates":[121.568144,24.990025]},"properties":{"name":"統一速邁自販股份有限公司","address":"臺北市文山區台北市文山區木柵路三段11號","district":"文山區","city":"臺北市","result":"檢驗","types":"新北抽驗(製造端)","grade":""}},{"type":"Feature","geometry":{"type":"Point","coordinates":[121.586564,24.987897]},"properties":{"name":"統一速邁自販股份有限公司","address":"臺北市文山區台北市文山區政大二街260巷21號","district":"文山區","city":"臺北市","result":"檢驗","types":"新北抽驗(製造端)","grade":""}},{"type":"Feature","geometry":{"type":"Point","coordinates":[121.544095,24.988624]},"properties":{"name":"統一速邁自販股份有限公司","address":"臺北市文山區116台北市木柵路一段17巷1號","district":"文山區","city":"臺北市","result":"檢驗","types":"新北抽驗(製造端)","grade":""}},{"type":"Feature","geometry":{"type":"Point","coordinates":[121.560216,25.008812]},"properties":{"name":"統一速邁自販股份有限公司","address":"臺北市文山區北市辛亥路4段77巷92弄1-17號","district":"文山區","city":"臺北市","result":"檢驗","types":"新北抽驗(製造端)","grade":""}},{"type":"Feature","geometry":{"type":"Point","coordinates":[121.581227,24.998739]},"properties":{"name":"統一速邁自販股份有限公司","address":"臺北市文山區北市新光路二段30號(木柵動物園)","district":"文山區","city":"臺北市","result":"檢驗","types":"新北抽驗(製造端)","grade":""}},{"type":"Feature","geometry":{"type":"Point","coordinates":[121.570963,25.079854]},"properties":{"name":"統一速邁自販股份有限公司","address":"臺北市內湖區114台北市內湖區洲子街96號3F","district":"內湖區","city":"臺北市","result":"檢驗","types":"新北抽驗(製造端)","grade":""}},{"type":"Feature","geometry":{"type":"Point","coordinates":[121.570963,25.079854]},"properties":{"name":"統一速邁自販股份有限公司","address":"臺北市內湖區114台北市內湖區洲子街96號4F","district":"內湖區","city":"臺北市","result":"檢驗","types":"新北抽驗(製造端)","grade":""}},{"type":"Feature","geometry":{"type":"Point","coordinates":[121.570963,25.079854]},"properties":{"name":"統一速邁自販股份有限公司","address":"臺北市內湖區114台北市內湖區洲子街96號7F","district":"內湖區","city":"臺北市","result":"檢驗","types":"新北抽驗(製造端)","grade":""}},{"type":"Feature","geometry":{"type":"Point","coordinates":[121.572394,25.077246]},"properties":{"name":"統一速邁自販股份有限公司","address":"臺北市內湖區114台北市內湖區瑞光路360號","district":"內湖區","city":"臺北市","result":"檢驗","types":"新北抽驗(製造端)","grade":""}},{"type":"Feature","geometry":{"type":"Point","coordinates":[121.589319,25.063851]},"properties":{"name":"統一速邁自販股份有限公司","address":"臺北市內湖區114台北市內湖區石潭路151號7樓","district":"內湖區","city":"臺北市","result":"檢驗","types":"新北抽驗(製造端)","grade":""}},{"type":"Feature","geometry":{"type":"Point","coordinates":[121.620849,25.037028]},"properties":{"name":"統一速邁自販股份有限公司","address":"臺北市南港區115台北市南港區南深路31號","district":"南港區","city":"臺北市","result":"檢驗","types":"新北抽驗(製造端)","grade":""}},{"type":"Feature","geometry":{"type":"Point","coordinates":[121.608994,25.059015]},"properties":{"name":"統一速邁自販股份有限公司","address":"臺北市南港區115台北市南港區重陽路423巷2號","district":"南港區","city":"臺北市","result":"檢驗","types":"新北抽驗(製造端)","grade":""}},{"type":"Feature","geometry":{"type":"Point","coordinates":[121.5933,25.054614]},"properties":{"name":"統一速邁自販股份有限公司","address":"臺北市南港區115台北市南港區成功路1段32號","district":"南港區","city":"臺北市","result":"檢驗","types":"新北抽驗(製造端)","grade":""}},{"type":"Feature","geometry":{"type":"Point","coordinates":[121.609447,25.058954]},"properties":{"name":"統一速邁自販股份有限公司","address":"臺北市南港區115台北市南港區重陽路237號1F","district":"南港區","city":"臺北市","result":"檢驗","types":"新北抽驗(製造端)","grade":""}},{"type":"Feature","geometry":{"type":"Point","coordinates":[121.613357,25.066339]},"properties":{"name":"統一速邁自販股份有限公司","address":"臺北市南港區114台北市內湖區石潭路151號6樓","district":"南港區","city":"臺北市","result":"檢驗","types":"新北抽驗(製造端)","grade":""}},{"type":"Feature","geometry":{"type":"Point","coordinates":[121.599245,25.053543]},"properties":{"name":"統一速邁自販股份有限公司","address":"臺北市南港區115台北市南港區南港路二段79號","district":"南港區","city":"臺北市","result":"檢驗","types":"新北抽驗(製造端)","grade":""}},{"type":"Feature","geometry":{"type":"Point","coordinates":[121.592626,25.048987]},"properties":{"name":"統一速邁自販股份有限公司","address":"臺北市南港區115台北市南港區昆陽街16號14樓","district":"南港區","city":"臺北市","result":"檢驗","types":"新北抽驗(製造端)","grade":""}},{"type":"Feature","geometry":{"type":"Point","coordinates":[121.61245,25.05539]},"properties":{"name":"統一速邁自販股份有限公司","address":"臺北市南港區115台北市南港區園區街19-11號11F","district":"南港區","city":"臺北市","result":"檢驗","types":"新北抽驗(製造端)","grade":""}},{"type":"Feature","geometry":{"type":"Point","coordinates":[121.619435,25.058136]},"properties":{"name":"統一速邁自販股份有限公司","address":"臺北市南港區115台北市南港區經貿一路168號4F","district":"南港區","city":"臺北市","result":"檢驗","types":"新北抽驗(製造端)","grade":""}},{"type":"Feature","geometry":{"type":"Point","coordinates":[121.587802,25.045062]},"properties":{"name":"統一速邁自販股份有限公司","address":"臺北市南港區115台北市南港區東新街108巷23號","district":"南港區","city":"臺北市","result":"檢驗","types":"新北抽驗(製造端)","grade":""}},{"type":"Feature","geometry":{"type":"Point","coordinates":[121.619435,25.058136]},"properties":{"name":"統一速邁自販股份有限公司","address":"臺北市南港區115台北市南港區經貿一路168號","district":"南港區","city":"臺北市","result":"檢驗","types":"新北抽驗(製造端)","grade":""}},{"type":"Feature","geometry":{"type":"Point","coordinates":[121.605541,25.057034]},"properties":{"name":"統一速邁自販股份有限公司","address":"臺北市南港區115台北市南港區三重路66號13F","district":"南港區","city":"臺北市","result":"檢驗","types":"新北抽驗(製造端)","grade":""}},{"type":"Feature","geometry":{"type":"Point","coordinates":[121.599479,25.05655]},"properties":{"name":"統一速邁自販股份有限公司","address":"臺北市南港區115台北市南港區重陽路120號4F","district":"南港區","city":"臺北市","result":"檢驗","types":"新北抽驗(製造端)","grade":""}},{"type":"Feature","geometry":{"type":"Point","coordinates":[121.599479,25.05655]},"properties":{"name":"統一速邁自販股份有限公司","address":"臺北市南港區115台北市南港區重陽路120號2F","district":"南港區","city":"臺北市","result":"檢驗","types":"新北抽驗(製造端)","grade":""}},{"type":"Feature","geometry":{"type":"Point","coordinates":[121.602413,25.057662]},"properties":{"name":"統一速邁自販股份有限公司","address":"臺北市南港區115台北市南港區重陽路72號","district":"南港區","city":"臺北市","result":"檢驗","types":"新北抽驗(製造端)","grade":""}},{"type":"Feature","geometry":{"type":"Point","coordinates":[121.585685,25.048717]},"properties":{"name":"統一速邁自販股份有限公司","address":"臺北市南港區115台北市南港區忠孝東路135號","district":"南港區","city":"臺北市","result":"檢驗","types":"新北抽驗(製造端)","grade":""}},{"type":"Feature","geometry":{"type":"Point","coordinates":[121.597655,25.070145]},"properties":{"name":"統一速邁自販股份有限公司","address":"臺北市中正區台北市內湖區民權東路六段161號","district":"中正區","city":"臺北市","result":"檢驗","types":"新北抽驗(製造端)","grade":""}},{"type":"Feature","geometry":{"type":"Point","coordinates":[121.511115,25.03438]},"properties":{"name":"統一速邁自販股份有限公司","address":"臺北市中正區台北市中正區愛國西路1號","district":"中正區","city":"臺北市","result":"檢驗","types":"新北抽驗(製造端)","grade":""}},{"type":"Feature","geometry":{"type":"Point","coordinates":[121.510845,25.037243]},"properties":{"name":"統一速邁自販股份有限公司","address":"臺北市中正區台北市中正區博愛路172號","district":"中正區","city":"臺北市","result":"檢驗","types":"新北抽驗(製造端)","grade":""}},{"type":"Feature","geometry":{"type":"Point","coordinates":[121.508482,25.041091]},"properties":{"name":"統一速邁自販股份有限公司","address":"臺北市中正區台北市中正區中華路一段65號","district":"中正區","city":"臺北市","result":"檢驗","types":"新北抽驗(製造端)","grade":""}},{"type":"Feature","geometry":{"type":"Point","coordinates":[121.5242,25.041716]},"properties":{"name":"統一速邁自販股份有限公司","address":"臺北市中正區台北市中正區紹興南街6號","district":"中正區","city":"臺北市","result":"檢驗","types":"新北抽驗(製造端)","grade":""}},{"type":"Feature","geometry":{"type":"Point","coordinates":[121.523971,25.018789]},"properties":{"name":"統一速邁自販股份有限公司","address":"臺北市中正區台北市中正區水源路18號B棟","district":"中正區","city":"臺北市","result":"檢驗","types":"新北抽驗(製造端)","grade":""}},{"type":"Feature","geometry":{"type":"Point","coordinates":[121.523971,25.018789]},"properties":{"name":"統一速邁自販股份有限公司","address":"臺北市中正區台北市中正區水源路18號C棟","district":"中正區","city":"臺北市","result":"檢驗","types":"新北抽驗(製造端)","grade":""}},{"type":"Feature","geometry":{"type":"Point","coordinates":[121.522401,25.040987]},"properties":{"name":"統一速邁自販股份有限公司","address":"臺北市中正區台北市中正區徐州路2-3號","district":"中正區","city":"臺北市","result":"檢驗","types":"新北抽驗(製造端)","grade":""}},{"type":"Feature","geometry":{"type":"Point","coordinates":[121.525529,25.041947]},"properties":{"name":"統一速邁自販股份有限公司","address":"臺北市中正區台北市中正區濟南路一段321號","district":"中正區","city":"臺北市","result":"檢驗","types":"新北抽驗(製造端)","grade":""}},{"type":"Feature","geometry":{"type":"Point","coordinates":[121.516955,25.045725]},"properties":{"name":"統一速邁自販股份有限公司","address":"臺北市中正區台北市中正區許昌街17號14樓","district":"中正區","city":"臺北市","result":"檢驗","types":"新北抽驗(製造端)","grade":""}},{"type":"Feature","geometry":{"type":"Point","coordinates":[121.507492,25.033784]},"properties":{"name":"統一速邁自販股份有限公司","address":"臺北市中正區台北市中正區延平南路189號5F","district":"中正區","city":"臺北市","result":"檢驗","types":"新北抽驗(製造端)","grade":""}},{"type":"Feature","geometry":{"type":"Point","coordinates":[121.517055,25.047176]},"properties":{"name":"統一速邁自販股份有限公司","address":"臺北市中正區台北市中正區北平西路3號6樓","district":"中正區","city":"臺北市","result":"檢驗","types":"新北抽驗(製造端)","grade":""}},{"type":"Feature","geometry":{"type":"Point","coordinates":[121.520045,25.043187]},"properties":{"name":"統一速邁自販股份有限公司","address":"臺北市中正區台北市中正區濟南路1段71號8F","district":"中正區","city":"臺北市","result":"檢驗","types":"新北抽驗(製造端)","grade":""}},{"type":"Feature","geometry":{"type":"Point","coordinates":[121.516955,25.045725]},"properties":{"name":"統一速邁自販股份有限公司","address":"臺北市中正區台北市中正區許昌街17號6樓","district":"中正區","city":"臺北市","result":"檢驗","types":"新北抽驗(製造端)","grade":""}},{"type":"Feature","geometry":{"type":"Point","coordinates":[121.525376,25.037392]},"properties":{"name":"統一速邁自販股份有限公司","address":"臺北市中正區台北市中正區杭州南路2段1號","district":"中正區","city":"臺北市","result":"檢驗","types":"新北抽驗(製造端)","grade":""}},{"type":"Feature","geometry":{"type":"Point","coordinates":[121.528438,25.037142]},"properties":{"name":"統一速邁自販股份有限公司","address":"臺北市中正區台北市中正區金山南路1段8號","district":"中正區","city":"臺北市","result":"檢驗","types":"新北抽驗(製造端)","grade":""}},{"type":"Feature","geometry":{"type":"Point","coordinates":[121.531556,25.044806]},"properties":{"name":"統一速邁自販股份有限公司","address":"臺北市中正區台北市中正區館前東路65號10F","district":"中正區","city":"臺北市","result":"檢驗","types":"新北抽驗(製造端)","grade":""}},{"type":"Feature","geometry":{"type":"Point","coordinates":[121.516955,25.045725]},"properties":{"name":"統一速邁自販股份有限公司","address":"臺北市中正區台北市中正區許昌街17號11F","district":"中正區","city":"臺北市","result":"檢驗","types":"新北抽驗(製造端)","grade":""}},{"type":"Feature","geometry":{"type":"Point","coordinates":[121.523971,25.018789]},"properties":{"name":"統一速邁自販股份有限公司","address":"臺北市中正區台北市中正區水源路18號","district":"中正區","city":"臺北市","result":"檢驗","types":"新北抽驗(製造端)","grade":""}},{"type":"Feature","geometry":{"type":"Point","coordinates":[121.516161,25.038567]},"properties":{"name":"統一速邁自販股份有限公司","address":"臺北市中正區台北市中正區貴陽街1段56號","district":"中正區","city":"臺北市","result":"檢驗","types":"新北抽驗(製造端)","grade":""}},{"type":"Feature","geometry":{"type":"Point","coordinates":[121.50967,25.045337]},"properties":{"name":"統一速邁自販股份有限公司","address":"臺北市中正區台北市中正區中華路一段39號","district":"中正區","city":"臺北市","result":"檢驗","types":"新北抽驗(製造端)","grade":""}},{"type":"Feature","geometry":{"type":"Point","coordinates":[121.511953,25.046113]},"properties":{"name":"統一速邁自販股份有限公司","address":"臺北市中正區台北市中正區開封街1段2號2F","district":"中正區","city":"臺北市","result":"檢驗","types":"新北抽驗(製造端)","grade":""}},{"type":"Feature","geometry":{"type":"Point","coordinates":[121.525338,25.017414]},"properties":{"name":"統一速邁自販股份有限公司","address":"臺北市中正區台北市中正區思源路18號","district":"中正區","city":"臺北市","result":"檢驗","types":"新北抽驗(製造端)","grade":""}},{"type":"Feature","geometry":{"type":"Point","coordinates":[121.520045,25.043187]},"properties":{"name":"統一速邁自販股份有限公司","address":"臺北市中正區台北市中正區濟南路1段6號","district":"中正區","city":"臺北市","result":"檢驗","types":"新北抽驗(製造端)","grade":""}},{"type":"Feature","geometry":{"type":"Point","coordinates":[121.538616,25.068088]},"properties":{"name":"統一速邁自販股份有限公司","address":"臺北市中正區台北市中正區民族東路17號","district":"中正區","city":"臺北市","result":"檢驗","types":"新北抽驗(製造端)","grade":""}},{"type":"Feature","geometry":{"type":"Point","coordinates":[121.513057,25.024385]},"properties":{"name":"統一速邁自販股份有限公司","address":"臺北市中正區台北市中正區泉州街9巷旁","district":"中正區","city":"臺北市","result":"檢驗","types":"新北抽驗(製造端)","grade":""}},{"type":"Feature","geometry":{"type":"Point","coordinates":[121.517734,25.052245]},"properties":{"name":"統一速邁自販股份有限公司","address":"臺北市大同區台北市大同區承德路一段1號2F","district":"大同區","city":"臺北市","result":"檢驗","types":"新北抽驗(製造端)","grade":""}},{"type":"Feature","geometry":{"type":"Point","coordinates":[121.575028,25.06138]},"properties":{"name":"金農興生物科技股份有限公司","address":"台北市內湖區民善街128號","district":"內湖區","city":"臺北市","result":"檢驗","types":"新北抽驗(製造端)","grade":""}},{"type":"Feature","geometry":{"type":"Point","coordinates":[121.515121,25.044963]},"properties":{"name":"台灣大創百貨股份有限公司","address":"台北市中正區館前路49號4樓","district":"中正區","city":"臺北市","result":"未檢驗","types":"新北抽驗(製造端)、新北抽驗(販售端)","grade":""}},{"type":"Feature","geometry":{"type":"Point","coordinates":[121.515988,25.045449]},"properties":{"name":"台灣大創百貨股份有限公司","address":"台北市中正區許昌街28號","district":"中正區","city":"臺北市","result":"未檢驗","types":"新北抽驗(製造端)、新北抽驗(販售端)","grade":""}},{"type":"Feature","geometry":{"type":"Point","coordinates":[121.521756,25.052539]},"properties":{"name":"台灣大創百貨股份有限公司","address":"台北市中山區南京西路1號1、2樓","district":"中山區","city":"臺北市","result":"未檢驗","types":"新北抽驗(製造端)、新北抽驗(販售端)","grade":""}},{"type":"Feature","geometry":{"type":"Point","coordinates":[121.523127,25.09485]},"properties":{"name":"台灣大創百貨股份有限公司","address":"台北市士林區中正路302號","district":"士林區","city":"臺北市","result":"未檢驗","types":"新北抽驗(製造端)、新北抽驗(販售端)","grade":""}},{"type":"Feature","geometry":{"type":"Point","coordinates":[121.55211,25.041241]},"properties":{"name":"台灣大創百貨股份有限公司","address":"台北市大安區忠孝東路四段200號9樓","district":"大安區","city":"臺北市","result":"未檢驗","types":"新北抽驗(製造端)、新北抽驗(販售端)","grade":""}},{"type":"Feature","geometry":{"type":"Point","coordinates":[121.562392,25.048537]},"properties":{"name":"台灣大創百貨股份有限公司","address":"台北市松山區八德路四段138號3樓","district":"松山區","city":"臺北市","result":"未檢驗","types":"新北抽驗(製造端)、新北抽驗(販售端)","grade":""}},{"type":"Feature","geometry":{"type":"Point","coordinates":[121.544902,25.052735]},"properties":{"name":"台灣大創百貨股份有限公司","address":"台北市松山區慶城街8之1號1F","district":"松山區","city":"臺北市","result":"未檢驗","types":"新北抽驗(製造端)、新北抽驗(販售端)","grade":""}},{"type":"Feature","geometry":{"type":"Point","coordinates":[121.566353,25.047704]},"properties":{"name":"台灣大創百貨股份有限公司","address":"台北市信義區東興路45號B1","district":"信義區","city":"臺北市","result":"未檢驗","types":"新北抽驗(製造端)、新北抽驗(販售端)","grade":""}},{"type":"Feature","geometry":{"type":"Point","coordinates":[121.607208,25.05267]},"properties":{"name":"台灣大創百貨股份有限公司","address":"台北市南港區忠孝東路七段369號C棟6樓","district":"南港區","city":"臺北市","result":"未檢驗","types":"新北抽驗(製造端)、新北抽驗(販售端)","grade":""}},{"type":"Feature","geometry":{"type":"Point","coordinates":[121.505813,25.044623]},"properties":{"name":"台灣大創百貨股份有限公司","address":"台北市萬華區武昌街2段77號4樓","district":"萬華區","city":"臺北市","result":"未檢驗","types":"新北抽驗(製造端)、新北抽驗(販售端)","grade":""}},{"type":"Feature","geometry":{"type":"Point","coordinates":[121.546315,25.041916]},"properties":{"name":"台灣大創百貨股份有限公司","address":"台北市大安區大安路一段77號地下街10、11店鋪","district":"大安區","city":"臺北市","result":"未檢驗","types":"新北抽驗(製造端)、新北抽驗(販售端)","grade":""}},{"type":"Feature","geometry":{"type":"Point","coordinates":[121.530505,25.033027]},"properties":{"name":"台灣大創百貨股份有限公司","address":"台北市大安區信義路二段198巷5之1號1樓","district":"大安區","city":"臺北市","result":"未檢驗","types":"新北抽驗(製造端)、新北抽驗(販售端)","grade":""}},{"type":"Feature","geometry":{"type":"Point","coordinates":[121.533498,25.110132]},"properties":{"name":"台灣大創百貨股份有限公司","address":"台北市士林區忠誠路二段55號12樓","district":"士林區","city":"臺北市","result":"未檢驗","types":"新北抽驗(製造端)、新北抽驗(販售端)","grade":""}},{"type":"Feature","geometry":{"type":"Point","coordinates":[121.548013,24.997763]},"properties":{"name":"台灣大創百貨股份有限公司","address":"台北市文山區景興路188號B1","district":"文山區","city":"臺北市","result":"未檢驗","types":"新北抽驗(製造端)、新北抽驗(販售端)","grade":""}},{"type":"Feature","geometry":{"type":"Point","coordinates":[121.607496,25.052571]},"properties":{"name":"台灣大創百貨股份有限公司","address":"台北市南港區忠孝東路七段371號B1樓","district":"南港區","city":"臺北市","result":"未檢驗","types":"新北抽驗(製造端)、新北抽驗(販售端)","grade":""}},{"type":"Feature","geometry":{"type":"Point","coordinates":[121.617583,25.059345]},"properties":{"name":"台灣大創百貨股份有限公司","address":"台北市南港區經貿二路131號4樓","district":"南港區","city":"臺北市","result":"未檢驗","types":"新北抽驗(製造端)、新北抽驗(販售端)","grade":""}},{"type":"Feature","geometry":{"type":"Point","coordinates":[121.544097,25.05111]},"properties":{"name":"捷成國際洋行股份有限公司","address":"台北市松山區復興北路99號14樓","district":"松山區","city":"臺北市","result":"檢驗","types":"新北抽驗(製造端)","grade":""}},{"type":"Feature","geometry":{"type":"Point","coordinates":[121.517055,25.047176]},"properties":{"name":"新東陽股份有限公司","address":"台北市中正區北平西路3號G14新東陽專櫃","district":"中正區","city":"臺北市","result":"檢驗","types":"新北抽驗(製造端)","grade":""}},{"type":"Feature","geometry":{"type":"Point","coordinates":[121.578764,25.036732]},"properties":{"name":"新東陽股份有限公司","address":"台北市信義區松山路11號1樓","district":"信義區","city":"臺北市","result":"檢驗","types":"新北抽驗(製造端)","grade":""}},{"type":"Feature","geometry":{"type":"Point","coordinates":[121.557849,25.000833]},"properties":{"name":"新東陽股份有限公司","address":"台北市文山區興隆路三段111號","district":"文山區","city":"臺北市","result":"檢驗","types":"新北抽驗(製造端)","grade":""}},{"type":"Feature","geometry":{"type":"Point","coordinates":[121.546231,25.083587]},"properties":{"name":"新東陽股份有限公司","address":"台北市中山區大直街70號","district":"中山區","city":"臺北市","result":"檢驗","types":"新北抽驗(製造端)","grade":""}},{"type":"Feature","geometry":{"type":"Point","coordinates":[121.508874,25.054926]},"properties":{"name":"新東陽股份有限公司","address":"台北市大同區迪化街一段100號1、2樓","district":"大同區","city":"臺北市","result":"檢驗","types":"新北抽驗(製造端)","grade":""}},{"type":"Feature","geometry":{"type":"Point","coordinates":[121.546819,25.05299]},"properties":{"name":"新東陽股份有限公司","address":"台北市大安區南京東路三段303巷8弄1號","district":"大安區","city":"臺北市","result":"檢驗","types":"新北抽驗(製造端)","grade":""}},{"type":"Feature","geometry":{"type":"Point","coordinates":[121.550127,25.044402]},"properties":{"name":"新東陽股份有限公司","address":"台北市大安區市民大道四段102號","district":"大安區","city":"臺北市","result":"檢驗","types":"新北抽驗(製造端)","grade":""}},{"type":"Feature","geometry":{"type":"Point","coordinates":[121.508874,25.054926]},"properties":{"name":"新東陽股份有限公司","address":"台北市大同區迪化街一段100號","district":"大同區","city":"臺北市","result":"檢驗","types":"新北抽驗(製造端)","grade":""}},{"type":"Feature","geometry":{"type":"Point","coordinates":[121.547761,25.035921]},"properties":{"name":"新東陽股份有限公司","address":"台北市大安區東豐街64號","district":"大安區","city":"臺北市","result":"檢驗","types":"新北抽驗(製造端)","grade":""}},{"type":"Feature","geometry":{"type":"Point","coordinates":[121.616344,25.056311]},"properties":{"name":"新東陽股份有限公司","address":"台北市南港區經貿2路131號B1","district":"南港區","city":"臺北市","result":"檢驗","types":"新北抽驗(製造端)","grade":""}},{"type":"Feature","geometry":{"type":"Point","coordinates":[121.498946,25.020334]},"properties":{"name":"元家企業股份有限公司","address":"台北市萬華區興德里萬大路 493巷 15號","district":"萬華區","city":"臺北市","result":"未檢驗","types":"新北抽驗(製造端)","grade":""}},{"type":"Feature","geometry":{"type":"Point","coordinates":[121.541377,25.067195]},"properties":{"name":"十全水產行","address":"台北市中山區龍江路443巷4號1樓","district":"中山區","city":"臺北市","result":"檢驗","types":"新北抽驗(製造端)","grade":""}},{"type":"Feature","geometry":{"type":"Point","coordinates":[121.505894,25.048762]},"properties":{"name":"香里食品企業股份有限公司","address":"台北市萬華區環河南路2段280巷9號2樓","district":"萬華區","city":"臺北市","result":"檢驗","types":"新北抽驗(製造端)","grade":""}},{"type":"Feature","geometry":{"type":"Point","coordinates":[121.61258,25.053227]},"properties":{"name":"香里食品企業股份有限公司","address":"台北市大安區忠孝東路4段45號B1","district":"大安區","city":"臺北市","result":"檢驗","types":"新北抽驗(製造端)","grade":""}},{"type":"Feature","geometry":{"type":"Point","coordinates":[121.561109,25.034255]},"properties":{"name":"紐西蘭商奇異國際有限公司","address":"台北市信義區基隆路一段333號17樓","district":"信義區","city":"臺北市","result":"檢驗","types":"新北抽驗(製造端)","grade":""}},{"type":"Feature","geometry":{"type":"Point","coordinates":[121.565077,25.05021]},"properties":{"name":"悠旅生活事業股份有限公司","address":"台北市松山區東興路8號8樓","district":"松山區","city":"臺北市","result":"檢驗","types":"新北抽驗(製造端)","grade":""}},{"type":"Feature","geometry":{"type":"Point","coordinates":[121.56713,25.082318]},"properties":{"name":"悠旅生活事業股份有限公司","address":"台北市內湖區內湖路一段289號","district":"內湖區","city":"臺北市","result":"檢驗","types":"新北抽驗(製造端)","grade":""}},{"type":"Feature","geometry":{"type":"Point","coordinates":[121.566783,25.080805]},"properties":{"name":"悠旅生活事業股份有限公司","address":"台北市內湖區基湖路25號","district":"內湖區","city":"臺北市","result":"檢驗","types":"新北抽驗(製造端)","grade":""}},{"type":"Feature","geometry":{"type":"Point","coordinates":[121.549815,25.063374]},"properties":{"name":"悠旅生活事業股份有限公司","address":"台北市松山區敦化北路340之9號2樓","district":"松山區","city":"臺北市","result":"檢驗","types":"新北抽驗(製造端)","grade":""}},{"type":"Feature","geometry":{"type":"Point","coordinates":[121.552563,25.081951]},"properties":{"name":"悠旅生活事業股份有限公司","address":"台北市中山區敬業二路115號","district":"中山區","city":"臺北市","result":"檢驗","types":"新北抽驗(製造端)","grade":""}},{"type":"Feature","geometry":{"type":"Point","coordinates":[121.504293,25.136239]},"properties":{"name":"悠旅生活事業股份有限公司","address":"台北市北投區光明路218之4號","district":"北投區","city":"臺北市","result":"檢驗","types":"新北抽驗(製造端)","grade":""}},{"type":"Feature","geometry":{"type":"Point","coordinates":[121.516201,25.116514]},"properties":{"name":"悠旅生活事業股份有限公司","address":"台北市北投區石牌路二段74號1-3樓","district":"北投區","city":"臺北市","result":"檢驗","types":"新北抽驗(製造端)","grade":""}},{"type":"Feature","geometry":{"type":"Point","coordinates":[121.471177,25.124974]},"properties":{"name":"悠旅生活事業股份有限公司","address":"台北市北投區立德路15號3樓","district":"北投區","city":"臺北市","result":"檢驗","types":"新北抽驗(製造端)","grade":""}},{"type":"Feature","geometry":{"type":"Point","coordinates":[121.522426,25.117708]},"properties":{"name":"悠旅生活事業股份有限公司","address":"台北市北投區振興街37號","district":"北投區","city":"臺北市","result":"檢驗","types":"新北抽驗(製造端)","grade":""}},{"type":"Feature","geometry":{"type":"Point","coordinates":[121.526449,25.088341]},"properties":{"name":"悠旅生活事業股份有限公司","address":"台北市士林區文林路122號","district":"士林區","city":"臺北市","result":"檢驗","types":"新北抽驗(製造端)","grade":""}},{"type":"Feature","geometry":{"type":"Point","coordinates":[121.530674,25.112438]},"properties":{"name":"悠旅生活事業股份有限公司","address":"台北市士林區士東路123號","district":"士林區","city":"臺北市","result":"檢驗","types":"新北抽驗(製造端)","grade":""}},{"type":"Feature","geometry":{"type":"Point","coordinates":[121.547322,25.151969]},"properties":{"name":"悠旅生活事業股份有限公司","address":"台北市北投區湖山路一段14號之1","district":"北投區","city":"臺北市","result":"檢驗","types":"新北抽驗(製造端)","grade":""}},{"type":"Feature","geometry":{"type":"Point","coordinates":[121.525868,25.095151]},"properties":{"name":"悠旅生活事業股份有限公司","address":"台北市士林區中正路239號","district":"士林區","city":"臺北市","result":"檢驗","types":"新北抽驗(製造端)","grade":""}},{"type":"Feature","geometry":{"type":"Point","coordinates":[121.527733,25.118504]},"properties":{"name":"悠旅生活事業股份有限公司","address":"台北市士林區天母西路33號1樓","district":"士林區","city":"臺北市","result":"檢驗","types":"新北抽驗(製造端)","grade":""}},{"type":"Feature","geometry":{"type":"Point","coordinates":[121.532534,25.117044]},"properties":{"name":"悠旅生活事業股份有限公司","address":"台北市士林區天母東路67-1號1樓","district":"士林區","city":"臺北市","result":"檢驗","types":"新北抽驗(製造端)","grade":""}},{"type":"Feature","geometry":{"type":"Point","coordinates":[121.524275,25.105008]},"properties":{"name":"悠旅生活事業股份有限公司","address":"台北市士林區中山北路六段77號B1","district":"士林區","city":"臺北市","result":"檢驗","types":"新北抽驗(製造端)","grade":""}},{"type":"Feature","geometry":{"type":"Point","coordinates":[121.523434,25.081661]},"properties":{"name":"悠旅生活事業股份有限公司","address":"台北市士林區承德路四段67號","district":"士林區","city":"臺北市","result":"檢驗","types":"新北抽驗(製造端)","grade":""}},{"type":"Feature","geometry":{"type":"Point","coordinates":[121.576527,25.079653]},"properties":{"name":"悠旅生活事業股份有限公司","address":"台北市內湖區內湖路一段360巷2-1號","district":"內湖區","city":"臺北市","result":"檢驗","types":"新北抽驗(製造端)","grade":""}},{"type":"Feature","geometry":{"type":"Point","coordinates":[121.575986,25.062654]},"properties":{"name":"悠旅生活事業股份有限公司","address":"台北市內湖區舊宗路一段188號1樓","district":"內湖區","city":"臺北市","result":"檢驗","types":"新北抽驗(製造端)","grade":""}},{"type":"Feature","geometry":{"type":"Point","coordinates":[121.576159,25.075359]},"properties":{"name":"悠旅生活事業股份有限公司","address":"台北市內湖區瑞光路216號1樓","district":"內湖區","city":"臺北市","result":"檢驗","types":"新北抽驗(製造端)","grade":""}},{"type":"Feature","geometry":{"type":"Point","coordinates":[121.56955,25.078523]},"properties":{"name":"悠旅生活事業股份有限公司","address":"台北市內湖區瑞光路476號1樓","district":"內湖區","city":"臺北市","result":"檢驗","types":"新北抽驗(製造端)","grade":""}},{"type":"Feature","geometry":{"type":"Point","coordinates":[121.578844,25.062492]},"properties":{"name":"悠旅生活事業股份有限公司","address":"台北市內湖區新湖二路128號","district":"內湖區","city":"臺北市","result":"檢驗","types":"新北抽驗(製造端)","grade":""}},{"type":"Feature","geometry":{"type":"Point","coordinates":[121.573304,25.079042]},"properties":{"name":"悠旅生活事業股份有限公司","address":"台北市內湖區洲子街48號","district":"內湖區","city":"臺北市","result":"檢驗","types":"新北抽驗(製造端)","grade":""}},{"type":"Feature","geometry":{"type":"Point","coordinates":[121.614226,25.059276]},"properties":{"name":"悠旅生活事業股份有限公司","address":"台北市南港區三重路19-10號","district":"南港區","city":"臺北市","result":"檢驗","types":"新北抽驗(製造端)","grade":""}},{"type":"Feature","geometry":{"type":"Point","coordinates":[121.611356,25.070142]},"properties":{"name":"悠旅生活事業股份有限公司","address":"台北市內湖區康寧路三段72號1樓","district":"內湖區","city":"臺北市","result":"檢驗","types":"新北抽驗(製造端)","grade":""}},{"type":"Feature","geometry":{"type":"Point","coordinates":[121.572847,25.041148]},"properties":{"name":"悠旅生活事業股份有限公司","address":"台北市信義區忠孝東路五段297號1樓","district":"信義區","city":"臺北市","result":"檢驗","types":"新北抽驗(製造端)","grade":""}},{"type":"Feature","geometry":{"type":"Point","coordinates":[121.611839,25.057765]},"properties":{"name":"悠旅生活事業股份有限公司","address":"台北市南港區園區街3號2樓之7","district":"南港區","city":"臺北市","result":"檢驗","types":"新北抽驗(製造端)","grade":""}},{"type":"Feature","geometry":{"type":"Point","coordinates":[121.604375,25.071274]},"properties":{"name":"悠旅生活事業股份有限公司","address":"台北市內湖區民權東路六段182號","district":"內湖區","city":"臺北市","result":"檢驗","types":"新北抽驗(製造端)","grade":""}},{"type":"Feature","geometry":{"type":"Point","coordinates":[121.593816,25.082998]},"properties":{"name":"悠旅生活事業股份有限公司","address":"台北市內湖區成功路四段147號1-2樓","district":"內湖區","city":"臺北市","result":"檢驗","types":"新北抽驗(製造端)","grade":""}},{"type":"Feature","geometry":{"type":"Point","coordinates":[121.613396,25.055286]},"properties":{"name":"悠旅生活事業股份有限公司","address":"台北市南港區南港路一段114號","district":"南港區","city":"臺北市","result":"檢驗","types":"新北抽驗(製造端)","grade":""}},{"type":"Feature","geometry":{"type":"Point","coordinates":[121.578764,25.036732]},"properties":{"name":"悠旅生活事業股份有限公司","address":"台北市信義區松山路11號1樓","district":"信義區","city":"臺北市","result":"檢驗","types":"新北抽驗(製造端)","grade":""}},{"type":"Feature","geometry":{"type":"Point","coordinates":[121.52284,25.062978]},"properties":{"name":"悠旅生活事業股份有限公司","address":"台北市中山區中山北路二段171號","district":"中山區","city":"臺北市","result":"檢驗","types":"新北抽驗(製造端)","grade":""}},{"type":"Feature","geometry":{"type":"Point","coordinates":[121.532904,25.057536]},"properties":{"name":"悠旅生活事業股份有限公司","address":"台北市中山區松江路206號","district":"中山區","city":"臺北市","result":"檢驗","types":"新北抽驗(製造端)","grade":""}},{"type":"Feature","geometry":{"type":"Point","coordinates":[121.509236,25.056425]},"properties":{"name":"悠旅生活事業股份有限公司","address":"台北市中山區民生西路7號1樓","district":"中山區","city":"臺北市","result":"檢驗","types":"新北抽驗(製造端)","grade":""}},{"type":"Feature","geometry":{"type":"Point","coordinates":[121.525474,25.056172]},"properties":{"name":"悠旅生活事業股份有限公司","address":"台北市中山區林森北路247號1樓","district":"中山區","city":"臺北市","result":"檢驗","types":"新北抽驗(製造端)","grade":""}},{"type":"Feature","geometry":{"type":"Point","coordinates":[121.524666,25.05195]},"properties":{"name":"悠旅生活事業股份有限公司","address":"台北市中山區南京東路一段52號","district":"中山區","city":"臺北市","result":"檢驗","types":"新北抽驗(製造端)","grade":""}},{"type":"Feature","geometry":{"type":"Point","coordinates":[121.513989,25.05391]},"properties":{"name":"悠旅生活事業股份有限公司","address":"台北市大同區南京西路288號","district":"大同區","city":"臺北市","result":"檢驗","types":"新北抽驗(製造端)","grade":""}},{"type":"Feature","geometry":{"type":"Point","coordinates":[121.539852,25.052316]},"properties":{"name":"悠旅生活事業股份有限公司","address":"台北市中山區南京東路三段1號","district":"中山區","city":"臺北市","result":"檢驗","types":"新北抽驗(製造端)","grade":""}},{"type":"Feature","geometry":{"type":"Point","coordinates":[121.548297,25.041334]},"properties":{"name":"悠旅生活事業股份有限公司","address":"台北市大安區忠孝東路四段134號1樓","district":"大安區","city":"臺北市","result":"檢驗","types":"新北抽驗(製造端)","grade":""}},{"type":"Feature","geometry":{"type":"Point","coordinates":[121.551771,25.041679]},"properties":{"name":"悠旅生活事業股份有限公司","address":"台北市大安區忠孝東路四段201號","district":"大安區","city":"臺北市","result":"檢驗","types":"新北抽驗(製造端)","grade":""}},{"type":"Feature","geometry":{"type":"Point","coordinates":[121.553038,25.039053]},"properties":{"name":"悠旅生活事業股份有限公司","address":"台北市大安區忠孝東路四段45號B1（SoGo百貨）","district":"大安區","city":"臺北市","result":"檢驗","types":"新北抽驗(製造端)","grade":""}},{"type":"Feature","geometry":{"type":"Point","coordinates":[121.556894,25.042531]},"properties":{"name":"悠旅生活事業股份有限公司","address":"台北市大安區光復南路180巷14號1樓","district":"大安區","city":"臺北市","result":"檢驗","types":"新北抽驗(製造端)","grade":""}},{"type":"Feature","geometry":{"type":"Point","coordinates":[121.543054,25.041212]},"properties":{"name":"悠旅生活事業股份有限公司","address":"台北市大安區忠孝東路三段300號B2樓","district":"大安區","city":"臺北市","result":"檢驗","types":"新北抽驗(製造端)","grade":""}},{"type":"Feature","geometry":{"type":"Point","coordinates":[121.544822,25.042725]},"properties":{"name":"悠旅生活事業股份有限公司","address":"台北市大安區復興南路一段135巷9號","district":"大安區","city":"臺北市","result":"檢驗","types":"新北抽驗(製造端)","grade":""}},{"type":"Feature","geometry":{"type":"Point","coordinates":[121.549267,25.039126]},"properties":{"name":"悠旅生活事業股份有限公司","address":"台北市大安區敦化南路一段245號B1","district":"大安區","city":"臺北市","result":"檢驗","types":"新北抽驗(製造端)","grade":""}},{"type":"Feature","geometry":{"type":"Point","coordinates":[121.554509,25.032456]},"properties":{"name":"悠旅生活事業股份有限公司","address":"台北市大安區文昌街209號","district":"大安區","city":"臺北市","result":"檢驗","types":"新北抽驗(製造端)","grade":""}},{"type":"Feature","geometry":{"type":"Point","coordinates":[121.555454,25.038278]},"properties":{"name":"悠旅生活事業股份有限公司","address":"台北市大安區延吉街175號","district":"大安區","city":"臺北市","result":"檢驗","types":"新北抽驗(製造端)","grade":""}},{"type":"Feature","geometry":{"type":"Point","coordinates":[121.544123,25.04613]},"properties":{"name":"悠旅生活事業股份有限公司","address":"台北市松山區復興南路一段39號G樓","district":"松山區","city":"臺北市","result":"檢驗","types":"新北抽驗(製造端)","grade":""}},{"type":"Feature","geometry":{"type":"Point","coordinates":[121.543805,25.033761]},"properties":{"name":"悠旅生活事業股份有限公司","address":"台北市大安區復興南路一段323號1樓","district":"大安區","city":"臺北市","result":"檢驗","types":"新北抽驗(製造端)","grade":""}},{"type":"Feature","geometry":{"type":"Point","coordinates":[121.553929,25.051435]},"properties":{"name":"悠旅生活事業股份有限公司","address":"台北市松山區南京東路四段56號","district":"松山區","city":"臺北市","result":"檢驗","types":"新北抽驗(製造端)","grade":""}},{"type":"Feature","geometry":{"type":"Point","coordinates":[121.549179,25.028754]},"properties":{"name":"悠旅生活事業股份有限公司","address":"台北市大安區敦化南路二段101號1樓","district":"大安區","city":"臺北市","result":"檢驗","types":"新北抽驗(製造端)","grade":""}},{"type":"Feature","geometry":{"type":"Point","coordinates":[121.549191,25.031197]},"properties":{"name":"悠旅生活事業股份有限公司","address":"台北市大安區敦化南路二段59號1樓","district":"大安區","city":"臺北市","result":"檢驗","types":"新北抽驗(製造端)","grade":""}},{"type":"Feature","geometry":{"type":"Point","coordinates":[121.543645,25.025578]},"properties":{"name":"悠旅生活事業股份有限公司","address":"台北市大安區復興南路二段275號1樓","district":"大安區","city":"臺北市","result":"檢驗","types":"新北抽驗(製造端)","grade":""}},{"type":"Feature","geometry":{"type":"Point","coordinates":[121.549118,25.025518]},"properties":{"name":"悠旅生活事業股份有限公司","address":"台北市大安區敦化南路二段263號","district":"大安區","city":"臺北市","result":"檢驗","types":"新北抽驗(製造端)","grade":""}},{"type":"Feature","geometry":{"type":"Point","coordinates":[121.562874,25.058596]},"properties":{"name":"悠旅生活事業股份有限公司","address":"台北市松山區民生東路五段158號","district":"松山區","city":"臺北市","result":"檢驗","types":"新北抽驗(製造端)","grade":""}},{"type":"Feature","geometry":{"type":"Point","coordinates":[121.547465,25.058957]},"properties":{"name":"悠旅生活事業股份有限公司","address":"台北市松山區民生東路三段156-1號","district":"松山區","city":"臺北市","result":"檢驗","types":"新北抽驗(製造端)","grade":""}},{"type":"Feature","geometry":{"type":"Point","coordinates":[121.546196,25.056391]},"properties":{"name":"悠旅生活事業股份有限公司","address":"台北市松山區民生東路三段105號","district":"松山區","city":"臺北市","result":"檢驗","types":"新北抽驗(製造端)","grade":""}},{"type":"Feature","geometry":{"type":"Point","coordinates":[121.550332,25.047995]},"properties":{"name":"悠旅生活事業股份有限公司","address":"台北市松山區八德路三段10號","district":"松山區","city":"臺北市","result":"檢驗","types":"新北抽驗(製造端)","grade":""}},{"type":"Feature","geometry":{"type":"Point","coordinates":[121.562392,25.048537]},"properties":{"name":"悠旅生活事業股份有限公司","address":"台北市松山區八德路四段138號1樓","district":"松山區","city":"臺北市","result":"檢驗","types":"新北抽驗(製造端)","grade":""}},{"type":"Feature","geometry":{"type":"Point","coordinates":[121.566598,25.047011]},"properties":{"name":"悠旅生活事業股份有限公司","address":"台北市信義區東興路65號1樓","district":"信義區","city":"臺北市","result":"檢驗","types":"新北抽驗(製造端)","grade":""}},{"type":"Feature","geometry":{"type":"Point","coordinates":[121.565414,25.040865]},"properties":{"name":"悠旅生活事業股份有限公司","address":"台北市信義區忠孝東路五段8號2樓","district":"信義區","city":"臺北市","result":"檢驗","types":"新北抽驗(製造端)","grade":""}},{"type":"Feature","geometry":{"type":"Point","coordinates":[121.514119,25.046111]},"properties":{"name":"悠旅生活事業股份有限公司","address":"台北市中正區懷寧街10號1-3樓","district":"中正區","city":"臺北市","result":"檢驗","types":"新北抽驗(製造端)","grade":""}},{"type":"Feature","geometry":{"type":"Point","coordinates":[121.517055,25.047176]},"properties":{"name":"悠旅生活事業股份有限公司","address":"台北市中正區北平西路3號2樓 (台北火車站內)","district":"中正區","city":"臺北市","result":"檢驗","types":"新北抽驗(製造端)","grade":""}},{"type":"Feature","geometry":{"type":"Point","coordinates":[121.514904,25.044879]},"properties":{"name":"悠旅生活事業股份有限公司","address":"台北市中正區館前路26號1樓","district":"中正區","city":"臺北市","result":"檢驗","types":"新北抽驗(製造端)","grade":""}},{"type":"Feature","geometry":{"type":"Point","coordinates":[121.51623,25.045716]},"properties":{"name":"悠旅生活事業股份有限公司","address":"台北市中正區南陽街1號2F","district":"中正區","city":"臺北市","result":"檢驗","types":"新北抽驗(製造端)","grade":""}},{"type":"Feature","geometry":{"type":"Point","coordinates":[121.517734,25.052245]},"properties":{"name":"悠旅生活事業股份有限公司","address":"台北市大同區承德路一段1號(京站百貨4樓)","district":"大同區","city":"臺北市","result":"檢驗","types":"新北抽驗(製造端)","grade":""}},{"type":"Feature","geometry":{"type":"Point","coordinates":[121.518555,25.040776]},"properties":{"name":"悠旅生活事業股份有限公司","address":"台北市中正區中山南路7號 B1","district":"中正區","city":"臺北市","result":"檢驗","types":"新北抽驗(製造端)","grade":""}},{"type":"Feature","geometry":{"type":"Point","coordinates":[121.516762,25.04688]},"properties":{"name":"悠旅生活事業股份有限公司","address":"台北市中正區忠孝西路一段47號B1","district":"中正區","city":"臺北市","result":"檢驗","types":"新北抽驗(製造端)","grade":""}},{"type":"Feature","geometry":{"type":"Point","coordinates":[121.507478,25.044114]},"properties":{"name":"悠旅生活事業股份有限公司","address":"台北市萬華區漢中街51號","district":"萬華區","city":"臺北市","result":"檢驗","types":"新北抽驗(製造端)","grade":""}},{"type":"Feature","geometry":{"type":"Point","coordinates":[121.508776,25.041856]},"properties":{"name":"悠旅生活事業股份有限公司","address":"台北市中正區寶慶路32號1樓","district":"中正區","city":"臺北市","result":"檢驗","types":"新北抽驗(製造端)","grade":""}},{"type":"Feature","geometry":{"type":"Point","coordinates":[121.531534,25.041071]},"properties":{"name":"悠旅生活事業股份有限公司","address":"台北市中正區忠孝東路二段134巷2號1樓","district":"中正區","city":"臺北市","result":"檢驗","types":"新北抽驗(製造端)","grade":""}},{"type":"Feature","geometry":{"type":"Point","coordinates":[121.517729,25.030379]},"properties":{"name":"悠旅生活事業股份有限公司","address":"台北市中正區重慶南路一段104號1樓","district":"中正區","city":"臺北市","result":"檢驗","types":"新北抽驗(製造端)","grade":""}},{"type":"Feature","geometry":{"type":"Point","coordinates":[121.525988,25.03503]},"properties":{"name":"悠旅生活事業股份有限公司","address":"台北市中正區信義路二段1號之1","district":"中正區","city":"臺北市","result":"檢驗","types":"新北抽驗(製造端)","grade":""}},{"type":"Feature","geometry":{"type":"Point","coordinates":[121.505706,25.045077]},"properties":{"name":"悠旅生活事業股份有限公司","address":"台北市萬華區武昌街二段77號","district":"萬華區","city":"臺北市","result":"檢驗","types":"新北抽驗(製造端)","grade":""}},{"type":"Feature","geometry":{"type":"Point","coordinates":[121.525333,25.044537]},"properties":{"name":"悠旅生活事業股份有限公司","address":"台北市中正區忠孝東路一段31號1樓","district":"中正區","city":"臺北市","result":"檢驗","types":"新北抽驗(製造端)","grade":""}},{"type":"Feature","geometry":{"type":"Point","coordinates":[121.502506,25.029501]},"properties":{"name":"悠旅生活事業股份有限公司","address":"台北市萬華區西藏路123號","district":"萬華區","city":"臺北市","result":"檢驗","types":"新北抽驗(製造端)","grade":""}},{"type":"Feature","geometry":{"type":"Point","coordinates":[121.504742,25.043149]},"properties":{"name":"悠旅生活事業股份有限公司","address":"台北市萬華區成都路87號","district":"萬華區","city":"臺北市","result":"檢驗","types":"新北抽驗(製造端)","grade":""}},{"type":"Feature","geometry":{"type":"Point","coordinates":[121.567277,25.036074]},"properties":{"name":"悠旅生活事業股份有限公司","address":"台北市信義區松壽路11號","district":"信義區","city":"臺北市","result":"檢驗","types":"新北抽驗(製造端)","grade":""}},{"type":"Feature","geometry":{"type":"Point","coordinates":[121.563901,25.034027]},"properties":{"name":"悠旅生活事業股份有限公司","address":"台北市信義區市府路45號1樓B&C室","district":"信義區","city":"臺北市","result":"檢驗","types":"新北抽驗(製造端)","grade":""}},{"type":"Feature","geometry":{"type":"Point","coordinates":[121.56524,25.039516]},"properties":{"name":"悠旅生活事業股份有限公司","address":"台北市信義區松高路11號1樓","district":"信義區","city":"臺北市","result":"檢驗","types":"新北抽驗(製造端)","grade":""}},{"type":"Feature","geometry":{"type":"Point","coordinates":[121.569219,25.024595]},"properties":{"name":"悠旅生活事業股份有限公司","address":"台北市信義區松仁路7號1樓","district":"信義區","city":"臺北市","result":"檢驗","types":"新北抽驗(製造端)","grade":""}},{"type":"Feature","geometry":{"type":"Point","coordinates":[121.561092,25.031772]},"properties":{"name":"悠旅生活事業股份有限公司","address":"台北市信義區莊敬路168號1樓","district":"信義區","city":"臺北市","result":"檢驗","types":"新北抽驗(製造端)","grade":""}},{"type":"Feature","geometry":{"type":"Point","coordinates":[121.563635,25.026639]},"properties":{"name":"悠旅生活事業股份有限公司","address":"台北市信義區吳興街252號1樓(第三醫療大樓)","district":"信義區","city":"臺北市","result":"檢驗","types":"新北抽驗(製造端)","grade":""}},{"type":"Feature","geometry":{"type":"Point","coordinates":[121.568122,25.039512]},"properties":{"name":"悠旅生活事業股份有限公司","address":"台北市信義區松仁路28號","district":"信義區","city":"臺北市","result":"檢驗","types":"新北抽驗(製造端)","grade":""}},{"type":"Feature","geometry":{"type":"Point","coordinates":[121.57408,25.020387]},"properties":{"name":"悠旅生活事業股份有限公司","address":"台北市信義區信義路五段7號35樓-1","district":"信義區","city":"臺北市","result":"檢驗","types":"新北抽驗(製造端)","grade":""}},{"type":"Feature","geometry":{"type":"Point","coordinates":[121.566264,25.035351]},"properties":{"name":"悠旅生活事業股份有限公司","address":"台北市信義區松壽路12號1樓(人行徒步區)","district":"信義區","city":"臺北市","result":"檢驗","types":"新北抽驗(製造端)","grade":""}},{"type":"Feature","geometry":{"type":"Point","coordinates":[121.561272,25.026634]},"properties":{"name":"悠旅生活事業股份有限公司","address":"台北市信義區吳興街220巷1號","district":"信義區","city":"臺北市","result":"檢驗","types":"新北抽驗(製造端)","grade":""}},{"type":"Feature","geometry":{"type":"Point","coordinates":[121.575311,25.035816]},"properties":{"name":"悠旅生活事業股份有限公司","address":"台北市信義區信義路六段1號","district":"信義區","city":"臺北市","result":"檢驗","types":"新北抽驗(製造端)","grade":""}},{"type":"Feature","geometry":{"type":"Point","coordinates":[121.557849,25.000833]},"properties":{"name":"悠旅生活事業股份有限公司","address":"台北市文山區興隆路三段111號","district":"文山區","city":"臺北市","result":"檢驗","types":"新北抽驗(製造端)","grade":""}},{"type":"Feature","geometry":{"type":"Point","coordinates":[121.575705,24.987832]},"properties":{"name":"悠旅生活事業股份有限公司","address":"台北市文山區指南路二段105號","district":"文山區","city":"臺北市","result":"檢驗","types":"新北抽驗(製造端)","grade":""}},{"type":"Feature","geometry":{"type":"Point","coordinates":[121.566906,24.98872]},"properties":{"name":"悠旅生活事業股份有限公司","address":"台北市文山區木柵路三段75號","district":"文山區","city":"臺北市","result":"檢驗","types":"新北抽驗(製造端)","grade":""}},{"type":"Feature","geometry":{"type":"Point","coordinates":[121.531855,25.017447]},"properties":{"name":"悠旅生活事業股份有限公司","address":"台北市大安區羅斯福路三段301號","district":"大安區","city":"臺北市","result":"檢驗","types":"新北抽驗(製造端)","grade":""}},{"type":"Feature","geometry":{"type":"Point","coordinates":[121.523332,25.02676]},"properties":{"name":"悠旅生活事業股份有限公司","address":"台北市大安區和平東路一段2號","district":"大安區","city":"臺北市","result":"檢驗","types":"新北抽驗(製造端)","grade":""}},{"type":"Feature","geometry":{"type":"Point","coordinates":[121.544716,25.024748]},"properties":{"name":"悠旅生活事業股份有限公司","address":"台北市大安區和平東路二段42-1號","district":"大安區","city":"臺北市","result":"檢驗","types":"新北抽驗(製造端)","grade":""}},{"type":"Feature","geometry":{"type":"Point","coordinates":[121.541223,25.02169]},"properties":{"name":"悠旅生活事業股份有限公司","address":"台北市大安區辛亥路二段175號","district":"大安區","city":"臺北市","result":"檢驗","types":"新北抽驗(製造端)","grade":""}},{"type":"Feature","geometry":{"type":"Point","coordinates":[121.533276,25.015458]},"properties":{"name":"悠旅生活事業股份有限公司","address":"台北市中正區羅斯福路四段26號1-3樓","district":"中正區","city":"臺北市","result":"檢驗","types":"新北抽驗(製造端)","grade":""}},{"type":"Feature","geometry":{"type":"Point","coordinates":[121.517008,25.032493]},"properties":{"name":"悠旅生活事業股份有限公司","address":"台北市中正區南海路20號","district":"中正區","city":"臺北市","result":"檢驗","types":"新北抽驗(製造端)","grade":""}},{"type":"Feature","geometry":{"type":"Point","coordinates":[121.530087,25.0146]},"properties":{"name":"悠旅生活事業股份有限公司","address":"台北市中正區思源街16號","district":"中正區","city":"臺北市","result":"檢驗","types":"新北抽驗(製造端)","grade":""}},{"type":"Feature","geometry":{"type":"Point","coordinates":[121.528189,25.023597]},"properties":{"name":"悠旅生活事業股份有限公司","address":"台北市大安區師大路74號","district":"大安區","city":"臺北市","result":"檢驗","types":"新北抽驗(製造端)","grade":""}},{"type":"Feature","geometry":{"type":"Point","coordinates":[121.519025,25.072041]},"properties":{"name":"悠旅生活事業股份有限公司","address":"台北市大同區庫倫街51號","district":"大同區","city":"臺北市","result":"檢驗","types":"新北抽驗(製造端)","grade":""}},{"type":"Feature","geometry":{"type":"Point","coordinates":[121.563518,25.051623]},"properties":{"name":"悠旅生活事業股份有限公司","address":"台北市松山區南京東路五段171號1F","district":"松山區","city":"臺北市","result":"檢驗","types":"新北抽驗(製造端)","grade":""}},{"type":"Feature","geometry":{"type":"Point","coordinates":[121.531021,25.045633]},"properties":{"name":"悠旅生活事業股份有限公司","address":"台北市中正區市民大道三段2號","district":"中正區","city":"臺北市","result":"檢驗","types":"新北抽驗(製造端)","grade":""}},{"type":"Feature","geometry":{"type":"Point","coordinates":[121.597637,25.068434]},"properties":{"name":"悠旅生活事業股份有限公司","address":"台北市內湖區民權東路6段312號1F","district":"內湖區","city":"臺北市","result":"檢驗","types":"新北抽驗(製造端)","grade":""}},{"type":"Feature","geometry":{"type":"Point","coordinates":[121.570823,24.987577]},"properties":{"name":"悠旅生活事業股份有限公司","address":"台北市文山區木新路3段162號","district":"文山區","city":"臺北市","result":"檢驗","types":"新北抽驗(製造端)","grade":""}},{"type":"Feature","geometry":{"type":"Point","coordinates":[121.466853,25.124621]},"properties":{"name":"悠旅生活事業股份有限公司","address":"台北市北投區大度路三段296巷45號1樓","district":"北投區","city":"臺北市","result":"檢驗","types":"新北抽驗(製造端)","grade":""}},{"type":"Feature","geometry":{"type":"Point","coordinates":[121.606056,25.052513]},"properties":{"name":"悠旅生活事業股份有限公司","address":"台北市南港區忠孝東路七段359號B1棟1樓A501","district":"南港區","city":"臺北市","result":"檢驗","types":"新北抽驗(製造端)","grade":""}},{"type":"Feature","geometry":{"type":"Point","coordinates":[121.54468,25.052838]},"properties":{"name":"悠旅生活事業股份有限公司","address":"台北市松山區慶城街1號1樓","district":"松山區","city":"臺北市","result":"檢驗","types":"新北抽驗(製造端)","grade":""}},{"type":"Feature","geometry":{"type":"Point","coordinates":[121.549357,25.053908]},"properties":{"name":"悠旅生活事業股份有限公司","address":"台北市松山區敦化北路147號","district":"松山區","city":"臺北市","result":"檢驗","types":"新北抽驗(製造端)","grade":""}},{"type":"Feature","geometry":{"type":"Point","coordinates":[121.529314,25.018262]},"properties":{"name":"有限責任台灣主婦聯盟生活消費合作社","address":"台北市中正區羅斯福路三段210巷8弄5號","district":"中正區","city":"臺北市","result":"檢驗","types":"新北抽驗(販售端)","grade":""}},{"type":"Feature","geometry":{"type":"Point","coordinates":[121.530615,25.029293]},"properties":{"name":"有限責任台灣主婦聯盟生活消費合作社","address":"台北市大安區金華街164巷7號","district":"大安區","city":"臺北市","result":"檢驗","types":"新北抽驗(販售端)","grade":""}},{"type":"Feature","geometry":{"type":"Point","coordinates":[121.549657,25.083514]},"properties":{"name":"有限責任台灣主婦聯盟生活消費合作社","address":"台北市中山區北安路630巷9弄17號","district":"中山區","city":"臺北市","result":"檢驗","types":"新北抽驗(販售端)","grade":""}},{"type":"Feature","geometry":{"type":"Point","coordinates":[121.550469,25.046163]},"properties":{"name":"有限責任台灣主婦聯盟生活消費合作社","address":"台北市松山區八德路三段12巷52弄5號","district":"松山區","city":"臺北市","result":"檢驗","types":"新北抽驗(販售端)","grade":""}},{"type":"Feature","geometry":{"type":"Point","coordinates":[121.61493,25.047492]},"properties":{"name":"有限責任台灣主婦聯盟生活消費合作社","address":"台北市南港區研究院路二段12巷14弄4號","district":"南港區","city":"臺北市","result":"檢驗","types":"新北抽驗(販售端)","grade":""}},{"type":"Feature","geometry":{"type":"Point","coordinates":[121.58098,25.083472]},"properties":{"name":"有限責任台灣主婦聯盟生活消費合作社","address":"台北市內湖區內湖路二段103巷102號","district":"內湖區","city":"臺北市","result":"檢驗","types":"新北抽驗(販售端)","grade":""}},{"type":"Feature","geometry":{"type":"Point","coordinates":[121.564721,25.028169]},"properties":{"name":"有限責任台灣主婦聯盟生活消費合作社","address":"台北市信義區莊敬路391 巷2 弄13 號","district":"信義區","city":"臺北市","result":"檢驗","types":"新北抽驗(販售端)","grade":""}},{"type":"Feature","geometry":{"type":"Point","coordinates":[121.56295,25.056921]},"properties":{"name":"有限責任台灣主婦聯盟生活消費合作社","address":"台北市松山區延壽街153號","district":"松山區","city":"臺北市","result":"檢驗","types":"新北抽驗(販售端)","grade":""}},{"type":"Feature","geometry":{"type":"Point","coordinates":[121.518116,25.116241]},"properties":{"name":"有限責任台灣主婦聯盟生活消費合作社","address":"台北市北投區明德路331巷2號","district":"北投區","city":"臺北市","result":"檢驗","types":"新北抽驗(販售端)","grade":""}},{"type":"Feature","geometry":{"type":"Point","coordinates":[121.530528,25.099036]},"properties":{"name":"有限責任台灣主婦聯盟生活消費合作社","address":"台北市士林區福志路50號","district":"士林區","city":"臺北市","result":"檢驗","types":"新北抽驗(販售端)","grade":""}},{"type":"Feature","geometry":{"type":"Point","coordinates":[121.528718,25.108962]},"properties":{"name":"有限責任台灣主婦聯盟生活消費合作社","address":"台北市士林區忠誠路二段10巷2號1樓","district":"士林區","city":"臺北市","result":"檢驗","types":"新北抽驗(販售端)","grade":""}},{"type":"Feature","geometry":{"type":"Point","coordinates":[121.508212,25.125527]},"properties":{"name":"有限責任台灣主婦聯盟生活消費合作社","address":"台北市北投區公館路259號1樓","district":"北投區","city":"臺北市","result":"檢驗","types":"新北抽驗(販售端)","grade":""}},{"type":"Feature","geometry":{"type":"Point","coordinates":[121.54239,24.994736]},"properties":{"name":"有限責任台灣主婦聯盟生活消費合作社","address":"台北市文山區景華街22巷1號","district":"文山區","city":"臺北市","result":"檢驗","types":"新北抽驗(販售端)","grade":""}},{"type":"Feature","geometry":{"type":"Point","coordinates":[121.569672,24.984182]},"properties":{"name":"有限責任台灣主婦聯盟生活消費合作社","address":"台北市文山區木新路二段117號","district":"文山區","city":"臺北市","result":"檢驗","types":"新北抽驗(販售端)","grade":""}},{"type":"Feature","geometry":{"type":"Point","coordinates":[121.548284,25.041748]},"properties":{"name":"天仁茶業股份有限公司","address":"台北市大安區忠孝東路四段107號6樓","district":"大安區","city":"臺北市","result":"檢驗","types":"新北抽驗(製造端)","grade":""}},{"type":"Feature","geometry":{"type":"Point","coordinates":[121.534925,25.059256]},"properties":{"name":"天仁茶業股份有限公司","address":"台北市中山區民生東路1段26之2號","district":"中山區","city":"臺北市","result":"檢驗","types":"新北抽驗(製造端)","grade":""}},{"type":"Feature","geometry":{"type":"Point","coordinates":[121.525599,25.05447]},"properties":{"name":"天仁茶業股份有限公司","address":"台北市中山區林森北路261號","district":"中山區","city":"臺北市","result":"檢驗","types":"新北抽驗(製造端)","grade":""}},{"type":"Feature","geometry":{"type":"Point","coordinates":[121.522708,25.051353]},"properties":{"name":"天仁茶業股份有限公司","address":"台北市中山區中山北路1段105巷11號","district":"中山區","city":"臺北市","result":"檢驗","types":"新北抽驗(製造端)","grade":""}},{"type":"Feature","geometry":{"type":"Point","coordinates":[121.539149,25.052578]},"properties":{"name":"天仁茶業股份有限公司","address":"台北市中山區南京東路3段210號","district":"中山區","city":"臺北市","result":"檢驗","types":"新北抽驗(製造端)","grade":""}},{"type":"Feature","geometry":{"type":"Point","coordinates":[121.520179,25.062648]},"properties":{"name":"天仁茶業股份有限公司","address":"台北市中山區民權西路60號","district":"中山區","city":"臺北市","result":"檢驗","types":"新北抽驗(製造端)","grade":""}},{"type":"Feature","geometry":{"type":"Point","coordinates":[121.514059,25.049262]},"properties":{"name":"天仁茶業股份有限公司","address":"台北市大同區市民大道1段209號1樓","district":"大同區","city":"臺北市","result":"檢驗","types":"新北抽驗(製造端)","grade":""}},{"type":"Feature","geometry":{"type":"Point","coordinates":[121.517734,25.052245]},"properties":{"name":"天仁茶業股份有限公司","address":"台北市大同區承德路1段1號B3","district":"大同區","city":"臺北市","result":"檢驗","types":"新北抽驗(製造端)","grade":""}},{"type":"Feature","geometry":{"type":"Point","coordinates":[121.530595,25.019178]},"properties":{"name":"天仁茶業股份有限公司","address":"台北市中正區羅斯福路4段36號1樓","district":"中正區","city":"臺北市","result":"檢驗","types":"新北抽驗(製造端)","grade":""}},{"type":"Feature","geometry":{"type":"Point","coordinates":[121.517055,25.047176]},"properties":{"name":"天仁茶業股份有限公司","address":"台北市中正區北平西路3號1樓","district":"中正區","city":"臺北市","result":"檢驗","types":"新北抽驗(製造端)","grade":""}},{"type":"Feature","geometry":{"type":"Point","coordinates":[121.615696,25.053362]},"properties":{"name":"天仁茶業股份有限公司","address":"台北市大安區忠孝東路3段174號","district":"大安區","city":"臺北市","result":"檢驗","types":"新北抽驗(製造端)","grade":""}},{"type":"Feature","geometry":{"type":"Point","coordinates":[121.55401,25.029788]},"properties":{"name":"天仁茶業股份有限公司","address":"台北市大安區通化街96號","district":"大安區","city":"臺北市","result":"檢驗","types":"新北抽驗(製造端)","grade":""}},{"type":"Feature","geometry":{"type":"Point","coordinates":[121.557861,25.060048]},"properties":{"name":"天仁茶業股份有限公司","address":"台北市松山區民生東路5段126號","district":"松山區","city":"臺北市","result":"檢驗","types":"新北抽驗(製造端)","grade":""}},{"type":"Feature","geometry":{"type":"Point","coordinates":[121.561111,25.044737]},"properties":{"name":"天仁茶業股份有限公司","address":"台北市信義區菸廠路88號B1","district":"信義區","city":"臺北市","result":"檢驗","types":"新北抽驗(製造端)","grade":""}},{"type":"Feature","geometry":{"type":"Point","coordinates":[121.61258,25.053227]},"properties":{"name":"天仁茶業股份有限公司","address":"台北市大安區忠孝東路4段107號1樓","district":"大安區","city":"臺北市","result":"檢驗","types":"新北抽驗(製造端)","grade":""}},{"type":"Feature","geometry":{"type":"Point","coordinates":[121.55605,25.032512]},"properties":{"name":"天仁茶業股份有限公司","address":"台北市大安區信義路2段162號","district":"大安區","city":"臺北市","result":"檢驗","types":"新北抽驗(製造端)","grade":""}},{"type":"Feature","geometry":{"type":"Point","coordinates":[121.52321,25.094874]},"properties":{"name":"天仁茶業股份有限公司","address":"台北市士林區中正路300號","district":"士林區","city":"臺北市","result":"檢驗","types":"新北抽驗(製造端)","grade":""}},{"type":"Feature","geometry":{"type":"Point","coordinates":[121.532145,25.119658]},"properties":{"name":"天仁茶業股份有限公司","address":"台北市士林區中山北路7段19號","district":"士林區","city":"臺北市","result":"檢驗","types":"新北抽驗(製造端)","grade":""}},{"type":"Feature","geometry":{"type":"Point","coordinates":[121.531935,25.11417]},"properties":{"name":"天仁茶業股份有限公司","address":"台北市士林區忠誠路2段55號B1","district":"士林區","city":"臺北市","result":"檢驗","types":"新北抽驗(製造端)","grade":""}},{"type":"Feature","geometry":{"type":"Point","coordinates":[121.521418,25.051211]},"properties":{"name":"天仁茶業股份有限公司","address":"台北市中山區南京西路12號B2","district":"中山區","city":"臺北市","result":"檢驗","types":"新北抽驗(製造端)","grade":""}},{"type":"Feature","geometry":{"type":"Point","coordinates":[121.566264,25.035351]},"properties":{"name":"天仁茶業股份有限公司","address":"台北市信義區松壽路12號1樓","district":"信義區","city":"臺北市","result":"檢驗","types":"新北抽驗(製造端)","grade":""}},{"type":"Feature","geometry":{"type":"Point","coordinates":[121.554074,25.022375]},"properties":{"name":"天仁茶業股份有限公司","address":"台北市大安區和平東路1段13號","district":"大安區","city":"臺北市","result":"檢驗","types":"新北抽驗(製造端)","grade":""}},{"type":"Feature","geometry":{"type":"Point","coordinates":[121.567277,25.036074]},"properties":{"name":"天仁茶業股份有限公司","address":"台北市信義區松壽路11號B2","district":"信義區","city":"臺北市","result":"檢驗","types":"新北抽驗(製造端)","grade":""}},{"type":"Feature","geometry":{"type":"Point","coordinates":[121.511781,25.042179]},"properties":{"name":"天仁茶業股份有限公司","address":"台北市中正區衡陽路62號","district":"中正區","city":"臺北市","result":"檢驗","types":"新北抽驗(製造端)","grade":""}},{"type":"Feature","geometry":{"type":"Point","coordinates":[121.61258,25.053227]},"properties":{"name":"天仁茶業股份有限公司","address":"台北市大安區忠孝東路4段45號B2","district":"大安區","city":"臺北市","result":"檢驗","types":"新北抽驗(製造端)","grade":""}},{"type":"Feature","geometry":{"type":"Point","coordinates":[121.543838,25.052939]},"properties":{"name":"天仁茶業股份有限公司","address":"台北市中山區復興北路152號","district":"中山區","city":"臺北市","result":"檢驗","types":"新北抽驗(製造端)","grade":""}},{"type":"Feature","geometry":{"type":"Point","coordinates":[121.566797,25.038814]},"properties":{"name":"天仁茶業股份有限公司","address":"台北市信義區松高路12號B2","district":"信義區","city":"臺北市","result":"檢驗","types":"新北抽驗(製造端)","grade":""}},{"type":"Feature","geometry":{"type":"Point","coordinates":[121.556709,25.082926]},"properties":{"name":"天仁茶業股份有限公司","address":"台北市中山區敬業三路20號B1","district":"中山區","city":"臺北市","result":"檢驗","types":"新北抽驗(製造端)","grade":""}},{"type":"Feature","geometry":{"type":"Point","coordinates":[121.511781,25.042179]},"properties":{"name":"天仁茶業股份有限公司","address":"台北市中正區衡陽路62號2樓","district":"中正區","city":"臺北市","result":"檢驗","types":"新北抽驗(製造端)","grade":""}},{"type":"Feature","geometry":{"type":"Point","coordinates":[121.571368,25.078298]},"properties":{"name":"天仁茶業股份有限公司","address":"台北市內湖區瑞光路409號","district":"內湖區","city":"臺北市","result":"檢驗","types":"新北抽驗(製造端)","grade":""}},{"type":"Feature","geometry":{"type":"Point","coordinates":[121.556297,25.033041]},"properties":{"name":"天仁茶業股份有限公司","address":"台北市大安區信義路四段88號1樓","district":"大安區","city":"臺北市","result":"檢驗","types":"新北抽驗(製造端)","grade":""}},{"type":"Feature","geometry":{"type":"Point","coordinates":[121.607208,25.05267]},"properties":{"name":"天仁茶業股份有限公司","address":"台北市南港區忠孝東路七段369號B棟2樓","district":"南港區","city":"臺北市","result":"檢驗","types":"新北抽驗(製造端)","grade":""}},{"type":"Feature","geometry":{"type":"Point","coordinates":[121.578764,25.036732]},"properties":{"name":"天仁茶業股份有限公司","address":"台北市信義區松山路11號1樓","district":"信義區","city":"臺北市","result":"檢驗","types":"新北抽驗(製造端)","grade":""}},{"type":"Feature","geometry":{"type":"Point","coordinates":[121.520661,25.052434]},"properties":{"name":"天仁茶業股份有限公司","address":"台北市中山區南京西路14號B1","district":"中山區","city":"臺北市","result":"檢驗","types":"新北抽驗(製造端)","grade":""}},{"type":"Feature","geometry":{"type":"Point","coordinates":[121.565775,25.034435]},"properties":{"name":"天仁茶業股份有限公司","address":"台北市信義區松智路17號B2","district":"信義區","city":"臺北市","result":"檢驗","types":"新北抽驗(製造端)","grade":""}},{"type":"Feature","geometry":{"type":"Point","coordinates":[121.524275,25.105008]},"properties":{"name":"天仁茶業股份有限公司","address":"台北市士林區中山北路六段77號B1","district":"士林區","city":"臺北市","result":"檢驗","types":"新北抽驗(製造端)","grade":""}},{"type":"Feature","geometry":{"type":"Point","coordinates":[121.567968,25.036732]},"properties":{"name":"天仁茶業股份有限公司","address":"台北市信義區松仁路58號B3","district":"信義區","city":"臺北市","result":"檢驗","types":"新北抽驗(製造端)","grade":""}},{"type":"Feature","geometry":{"type":"Point","coordinates":[121.505882,25.042922]},"properties":{"name":"天仁茶業股份有限公司","address":"台北市萬華區西寧南路76號1樓","district":"萬華區","city":"臺北市","result":"檢驗","types":"新北抽驗(製造端)","grade":""}},{"type":"Feature","geometry":{"type":"Point","coordinates":[121.532792,25.024394]},"properties":{"name":"天仁茶業股份有限公司","address":"台北市大安區和平東路一段13號","district":"大安區","city":"臺北市","result":"檢驗","types":"新北抽驗(製造端)","grade":""}},{"type":"Feature","geometry":{"type":"Point","coordinates":[121.471177,25.124974]},"properties":{"name":"天仁茶業股份有限公司","address":"台北市北投區立德路15號2樓","district":"北投區","city":"臺北市","result":"檢驗","types":"新北抽驗(製造端)","grade":""}},{"type":"Feature","geometry":{"type":"Point","coordinates":[121.531021,25.045633]},"properties":{"name":"天仁茶業股份有限公司","address":"台北市中正區市民大道三段2號B2","district":"中正區","city":"臺北市","result":"檢驗","types":"新北抽驗(製造端)","grade":""}},{"type":"Feature","geometry":{"type":"Point","coordinates":[121.617583,25.059345]},"properties":{"name":"天仁茶業股份有限公司","address":"台北市南港區經貿二路131號1樓","district":"南港區","city":"臺北市","result":"檢驗","types":"新北抽驗(製造端)","grade":""}},{"type":"Feature","geometry":{"type":"Point","coordinates":[121.56524,25.039516]},"properties":{"name":"天仁茶業股份有限公司","address":"台北市信義區松高路11號B2","district":"信義區","city":"臺北市","result":"檢驗","types":"新北抽驗(製造端)","grade":""}},{"type":"Feature","geometry":{"type":"Point","coordinates":[121.540825,25.049135]},"properties":{"name":"天仁茶業股份有限公司","address":"台北市中山區龍江路45巷2號1樓","district":"中山區","city":"臺北市","result":"檢驗","types":"新北抽驗(製造端)","grade":""}},{"type":"Feature","geometry":{"type":"Point","coordinates":[121.558306,25.042728]},"properties":{"name":"天仁茶業股份有限公司","address":"台北市信義區忠孝東路四段505號B2F","district":"信義區","city":"臺北市","result":"檢驗","types":"新北抽驗(製造端)","grade":""}},{"type":"Feature","geometry":{"type":"Point","coordinates":[121.501498,25.036158]},"properties":{"name":"天仁茶業股份有限公司","address":"台北市萬華區康定路201之1號","district":"萬華區","city":"臺北市","result":"檢驗","types":"新北抽驗(製造端)","grade":""}},{"type":"Feature","geometry":{"type":"Point","coordinates":[121.539913,25.010588]},"properties":{"name":"桂冠實業股份有限公司","address":"台北市中正區羅斯福路3段126號1樓","district":"中正區","city":"臺北市","result":"檢驗","types":"新北抽驗(製造端)","grade":""}},{"type":"Feature","geometry":{"type":"Point","coordinates":[121.572635,25.07766]},"properties":{"name":"台灣雀巢股份有限公司","address":"台北市內湖區瑞光路399號8樓及8樓之1","district":"內湖區","city":"臺北市","result":"未檢驗","types":"新北抽驗(製造端)","grade":""}},{"type":"Feature","geometry":{"type":"Point","coordinates":[121.49686,25.024368]},"properties":{"name":"正上純有限公司","address":"台北市萬華區德昌街122號","district":"萬華區","city":"臺北市","result":"檢驗","types":"新北抽驗(製造端)","grade":""}},{"type":"Feature","geometry":{"type":"Point","coordinates":[121.553038,25.039053]},"properties":{"name":"雪坊志業股份有限公司","address":"台北市大安區忠孝東路四段45號B1","district":"大安區","city":"臺北市","result":"檢驗","types":"新北抽驗(製造端)、新北抽驗(販售端)","grade":""}},{"type":"Feature","geometry":{"type":"Point","coordinates":[121.567277,25.036074]},"properties":{"name":"雪坊志業股份有限公司","address":"台北市信義區松壽路11號B2(新光三越A11)","district":"信義區","city":"臺北市","result":"檢驗","types":"新北抽驗(製造端)、新北抽驗(販售端)","grade":""}},{"type":"Feature","geometry":{"type":"Point","coordinates":[121.524275,25.105008]},"properties":{"name":"雪坊志業股份有限公司","address":"台北市士林區中山北路六段77號B1","district":"士林區","city":"臺北市","result":"檢驗","types":"新北抽驗(製造端)、新北抽驗(販售端)","grade":""}},{"type":"Feature","geometry":{"type":"Point","coordinates":[121.566664,25.03936]},"properties":{"name":"雪坊志業股份有限公司","address":"台北市信義區松高路19號B2樓","district":"信義區","city":"臺北市","result":"檢驗","types":"新北抽驗(製造端)、新北抽驗(販售端)","grade":""}},{"type":"Feature","geometry":{"type":"Point","coordinates":[121.530155,25.112194]},"properties":{"name":"雪坊志業股份有限公司","address":"台北市士林區士東路124號1樓","district":"士林區","city":"臺北市","result":"檢驗","types":"新北抽驗(製造端)、新北抽驗(販售端)","grade":""}},{"type":"Feature","geometry":{"type":"Point","coordinates":[121.550764,25.028168]},"properties":{"name":"雪坊志業股份有限公司","address":"台北市大安區安和路二段171巷21號1樓","district":"大安區","city":"臺北市","result":"檢驗","types":"新北抽驗(製造端)、新北抽驗(販售端)","grade":""}},{"type":"Feature","geometry":{"type":"Point","coordinates":[121.615696,25.053362]},"properties":{"name":"雪坊志業股份有限公司","address":"台北市大安區忠孝東路3段268號4樓","district":"大安區","city":"臺北市","result":"檢驗","types":"新北抽驗(製造端)、新北抽驗(販售端)","grade":""}},{"type":"Feature","geometry":{"type":"Point","coordinates":[121.554878,25.036936]},"properties":{"name":"雪坊志業股份有限公司","address":"台北市大安區仁愛路4段449號1樓","district":"大安區","city":"臺北市","result":"檢驗","types":"新北抽驗(製造端)、新北抽驗(販售端)","grade":""}},{"type":"Feature","geometry":{"type":"Point","coordinates":[121.552756,25.057906]},"properties":{"name":"雪坊志業股份有限公司","address":"台北市松山區民生東路四段78號1樓","district":"松山區","city":"臺北市","result":"檢驗","types":"新北抽驗(製造端)、新北抽驗(販售端)","grade":""}},{"type":"Feature","geometry":{"type":"Point","coordinates":[121.525155,25.027058]},"properties":{"name":"雪坊志業股份有限公司","address":"台北市大安區和平東路一段77之1號1樓","district":"大安區","city":"臺北市","result":"檢驗","types":"新北抽驗(製造端)、新北抽驗(販售端)","grade":""}},{"type":"Feature","geometry":{"type":"Point","coordinates":[121.529909,25.119146]},"properties":{"name":"雪坊志業股份有限公司","address":"台北市士林區天玉街38巷20號1樓","district":"士林區","city":"臺北市","result":"檢驗","types":"新北抽驗(製造端)、新北抽驗(販售端)","grade":""}},{"type":"Feature","geometry":{"type":"Point","coordinates":[121.554208,25.034164]},"properties":{"name":"雪坊志業股份有限公司","address":"台北市大安區安和路一段135巷32號1樓","district":"大安區","city":"臺北市","result":"檢驗","types":"新北抽驗(製造端)、新北抽驗(販售端)","grade":""}},{"type":"Feature","geometry":{"type":"Point","coordinates":[121.591023,25.080615]},"properties":{"name":"雪坊志業股份有限公司","address":"台北市內湖區成功路三段201號","district":"內湖區","city":"臺北市","result":"檢驗","types":"新北抽驗(製造端)、新北抽驗(販售端)","grade":""}},{"type":"Feature","geometry":{"type":"Point","coordinates":[121.543673,25.026654]},"properties":{"name":"雪坊志業股份有限公司","address":"台北市大安區復興南路二段189號1樓","district":"大安區","city":"臺北市","result":"檢驗","types":"新北抽驗(製造端)、新北抽驗(販售端)","grade":""}},{"type":"Feature","geometry":{"type":"Point","coordinates":[121.527818,25.021519]},"properties":{"name":"雪坊志業股份有限公司","address":"台北市大安區師大路128號1樓","district":"大安區","city":"臺北市","result":"檢驗","types":"新北抽驗(製造端)、新北抽驗(販售端)","grade":""}},{"type":"Feature","geometry":{"type":"Point","coordinates":[121.556268,25.020075]},"properties":{"name":"雪坊志業股份有限公司","address":"台北市大安區和平東路三段3號1樓","district":"大安區","city":"臺北市","result":"檢驗","types":"新北抽驗(製造端)、新北抽驗(販售端)","grade":""}},{"type":"Feature","geometry":{"type":"Point","coordinates":[121.525013,25.094959]},"properties":{"name":"雪坊志業股份有限公司","address":"台北市士林區福德里中正路253號1樓","district":"士林區","city":"臺北市","result":"檢驗","types":"新北抽驗(製造端)、新北抽驗(販售端)","grade":""}},{"type":"Feature","geometry":{"type":"Point","coordinates":[121.615696,25.053362]},"properties":{"name":"雪坊志業股份有限公司","address":"台北市大安區忠孝東路3段268號","district":"大安區","city":"臺北市","result":"檢驗","types":"新北抽驗(製造端)、新北抽驗(販售端)","grade":""}},{"type":"Feature","geometry":{"type":"Point","coordinates":[121.508657,25.045007]},"properties":{"name":"統創食品有限公司","address":"台北市萬華區中華路一段88號","district":"萬華區","city":"臺北市","result":"檢驗","types":"新北抽驗(製造端)","grade":""}},{"type":"Feature","geometry":{"type":"Point","coordinates":[121.61258,25.053227]},"properties":{"name":"統創食品有限公司","address":"台北市大安區忠孝東路4段45號B2","district":"大安區","city":"臺北市","result":"檢驗","types":"新北抽驗(製造端)","grade":""}},{"type":"Feature","geometry":{"type":"Point","coordinates":[121.566664,25.03936]},"properties":{"name":"統創食品有限公司","address":"台北市信義區松高路19號7樓","district":"信義區","city":"臺北市","result":"檢驗","types":"新北抽驗(製造端)","grade":""}},{"type":"Feature","geometry":{"type":"Point","coordinates":[121.544123,25.04613]},"properties":{"name":"統創食品有限公司","address":"台北市松山區復興南路一段39號","district":"松山區","city":"臺北市","result":"檢驗","types":"新北抽驗(製造端)","grade":""}},{"type":"Feature","geometry":{"type":"Point","coordinates":[121.574201,25.062188]},"properties":{"name":"統創食品有限公司","address":"台北市內湖區新湖三路23號6樓","district":"內湖區","city":"臺北市","result":"檢驗","types":"新北抽驗(製造端)","grade":""}},{"type":"Feature","geometry":{"type":"Point","coordinates":[121.519385,25.087059]},"properties":{"name":"統創食品有限公司","address":"台北市士林區華齡街175號2樓","district":"士林區","city":"臺北市","result":"檢驗","types":"新北抽驗(製造端)","grade":""}},{"type":"Feature","geometry":{"type":"Point","coordinates":[121.580671,25.043915]},"properties":{"name":"統創食品有限公司","address":"台北市信義區忠孝東路4段289號8樓","district":"信義區","city":"臺北市","result":"檢驗","types":"新北抽驗(製造端)","grade":""}},{"type":"Feature","geometry":{"type":"Point","coordinates":[121.560431,25.035595]},"properties":{"name":"統創食品有限公司","address":"台北市信義區基隆路1段163號9樓","district":"信義區","city":"臺北市","result":"檢驗","types":"新北抽驗(製造端)","grade":""}},{"type":"Feature","geometry":{"type":"Point","coordinates":[121.582327,25.064067]},"properties":{"name":"統創食品有限公司","address":"台北市內湖區新湖二路289號","district":"內湖區","city":"臺北市","result":"檢驗","types":"新北抽驗(製造端)","grade":""}},{"type":"Feature","geometry":{"type":"Point","coordinates":[121.554878,25.036936]},"properties":{"name":"統創食品有限公司","address":"台北市大安區仁愛路4段68號7樓","district":"大安區","city":"臺北市","result":"檢驗","types":"新北抽驗(製造端)","grade":""}},{"type":"Feature","geometry":{"type":"Point","coordinates":[121.515512,25.029592]},"properties":{"name":"布列德麵包股份有限公司","address":"台北市中正區重慶南路1段100號4樓","district":"中正區","city":"臺北市","result":"檢驗","types":"新北抽驗(製造端)","grade":""}},{"type":"Feature","geometry":{"type":"Point","coordinates":[121.511618,25.025236]},"properties":{"name":"皇聖有限公司","address":"台北市中正區中華路1段59號9樓","district":"中正區","city":"臺北市","result":"檢驗","types":"新北抽驗(製造端)","grade":""}},{"type":"Feature","geometry":{"type":"Point","coordinates":[121.597637,25.068434]},"properties":{"name":"追求卓越股份有限公司","address":"台北市內湖區民權東路6段123巷20弄12號5樓","district":"內湖區","city":"臺北市","result":"檢驗","types":"新北抽驗(製造端)","grade":""}},{"type":"Feature","geometry":{"type":"Point","coordinates":[121.566664,25.03936]},"properties":{"name":"天時福水產食品股份有限公司","address":"台北市信義區松高路19號B1","district":"信義區","city":"臺北市","result":"檢驗","types":"新北抽驗(製造端)","grade":""}},{"type":"Feature","geometry":{"type":"Point","coordinates":[121.496547,25.020289]},"properties":{"name":"順牌有限公司","address":"台北市萬華區萬大路486巷28弄3號","district":"萬華區","city":"臺北市","result":"檢驗","types":"新北抽驗(製造端)","grade":""}},{"type":"Feature","geometry":{"type":"Point","coordinates":[121.550395,25.061297]},"properties":{"name":"高雄空廚股份有限公司","address":"台北市松山區敦化北路340-9號","district":"松山區","city":"臺北市","result":"檢驗","types":"新北抽驗(製造端)","grade":""}},{"type":"Feature","geometry":{"type":"Point","coordinates":[121.565069,25.063424]},"properties":{"name":"高雄空廚股份有限公司","address":"台北市松山區民權東路五段5號1F右1","district":"松山區","city":"臺北市","result":"檢驗","types":"新北抽驗(製造端)","grade":""}},{"type":"Feature","geometry":{"type":"Point","coordinates":[121.545093,25.056024]},"properties":{"name":"高雄空廚股份有限公司","address":"台北市松山區松基里興安街186號1F","district":"松山區","city":"臺北市","result":"檢驗","types":"新北抽驗(製造端)","grade":""}},{"type":"Feature","geometry":{"type":"Point","coordinates":[121.540685,25.052123]},"properties":{"name":"高雄空廚股份有限公司","address":"台北市中山區南京東路三段131號1F","district":"中山區","city":"臺北市","result":"檢驗","types":"新北抽驗(製造端)","grade":""}},{"type":"Feature","geometry":{"type":"Point","coordinates":[121.515249,25.043497]},"properties":{"name":"中化裕民健康事業股份有限公司","address":"台北市中正區襄陽路23號8樓","district":"中正區","city":"臺北市","result":"檢驗","types":"新北抽驗(製造端)","grade":""}},{"type":"Feature","geometry":{"type":"Point","coordinates":[121.597637,25.068434]},"properties":{"name":"源興行銷股份有限公司","address":"台北市內湖區民權東路6段208號","district":"內湖區","city":"臺北市","result":"檢驗","types":"新北抽驗(製造端)","grade":""}},{"type":"Feature","geometry":{"type":"Point","coordinates":[121.505588,25.042216]},"properties":{"name":"源興行銷股份有限公司","address":"台北市萬華區西寧南路6號之1","district":"萬華區","city":"臺北市","result":"檢驗","types":"新北抽驗(製造端)","grade":""}},{"type":"Feature","geometry":{"type":"Point","coordinates":[121.537338,25.067924]},"properties":{"name":"源興行銷股份有限公司","address":"台北市中山區民族東路336號","district":"中山區","city":"臺北市","result":"檢驗","types":"新北抽驗(製造端)","grade":""}},{"type":"Feature","geometry":{"type":"Point","coordinates":[121.55875,24.991714]},"properties":{"name":"源興行銷股份有限公司","address":"台北市文山區興隆路三段222號","district":"文山區","city":"臺北市","result":"檢驗","types":"新北抽驗(製造端)","grade":""}},{"type":"Feature","geometry":{"type":"Point","coordinates":[121.510952,25.111621]},"properties":{"name":"源興行銷股份有限公司","address":"台北市北投區承德路7段401巷351號","district":"北投區","city":"臺北市","result":"檢驗","types":"新北抽驗(製造端)","grade":""}},{"type":"Feature","geometry":{"type":"Point","coordinates":[121.529613,25.092198]},"properties":{"name":"源興行銷股份有限公司","address":"台北市中山區中山北路2段44巷2號","district":"中山區","city":"臺北市","result":"檢驗","types":"新北抽驗(製造端)","grade":""}},{"type":"Feature","geometry":{"type":"Point","coordinates":[121.595903,25.0645]},"properties":{"name":"源興行銷股份有限公司","address":"台北市中山區民權東路3段1號","district":"中山區","city":"臺北市","result":"檢驗","types":"新北抽驗(製造端)","grade":""}},{"type":"Feature","geometry":{"type":"Point","coordinates":[121.489632,25.138884]},"properties":{"name":"源興行銷股份有限公司","address":"台北市北投區中央北路2段70號","district":"北投區","city":"臺北市","result":"檢驗","types":"新北抽驗(製造端)","grade":""}},{"type":"Feature","geometry":{"type":"Point","coordinates":[121.538616,25.068088]},"properties":{"name":"源興行銷股份有限公司","address":"台北市中山區民族東路17號","district":"中山區","city":"臺北市","result":"檢驗","types":"新北抽驗(製造端)","grade":""}},{"type":"Feature","geometry":{"type":"Point","coordinates":[121.489632,25.138884]},"properties":{"name":"源興行銷股份有限公司","address":"台北市北投區中央北路2段350巷60號","district":"北投區","city":"臺北市","result":"檢驗","types":"新北抽驗(製造端)","grade":""}},{"type":"Feature","geometry":{"type":"Point","coordinates":[121.543012,25.079781]},"properties":{"name":"源興行銷股份有限公司","address":"台北市中山區北安路409號","district":"中山區","city":"臺北市","result":"檢驗","types":"新北抽驗(製造端)","grade":""}},{"type":"Feature","geometry":{"type":"Point","coordinates":[121.56126,24.983436]},"properties":{"name":"源興行銷股份有限公司","address":"台北市文山區興隆路3段222號","district":"文山區","city":"臺北市","result":"檢驗","types":"新北抽驗(製造端)","grade":""}},{"type":"Feature","geometry":{"type":"Point","coordinates":[121.506465,25.044602]},"properties":{"name":"源興行銷股份有限公司","address":"台北市萬華區西寧南路6-1號","district":"萬華區","city":"臺北市","result":"檢驗","types":"新北抽驗(製造端)","grade":""}},{"type":"Feature","geometry":{"type":"Point","coordinates":[121.563617,25.081016]},"properties":{"name":"台灣大昌華嘉股份有限公司","address":"台北市內湖區堤頂大道二段407巷22號10樓","district":"內湖區","city":"臺北市","result":"檢驗","types":"新北抽驗(製造端)","grade":""}},{"type":"Feature","geometry":{"type":"Point","coordinates":[121.574333,25.040053]},"properties":{"name":"瓦城泰統股份有限公司","address":"台北市信義區忠孝東路5段8號B2","district":"信義區","city":"臺北市","result":"檢驗","types":"新北抽驗(販售端)","grade":""}},{"type":"Feature","geometry":{"type":"Point","coordinates":[121.52453,25.056488]},"properties":{"name":"上鈿有限公司","address":"台北市中山區中山北路2段115巷16號1樓","district":"中山區","city":"臺北市","result":"檢驗","types":"台北稽查","grade":""}},{"type":"Feature","geometry":{"type":"Point","coordinates":[121.542262,25.054735]},"properties":{"name":"葉貿號","address":"台北市中山區長春路299號長春市場2樓58","district":"中山區","city":"臺北市","result":"檢驗","types":"新北抽驗(製造端)","grade":""}},{"type":"Feature","geometry":{"type":"Point","coordinates":[121.561399,25.028673]},"properties":{"name":"建宏蛋品有限公司","address":"台北市信義區吳興街156巷7弄2號1樓","district":"信義區","city":"臺北市","result":"檢驗","types":"新北抽驗(製造端)","grade":""}},{"type":"Feature","geometry":{"type":"Point","coordinates":[121.584794,25.051995]},"properties":{"name":"建宏蛋品有限公司","address":"台北市南港區南港路三段149巷49弄2號1樓","district":"南港區","city":"臺北市","result":"檢驗","types":"新北抽驗(製造端)","grade":""}},{"type":"Feature","geometry":{"type":"Point","coordinates":[121.580816,25.037015]},"properties":{"name":"萬通食品廠股份有限公司","address":"台北市信義區福德街68號1樓","district":"信義區","city":"臺北市","result":"檢驗","types":"新北抽驗(製造端)","grade":""}},{"type":"Feature","geometry":{"type":"Point","coordinates":[121.574316,25.055952]},"properties":{"name":"義式企業有限公司","address":"台北市內湖區堤頂大道2段475號","district":"內湖區","city":"臺北市","result":"檢驗","types":"新北抽驗(製造端)","grade":""}},{"type":"Feature","geometry":{"type":"Point","coordinates":[121.499214,25.137409]},"properties":{"name":"信利貿易有限公司","address":"台北市北投區大同街198號1樓","district":"北投區","city":"臺北市","result":"檢驗","types":"新北抽驗(製造端)","grade":""}},{"type":"Feature","geometry":{"type":"Point","coordinates":[121.500921,25.128661]},"properties":{"name":"信利貿易有限公司","address":"台北市北投區中央南路2段64號2樓","district":"北投區","city":"臺北市","result":"檢驗","types":"新北抽驗(製造端)","grade":""}},{"type":"Feature","geometry":{"type":"Point","coordinates":[121.579254,25.066108]},"properties":{"name":"良友國際食品股份有限公司","address":"台北市內湖區湖元里行忠路四十八號二、三樓","district":"內湖區","city":"臺北市","result":"檢驗","types":"第二級品管驗證","grade":""}},{"type":"Feature","geometry":{"type":"Point","coordinates":[121.565077,25.05021]},"properties":{"name":"統一藥品股份有限公司","address":"台北市松山區東興路8號7樓","district":"松山區","city":"臺北市","result":"檢驗","types":"新北抽驗(製造端)","grade":""}},{"type":"Feature","geometry":{"type":"Point","coordinates":[121.557849,25.000833]},"properties":{"name":"統一藥品股份有限公司","address":"台北市文山區興隆路三段111號","district":"文山區","city":"臺北市","result":"檢驗","types":"新北抽驗(製造端)","grade":""}},{"type":"Feature","geometry":{"type":"Point","coordinates":[121.546231,25.083587]},"properties":{"name":"統一藥品股份有限公司","address":"台北市中山區大直街70號","district":"中山區","city":"臺北市","result":"檢驗","types":"新北抽驗(製造端)","grade":""}},{"type":"Feature","geometry":{"type":"Point","coordinates":[121.534423,25.062232]},"properties":{"name":"丹堤咖啡食品股份有限公司","address":"台北市中山區民權東路二段148號","district":"中山區","city":"臺北市","result":"檢驗","types":"新北抽驗(製造端)、新北抽驗(販售端)","grade":""}},{"type":"Feature","geometry":{"type":"Point","coordinates":[121.534743,25.040259]},"properties":{"name":"丹堤咖啡食品股份有限公司","address":"台北市大安區濟南路三段25號","district":"大安區","city":"臺北市","result":"檢驗","types":"新北抽驗(製造端)、新北抽驗(販售端)","grade":""}},{"type":"Feature","geometry":{"type":"Point","coordinates":[121.507172,25.033529]},"properties":{"name":"丹堤咖啡食品股份有限公司","address":"台北市中正區中華路二段75巷24號","district":"中正區","city":"臺北市","result":"檢驗","types":"新北抽驗(製造端)、新北抽驗(販售端)","grade":""}},{"type":"Feature","geometry":{"type":"Point","coordinates":[121.499083,25.123518]},"properties":{"name":"丹堤咖啡食品股份有限公司","address":"台北市北投區大業路462-8號","district":"北投區","city":"臺北市","result":"檢驗","types":"新北抽驗(製造端)、新北抽驗(販售端)","grade":""}},{"type":"Feature","geometry":{"type":"Point","coordinates":[121.530247,25.052256]},"properties":{"name":"丹堤咖啡食品股份有限公司","address":"台北市中山區南京東路二段63號","district":"中山區","city":"臺北市","result":"檢驗","types":"新北抽驗(製造端)、新北抽驗(販售端)","grade":""}},{"type":"Feature","geometry":{"type":"Point","coordinates":[121.538836,25.009182]},"properties":{"name":"丹堤咖啡食品股份有限公司","address":"台北市大安區羅斯福路四段1號(卓越大樓1樓)","district":"大安區","city":"臺北市","result":"檢驗","types":"新北抽驗(製造端)、新北抽驗(販售端)","grade":""}},{"type":"Feature","geometry":{"type":"Point","coordinates":[121.55538,25.052589]},"properties":{"name":"千翔食品有限公司","address":"台北市松山區南京東路5段281號","district":"松山區","city":"臺北市","result":"檢驗","types":"新北抽驗(製造端)、新北抽驗(販售端)","grade":""}},{"type":"Feature","geometry":{"type":"Point","coordinates":[121.50905,25.062361]},"properties":{"name":"聯通興業有限公司","address":"台北市大同區迪化街1段92號1樓","district":"大同區","city":"臺北市","result":"檢驗","types":"新北抽驗(製造端)","grade":""}},{"type":"Feature","geometry":{"type":"Point","coordinates":[121.52453,25.056488]},"properties":{"name":"龍鼎食品股份有限公司","address":"台北市中山區中山北路2段20巷15號3樓","district":"中山區","city":"臺北市","result":"檢驗","types":"新北抽驗(製造端)","grade":""}},{"type":"Feature","geometry":{"type":"Point","coordinates":[121.514107,25.064446]},"properties":{"name":"萬霖貿易有限公司","address":"台北市大同區重慶北路1段9巷2號2樓","district":"大同區","city":"臺北市","result":"檢驗","types":"新北抽驗(製造端)","grade":""}},{"type":"Feature","geometry":{"type":"Point","coordinates":[121.514148,25.064724]},"properties":{"name":"萬霖貿易有限公司","address":"台北市大同區重慶北路2段142號","district":"大同區","city":"臺北市","result":"檢驗","types":"新北抽驗(製造端)","grade":""}},{"type":"Feature","geometry":{"type":"Point","coordinates":[121.471841,25.126876]},"properties":{"name":"百菓園水果企業有限公司","address":"台北市北投區立德路150-3號B1","district":"北投區","city":"臺北市","result":"檢驗","types":"新北抽驗(販售端)","grade":""}},{"type":"Feature","geometry":{"type":"Point","coordinates":[121.469157,25.124716]},"properties":{"name":"百菓園水果企業有限公司","address":"台北市北投區立功街76號B1","district":"北投區","city":"臺北市","result":"檢驗","types":"新北抽驗(販售端)","grade":""}},{"type":"Feature","geometry":{"type":"Point","coordinates":[121.471177,25.124974]},"properties":{"name":"百菓園水果企業有限公司","address":"台北市北投區立德路15號2樓","district":"北投區","city":"臺北市","result":"檢驗","types":"新北抽驗(販售端)","grade":""}},{"type":"Feature","geometry":{"type":"Point","coordinates":[121.470719,25.126993]},"properties":{"name":"百菓園水果企業有限公司","address":"台北市北投區立德路115號3樓","district":"北投區","city":"臺北市","result":"檢驗","types":"新北抽驗(販售端)","grade":""}},{"type":"Feature","geometry":{"type":"Point","coordinates":[121.511056,25.079198]},"properties":{"name":"君城食品有限公司","address":"台北市士林區延平北路5段261號1樓","district":"士林區","city":"臺北市","result":"檢驗","types":"新北抽驗(製造端)","grade":""}},{"type":"Feature","geometry":{"type":"Point","coordinates":[121.557849,25.000833]},"properties":{"name":"君城食品有限公司","address":"台北市文山區興隆路三段111號","district":"文山區","city":"臺北市","result":"檢驗","types":"新北抽驗(製造端)","grade":""}},{"type":"Feature","geometry":{"type":"Point","coordinates":[121.52453,25.056488]},"properties":{"name":"棠素香食品有限公司","address":"台北市中山區中山北路2段116巷2之8號1樓","district":"中山區","city":"臺北市","result":"未檢驗","types":"新北抽驗(製造端)","grade":""}},{"type":"Feature","geometry":{"type":"Point","coordinates":[121.524157,25.084615]},"properties":{"name":"源進興業有限公司","address":"台北市士林區劍潭路1號","district":"士林區","city":"臺北市","result":"檢驗","types":"新北抽驗(製造端)、新北抽驗(販售端)","grade":""}},{"type":"Feature","geometry":{"type":"Point","coordinates":[121.563536,25.061651]},"properties":{"name":"源進興業有限公司","address":"台北市松山區三民路160號","district":"松山區","city":"臺北市","result":"檢驗","types":"新北抽驗(製造端)、新北抽驗(販售端)","grade":""}},{"type":"Feature","geometry":{"type":"Point","coordinates":[121.575986,25.062654]},"properties":{"name":"源進興業有限公司","address":"台北市內湖區舊宗路一段188號","district":"內湖區","city":"臺北市","result":"檢驗","types":"新北抽驗(製造端)、新北抽驗(販售端)","grade":""}},{"type":"Feature","geometry":{"type":"Point","coordinates":[121.513825,25.059022]},"properties":{"name":"源進興業有限公司","address":"台北市大同區重慶北路二段171號","district":"大同區","city":"臺北市","result":"檢驗","types":"新北抽驗(製造端)、新北抽驗(販售端)","grade":""}},{"type":"Feature","geometry":{"type":"Point","coordinates":[121.495751,25.038089]},"properties":{"name":"源進興業有限公司","address":"台北市萬華區桂林路1號","district":"萬華區","city":"臺北市","result":"檢驗","types":"新北抽驗(製造端)、新北抽驗(販售端)","grade":""}},{"type":"Feature","geometry":{"type":"Point","coordinates":[121.522781,25.105742]},"properties":{"name":"源進興業有限公司","address":"台北市士林區德行西路47號","district":"士林區","city":"臺北市","result":"檢驗","types":"新北抽驗(製造端)、新北抽驗(販售端)","grade":""}},{"type":"Feature","geometry":{"type":"Point","coordinates":[121.575362,25.060142]},"properties":{"name":"源進興業有限公司","address":"台北市內湖區民善街88號","district":"內湖區","city":"臺北市","result":"檢驗","types":"新北抽驗(製造端)、新北抽驗(販售端)","grade":""}},{"type":"Feature","geometry":{"type":"Point","coordinates":[121.515974,25.09599]},"properties":{"name":"源進興業有限公司","address":"台北市士林區士商路189號","district":"士林區","city":"臺北市","result":"檢驗","types":"新北抽驗(製造端)、新北抽驗(販售端)","grade":""}},{"type":"Feature","geometry":{"type":"Point","coordinates":[121.607496,25.052571]},"properties":{"name":"源進興業有限公司","address":"台北市南港區忠孝東路七段371號B1","district":"南港區","city":"臺北市","result":"檢驗","types":"新北抽驗(製造端)、新北抽驗(販售端)","grade":""}},{"type":"Feature","geometry":{"type":"Point","coordinates":[121.600484,25.053844]},"properties":{"name":"源進興業有限公司","address":"台北市南港區南港路二段146號B1","district":"南港區","city":"臺北市","result":"檢驗","types":"新北抽驗(製造端)、新北抽驗(販售端)","grade":""}},{"type":"Feature","geometry":{"type":"Point","coordinates":[121.561109,25.034255]},"properties":{"name":"源進興業有限公司","address":"台北市信義區基隆路一段333號9樓","district":"信義區","city":"臺北市","result":"檢驗","types":"新北抽驗(製造端)、新北抽驗(販售端)","grade":""}},{"type":"Feature","geometry":{"type":"Point","coordinates":[121.576209,25.058612]},"properties":{"name":"統一超商股份有限公司","address":"台北市內湖區新湖一路95號1樓","district":"內湖區","city":"臺北市","result":"檢驗","types":"新北抽驗(製造端)、新北抽驗(販售端)","grade":""}},{"type":"Feature","geometry":{"type":"Point","coordinates":[121.591979,25.071802]},"properties":{"name":"統一超商股份有限公司","address":"台北市內湖區成功路二段325號1樓","district":"內湖區","city":"臺北市","result":"檢驗","types":"新北抽驗(製造端)、新北抽驗(販售端)","grade":""}},{"type":"Feature","geometry":{"type":"Point","coordinates":[121.572329,25.081237]},"properties":{"name":"統一超商股份有限公司","address":"台北市內湖區內湖路一段445號1樓","district":"內湖區","city":"臺北市","result":"檢驗","types":"新北抽驗(製造端)、新北抽驗(販售端)","grade":""}},{"type":"Feature","geometry":{"type":"Point","coordinates":[121.566461,25.08006]},"properties":{"name":"統一超商股份有限公司","address":"台北市內湖區瑞光路580號","district":"內湖區","city":"臺北市","result":"檢驗","types":"新北抽驗(製造端)、新北抽驗(販售端)","grade":""}},{"type":"Feature","geometry":{"type":"Point","coordinates":[121.571239,25.084363]},"properties":{"name":"統一超商股份有限公司","address":"台北市內湖區內湖路一段411巷17號19弄1號","district":"內湖區","city":"臺北市","result":"檢驗","types":"新北抽驗(製造端)、新北抽驗(販售端)","grade":""}},{"type":"Feature","geometry":{"type":"Point","coordinates":[121.597161,25.080524]},"properties":{"name":"統一超商股份有限公司","address":"台北市內湖區星雲街17號17-1號","district":"內湖區","city":"臺北市","result":"檢驗","types":"新北抽驗(製造端)、新北抽驗(販售端)","grade":""}},{"type":"Feature","geometry":{"type":"Point","coordinates":[121.594374,25.078994]},"properties":{"name":"統一超商股份有限公司","address":"台北市內湖區康寧路一段160號","district":"內湖區","city":"臺北市","result":"檢驗","types":"新北抽驗(製造端)、新北抽驗(販售端)","grade":""}},{"type":"Feature","geometry":{"type":"Point","coordinates":[121.612382,25.06774]},"properties":{"name":"統一超商股份有限公司","address":"台北市內湖區五分街9號11號1樓","district":"內湖區","city":"臺北市","result":"檢驗","types":"新北抽驗(製造端)、新北抽驗(販售端)","grade":""}},{"type":"Feature","geometry":{"type":"Point","coordinates":[121.599432,25.088482]},"properties":{"name":"統一超商股份有限公司","address":"台北市內湖區大湖山莊街219巷6號8號1樓","district":"內湖區","city":"臺北市","result":"檢驗","types":"新北抽驗(製造端)、新北抽驗(販售端)","grade":""}},{"type":"Feature","geometry":{"type":"Point","coordinates":[121.578084,25.082041]},"properties":{"name":"統一超商股份有限公司","address":"台北市內湖區港墘路46號48號1樓","district":"內湖區","city":"臺北市","result":"檢驗","types":"新北抽驗(製造端)、新北抽驗(販售端)","grade":""}},{"type":"Feature","geometry":{"type":"Point","coordinates":[121.609843,25.068233]},"properties":{"name":"統一超商股份有限公司","address":"台北市內湖區康寧路三段63號65號67號","district":"內湖區","city":"臺北市","result":"檢驗","types":"新北抽驗(製造端)、新北抽驗(販售端)","grade":""}},{"type":"Feature","geometry":{"type":"Point","coordinates":[121.607935,25.071968]},"properties":{"name":"統一超商股份有限公司","address":"台北市內湖區康寧路三段26巷1號","district":"內湖區","city":"臺北市","result":"檢驗","types":"新北抽驗(製造端)、新北抽驗(販售端)","grade":""}},{"type":"Feature","geometry":{"type":"Point","coordinates":[121.583361,25.0787]},"properties":{"name":"統一超商股份有限公司","address":"台北市內湖區文德路99號1樓","district":"內湖區","city":"臺北市","result":"檢驗","types":"新北抽驗(製造端)、新北抽驗(販售端)","grade":""}},{"type":"Feature","geometry":{"type":"Point","coordinates":[121.617113,25.069852]},"properties":{"name":"統一超商股份有限公司","address":"台北市內湖區東湖路119巷49弄2號1樓","district":"內湖區","city":"臺北市","result":"檢驗","types":"新北抽驗(製造端)、新北抽驗(販售端)","grade":""}},{"type":"Feature","geometry":{"type":"Point","coordinates":[121.585311,25.074943]},"properties":{"name":"統一超商股份有限公司","address":"台北市內湖區紫陽里陽光街159號","district":"內湖區","city":"臺北市","result":"檢驗","types":"新北抽驗(製造端)、新北抽驗(販售端)","grade":""}},{"type":"Feature","geometry":{"type":"Point","coordinates":[121.578789,25.0798]},"properties":{"name":"統一超商股份有限公司","address":"台北市內湖區內湖路一段737巷35號","district":"內湖區","city":"臺北市","result":"檢驗","types":"新北抽驗(製造端)、新北抽驗(販售端)","grade":""}},{"type":"Feature","geometry":{"type":"Point","coordinates":[121.614811,25.073449]},"properties":{"name":"統一超商股份有限公司","address":"台北市內湖區東湖路113巷88號","district":"內湖區","city":"臺北市","result":"檢驗","types":"新北抽驗(製造端)、新北抽驗(販售端)","grade":""}},{"type":"Feature","geometry":{"type":"Point","coordinates":[121.586973,25.088377]},"properties":{"name":"統一超商股份有限公司","address":"台北市內湖區金龍路219號217巷1號1樓","district":"內湖區","city":"臺北市","result":"檢驗","types":"新北抽驗(製造端)、新北抽驗(販售端)","grade":""}},{"type":"Feature","geometry":{"type":"Point","coordinates":[121.573209,25.078816]},"properties":{"name":"統一超商股份有限公司","address":"台北市內湖區洲子街46號","district":"內湖區","city":"臺北市","result":"檢驗","types":"新北抽驗(製造端)、新北抽驗(販售端)","grade":""}},{"type":"Feature","geometry":{"type":"Point","coordinates":[121.56421,25.086572]},"properties":{"name":"統一超商股份有限公司","address":"台北市內湖區文湖街83號85號1樓","district":"內湖區","city":"臺北市","result":"檢驗","types":"新北抽驗(製造端)、新北抽驗(販售端)","grade":""}},{"type":"Feature","geometry":{"type":"Point","coordinates":[121.574777,25.083022]},"properties":{"name":"統一超商股份有限公司","address":"台北市內湖區港華街46號1樓","district":"內湖區","city":"臺北市","result":"檢驗","types":"新北抽驗(製造端)、新北抽驗(販售端)","grade":""}},{"type":"Feature","geometry":{"type":"Point","coordinates":[121.619705,25.073587]},"properties":{"name":"統一超商股份有限公司","address":"台北市內湖區康樂街125巷2號2之1號","district":"內湖區","city":"臺北市","result":"檢驗","types":"新北抽驗(製造端)、新北抽驗(販售端)","grade":""}},{"type":"Feature","geometry":{"type":"Point","coordinates":[121.575537,25.076235]},"properties":{"name":"統一超商股份有限公司","address":"台北市內湖區江南街128號","district":"內湖區","city":"臺北市","result":"檢驗","types":"新北抽驗(製造端)、新北抽驗(販售端)","grade":""}},{"type":"Feature","geometry":{"type":"Point","coordinates":[121.622085,25.075772]},"properties":{"name":"統一超商股份有限公司","address":"台北市內湖區康樂街213號","district":"內湖區","city":"臺北市","result":"檢驗","types":"新北抽驗(製造端)、新北抽驗(販售端)","grade":""}},{"type":"Feature","geometry":{"type":"Point","coordinates":[121.589696,25.081971]},"properties":{"name":"統一超商股份有限公司","address":"台北市內湖區內湖路二段249號251號","district":"內湖區","city":"臺北市","result":"檢驗","types":"新北抽驗(製造端)、新北抽驗(販售端)","grade":""}},{"type":"Feature","geometry":{"type":"Point","coordinates":[121.577614,25.065237]},"properties":{"name":"統一超商股份有限公司","address":"台北市內湖區行忠路30號","district":"內湖區","city":"臺北市","result":"檢驗","types":"新北抽驗(製造端)、新北抽驗(販售端)","grade":""}},{"type":"Feature","geometry":{"type":"Point","coordinates":[121.595021,25.079837]},"properties":{"name":"統一超商股份有限公司","address":"台北市內湖區星雲街136號","district":"內湖區","city":"臺北市","result":"檢驗","types":"新北抽驗(製造端)、新北抽驗(販售端)","grade":""}},{"type":"Feature","geometry":{"type":"Point","coordinates":[121.587362,25.088734]},"properties":{"name":"統一超商股份有限公司","address":"台北市內湖區金龍路5號1F","district":"內湖區","city":"臺北市","result":"檢驗","types":"新北抽驗(製造端)、新北抽驗(販售端)","grade":""}},{"type":"Feature","geometry":{"type":"Point","coordinates":[121.550035,25.055448]},"properties":{"name":"統一超商股份有限公司","address":"台北市松山區敦化北路199巷2弄9號1樓","district":"松山區","city":"臺北市","result":"檢驗","types":"新北抽驗(製造端)、新北抽驗(販售端)","grade":""}},{"type":"Feature","geometry":{"type":"Point","coordinates":[121.576173,25.073827]},"properties":{"name":"統一超商股份有限公司","address":"台北市內湖區瑞光路188巷51號1樓","district":"內湖區","city":"臺北市","result":"檢驗","types":"新北抽驗(製造端)、新北抽驗(販售端)","grade":""}},{"type":"Feature","geometry":{"type":"Point","coordinates":[121.575933,25.079983]},"properties":{"name":"統一超商股份有限公司","address":"台北市內湖區內湖路一段669號","district":"內湖區","city":"臺北市","result":"檢驗","types":"新北抽驗(製造端)、新北抽驗(販售端)","grade":""}},{"type":"Feature","geometry":{"type":"Point","coordinates":[121.573143,25.075464]},"properties":{"name":"統一超商股份有限公司","address":"台北市內湖區瑞光路316巷56號1樓","district":"內湖區","city":"臺北市","result":"檢驗","types":"新北抽驗(製造端)、新北抽驗(販售端)","grade":""}},{"type":"Feature","geometry":{"type":"Point","coordinates":[121.570547,25.080069]},"properties":{"name":"統一超商股份有限公司","address":"台北市內湖區洲子街102號1樓","district":"內湖區","city":"臺北市","result":"檢驗","types":"新北抽驗(製造端)、新北抽驗(販售端)","grade":""}},{"type":"Feature","geometry":{"type":"Point","coordinates":[121.604351,25.073337]},"properties":{"name":"統一超商股份有限公司","address":"台北市內湖區金湖路405號1樓","district":"內湖區","city":"臺北市","result":"檢驗","types":"新北抽驗(製造端)、新北抽驗(販售端)","grade":""}},{"type":"Feature","geometry":{"type":"Point","coordinates":[121.569105,25.07924]},"properties":{"name":"統一超商股份有限公司","address":"台北市內湖區瑞光路517號1樓","district":"內湖區","city":"臺北市","result":"檢驗","types":"新北抽驗(製造端)、新北抽驗(販售端)","grade":""}},{"type":"Feature","geometry":{"type":"Point","coordinates":[121.608786,25.075469]},"properties":{"name":"統一超商股份有限公司","address":"台北市內湖區成功路五段420巷30號","district":"內湖區","city":"臺北市","result":"檢驗","types":"新北抽驗(製造端)、新北抽驗(販售端)","grade":""}},{"type":"Feature","geometry":{"type":"Point","coordinates":[121.561497,25.084714]},"properties":{"name":"統一超商股份有限公司","address":"台北市內湖區內湖路一段91巷2號","district":"內湖區","city":"臺北市","result":"檢驗","types":"新北抽驗(製造端)、新北抽驗(販售端)","grade":""}},{"type":"Feature","geometry":{"type":"Point","coordinates":[121.593383,25.084544]},"properties":{"name":"統一超商股份有限公司","address":"台北市內湖區內湖路二段407號409號411號1樓","district":"內湖區","city":"臺北市","result":"檢驗","types":"新北抽驗(製造端)、新北抽驗(販售端)","grade":""}},{"type":"Feature","geometry":{"type":"Point","coordinates":[121.591944,25.082357]},"properties":{"name":"統一超商股份有限公司","address":"台北市內湖區成功路四段30巷27號29號31號","district":"內湖區","city":"臺北市","result":"檢驗","types":"新北抽驗(製造端)、新北抽驗(販售端)","grade":""}},{"type":"Feature","geometry":{"type":"Point","coordinates":[121.590585,25.082352]},"properties":{"name":"統一超商股份有限公司","address":"台北市內湖區內湖路二段281號.283號","district":"內湖區","city":"臺北市","result":"檢驗","types":"新北抽驗(製造端)、新北抽驗(販售端)","grade":""}},{"type":"Feature","geometry":{"type":"Point","coordinates":[121.547113,24.995786]},"properties":{"name":"統一超商股份有限公司","address":"台北市文山區興東里景華街130號1樓","district":"文山區","city":"臺北市","result":"檢驗","types":"新北抽驗(製造端)、新北抽驗(販售端)","grade":""}},{"type":"Feature","geometry":{"type":"Point","coordinates":[121.544052,24.992758]},"properties":{"name":"統一超商股份有限公司","address":"台北市文山區景中街45號1樓","district":"文山區","city":"臺北市","result":"檢驗","types":"新北抽驗(製造端)、新北抽驗(販售端)","grade":""}},{"type":"Feature","geometry":{"type":"Point","coordinates":[121.54685,24.995936]},"properties":{"name":"統一超商股份有限公司","address":"台北市文山區景興路113號115號","district":"文山區","city":"臺北市","result":"檢驗","types":"新北抽驗(製造端)、新北抽驗(販售端)","grade":""}},{"type":"Feature","geometry":{"type":"Point","coordinates":[121.53858,24.99184]},"properties":{"name":"統一超商股份有限公司","address":"台北市文山區羅斯福路六段20號22號","district":"文山區","city":"臺北市","result":"檢驗","types":"新北抽驗(製造端)、新北抽驗(販售端)","grade":""}},{"type":"Feature","geometry":{"type":"Point","coordinates":[121.555546,25.00032]},"properties":{"name":"統一超商股份有限公司","address":"台北市文山區興隆路三段42號","district":"文山區","city":"臺北市","result":"檢驗","types":"新北抽驗(製造端)、新北抽驗(販售端)","grade":""}},{"type":"Feature","geometry":{"type":"Point","coordinates":[121.570707,25.000969]},"properties":{"name":"統一超商股份有限公司","address":"台北市文山區萬安街23號、25號、27號1樓","district":"文山區","city":"臺北市","result":"檢驗","types":"新北抽驗(製造端)、新北抽驗(販售端)","grade":""}},{"type":"Feature","geometry":{"type":"Point","coordinates":[121.56966,24.987573]},"properties":{"name":"統一超商股份有限公司","address":"台北市文山區指南路一段34號36號1樓","district":"文山區","city":"臺北市","result":"檢驗","types":"新北抽驗(製造端)、新北抽驗(販售端)","grade":""}},{"type":"Feature","geometry":{"type":"Point","coordinates":[121.577299,24.987445]},"properties":{"name":"統一超商股份有限公司","address":"台北市文山區指南路二段149號","district":"文山區","city":"臺北市","result":"檢驗","types":"新北抽驗(製造端)、新北抽驗(販售端)","grade":""}},{"type":"Feature","geometry":{"type":"Point","coordinates":[121.575535,24.987792]},"properties":{"name":"統一超商股份有限公司","address":"台北市文山區指南路二段99號101號","district":"文山區","city":"臺北市","result":"檢驗","types":"新北抽驗(製造端)、新北抽驗(販售端)","grade":""}},{"type":"Feature","geometry":{"type":"Point","coordinates":[121.55028,24.98762]},"properties":{"name":"統一超商股份有限公司","address":"台北市文山區木柵路一段139號141號","district":"文山區","city":"臺北市","result":"檢驗","types":"新北抽驗(製造端)、新北抽驗(販售端)","grade":""}},{"type":"Feature","geometry":{"type":"Point","coordinates":[121.561427,24.98176]},"properties":{"name":"統一超商股份有限公司","address":"台北市文山區木新路三段147號149號","district":"文山區","city":"臺北市","result":"檢驗","types":"新北抽驗(製造端)、新北抽驗(販售端)","grade":""}},{"type":"Feature","geometry":{"type":"Point","coordinates":[121.540149,24.993374]},"properties":{"name":"統一超商股份有限公司","address":"台北市文山區景福街252號","district":"文山區","city":"臺北市","result":"檢驗","types":"新北抽驗(製造端)、新北抽驗(販售端)","grade":""}},{"type":"Feature","geometry":{"type":"Point","coordinates":[121.543901,24.99446]},"properties":{"name":"統一超商股份有限公司","address":"台北市文山區景華里景興路14號","district":"文山區","city":"臺北市","result":"檢驗","types":"新北抽驗(製造端)、新北抽驗(販售端)","grade":""}},{"type":"Feature","geometry":{"type":"Point","coordinates":[121.538647,25.002259]},"properties":{"name":"統一超商股份有限公司","address":"台北市文山區羅斯福路五段216號","district":"文山區","city":"臺北市","result":"檢驗","types":"新北抽驗(製造端)、新北抽驗(販售端)","grade":""}},{"type":"Feature","geometry":{"type":"Point","coordinates":[121.539389,25.001411]},"properties":{"name":"統一超商股份有限公司","address":"台北市文山區羅斯福路五段249號1樓","district":"文山區","city":"臺北市","result":"檢驗","types":"新北抽驗(製造端)、新北抽驗(販售端)","grade":""}},{"type":"Feature","geometry":{"type":"Point","coordinates":[121.540043,24.991527]},"properties":{"name":"統一超商股份有限公司","address":"台北市文山區羅斯福路六段270號","district":"文山區","city":"臺北市","result":"檢驗","types":"新北抽驗(製造端)、新北抽驗(販售端)","grade":""}},{"type":"Feature","geometry":{"type":"Point","coordinates":[121.537699,25.002024]},"properties":{"name":"統一超商股份有限公司","address":"台北市文山區羅斯福路五段21號1樓","district":"文山區","city":"臺北市","result":"檢驗","types":"新北抽驗(製造端)、新北抽驗(販售端)","grade":""}},{"type":"Feature","geometry":{"type":"Point","coordinates":[121.557315,24.999284]},"properties":{"name":"統一超商股份有限公司","address":"台北市文山區興隆路三段108號","district":"文山區","city":"臺北市","result":"檢驗","types":"新北抽驗(製造端)、新北抽驗(販售端)","grade":""}},{"type":"Feature","geometry":{"type":"Point","coordinates":[121.540816,24.992331]},"properties":{"name":"統一超商股份有限公司","address":"台北市文山區景行里羅斯福路六段391號","district":"文山區","city":"臺北市","result":"檢驗","types":"新北抽驗(製造端)、新北抽驗(販售端)","grade":""}},{"type":"Feature","geometry":{"type":"Point","coordinates":[121.553186,25.000117]},"properties":{"name":"統一超商股份有限公司","address":"台北市文山區興隆路二段244巷20號","district":"文山區","city":"臺北市","result":"檢驗","types":"新北抽驗(製造端)、新北抽驗(販售端)","grade":""}},{"type":"Feature","geometry":{"type":"Point","coordinates":[121.554848,25.000799]},"properties":{"name":"統一超商股份有限公司","address":"台北市文山區興光里興隆路三段173、175號","district":"文山區","city":"臺北市","result":"檢驗","types":"新北抽驗(製造端)、新北抽驗(販售端)","grade":""}},{"type":"Feature","geometry":{"type":"Point","coordinates":[121.549908,25.000987]},"properties":{"name":"統一超商股份有限公司","address":"台北市文山區興隆路二段205號207號1樓","district":"文山區","city":"臺北市","result":"檢驗","types":"新北抽驗(製造端)、新北抽驗(販售端)","grade":""}},{"type":"Feature","geometry":{"type":"Point","coordinates":[121.557849,25.000833]},"properties":{"name":"統一超商股份有限公司","address":"台北市文山區興隆路三段111號","district":"文山區","city":"臺北市","result":"檢驗","types":"新北抽驗(製造端)、新北抽驗(販售端)","grade":""}},{"type":"Feature","geometry":{"type":"Point","coordinates":[121.567321,25.001951]},"properties":{"name":"統一超商股份有限公司","address":"台北市文山區萬和街6號2樓之1","district":"文山區","city":"臺北市","result":"檢驗","types":"新北抽驗(製造端)、新北抽驗(販售端)","grade":""}},{"type":"Feature","geometry":{"type":"Point","coordinates":[121.55499,24.988046]},"properties":{"name":"統一超商股份有限公司","address":"台北市文山區木柵路一段284號286號1樓","district":"文山區","city":"臺北市","result":"檢驗","types":"新北抽驗(製造端)、新北抽驗(販售端)","grade":""}},{"type":"Feature","geometry":{"type":"Point","coordinates":[121.594316,24.96911]},"properties":{"name":"統一超商股份有限公司","address":"台北市文山區指南路三段8號10號","district":"文山區","city":"臺北市","result":"檢驗","types":"新北抽驗(製造端)、新北抽驗(販售端)","grade":""}},{"type":"Feature","geometry":{"type":"Point","coordinates":[121.576129,24.990563]},"properties":{"name":"統一超商股份有限公司","address":"台北市文山區秀明路二段8號10號","district":"文山區","city":"臺北市","result":"檢驗","types":"新北抽驗(製造端)、新北抽驗(販售端)","grade":""}},{"type":"Feature","geometry":{"type":"Point","coordinates":[121.54097,24.990312]},"properties":{"name":"統一超商股份有限公司","address":"台北市文山區景文里景文街96號98號","district":"文山區","city":"臺北市","result":"檢驗","types":"新北抽驗(製造端)、新北抽驗(販售端)","grade":""}},{"type":"Feature","geometry":{"type":"Point","coordinates":[121.506899,25.046512]},"properties":{"name":"統一超商股份有限公司","address":"台北市萬華區西寧南路16號","district":"萬華區","city":"臺北市","result":"檢驗","types":"新北抽驗(製造端)、新北抽驗(販售端)","grade":""}},{"type":"Feature","geometry":{"type":"Point","coordinates":[121.518741,25.10895]},"properties":{"name":"統一超商股份有限公司","address":"台北市北投區明德路87號89號1樓","district":"北投區","city":"臺北市","result":"檢驗","types":"新北抽驗(製造端)、新北抽驗(販售端)","grade":""}},{"type":"Feature","geometry":{"type":"Point","coordinates":[121.499523,25.134904]},"properties":{"name":"統一超商股份有限公司","address":"台北市北投區中央北路一段108號","district":"北投區","city":"臺北市","result":"檢驗","types":"新北抽驗(製造端)、新北抽驗(販售端)","grade":""}},{"type":"Feature","geometry":{"type":"Point","coordinates":[121.519677,25.114094]},"properties":{"name":"統一超商股份有限公司","address":"台北市北投區懷德街85號1樓","district":"北投區","city":"臺北市","result":"檢驗","types":"新北抽驗(製造端)、新北抽驗(販售端)","grade":""}},{"type":"Feature","geometry":{"type":"Point","coordinates":[121.506777,25.117512]},"properties":{"name":"統一超商股份有限公司","address":"台北市北投區尊賢街247號247號之1號1樓","district":"北投區","city":"臺北市","result":"檢驗","types":"新北抽驗(製造端)、新北抽驗(販售端)","grade":""}},{"type":"Feature","geometry":{"type":"Point","coordinates":[121.500658,25.137107]},"properties":{"name":"統一超商股份有限公司","address":"台北市北投區中庸里大業路715-717號","district":"北投區","city":"臺北市","result":"檢驗","types":"新北抽驗(製造端)、新北抽驗(販售端)","grade":""}},{"type":"Feature","geometry":{"type":"Point","coordinates":[121.514606,25.110551]},"properties":{"name":"統一超商股份有限公司","address":"台北市北投區自強街82號","district":"北投區","city":"臺北市","result":"檢驗","types":"新北抽驗(製造端)、新北抽驗(販售端)","grade":""}},{"type":"Feature","geometry":{"type":"Point","coordinates":[121.535863,25.111538]},"properties":{"name":"統一超商股份有限公司","address":"台北市北投區溫泉路70號","district":"北投區","city":"臺北市","result":"檢驗","types":"新北抽驗(製造端)、新北抽驗(販售端)","grade":""}},{"type":"Feature","geometry":{"type":"Point","coordinates":[121.506731,25.139972]},"properties":{"name":"統一超商股份有限公司","address":"台北市北投區泉源路30號地下一樓","district":"北投區","city":"臺北市","result":"檢驗","types":"新北抽驗(製造端)、新北抽驗(販售端)","grade":""}},{"type":"Feature","geometry":{"type":"Point","coordinates":[121.517639,25.105638]},"properties":{"name":"統一超商股份有限公司","address":"台北市北投區文林北路98號100號","district":"北投區","city":"臺北市","result":"檢驗","types":"新北抽驗(製造端)、新北抽驗(販售端)","grade":""}},{"type":"Feature","geometry":{"type":"Point","coordinates":[121.49567,25.136348]},"properties":{"name":"統一超商股份有限公司","address":"台北市北投區中央北路二段15號17號","district":"北投區","city":"臺北市","result":"檢驗","types":"新北抽驗(製造端)、新北抽驗(販售端)","grade":""}},{"type":"Feature","geometry":{"type":"Point","coordinates":[121.512512,25.114054]},"properties":{"name":"統一超商股份有限公司","address":"台北市北投區石牌路一段126號","district":"北投區","city":"臺北市","result":"檢驗","types":"新北抽驗(製造端)、新北抽驗(販售端)","grade":""}},{"type":"Feature","geometry":{"type":"Point","coordinates":[121.467459,25.121518]},"properties":{"name":"統一超商股份有限公司","address":"台北市北投區知行路282號284號1樓","district":"北投區","city":"臺北市","result":"檢驗","types":"新北抽驗(製造端)、新北抽驗(販售端)","grade":""}},{"type":"Feature","geometry":{"type":"Point","coordinates":[121.516356,25.117056]},"properties":{"name":"統一超商股份有限公司","address":"台北市北投區石牌路二段80號82號","district":"北投區","city":"臺北市","result":"檢驗","types":"新北抽驗(製造端)、新北抽驗(販售端)","grade":""}},{"type":"Feature","geometry":{"type":"Point","coordinates":[121.523114,25.116369]},"properties":{"name":"統一超商股份有限公司","address":"台北市北投區振興街45號B1","district":"北投區","city":"臺北市","result":"檢驗","types":"新北抽驗(製造端)、新北抽驗(販售端)","grade":""}},{"type":"Feature","geometry":{"type":"Point","coordinates":[121.547461,25.152534]},"properties":{"name":"統一超商股份有限公司","address":"台北市北投區湖山路一段12號","district":"北投區","city":"臺北市","result":"檢驗","types":"新北抽驗(製造端)、新北抽驗(販售端)","grade":""}},{"type":"Feature","geometry":{"type":"Point","coordinates":[121.5068,25.129199]},"properties":{"name":"統一超商股份有限公司","address":"台北市北投區公館路165號1樓.165-1號B1","district":"北投區","city":"臺北市","result":"檢驗","types":"新北抽驗(製造端)、新北抽驗(販售端)","grade":""}},{"type":"Feature","geometry":{"type":"Point","coordinates":[121.513657,25.111927]},"properties":{"name":"統一超商股份有限公司","address":"台北市北投區致遠一路二段49號51號1樓","district":"北投區","city":"臺北市","result":"檢驗","types":"新北抽驗(製造端)、新北抽驗(販售端)","grade":""}},{"type":"Feature","geometry":{"type":"Point","coordinates":[121.508119,25.114927]},"properties":{"name":"統一超商股份有限公司","address":"台北市北投區實踐街22號24號","district":"北投區","city":"臺北市","result":"檢驗","types":"新北抽驗(製造端)、新北抽驗(販售端)","grade":""}},{"type":"Feature","geometry":{"type":"Point","coordinates":[121.522795,25.121377]},"properties":{"name":"統一超商股份有限公司","address":"台北市北投區石牌路二段301號","district":"北投區","city":"臺北市","result":"檢驗","types":"新北抽驗(製造端)、新北抽驗(販售端)","grade":""}},{"type":"Feature","geometry":{"type":"Point","coordinates":[121.552902,25.050852]},"properties":{"name":"統一超商股份有限公司","address":"台北市松山區北寧路66號","district":"松山區","city":"臺北市","result":"檢驗","types":"新北抽驗(製造端)、新北抽驗(販售端)","grade":""}},{"type":"Feature","geometry":{"type":"Point","coordinates":[121.552754,25.048313]},"properties":{"name":"統一超商股份有限公司","address":"台北市松山區八德路三段27號","district":"松山區","city":"臺北市","result":"檢驗","types":"新北抽驗(製造端)、新北抽驗(販售端)","grade":""}},{"type":"Feature","geometry":{"type":"Point","coordinates":[121.554966,25.048908]},"properties":{"name":"統一超商股份有限公司","address":"台北市松山區寧安街3巷11號1樓","district":"松山區","city":"臺北市","result":"檢驗","types":"新北抽驗(製造端)、新北抽驗(販售端)","grade":""}},{"type":"Feature","geometry":{"type":"Point","coordinates":[121.566041,25.062081]},"properties":{"name":"統一超商股份有限公司","address":"台北市松山區新東街60巷16號18號1樓","district":"松山區","city":"臺北市","result":"檢驗","types":"新北抽驗(製造端)、新北抽驗(販售端)","grade":""}},{"type":"Feature","geometry":{"type":"Point","coordinates":[121.57797,25.051206]},"properties":{"name":"統一超商股份有限公司","address":"台北市松山區慈祐里八德路四段767號769號","district":"松山區","city":"臺北市","result":"檢驗","types":"新北抽驗(製造端)、新北抽驗(販售端)","grade":""}},{"type":"Feature","geometry":{"type":"Point","coordinates":[121.550366,25.058357]},"properties":{"name":"統一超商股份有限公司","address":"台北市松山區民生東路四段55巷10號","district":"松山區","city":"臺北市","result":"檢驗","types":"新北抽驗(製造端)、新北抽驗(販售端)","grade":""}},{"type":"Feature","geometry":{"type":"Point","coordinates":[121.561617,25.051691]},"properties":{"name":"統一超商股份有限公司","address":"台北市松山區南京東路五段139之4及139之8號","district":"松山區","city":"臺北市","result":"檢驗","types":"新北抽驗(製造端)、新北抽驗(販售端)","grade":""}},{"type":"Feature","geometry":{"type":"Point","coordinates":[121.56672,25.0575]},"properties":{"name":"統一超商股份有限公司","address":"台北市松山區新東街15巷1號","district":"松山區","city":"臺北市","result":"檢驗","types":"新北抽驗(製造端)、新北抽驗(販售端)","grade":""}},{"type":"Feature","geometry":{"type":"Point","coordinates":[121.556443,25.056223]},"properties":{"name":"統一超商股份有限公司","address":"台北市松山區延壽街422號","district":"松山區","city":"臺北市","result":"檢驗","types":"新北抽驗(製造端)、新北抽驗(販售端)","grade":""}},{"type":"Feature","geometry":{"type":"Point","coordinates":[121.553757,25.044725]},"properties":{"name":"統一超商股份有限公司","address":"台北市松山區延吉街27-1號1樓","district":"松山區","city":"臺北市","result":"檢驗","types":"新北抽驗(製造端)、新北抽驗(販售端)","grade":""}},{"type":"Feature","geometry":{"type":"Point","coordinates":[121.5463,25.045801]},"properties":{"name":"統一超商股份有限公司","address":"台北市松山區八德路二段366巷7號1樓","district":"松山區","city":"臺北市","result":"檢驗","types":"新北抽驗(製造端)、新北抽驗(販售端)","grade":""}},{"type":"Feature","geometry":{"type":"Point","coordinates":[121.550395,25.061297]},"properties":{"name":"統一超商股份有限公司","address":"台北市松山區敦化北路340-9號","district":"松山區","city":"臺北市","result":"檢驗","types":"新北抽驗(製造端)、新北抽驗(販售端)","grade":""}},{"type":"Feature","geometry":{"type":"Point","coordinates":[121.562991,25.057722]},"properties":{"name":"統一超商股份有限公司","address":"台北市松山區三民路10號","district":"松山區","city":"臺北市","result":"檢驗","types":"新北抽驗(製造端)、新北抽驗(販售端)","grade":""}},{"type":"Feature","geometry":{"type":"Point","coordinates":[121.571613,25.050693]},"properties":{"name":"統一超商股份有限公司","address":"台北市松山區塔悠路31號33號","district":"松山區","city":"臺北市","result":"檢驗","types":"新北抽驗(製造端)、新北抽驗(販售端)","grade":""}},{"type":"Feature","geometry":{"type":"Point","coordinates":[121.568097,25.059814]},"properties":{"name":"統一超商股份有限公司","address":"台北市松山區撫遠街197號199號","district":"松山區","city":"臺北市","result":"檢驗","types":"新北抽驗(製造端)、新北抽驗(販售端)","grade":""}},{"type":"Feature","geometry":{"type":"Point","coordinates":[121.560534,25.0568]},"properties":{"name":"統一超商股份有限公司","address":"台北市松山區延壽街323號","district":"松山區","city":"臺北市","result":"檢驗","types":"新北抽驗(製造端)、新北抽驗(販售端)","grade":""}},{"type":"Feature","geometry":{"type":"Point","coordinates":[121.568641,25.051182]},"properties":{"name":"統一超商股份有限公司","address":"台北市松山區南京東路五段334號336號1樓","district":"松山區","city":"臺北市","result":"檢驗","types":"新北抽驗(製造端)、新北抽驗(販售端)","grade":""}},{"type":"Feature","geometry":{"type":"Point","coordinates":[121.546953,25.04831]},"properties":{"name":"統一超商股份有限公司","address":"台北市松山區八德路二段439號","district":"松山區","city":"臺北市","result":"檢驗","types":"新北抽驗(製造端)、新北抽驗(販售端)","grade":""}},{"type":"Feature","geometry":{"type":"Point","coordinates":[121.544097,25.05111]},"properties":{"name":"統一超商股份有限公司","address":"台北市松山區復興北路35號","district":"松山區","city":"臺北市","result":"檢驗","types":"新北抽驗(製造端)、新北抽驗(販售端)","grade":""}},{"type":"Feature","geometry":{"type":"Point","coordinates":[121.548239,25.056304]},"properties":{"name":"統一超商股份有限公司","address":"台北市松山區敦化北路168號B2","district":"松山區","city":"臺北市","result":"檢驗","types":"新北抽驗(製造端)、新北抽驗(販售端)","grade":""}},{"type":"Feature","geometry":{"type":"Point","coordinates":[121.547874,25.060815]},"properties":{"name":"統一超商股份有限公司","address":"台北市松山區民權東路三段160巷9號1樓","district":"松山區","city":"臺北市","result":"檢驗","types":"新北抽驗(製造端)、新北抽驗(販售端)","grade":""}},{"type":"Feature","geometry":{"type":"Point","coordinates":[121.552813,25.054602]},"properties":{"name":"統一超商股份有限公司","address":"台北市松山區健康路11號","district":"松山區","city":"臺北市","result":"檢驗","types":"新北抽驗(製造端)、新北抽驗(販售端)","grade":""}},{"type":"Feature","geometry":{"type":"Point","coordinates":[121.576664,25.049877]},"properties":{"name":"統一超商股份有限公司","address":"台北市松山區八德路四段686號","district":"松山區","city":"臺北市","result":"檢驗","types":"新北抽驗(製造端)、新北抽驗(販售端)","grade":""}},{"type":"Feature","geometry":{"type":"Point","coordinates":[121.576576,25.050206]},"properties":{"name":"統一超商股份有限公司","address":"台北市松山區八德路四段697號1樓","district":"松山區","city":"臺北市","result":"檢驗","types":"新北抽驗(製造端)、新北抽驗(販售端)","grade":""}},{"type":"Feature","geometry":{"type":"Point","coordinates":[121.560954,25.050953]},"properties":{"name":"統一超商股份有限公司","address":"台北市松山區南京東路五段66巷3弄1號1樓","district":"松山區","city":"臺北市","result":"檢驗","types":"新北抽驗(製造端)、新北抽驗(販售端)","grade":""}},{"type":"Feature","geometry":{"type":"Point","coordinates":[121.561114,25.053862]},"properties":{"name":"統一超商股份有限公司","address":"台北市松山區健康路224號","district":"松山區","city":"臺北市","result":"檢驗","types":"新北抽驗(製造端)、新北抽驗(販售端)","grade":""}},{"type":"Feature","geometry":{"type":"Point","coordinates":[121.560303,25.058449]},"properties":{"name":"統一超商股份有限公司","address":"台北市松山區民生東路五段100號","district":"松山區","city":"臺北市","result":"檢驗","types":"新北抽驗(製造端)、新北抽驗(販售端)","grade":""}},{"type":"Feature","geometry":{"type":"Point","coordinates":[121.559549,25.049599]},"properties":{"name":"統一超商股份有限公司","address":"台北市松山區光復北路11巷44號","district":"松山區","city":"臺北市","result":"檢驗","types":"新北抽驗(製造端)、新北抽驗(販售端)","grade":""}},{"type":"Feature","geometry":{"type":"Point","coordinates":[121.561649,25.057899]},"properties":{"name":"統一超商股份有限公司","address":"台北市松山區三民路115號","district":"松山區","city":"臺北市","result":"檢驗","types":"新北抽驗(製造端)、新北抽驗(販售端)","grade":""}},{"type":"Feature","geometry":{"type":"Point","coordinates":[121.564371,25.050569]},"properties":{"name":"統一超商股份有限公司","address":"台北市松山區八德路四段245巷35號","district":"松山區","city":"臺北市","result":"檢驗","types":"新北抽驗(製造端)、新北抽驗(販售端)","grade":""}},{"type":"Feature","geometry":{"type":"Point","coordinates":[121.54928,25.047077]},"properties":{"name":"統一超商股份有限公司","address":"台北市松山區敦化南路一段5號1樓","district":"松山區","city":"臺北市","result":"檢驗","types":"新北抽驗(製造端)、新北抽驗(販售端)","grade":""}},{"type":"Feature","geometry":{"type":"Point","coordinates":[121.54712,25.062801]},"properties":{"name":"統一超商股份有限公司","address":"台北市松山區民權東路三段108號","district":"松山區","city":"臺北市","result":"檢驗","types":"新北抽驗(製造端)、新北抽驗(販售端)","grade":""}},{"type":"Feature","geometry":{"type":"Point","coordinates":[121.549349,25.054042]},"properties":{"name":"統一超商股份有限公司","address":"台北市松山區敦化北路149號1樓","district":"松山區","city":"臺北市","result":"檢驗","types":"新北抽驗(製造端)、新北抽驗(販售端)","grade":""}},{"type":"Feature","geometry":{"type":"Point","coordinates":[121.544304,25.054336]},"properties":{"name":"統一超商股份有限公司","address":"台北市松山區復興北路179號","district":"松山區","city":"臺北市","result":"檢驗","types":"新北抽驗(製造端)、新北抽驗(販售端)","grade":""}},{"type":"Feature","geometry":{"type":"Point","coordinates":[121.566356,25.049198]},"properties":{"name":"統一超商股份有限公司","address":"台北市松山區八德路四段295號297號1樓","district":"松山區","city":"臺北市","result":"檢驗","types":"新北抽驗(製造端)、新北抽驗(販售端)","grade":""}},{"type":"Feature","geometry":{"type":"Point","coordinates":[121.546263,25.05906]},"properties":{"name":"統一超商股份有限公司","address":"台北市松山區復興北路313巷25號","district":"松山區","city":"臺北市","result":"檢驗","types":"新北抽驗(製造端)、新北抽驗(販售端)","grade":""}},{"type":"Feature","geometry":{"type":"Point","coordinates":[121.566797,25.038814]},"properties":{"name":"統一超商股份有限公司","address":"台北市信義區松高路12號B1樓","district":"信義區","city":"臺北市","result":"檢驗","types":"新北抽驗(製造端)、新北抽驗(販售端)","grade":""}},{"type":"Feature","geometry":{"type":"Point","coordinates":[121.5535,25.048216]},"properties":{"name":"統一超商股份有限公司","address":"台北市松山區八德路三段20-2號","district":"松山區","city":"臺北市","result":"檢驗","types":"新北抽驗(製造端)、新北抽驗(販售端)","grade":""}},{"type":"Feature","geometry":{"type":"Point","coordinates":[121.566259,25.057191]},"properties":{"name":"統一超商股份有限公司","address":"台北市松山區延壽街99號1樓","district":"松山區","city":"臺北市","result":"檢驗","types":"新北抽驗(製造端)、新北抽驗(販售端)","grade":""}},{"type":"Feature","geometry":{"type":"Point","coordinates":[121.565714,25.048594]},"properties":{"name":"統一超商股份有限公司","address":"台北市松山區東興路13-1號1樓15巷3號1樓","district":"松山區","city":"臺北市","result":"檢驗","types":"新北抽驗(製造端)、新北抽驗(販售端)","grade":""}},{"type":"Feature","geometry":{"type":"Point","coordinates":[121.544088,25.045616]},"properties":{"name":"統一超商股份有限公司","address":"台北市松山區復興南路一段43號1樓","district":"松山區","city":"臺北市","result":"檢驗","types":"新北抽驗(製造端)、新北抽驗(販售端)","grade":""}},{"type":"Feature","geometry":{"type":"Point","coordinates":[121.5658,25.059878]},"properties":{"name":"統一超商股份有限公司","address":"台北市松山區新東街41-7號","district":"松山區","city":"臺北市","result":"檢驗","types":"新北抽驗(製造端)、新北抽驗(販售端)","grade":""}},{"type":"Feature","geometry":{"type":"Point","coordinates":[121.56775,25.052725]},"properties":{"name":"統一超商股份有限公司","address":"台北市松山區寶清街34號1樓","district":"松山區","city":"臺北市","result":"檢驗","types":"新北抽驗(製造端)、新北抽驗(販售端)","grade":""}},{"type":"Feature","geometry":{"type":"Point","coordinates":[121.549211,25.05347]},"properties":{"name":"統一超商股份有限公司","address":"台北市松山區敦化北路100號1樓","district":"松山區","city":"臺北市","result":"檢驗","types":"新北抽驗(製造端)、新北抽驗(販售端)","grade":""}},{"type":"Feature","geometry":{"type":"Point","coordinates":[121.556421,25.047939]},"properties":{"name":"統一超商股份有限公司","address":"台北市松山區八德路三段200號202號1樓","district":"松山區","city":"臺北市","result":"檢驗","types":"新北抽驗(製造端)、新北抽驗(販售端)","grade":""}},{"type":"Feature","geometry":{"type":"Point","coordinates":[121.577252,25.044668]},"properties":{"name":"統一超商股份有限公司","address":"台北市信義區虎林街85號","district":"信義區","city":"臺北市","result":"檢驗","types":"新北抽驗(製造端)、新北抽驗(販售端)","grade":""}},{"type":"Feature","geometry":{"type":"Point","coordinates":[121.568855,25.022107]},"properties":{"name":"統一超商股份有限公司","address":"台北市信義區惠安里吳興街520號1樓","district":"信義區","city":"臺北市","result":"檢驗","types":"新北抽驗(製造端)、新北抽驗(販售端)","grade":""}},{"type":"Feature","geometry":{"type":"Point","coordinates":[121.56146,25.029019]},"properties":{"name":"統一超商股份有限公司","address":"台北市信義區吳興街156巷2弄2號4號1樓","district":"信義區","city":"臺北市","result":"檢驗","types":"新北抽驗(製造端)、新北抽驗(販售端)","grade":""}},{"type":"Feature","geometry":{"type":"Point","coordinates":[121.568951,25.045528]},"properties":{"name":"統一超商股份有限公司","address":"台北市信義區永吉路32號34號","district":"信義區","city":"臺北市","result":"檢驗","types":"新北抽驗(製造端)、新北抽驗(販售端)","grade":""}},{"type":"Feature","geometry":{"type":"Point","coordinates":[121.574118,25.040746]},"properties":{"name":"統一超商股份有限公司","address":"台北市信義區忠孝東路五段386號","district":"信義區","city":"臺北市","result":"檢驗","types":"新北抽驗(製造端)、新北抽驗(販售端)","grade":""}},{"type":"Feature","geometry":{"type":"Point","coordinates":[121.563279,25.043174]},"properties":{"name":"統一超商股份有限公司","address":"台北市信義區忠孝東路四段559巷6號","district":"信義區","city":"臺北市","result":"檢驗","types":"新北抽驗(製造端)、新北抽驗(販售端)","grade":""}},{"type":"Feature","geometry":{"type":"Point","coordinates":[121.563635,25.026639]},"properties":{"name":"統一超商股份有限公司","address":"台北市信義區吳興街252號","district":"信義區","city":"臺北市","result":"檢驗","types":"新北抽驗(製造端)、新北抽驗(販售端)","grade":""}},{"type":"Feature","geometry":{"type":"Point","coordinates":[121.578524,25.035824]},"properties":{"name":"統一超商股份有限公司","address":"台北市信義區松山路608號610號","district":"信義區","city":"臺北市","result":"檢驗","types":"新北抽驗(製造端)、新北抽驗(販售端)","grade":""}},{"type":"Feature","geometry":{"type":"Point","coordinates":[121.577392,25.047274]},"properties":{"name":"統一超商股份有限公司","address":"台北市信義區松山路136號138號","district":"信義區","city":"臺北市","result":"檢驗","types":"新北抽驗(製造端)、新北抽驗(販售端)","grade":""}},{"type":"Feature","geometry":{"type":"Point","coordinates":[121.563541,25.024522]},"properties":{"name":"統一超商股份有限公司","address":"台北市信義區吳興街284巷18弄2號","district":"信義區","city":"臺北市","result":"檢驗","types":"新北抽驗(製造端)、新北抽驗(販售端)","grade":""}},{"type":"Feature","geometry":{"type":"Point","coordinates":[121.566637,25.047458]},"properties":{"name":"統一超商股份有限公司","address":"台北市信義區新仁里東興路57號","district":"信義區","city":"臺北市","result":"檢驗","types":"新北抽驗(製造端)、新北抽驗(販售端)","grade":""}},{"type":"Feature","geometry":{"type":"Point","coordinates":[121.571877,25.043684]},"properties":{"name":"統一超商股份有限公司","address":"台北市信義區松信路148號1樓","district":"信義區","city":"臺北市","result":"檢驗","types":"新北抽驗(製造端)、新北抽驗(販售端)","grade":""}},{"type":"Feature","geometry":{"type":"Point","coordinates":[121.555616,25.024029]},"properties":{"name":"統一超商股份有限公司","address":"台北市信義區崇德街104號106號1樓","district":"信義區","city":"臺北市","result":"檢驗","types":"新北抽驗(製造端)、新北抽驗(販售端)","grade":""}},{"type":"Feature","geometry":{"type":"Point","coordinates":[121.575421,25.033114]},"properties":{"name":"統一超商股份有限公司","address":"台北市信義區信義路六段21號23號1樓","district":"信義區","city":"臺北市","result":"檢驗","types":"新北抽驗(製造端)、新北抽驗(販售端)","grade":""}},{"type":"Feature","geometry":{"type":"Point","coordinates":[121.56515,25.040867]},"properties":{"name":"統一超商股份有限公司","address":"台北市信義區忠孝東路五段6號1樓","district":"信義區","city":"臺北市","result":"檢驗","types":"新北抽驗(製造端)、新北抽驗(販售端)","grade":""}},{"type":"Feature","geometry":{"type":"Point","coordinates":[121.571861,25.038447]},"properties":{"name":"統一超商股份有限公司","address":"台北市信義區忠孝東路五段236巷6-3號8號1樓","district":"信義區","city":"臺北市","result":"檢驗","types":"新北抽驗(製造端)、新北抽驗(販售端)","grade":""}},{"type":"Feature","geometry":{"type":"Point","coordinates":[121.559424,25.030621]},"properties":{"name":"統一超商股份有限公司","address":"台北市信義區基隆路二段22號","district":"信義區","city":"臺北市","result":"檢驗","types":"新北抽驗(製造端)、新北抽驗(販售端)","grade":""}},{"type":"Feature","geometry":{"type":"Point","coordinates":[121.574762,25.03288]},"properties":{"name":"統一超商股份有限公司","address":"台北市信義區松德路271號","district":"信義區","city":"臺北市","result":"檢驗","types":"新北抽驗(製造端)、新北抽驗(販售端)","grade":""}},{"type":"Feature","geometry":{"type":"Point","coordinates":[121.56113,25.031108]},"properties":{"name":"統一超商股份有限公司","address":"台北市信義區景新里莊敬路178巷2號","district":"信義區","city":"臺北市","result":"檢驗","types":"新北抽驗(製造端)、新北抽驗(販售端)","grade":""}},{"type":"Feature","geometry":{"type":"Point","coordinates":[121.583339,25.037691]},"properties":{"name":"統一超商股份有限公司","address":"台北市信義區福德街159號161號1樓","district":"信義區","city":"臺北市","result":"檢驗","types":"新北抽驗(製造端)、新北抽驗(販售端)","grade":""}},{"type":"Feature","geometry":{"type":"Point","coordinates":[121.557398,25.026292]},"properties":{"name":"統一超商股份有限公司","address":"台北市信義區嘉興街181巷21號","district":"信義區","city":"臺北市","result":"檢驗","types":"新北抽驗(製造端)、新北抽驗(販售端)","grade":""}},{"type":"Feature","geometry":{"type":"Point","coordinates":[121.565841,25.042984]},"properties":{"name":"統一超商股份有限公司","address":"台北市信義區基隆路一段141號1樓","district":"信義區","city":"臺北市","result":"檢驗","types":"新北抽驗(製造端)、新北抽驗(販售端)","grade":""}},{"type":"Feature","geometry":{"type":"Point","coordinates":[121.566337,25.025832]},"properties":{"name":"統一超商股份有限公司","address":"台北市信義區吳興街346號348號","district":"信義區","city":"臺北市","result":"檢驗","types":"新北抽驗(製造端)、新北抽驗(販售端)","grade":""}},{"type":"Feature","geometry":{"type":"Point","coordinates":[121.570468,25.022866]},"properties":{"name":"統一超商股份有限公司","address":"台北市信義區松仁路91-1號1樓","district":"信義區","city":"臺北市","result":"檢驗","types":"新北抽驗(製造端)、新北抽驗(販售端)","grade":""}},{"type":"Feature","geometry":{"type":"Point","coordinates":[121.572289,25.046744]},"properties":{"name":"統一超商股份有限公司","address":"台北市信義區松隆路192號194號1樓","district":"信義區","city":"臺北市","result":"檢驗","types":"新北抽驗(製造端)、新北抽驗(販售端)","grade":""}},{"type":"Feature","geometry":{"type":"Point","coordinates":[121.563106,25.040182]},"properties":{"name":"統一超商股份有限公司","address":"台北市信義區逸仙路42巷25號1樓","district":"信義區","city":"臺北市","result":"檢驗","types":"新北抽驗(製造端)、新北抽驗(販售端)","grade":""}},{"type":"Feature","geometry":{"type":"Point","coordinates":[121.575257,25.041288]},"properties":{"name":"統一超商股份有限公司","address":"台北市信義區忠孝東路五段1之6號","district":"信義區","city":"臺北市","result":"檢驗","types":"新北抽驗(製造端)、新北抽驗(販售端)","grade":""}},{"type":"Feature","geometry":{"type":"Point","coordinates":[121.558941,25.018614]},"properties":{"name":"統一超商股份有限公司","address":"台北市信義區和平東路三段461號461之1號1樓","district":"信義區","city":"臺北市","result":"檢驗","types":"新北抽驗(製造端)、新北抽驗(販售端)","grade":""}},{"type":"Feature","geometry":{"type":"Point","coordinates":[121.55831,25.036521]},"properties":{"name":"統一超商股份有限公司","address":"台北市信義區正和里光復南路419巷41號","district":"信義區","city":"臺北市","result":"檢驗","types":"新北抽驗(製造端)、新北抽驗(販售端)","grade":""}},{"type":"Feature","geometry":{"type":"Point","coordinates":[121.568876,25.043478]},"properties":{"name":"統一超商股份有限公司","address":"台北市信義區永吉路30巷103號","district":"信義區","city":"臺北市","result":"檢驗","types":"新北抽驗(製造端)、新北抽驗(販售端)","grade":""}},{"type":"Feature","geometry":{"type":"Point","coordinates":[121.576846,25.040681]},"properties":{"name":"統一超商股份有限公司","address":"台北市信義區忠孝東路五段470號1樓","district":"信義區","city":"臺北市","result":"檢驗","types":"新北抽驗(製造端)、新北抽驗(販售端)","grade":""}},{"type":"Feature","geometry":{"type":"Point","coordinates":[121.579465,25.03826]},"properties":{"name":"統一超商股份有限公司","address":"台北市信義區林口街48號","district":"信義區","city":"臺北市","result":"檢驗","types":"新北抽驗(製造端)、新北抽驗(販售端)","grade":""}},{"type":"Feature","geometry":{"type":"Point","coordinates":[121.569566,25.023435]},"properties":{"name":"統一超商股份有限公司","address":"台北市信義區吳興街486號488號1樓","district":"信義區","city":"臺北市","result":"檢驗","types":"新北抽驗(製造端)、新北抽驗(販售端)","grade":""}},{"type":"Feature","geometry":{"type":"Point","coordinates":[121.577168,25.037221]},"properties":{"name":"統一超商股份有限公司","address":"台北市信義區虎林街222巷7號9號1樓","district":"信義區","city":"臺北市","result":"檢驗","types":"新北抽驗(製造端)、新北抽驗(販售端)","grade":""}},{"type":"Feature","geometry":{"type":"Point","coordinates":[121.579464,25.041261]},"properties":{"name":"統一超商股份有限公司","address":"台北市信義區忠孝東路五段524巷1弄1號","district":"信義區","city":"臺北市","result":"檢驗","types":"新北抽驗(製造端)、新北抽驗(販售端)","grade":""}},{"type":"Feature","geometry":{"type":"Point","coordinates":[121.560064,25.034257]},"properties":{"name":"統一超商股份有限公司","address":"台北市信義區基隆路一段398號1樓","district":"信義區","city":"臺北市","result":"檢驗","types":"新北抽驗(製造端)、新北抽驗(販售端)","grade":""}},{"type":"Feature","geometry":{"type":"Point","coordinates":[121.563774,25.027102]},"properties":{"name":"統一超商股份有限公司","address":"台北市信義區吳興街257號259號","district":"信義區","city":"臺北市","result":"檢驗","types":"新北抽驗(製造端)、新北抽驗(販售端)","grade":""}},{"type":"Feature","geometry":{"type":"Point","coordinates":[121.573781,25.034854]},"properties":{"name":"統一超商股份有限公司","address":"台北市信義區松德路200巷10號","district":"信義區","city":"臺北市","result":"檢驗","types":"新北抽驗(製造端)、新北抽驗(販售端)","grade":""}},{"type":"Feature","geometry":{"type":"Point","coordinates":[121.577816,25.039568]},"properties":{"name":"統一超商股份有限公司","address":"台北市信義區松山路455號","district":"信義區","city":"臺北市","result":"檢驗","types":"新北抽驗(製造端)、新北抽驗(販售端)","grade":""}},{"type":"Feature","geometry":{"type":"Point","coordinates":[121.554375,25.025776]},"properties":{"name":"統一超商股份有限公司","address":"台北市信義區基隆路二段155號1樓","district":"信義區","city":"臺北市","result":"檢驗","types":"新北抽驗(製造端)、新北抽驗(販售端)","grade":""}},{"type":"Feature","geometry":{"type":"Point","coordinates":[121.564962,25.042395]},"properties":{"name":"統一超商股份有限公司","address":"台北市信義區基隆路一段178號180號1樓","district":"信義區","city":"臺北市","result":"檢驗","types":"新北抽驗(製造端)、新北抽驗(販售端)","grade":""}},{"type":"Feature","geometry":{"type":"Point","coordinates":[121.561109,25.034255]},"properties":{"name":"統一超商股份有限公司","address":"台北市信義區基隆路一段333號B3","district":"信義區","city":"臺北市","result":"檢驗","types":"新北抽驗(製造端)、新北抽驗(販售端)","grade":""}},{"type":"Feature","geometry":{"type":"Point","coordinates":[121.56663,25.04694]},"properties":{"name":"統一超商股份有限公司","address":"台北市信義區東興路67號1樓","district":"信義區","city":"臺北市","result":"檢驗","types":"新北抽驗(製造端)、新北抽驗(販售端)","grade":""}},{"type":"Feature","geometry":{"type":"Point","coordinates":[121.557666,25.033723]},"properties":{"name":"統一超商股份有限公司","address":"台北市信義區光復南路471號","district":"信義區","city":"臺北市","result":"檢驗","types":"新北抽驗(製造端)、新北抽驗(販售端)","grade":""}},{"type":"Feature","geometry":{"type":"Point","coordinates":[121.575237,25.037482]},"properties":{"name":"統一超商股份有限公司","address":"台北市信義區松德路127號129號1樓","district":"信義區","city":"臺北市","result":"檢驗","types":"新北抽驗(製造端)、新北抽驗(販售端)","grade":""}},{"type":"Feature","geometry":{"type":"Point","coordinates":[121.574152,25.044142]},"properties":{"name":"統一超商股份有限公司","address":"台北市信義區永吉路278巷58弄2號","district":"信義區","city":"臺北市","result":"檢驗","types":"新北抽驗(製造端)、新北抽驗(販售端)","grade":""}},{"type":"Feature","geometry":{"type":"Point","coordinates":[121.568509,25.026838]},"properties":{"name":"統一超商股份有限公司","address":"台北市信義區松仁路213號","district":"信義區","city":"臺北市","result":"檢驗","types":"新北抽驗(製造端)、新北抽驗(販售端)","grade":""}},{"type":"Feature","geometry":{"type":"Point","coordinates":[121.56469,25.029048]},"properties":{"name":"統一超商股份有限公司","address":"台北市信義區莊敬路325巷43號","district":"信義區","city":"臺北市","result":"檢驗","types":"新北抽驗(製造端)、新北抽驗(販售端)","grade":""}},{"type":"Feature","geometry":{"type":"Point","coordinates":[121.578968,25.041618]},"properties":{"name":"統一超商股份有限公司","address":"台北市信義區忠孝東路五段617號","district":"信義區","city":"臺北市","result":"檢驗","types":"新北抽驗(製造端)、新北抽驗(販售端)","grade":""}},{"type":"Feature","geometry":{"type":"Point","coordinates":[121.568193,25.028415]},"properties":{"name":"統一超商股份有限公司","address":"台北市信義區松仁路162號164號1樓","district":"信義區","city":"臺北市","result":"檢驗","types":"新北抽驗(製造端)、新北抽驗(販售端)","grade":""}},{"type":"Feature","geometry":{"type":"Point","coordinates":[121.568764,25.043147]},"properties":{"name":"統一超商股份有限公司","address":"台北市信義區永吉路30巷168弄1號1樓","district":"信義區","city":"臺北市","result":"檢驗","types":"新北抽驗(製造端)、新北抽驗(販售端)","grade":""}},{"type":"Feature","geometry":{"type":"Point","coordinates":[121.585877,25.038747]},"properties":{"name":"統一超商股份有限公司","address":"台北市信義區福德街247號249號","district":"信義區","city":"臺北市","result":"檢驗","types":"新北抽驗(製造端)、新北抽驗(販售端)","grade":""}},{"type":"Feature","geometry":{"type":"Point","coordinates":[121.552872,25.024594]},"properties":{"name":"統一超商股份有限公司","address":"台北市信義區基隆路二段131-4號","district":"信義區","city":"臺北市","result":"檢驗","types":"新北抽驗(製造端)、新北抽驗(販售端)","grade":""}},{"type":"Feature","geometry":{"type":"Point","coordinates":[121.586963,25.053063]},"properties":{"name":"統一超商股份有限公司","address":"台北市南港區南港路三段49-1號","district":"南港區","city":"臺北市","result":"檢驗","types":"新北抽驗(製造端)、新北抽驗(販售端)","grade":""}},{"type":"Feature","geometry":{"type":"Point","coordinates":[121.616812,25.038379]},"properties":{"name":"統一超商股份有限公司","address":"台北市南港區研究院路二段152號1樓","district":"南港區","city":"臺北市","result":"檢驗","types":"新北抽驗(製造端)、新北抽驗(販售端)","grade":""}},{"type":"Feature","geometry":{"type":"Point","coordinates":[121.58808,25.045942]},"properties":{"name":"統一超商股份有限公司","address":"台北市南港區東新街118巷1號","district":"南港區","city":"臺北市","result":"檢驗","types":"新北抽驗(製造端)、新北抽驗(販售端)","grade":""}},{"type":"Feature","geometry":{"type":"Point","coordinates":[121.613316,25.055155]},"properties":{"name":"統一超商股份有限公司","address":"台北市南港區南港路一段167號1樓","district":"南港區","city":"臺北市","result":"檢驗","types":"新北抽驗(製造端)、新北抽驗(販售端)","grade":""}},{"type":"Feature","geometry":{"type":"Point","coordinates":[121.613245,25.056525]},"properties":{"name":"統一超商股份有限公司","address":"台北市南港區三重路19號1樓","district":"南港區","city":"臺北市","result":"檢驗","types":"新北抽驗(製造端)、新北抽驗(販售端)","grade":""}},{"type":"Feature","geometry":{"type":"Point","coordinates":[121.587106,25.046196]},"properties":{"name":"統一超商股份有限公司","address":"台北市南港區東新街80巷1號108巷2弄30號","district":"南港區","city":"臺北市","result":"檢驗","types":"新北抽驗(製造端)、新北抽驗(販售端)","grade":""}},{"type":"Feature","geometry":{"type":"Point","coordinates":[121.591714,25.039351]},"properties":{"name":"統一超商股份有限公司","address":"台北市南港區福德街373巷25號1樓","district":"南港區","city":"臺北市","result":"檢驗","types":"新北抽驗(製造端)、新北抽驗(販售端)","grade":""}},{"type":"Feature","geometry":{"type":"Point","coordinates":[121.606056,25.052513]},"properties":{"name":"統一超商股份有限公司","address":"台北市南港區忠孝東路七段359號1樓","district":"南港區","city":"臺北市","result":"檢驗","types":"新北抽驗(製造端)、新北抽驗(販售端)","grade":""}},{"type":"Feature","geometry":{"type":"Point","coordinates":[121.614079,25.059285]},"properties":{"name":"統一超商股份有限公司","address":"台北市南港區三重路23號1樓","district":"南港區","city":"臺北市","result":"檢驗","types":"新北抽驗(製造端)、新北抽驗(販售端)","grade":""}},{"type":"Feature","geometry":{"type":"Point","coordinates":[121.616305,25.046779]},"properties":{"name":"統一超商股份有限公司","address":"台北市南港區研究院路二段14號","district":"南港區","city":"臺北市","result":"檢驗","types":"新北抽驗(製造端)、新北抽驗(販售端)","grade":""}},{"type":"Feature","geometry":{"type":"Point","coordinates":[121.591509,25.055002]},"properties":{"name":"統一超商股份有限公司","address":"台北市南港區西新里南港路三段3號1樓","district":"南港區","city":"臺北市","result":"檢驗","types":"新北抽驗(製造端)、新北抽驗(販售端)","grade":""}},{"type":"Feature","geometry":{"type":"Point","coordinates":[121.580264,25.050439]},"properties":{"name":"統一超商股份有限公司","address":"台北市南港區八德路四段778號780號","district":"南港區","city":"臺北市","result":"檢驗","types":"新北抽驗(製造端)、新北抽驗(販售端)","grade":""}},{"type":"Feature","geometry":{"type":"Point","coordinates":[121.58364,25.045039]},"properties":{"name":"統一超商股份有限公司","address":"台北市南港區玉成街150號1樓","district":"南港區","city":"臺北市","result":"檢驗","types":"新北抽驗(製造端)、新北抽驗(販售端)","grade":""}},{"type":"Feature","geometry":{"type":"Point","coordinates":[121.594145,25.055938]},"properties":{"name":"統一超商股份有限公司","address":"台北市南港區向陽路166號1樓","district":"南港區","city":"臺北市","result":"檢驗","types":"新北抽驗(製造端)、新北抽驗(販售端)","grade":""}},{"type":"Feature","geometry":{"type":"Point","coordinates":[121.61578,25.044207]},"properties":{"name":"統一超商股份有限公司","address":"台北市南港區研究院路二段94號96號98巷1號","district":"南港區","city":"臺北市","result":"檢驗","types":"新北抽驗(製造端)、新北抽驗(販售端)","grade":""}},{"type":"Feature","geometry":{"type":"Point","coordinates":[121.616179,25.058917]},"properties":{"name":"統一超商股份有限公司","address":"台北市南港區經貿二路168號4樓","district":"南港區","city":"臺北市","result":"檢驗","types":"新北抽驗(製造端)、新北抽驗(販售端)","grade":""}},{"type":"Feature","geometry":{"type":"Point","coordinates":[121.614969,25.058743]},"properties":{"name":"統一超商股份有限公司","address":"台北市南港區經貿二路186號2樓","district":"南港區","city":"臺北市","result":"檢驗","types":"新北抽驗(製造端)、新北抽驗(販售端)","grade":""}},{"type":"Feature","geometry":{"type":"Point","coordinates":[121.587859,25.041541]},"properties":{"name":"統一超商股份有限公司","address":"台北市南港區成福路145號147號","district":"南港區","city":"臺北市","result":"檢驗","types":"新北抽驗(製造端)、新北抽驗(販售端)","grade":""}},{"type":"Feature","geometry":{"type":"Point","coordinates":[121.60568,25.056883]},"properties":{"name":"統一超商股份有限公司","address":"台北市南港區興華路117號119號121號123號125號","district":"南港區","city":"臺北市","result":"檢驗","types":"新北抽驗(製造端)、新北抽驗(販售端)","grade":""}},{"type":"Feature","geometry":{"type":"Point","coordinates":[121.583758,25.042931]},"properties":{"name":"統一超商股份有限公司","address":"台北市南港區中坡南路47號1樓","district":"南港區","city":"臺北市","result":"檢驗","types":"新北抽驗(製造端)、新北抽驗(販售端)","grade":""}},{"type":"Feature","geometry":{"type":"Point","coordinates":[121.594122,25.050857]},"properties":{"name":"統一超商股份有限公司","address":"台北市南港區忠孝東路六段465號1樓","district":"南港區","city":"臺北市","result":"檢驗","types":"新北抽驗(製造端)、新北抽驗(販售端)","grade":""}},{"type":"Feature","geometry":{"type":"Point","coordinates":[121.593983,25.050263]},"properties":{"name":"統一超商股份有限公司","address":"台北市南港區忠孝東路六段448號","district":"南港區","city":"臺北市","result":"檢驗","types":"新北抽驗(製造端)、新北抽驗(販售端)","grade":""}},{"type":"Feature","geometry":{"type":"Point","coordinates":[121.600828,25.057137]},"properties":{"name":"統一超商股份有限公司","address":"台北市南港區重陽路164號","district":"南港區","city":"臺北市","result":"檢驗","types":"新北抽驗(製造端)、新北抽驗(販售端)","grade":""}},{"type":"Feature","geometry":{"type":"Point","coordinates":[121.611594,25.048752]},"properties":{"name":"統一超商股份有限公司","address":"台北市南港區研究院路一段99號1樓之14","district":"南港區","city":"臺北市","result":"檢驗","types":"新北抽驗(製造端)、新北抽驗(販售端)","grade":""}},{"type":"Feature","geometry":{"type":"Point","coordinates":[121.614204,25.034682]},"properties":{"name":"統一超商股份有限公司","address":"台北市南港區研究院路三段72號74號1樓","district":"南港區","city":"臺北市","result":"檢驗","types":"新北抽驗(製造端)、新北抽驗(販售端)","grade":""}},{"type":"Feature","geometry":{"type":"Point","coordinates":[121.594134,25.050098]},"properties":{"name":"統一超商股份有限公司","address":"台北市南港區聯成里昆陽街150-1號150-3號","district":"南港區","city":"臺北市","result":"檢驗","types":"新北抽驗(製造端)、新北抽驗(販售端)","grade":""}},{"type":"Feature","geometry":{"type":"Point","coordinates":[121.589033,25.049096]},"properties":{"name":"統一超商股份有限公司","address":"台北市南港區忠孝東路六段276號","district":"南港區","city":"臺北市","result":"檢驗","types":"新北抽驗(製造端)、新北抽驗(販售端)","grade":""}},{"type":"Feature","geometry":{"type":"Point","coordinates":[121.607749,25.054437]},"properties":{"name":"統一超商股份有限公司","address":"台北市南港區南港路一段303號305號307號1樓","district":"南港區","city":"臺北市","result":"檢驗","types":"新北抽驗(製造端)、新北抽驗(販售端)","grade":""}},{"type":"Feature","geometry":{"type":"Point","coordinates":[121.504298,25.04306]},"properties":{"name":"統一超商股份有限公司","address":"台北市萬華區成都路96號1樓","district":"萬華區","city":"臺北市","result":"檢驗","types":"新北抽驗(製造端)、新北抽驗(販售端)","grade":""}},{"type":"Feature","geometry":{"type":"Point","coordinates":[121.502494,25.028075]},"properties":{"name":"統一超商股份有限公司","address":"台北市萬華區西藏路125巷17號及129-9號","district":"萬華區","city":"臺北市","result":"檢驗","types":"新北抽驗(製造端)、新北抽驗(販售端)","grade":""}},{"type":"Feature","geometry":{"type":"Point","coordinates":[121.501904,25.021285]},"properties":{"name":"統一超商股份有限公司","address":"台北市萬華區青年路18號1樓","district":"萬華區","city":"臺北市","result":"檢驗","types":"新北抽驗(製造端)、新北抽驗(販售端)","grade":""}},{"type":"Feature","geometry":{"type":"Point","coordinates":[121.497381,25.01941]},"properties":{"name":"統一超商股份有限公司","address":"台北市萬華區萬大路182號184號","district":"萬華區","city":"臺北市","result":"檢驗","types":"新北抽驗(製造端)、新北抽驗(販售端)","grade":""}},{"type":"Feature","geometry":{"type":"Point","coordinates":[121.494452,25.026205]},"properties":{"name":"統一超商股份有限公司","address":"台北市萬華區東園街28巷56號58號","district":"萬華區","city":"臺北市","result":"檢驗","types":"新北抽驗(製造端)、新北抽驗(販售端)","grade":""}},{"type":"Feature","geometry":{"type":"Point","coordinates":[121.507776,25.043086]},"properties":{"name":"統一超商股份有限公司","address":"台北市萬華區峨嵋街111之2號之3號","district":"萬華區","city":"臺北市","result":"檢驗","types":"新北抽驗(製造端)、新北抽驗(販售端)","grade":""}},{"type":"Feature","geometry":{"type":"Point","coordinates":[121.49683,25.024987]},"properties":{"name":"統一超商股份有限公司","address":"台北市萬華區東園街78號1樓","district":"萬華區","city":"臺北市","result":"檢驗","types":"新北抽驗(製造端)、新北抽驗(販售端)","grade":""}},{"type":"Feature","geometry":{"type":"Point","coordinates":[121.495269,25.023779]},"properties":{"name":"統一超商股份有限公司","address":"台北市萬華區寶興街184號186號","district":"萬華區","city":"臺北市","result":"檢驗","types":"新北抽驗(製造端)、新北抽驗(販售端)","grade":""}},{"type":"Feature","geometry":{"type":"Point","coordinates":[121.506842,25.045544]},"properties":{"name":"統一超商股份有限公司","address":"台北市萬華區西寧南路85號","district":"萬華區","city":"臺北市","result":"檢驗","types":"新北抽驗(製造端)、新北抽驗(販售端)","grade":""}},{"type":"Feature","geometry":{"type":"Point","coordinates":[121.497844,25.020015]},"properties":{"name":"統一超商股份有限公司","address":"台北市萬華區萬大路495號497號","district":"萬華區","city":"臺北市","result":"檢驗","types":"新北抽驗(製造端)、新北抽驗(販售端)","grade":""}},{"type":"Feature","geometry":{"type":"Point","coordinates":[121.504854,25.042786]},"properties":{"name":"統一超商股份有限公司","address":"台北市萬華區昆明街81號83號","district":"萬華區","city":"臺北市","result":"檢驗","types":"新北抽驗(製造端)、新北抽驗(販售端)","grade":""}},{"type":"Feature","geometry":{"type":"Point","coordinates":[121.506823,25.041167]},"properties":{"name":"統一超商股份有限公司","address":"台北市萬華區漢中街185號187號","district":"萬華區","city":"臺北市","result":"檢驗","types":"新北抽驗(製造端)、新北抽驗(販售端)","grade":""}},{"type":"Feature","geometry":{"type":"Point","coordinates":[121.493028,25.034115]},"properties":{"name":"統一超商股份有限公司","address":"台北市萬華區環河南路二段200號1樓","district":"萬華區","city":"臺北市","result":"檢驗","types":"新北抽驗(製造端)、新北抽驗(販售端)","grade":""}},{"type":"Feature","geometry":{"type":"Point","coordinates":[121.505898,25.044393]},"properties":{"name":"統一超商股份有限公司","address":"台北市萬華區西寧南路50巷3號5號","district":"萬華區","city":"臺北市","result":"檢驗","types":"新北抽驗(製造端)、新北抽驗(販售端)","grade":""}},{"type":"Feature","geometry":{"type":"Point","coordinates":[121.504772,25.045137]},"properties":{"name":"統一超商股份有限公司","address":"台北市萬華區武昌街二段114之3號.之4號","district":"萬華區","city":"臺北市","result":"檢驗","types":"新北抽驗(製造端)、新北抽驗(販售端)","grade":""}},{"type":"Feature","geometry":{"type":"Point","coordinates":[121.499457,25.035853]},"properties":{"name":"統一超商股份有限公司","address":"台北市萬華區西園路一段153號地下室","district":"萬華區","city":"臺北市","result":"檢驗","types":"新北抽驗(製造端)、新北抽驗(販售端)","grade":""}},{"type":"Feature","geometry":{"type":"Point","coordinates":[121.49787,25.038406]},"properties":{"name":"統一超商股份有限公司","address":"台北市萬華區桂林路156號158號160號","district":"萬華區","city":"臺北市","result":"檢驗","types":"新北抽驗(製造端)、新北抽驗(販售端)","grade":""}},{"type":"Feature","geometry":{"type":"Point","coordinates":[121.507478,25.044114]},"properties":{"name":"統一超商股份有限公司","address":"台北市萬華區漢中街51號","district":"萬華區","city":"臺北市","result":"檢驗","types":"新北抽驗(製造端)、新北抽驗(販售端)","grade":""}},{"type":"Feature","geometry":{"type":"Point","coordinates":[121.501135,25.025524]},"properties":{"name":"統一超商股份有限公司","address":"台北市萬華區莒光路216號萬大路57號1樓","district":"萬華區","city":"臺北市","result":"檢驗","types":"新北抽驗(製造端)、新北抽驗(販售端)","grade":""}},{"type":"Feature","geometry":{"type":"Point","coordinates":[121.500587,25.036571]},"properties":{"name":"統一超商股份有限公司","address":"台北市萬華區廣州街148號","district":"萬華區","city":"臺北市","result":"檢驗","types":"新北抽驗(製造端)、新北抽驗(販售端)","grade":""}},{"type":"Feature","geometry":{"type":"Point","coordinates":[121.507186,25.044903]},"properties":{"name":"統一超商股份有限公司","address":"台北市萬華區武昌街二段57號1樓","district":"萬華區","city":"臺北市","result":"檢驗","types":"新北抽驗(製造端)、新北抽驗(販售端)","grade":""}},{"type":"Feature","geometry":{"type":"Point","coordinates":[121.503643,25.036679]},"properties":{"name":"統一超商股份有限公司","address":"台北市萬華區昆明街285號之3之4","district":"萬華區","city":"臺北市","result":"檢驗","types":"新北抽驗(製造端)、新北抽驗(販售端)","grade":""}},{"type":"Feature","geometry":{"type":"Point","coordinates":[121.497323,25.019314]},"properties":{"name":"統一超商股份有限公司","address":"台北市萬華區萬大路292號294號","district":"萬華區","city":"臺北市","result":"檢驗","types":"新北抽驗(製造端)、新北抽驗(販售端)","grade":""}},{"type":"Feature","geometry":{"type":"Point","coordinates":[121.505833,25.042593]},"properties":{"name":"統一超商股份有限公司","address":"台北市萬華區西寧南路78號1樓","district":"萬華區","city":"臺北市","result":"檢驗","types":"新北抽驗(製造端)、新北抽驗(販售端)","grade":""}},{"type":"Feature","geometry":{"type":"Point","coordinates":[121.503079,25.038279]},"properties":{"name":"統一超商股份有限公司","address":"台北市萬華區桂林路55號","district":"萬華區","city":"臺北市","result":"檢驗","types":"新北抽驗(製造端)、新北抽驗(販售端)","grade":""}},{"type":"Feature","geometry":{"type":"Point","coordinates":[121.505246,25.046136]},"properties":{"name":"統一超商股份有限公司","address":"台北市萬華區漢口街二段73號1樓","district":"萬華區","city":"臺北市","result":"檢驗","types":"新北抽驗(製造端)、新北抽驗(販售端)","grade":""}},{"type":"Feature","geometry":{"type":"Point","coordinates":[121.498837,25.03482]},"properties":{"name":"統一超商股份有限公司","address":"台北市萬華區西園路一段238號1樓2樓","district":"萬華區","city":"臺北市","result":"檢驗","types":"新北抽驗(製造端)、新北抽驗(販售端)","grade":""}},{"type":"Feature","geometry":{"type":"Point","coordinates":[121.501466,25.02352]},"properties":{"name":"統一超商股份有限公司","address":"台北市萬華區萬青街168號","district":"萬華區","city":"臺北市","result":"檢驗","types":"新北抽驗(製造端)、新北抽驗(販售端)","grade":""}},{"type":"Feature","geometry":{"type":"Point","coordinates":[121.494916,25.031527]},"properties":{"name":"統一超商股份有限公司","address":"台北市萬華區西園路二段140巷52號52號之1號","district":"萬華區","city":"臺北市","result":"檢驗","types":"新北抽驗(製造端)、新北抽驗(販售端)","grade":""}},{"type":"Feature","geometry":{"type":"Point","coordinates":[121.508812,25.025275]},"properties":{"name":"統一超商股份有限公司","address":"台北市萬華區中華路二段602-1、602-2號1樓","district":"萬華區","city":"臺北市","result":"檢驗","types":"新北抽驗(製造端)、新北抽驗(販售端)","grade":""}},{"type":"Feature","geometry":{"type":"Point","coordinates":[121.501471,25.036033]},"properties":{"name":"統一超商股份有限公司","address":"台北市萬華區康定路203號205號1樓","district":"萬華區","city":"臺北市","result":"檢驗","types":"新北抽驗(製造端)、新北抽驗(販售端)","grade":""}},{"type":"Feature","geometry":{"type":"Point","coordinates":[121.493466,25.02736]},"properties":{"name":"統一超商股份有限公司","address":"台北市萬華區寶興街 43號45號1樓","district":"萬華區","city":"臺北市","result":"檢驗","types":"新北抽驗(製造端)、新北抽驗(販售端)","grade":""}},{"type":"Feature","geometry":{"type":"Point","coordinates":[121.495773,25.020463]},"properties":{"name":"統一超商股份有限公司","address":"台北市萬華區萬大路486巷61號63號65號1樓","district":"萬華區","city":"臺北市","result":"檢驗","types":"新北抽驗(製造端)、新北抽驗(販售端)","grade":""}},{"type":"Feature","geometry":{"type":"Point","coordinates":[121.50482,25.040569]},"properties":{"name":"統一超商股份有限公司","address":"台北市萬華區長沙街二段87號1樓","district":"萬華區","city":"臺北市","result":"檢驗","types":"新北抽驗(製造端)、新北抽驗(販售端)","grade":""}},{"type":"Feature","geometry":{"type":"Point","coordinates":[121.50414,25.039134]},"properties":{"name":"統一超商股份有限公司","address":"台北市萬華區昆明街197號199號1樓","district":"萬華區","city":"臺北市","result":"檢驗","types":"新北抽驗(製造端)、新北抽驗(販售端)","grade":""}},{"type":"Feature","geometry":{"type":"Point","coordinates":[121.503436,25.02962]},"properties":{"name":"統一超商股份有限公司","address":"台北市萬華區西藏路107號107之1號1樓","district":"萬華區","city":"臺北市","result":"檢驗","types":"新北抽驗(製造端)、新北抽驗(販售端)","grade":""}},{"type":"Feature","geometry":{"type":"Point","coordinates":[121.500317,25.024814]},"properties":{"name":"統一超商股份有限公司","address":"台北市萬華區萬大路245號247號1樓","district":"萬華區","city":"臺北市","result":"檢驗","types":"新北抽驗(製造端)、新北抽驗(販售端)","grade":""}},{"type":"Feature","geometry":{"type":"Point","coordinates":[121.504502,25.041313]},"properties":{"name":"統一超商股份有限公司","address":"台北市萬華區昆明街30-1號30-2號1樓","district":"萬華區","city":"臺北市","result":"檢驗","types":"新北抽驗(製造端)、新北抽驗(販售端)","grade":""}},{"type":"Feature","geometry":{"type":"Point","coordinates":[121.491562,25.032064]},"properties":{"name":"統一超商股份有限公司","address":"台北市萬華區環河南路二段207號","district":"萬華區","city":"臺北市","result":"檢驗","types":"新北抽驗(製造端)、新北抽驗(販售端)","grade":""}},{"type":"Feature","geometry":{"type":"Point","coordinates":[121.502434,25.021629]},"properties":{"name":"統一超商股份有限公司","address":"台北市萬華區青年路144號","district":"萬華區","city":"臺北市","result":"檢驗","types":"新北抽驗(製造端)、新北抽驗(販售端)","grade":""}},{"type":"Feature","geometry":{"type":"Point","coordinates":[121.524099,25.097268]},"properties":{"name":"統一超商股份有限公司","address":"台北市士林區文林路530號","district":"士林區","city":"臺北市","result":"檢驗","types":"新北抽驗(製造端)、新北抽驗(販售端)","grade":""}},{"type":"Feature","geometry":{"type":"Point","coordinates":[121.519405,25.083031]},"properties":{"name":"統一超商股份有限公司","address":"台北市士林區華齡街17巷2號4號1樓","district":"士林區","city":"臺北市","result":"檢驗","types":"新北抽驗(製造端)、新北抽驗(販售端)","grade":""}},{"type":"Feature","geometry":{"type":"Point","coordinates":[121.52519,25.08505]},"properties":{"name":"統一超商股份有限公司","address":"台北市士林區中山北路五段65號1樓","district":"士林區","city":"臺北市","result":"檢驗","types":"新北抽驗(製造端)、新北抽驗(販售端)","grade":""}},{"type":"Feature","geometry":{"type":"Point","coordinates":[121.523756,25.094672]},"properties":{"name":"統一超商股份有限公司","address":"台北市士林區中正路301號1樓","district":"士林區","city":"臺北市","result":"檢驗","types":"新北抽驗(製造端)、新北抽驗(販售端)","grade":""}},{"type":"Feature","geometry":{"type":"Point","coordinates":[121.51581,25.089547]},"properties":{"name":"統一超商股份有限公司","address":"台北市士林區大南路400號402號1樓","district":"士林區","city":"臺北市","result":"檢驗","types":"新北抽驗(製造端)、新北抽驗(販售端)","grade":""}},{"type":"Feature","geometry":{"type":"Point","coordinates":[121.526424,25.094799]},"properties":{"name":"統一超商股份有限公司","address":"台北市士林區中正路235巷14號","district":"士林區","city":"臺北市","result":"檢驗","types":"新北抽驗(製造端)、新北抽驗(販售端)","grade":""}},{"type":"Feature","geometry":{"type":"Point","coordinates":[121.524952,25.086376]},"properties":{"name":"統一超商股份有限公司","address":"台北市士林區基河路1號1樓(部份)","district":"士林區","city":"臺北市","result":"檢驗","types":"新北抽驗(製造端)、新北抽驗(販售端)","grade":""}},{"type":"Feature","geometry":{"type":"Point","coordinates":[121.535863,25.111538]},"properties":{"name":"統一超商股份有限公司","address":"台北市士林區士東路48號","district":"士林區","city":"臺北市","result":"檢驗","types":"新北抽驗(製造端)、新北抽驗(販售端)","grade":""}},{"type":"Feature","geometry":{"type":"Point","coordinates":[121.541752,25.137293]},"properties":{"name":"統一超商股份有限公司","address":"台北市士林區光華路26巷7-1號","district":"士林區","city":"臺北市","result":"檢驗","types":"新北抽驗(製造端)、新北抽驗(販售端)","grade":""}},{"type":"Feature","geometry":{"type":"Point","coordinates":[121.53648,25.126258]},"properties":{"name":"統一超商股份有限公司","address":"台北市士林區天母里天母西路39-1號1樓","district":"士林區","city":"臺北市","result":"檢驗","types":"新北抽驗(製造端)、新北抽驗(販售端)","grade":""}},{"type":"Feature","geometry":{"type":"Point","coordinates":[121.531304,25.105882]},"properties":{"name":"統一超商股份有限公司","address":"台北市士林區忠義街68號","district":"士林區","city":"臺北市","result":"檢驗","types":"新北抽驗(製造端)、新北抽驗(販售端)","grade":""}},{"type":"Feature","geometry":{"type":"Point","coordinates":[121.531525,25.123244]},"properties":{"name":"統一超商股份有限公司","address":"台北市士林區中山北路七段141巷6之1號1樓","district":"士林區","city":"臺北市","result":"檢驗","types":"新北抽驗(製造端)、新北抽驗(販售端)","grade":""}},{"type":"Feature","geometry":{"type":"Point","coordinates":[121.518311,25.089052]},"properties":{"name":"統一超商股份有限公司","address":"台北市士林區大南路322號","district":"士林區","city":"臺北市","result":"檢驗","types":"新北抽驗(製造端)、新北抽驗(販售端)","grade":""}},{"type":"Feature","geometry":{"type":"Point","coordinates":[121.501275,25.090703]},"properties":{"name":"統一超商股份有限公司","address":"台北市士林區延平北路六段350號350之1號1樓","district":"士林區","city":"臺北市","result":"檢驗","types":"新北抽驗(製造端)、新北抽驗(販售端)","grade":""}},{"type":"Feature","geometry":{"type":"Point","coordinates":[121.526588,25.089778]},"properties":{"name":"統一超商股份有限公司","address":"台北市士林區大北路14號16號1樓","district":"士林區","city":"臺北市","result":"檢驗","types":"新北抽驗(製造端)、新北抽驗(販售端)","grade":""}},{"type":"Feature","geometry":{"type":"Point","coordinates":[121.529718,25.12023]},"properties":{"name":"統一超商股份有限公司","address":"台北市士林區天玉街8號","district":"士林區","city":"臺北市","result":"檢驗","types":"新北抽驗(製造端)、新北抽驗(販售端)","grade":""}},{"type":"Feature","geometry":{"type":"Point","coordinates":[121.520622,25.07981]},"properties":{"name":"統一超商股份有限公司","address":"台北市士林區承德路四段30號","district":"士林區","city":"臺北市","result":"檢驗","types":"新北抽驗(製造端)、新北抽驗(販售端)","grade":""}},{"type":"Feature","geometry":{"type":"Point","coordinates":[121.505176,25.09232]},"properties":{"name":"統一超商股份有限公司","address":"台北市士林區社中街320號322號1樓","district":"士林區","city":"臺北市","result":"檢驗","types":"新北抽驗(製造端)、新北抽驗(販售端)","grade":""}},{"type":"Feature","geometry":{"type":"Point","coordinates":[121.522552,25.088761]},"properties":{"name":"統一超商股份有限公司","address":"台北市士林區基河路132號1樓","district":"士林區","city":"臺北市","result":"檢驗","types":"新北抽驗(製造端)、新北抽驗(販售端)","grade":""}},{"type":"Feature","geometry":{"type":"Point","coordinates":[121.550961,25.100395]},"properties":{"name":"統一超商股份有限公司","address":"台北市士林區至善路二段264號","district":"士林區","city":"臺北市","result":"檢驗","types":"新北抽驗(製造端)、新北抽驗(販售端)","grade":""}},{"type":"Feature","geometry":{"type":"Point","coordinates":[121.514169,25.096835]},"properties":{"name":"統一超商股份有限公司","address":"台北市士林區承德路五段55號","district":"士林區","city":"臺北市","result":"檢驗","types":"新北抽驗(製造端)、新北抽驗(販售端)","grade":""}},{"type":"Feature","geometry":{"type":"Point","coordinates":[121.523242,25.098247]},"properties":{"name":"統一超商股份有限公司","address":"台北市士林區美崙街112號一樓","district":"士林區","city":"臺北市","result":"檢驗","types":"新北抽驗(製造端)、新北抽驗(販售端)","grade":""}},{"type":"Feature","geometry":{"type":"Point","coordinates":[121.546483,25.136871]},"properties":{"name":"統一超商股份有限公司","address":"台北市士林區格致路28號","district":"士林區","city":"臺北市","result":"檢驗","types":"新北抽驗(製造端)、新北抽驗(販售端)","grade":""}},{"type":"Feature","geometry":{"type":"Point","coordinates":[121.523424,25.104648]},"properties":{"name":"統一超商股份有限公司","address":"台北市士林區德行西路52號1樓","district":"士林區","city":"臺北市","result":"檢驗","types":"新北抽驗(製造端)、新北抽驗(販售端)","grade":""}},{"type":"Feature","geometry":{"type":"Point","coordinates":[121.532833,25.110303]},"properties":{"name":"統一超商股份有限公司","address":"台北市士林區忠誠路二段7號1樓","district":"士林區","city":"臺北市","result":"檢驗","types":"新北抽驗(製造端)、新北抽驗(販售端)","grade":""}},{"type":"Feature","geometry":{"type":"Point","coordinates":[121.505074,25.089296]},"properties":{"name":"統一超商股份有限公司","address":"台北市士林區延平北路六段229號231號","district":"士林區","city":"臺北市","result":"檢驗","types":"新北抽驗(製造端)、新北抽驗(販售端)","grade":""}},{"type":"Feature","geometry":{"type":"Point","coordinates":[121.530121,25.11436]},"properties":{"name":"統一超商股份有限公司","address":"台北市士林區天母東路8巷96號98號","district":"士林區","city":"臺北市","result":"檢驗","types":"新北抽驗(製造端)、新北抽驗(販售端)","grade":""}},{"type":"Feature","geometry":{"type":"Point","coordinates":[121.528774,25.105789]},"properties":{"name":"統一超商股份有限公司","address":"台北市士林區忠誠路一段126號128號","district":"士林區","city":"臺北市","result":"檢驗","types":"新北抽驗(製造端)、新北抽驗(販售端)","grade":""}},{"type":"Feature","geometry":{"type":"Point","coordinates":[121.529732,25.03327]},"properties":{"name":"康青龍餐飲有限公司","address":"台北市大安區永康街2之7號","district":"大安區","city":"臺北市","result":"檢驗","types":"新北抽驗(製造端)","grade":""}},{"type":"Feature","geometry":{"type":"Point","coordinates":[121.529507,25.030965]},"properties":{"name":"康青龍餐飲有限公司","address":"台北市大安區永康街2-7號","district":"大安區","city":"臺北市","result":"檢驗","types":"新北抽驗(製造端)","grade":""}},{"type":"Feature","geometry":{"type":"Point","coordinates":[121.525562,25.054719]},"properties":{"name":"樂慕亞興業有限公司","address":"台北市中山區林森北路263號2樓之1","district":"中山區","city":"臺北市","result":"檢驗","types":"台北稽查","grade":""}},{"type":"Feature","geometry":{"type":"Point","coordinates":[121.530271,25.04803]},"properties":{"name":"呷尚寶興業股份有限公司","address":"台北市中山區新生北路3段3巷39號","district":"中山區","city":"臺北市","result":"檢驗","types":"新北抽驗(製造端)","grade":""}},{"type":"Feature","geometry":{"type":"Point","coordinates":[121.581766,25.059884]},"properties":{"name":"森邦股份有限公司","address":"台北市內湖區行善路36-1號","district":"內湖區","city":"臺北市","result":"檢驗","types":"新北抽驗(製造端)","grade":""}},{"type":"Feature","geometry":{"type":"Point","coordinates":[121.536849,25.057969]},"properties":{"name":"森邦股份有限公司","address":"台北市中山區民生東路二段147巷10-1號","district":"中山區","city":"臺北市","result":"檢驗","types":"新北抽驗(製造端)","grade":""}},{"type":"Feature","geometry":{"type":"Point","coordinates":[121.540647,25.062084]},"properties":{"name":"森邦股份有限公司","address":"台北市中山區龍江路302號","district":"中山區","city":"臺北市","result":"檢驗","types":"新北抽驗(製造端)","grade":""}},{"type":"Feature","geometry":{"type":"Point","coordinates":[121.513278,25.05154]},"properties":{"name":"森邦股份有限公司","address":"台北市大同區延平北路一段104號","district":"大同區","city":"臺北市","result":"檢驗","types":"新北抽驗(製造端)","grade":""}},{"type":"Feature","geometry":{"type":"Point","coordinates":[121.618169,25.042138]},"properties":{"name":"森邦股份有限公司","address":"台北市南港區舊莊街一段3巷12弄4號","district":"南港區","city":"臺北市","result":"檢驗","types":"新北抽驗(製造端)","grade":""}},{"type":"Feature","geometry":{"type":"Point","coordinates":[121.540437,24.993449]},"properties":{"name":"森邦股份有限公司","address":"台北市文山區景福街269號","district":"文山區","city":"臺北市","result":"檢驗","types":"新北抽驗(製造端)","grade":""}},{"type":"Feature","geometry":{"type":"Point","coordinates":[121.557073,25.048784]},"properties":{"name":"森邦股份有限公司","address":"台北市松山區光復北路26巷14號","district":"松山區","city":"臺北市","result":"檢驗","types":"新北抽驗(製造端)","grade":""}},{"type":"Feature","geometry":{"type":"Point","coordinates":[121.510429,25.044716]},"properties":{"name":"森邦股份有限公司","address":"台北市中正區延平南路57號","district":"中正區","city":"臺北市","result":"檢驗","types":"新北抽驗(製造端)","grade":""}},{"type":"Feature","geometry":{"type":"Point","coordinates":[121.518303,25.116981]},"properties":{"name":"森邦股份有限公司","address":"台北市北投區石牌路二段90巷32號","district":"北投區","city":"臺北市","result":"檢驗","types":"新北抽驗(製造端)","grade":""}},{"type":"Feature","geometry":{"type":"Point","coordinates":[121.516458,25.111874]},"properties":{"name":"森邦股份有限公司","address":"台北市北投區立農街2段228號1F","district":"北投區","city":"臺北市","result":"檢驗","types":"新北抽驗(製造端)","grade":""}},{"type":"Feature","geometry":{"type":"Point","coordinates":[121.53054,25.040599]},"properties":{"name":"森邦股份有限公司","address":"台北市中正區濟南路二段45號","district":"中正區","city":"臺北市","result":"檢驗","types":"新北抽驗(製造端)","grade":""}},{"type":"Feature","geometry":{"type":"Point","coordinates":[121.518287,25.092902]},"properties":{"name":"森邦股份有限公司","address":"台北市士林區士商路114號","district":"士林區","city":"臺北市","result":"檢驗","types":"新北抽驗(製造端)","grade":""}},{"type":"Feature","geometry":{"type":"Point","coordinates":[121.546226,24.987312]},"properties":{"name":"森邦股份有限公司","address":"台北市文山區木柵路一段17號","district":"文山區","city":"臺北市","result":"檢驗","types":"新北抽驗(製造端)","grade":""}},{"type":"Feature","geometry":{"type":"Point","coordinates":[121.539515,25.060317]},"properties":{"name":"森邦股份有限公司","address":"台北市中山區錦州街341號","district":"中山區","city":"臺北市","result":"檢驗","types":"新北抽驗(製造端)","grade":""}},{"type":"Feature","geometry":{"type":"Point","coordinates":[121.560265,25.048973]},"properties":{"name":"森邦股份有限公司","address":"台北市松山區八德路四段91巷7號1樓","district":"松山區","city":"臺北市","result":"檢驗","types":"新北抽驗(製造端)","grade":""}},{"type":"Feature","geometry":{"type":"Point","coordinates":[121.530433,25.01658]},"properties":{"name":"森邦股份有限公司","address":"台北市中正區羅斯福路三段244巷25號","district":"中正區","city":"臺北市","result":"檢驗","types":"新北抽驗(製造端)","grade":""}},{"type":"Feature","geometry":{"type":"Point","coordinates":[121.507975,25.03537]},"properties":{"name":"森邦股份有限公司","address":"台北市中正區延平南路157巷3號","district":"中正區","city":"臺北市","result":"檢驗","types":"新北抽驗(製造端)","grade":""}},{"type":"Feature","geometry":{"type":"Point","coordinates":[121.511744,25.024224]},"properties":{"name":"森邦股份有限公司","address":"台北市中正區中華路二段457-1號","district":"中正區","city":"臺北市","result":"檢驗","types":"新北抽驗(製造端)","grade":""}},{"type":"Feature","geometry":{"type":"Point","coordinates":[121.583731,25.078701]},"properties":{"name":"森邦股份有限公司","address":"台北市內湖區文德路107號","district":"內湖區","city":"臺北市","result":"檢驗","types":"新北抽驗(製造端)","grade":""}},{"type":"Feature","geometry":{"type":"Point","coordinates":[121.577068,25.077796]},"properties":{"name":"森邦股份有限公司","address":"台北市內湖區港墘路127巷16弄2號","district":"內湖區","city":"臺北市","result":"檢驗","types":"新北抽驗(製造端)","grade":""}},{"type":"Feature","geometry":{"type":"Point","coordinates":[121.519256,25.111758]},"properties":{"name":"森邦股份有限公司","address":"台北市北投區懷德街17號","district":"北投區","city":"臺北市","result":"檢驗","types":"新北抽驗(製造端)","grade":""}},{"type":"Feature","geometry":{"type":"Point","coordinates":[121.519382,25.075264]},"properties":{"name":"森邦股份有限公司","address":"台北市大同區敦煌路28號","district":"大同區","city":"臺北市","result":"檢驗","types":"新北抽驗(製造端)","grade":""}},{"type":"Feature","geometry":{"type":"Point","coordinates":[121.557261,24.980955]},"properties":{"name":"森邦股份有限公司","address":"台北市文山區木新路三段308號1F","district":"文山區","city":"臺北市","result":"檢驗","types":"新北抽驗(製造端)","grade":""}},{"type":"Feature","geometry":{"type":"Point","coordinates":[121.553791,25.020965]},"properties":{"name":"森邦股份有限公司","address":"台北市大安區和平東路三段228巷31號1樓","district":"大安區","city":"臺北市","result":"檢驗","types":"新北抽驗(製造端)","grade":""}},{"type":"Feature","geometry":{"type":"Point","coordinates":[121.574625,25.034584]},"properties":{"name":"森邦股份有限公司","address":"台北市信義區松德路223號","district":"信義區","city":"臺北市","result":"檢驗","types":"新北抽驗(製造端)","grade":""}},{"type":"Feature","geometry":{"type":"Point","coordinates":[121.61335,25.067616]},"properties":{"name":"森邦股份有限公司","address":"台北市內湖區五分街31號","district":"內湖區","city":"臺北市","result":"檢驗","types":"新北抽驗(製造端)","grade":""}},{"type":"Feature","geometry":{"type":"Point","coordinates":[121.545072,25.060071]},"properties":{"name":"森邦股份有限公司","address":"台北市松山區民權東路三段106巷1號","district":"松山區","city":"臺北市","result":"檢驗","types":"新北抽驗(製造端)","grade":""}},{"type":"Feature","geometry":{"type":"Point","coordinates":[121.521598,25.104301]},"properties":{"name":"森邦股份有限公司","address":"台北市士林區德行西路86號","district":"士林區","city":"臺北市","result":"檢驗","types":"新北抽驗(製造端)","grade":""}},{"type":"Feature","geometry":{"type":"Point","coordinates":[121.514076,25.111357]},"properties":{"name":"森邦股份有限公司","address":"台北市北投區致遠一路二段27號","district":"北投區","city":"臺北市","result":"檢驗","types":"新北抽驗(製造端)","grade":""}},{"type":"Feature","geometry":{"type":"Point","coordinates":[121.554954,25.052314]},"properties":{"name":"福業國際股份有限公司","address":"台北市松山區南京東路4段137號10樓之1","district":"松山區","city":"臺北市","result":"檢驗","types":"新北抽驗(製造端)、新北抽驗(販售端)","grade":""}},{"type":"Feature","geometry":{"type":"Point","coordinates":[121.554954,25.052314]},"properties":{"name":"福業國際股份有限公司","address":"台北市松山區南京東路4段75號4樓之1","district":"松山區","city":"臺北市","result":"檢驗","types":"新北抽驗(製造端)、新北抽驗(販售端)","grade":""}},{"type":"Feature","geometry":{"type":"Point","coordinates":[121.579909,25.042238]},"properties":{"name":"天和鮮物股份有限公司","address":"台北市信義區忠孝東路五段689號9樓","district":"信義區","city":"臺北市","result":"檢驗","types":"新北抽驗(製造端)","grade":""}},{"type":"Feature","geometry":{"type":"Point","coordinates":[121.602587,25.057677]},"properties":{"name":"天和鮮物股份有限公司","address":"台北市南港區重陽路二六三巷八號三樓","district":"南港區","city":"臺北市","result":"檢驗","types":"新北抽驗(製造端)","grade":""}},{"type":"Feature","geometry":{"type":"Point","coordinates":[121.526441,25.045534]},"properties":{"name":"天和鮮物股份有限公司","address":"台北市中正區北平東路30號1樓","district":"中正區","city":"臺北市","result":"檢驗","types":"新北抽驗(製造端)","grade":""}},{"type":"Feature","geometry":{"type":"Point","coordinates":[121.553038,25.039053]},"properties":{"name":"天和鮮物股份有限公司","address":"台北市大安區忠孝東路四段45號B2","district":"大安區","city":"臺北市","result":"檢驗","types":"新北抽驗(製造端)","grade":""}},{"type":"Feature","geometry":{"type":"Point","coordinates":[121.532564,25.062312]},"properties":{"name":"好味食飲股份有限公司","address":"台北市中山區民權東路二段122號1樓","district":"中山區","city":"臺北市","result":"檢驗","types":"台北稽查","grade":""}},{"type":"Feature","geometry":{"type":"Point","coordinates":[121.557038,25.084576]},"properties":{"name":"胖老爹炸雞有限公司","address":"台北市中山區北安路535-5號","district":"中山區","city":"臺北市","result":"檢驗","types":"台北稽查","grade":""}},{"type":"Feature","geometry":{"type":"Point","coordinates":[121.554074,25.022375]},"properties":{"name":"聯夏企業股份有限公司","address":"台北市大安區和平東路1段115號2樓","district":"大安區","city":"臺北市","result":"檢驗","types":"新北抽驗(製造端)","grade":""}},{"type":"Feature","geometry":{"type":"Point","coordinates":[121.510799,25.043387]},"properties":{"name":"同興實業股份有限公司","address":"台北市中正區延平南路85號4樓","district":"中正區","city":"臺北市","result":"檢驗","types":"新北抽驗(製造端)","grade":""}},{"type":"Feature","geometry":{"type":"Point","coordinates":[121.520661,25.052434]},"properties":{"name":"同興實業股份有限公司","address":"台北市中山區南京西路14號B1F-B117","district":"中山區","city":"臺北市","result":"檢驗","types":"新北抽驗(製造端)","grade":""}},{"type":"Feature","geometry":{"type":"Point","coordinates":[121.561774,24.994333]},"properties":{"name":"台灣糖業股份有限公司","address":"台北市文山區興隆路三段207巷1.3號(蜜鄰興隆店)","district":"文山區","city":"臺北市","result":"未檢驗","types":"新北抽驗(製造端)","grade":""}},{"type":"Feature","geometry":{"type":"Point","coordinates":[121.50967,25.045337]},"properties":{"name":"台灣糖業股份有限公司","address":"台北市中正區中華路一段39號2樓(台北會館)","district":"中正區","city":"臺北市","result":"未檢驗","types":"新北抽驗(製造端)","grade":""}},{"type":"Feature","geometry":{"type":"Point","coordinates":[121.50967,25.045337]},"properties":{"name":"台灣糖業股份有限公司","address":"台北市中正區中華路一段39號(台北會館)","district":"中正區","city":"臺北市","result":"未檢驗","types":"新北抽驗(製造端)","grade":""}},{"type":"Feature","geometry":{"type":"Point","coordinates":[121.496907,25.033239]},"properties":{"name":"台灣糖業股份有限公司","address":"台北市萬華區艋舺大道297號(台北營業所)","district":"萬華區","city":"臺北市","result":"未檢驗","types":"新北抽驗(製造端)","grade":""}},{"type":"Feature","geometry":{"type":"Point","coordinates":[121.510897,25.041419]},"properties":{"name":"台灣糖業股份有限公司","address":"台北市中正區寶慶路25號1樓(台北福利社)","district":"中正區","city":"臺北市","result":"未檢驗","types":"新北抽驗(製造端)","grade":""}},{"type":"Feature","geometry":{"type":"Point","coordinates":[121.496907,25.033239]},"properties":{"name":"台灣糖業股份有限公司","address":"台北市萬華區艋舺大道297號2樓(商銷事業部)","district":"萬華區","city":"臺北市","result":"未檢驗","types":"新北抽驗(製造端)","grade":""}},{"type":"Feature","geometry":{"type":"Point","coordinates":[121.517734,25.052245]},"properties":{"name":"統一速邁自販股份有限公司","address":"臺北市大同區台北市大同區承德路一段1號3F","district":"大同區","city":"臺北市","result":"檢驗","types":"新北抽驗(製造端)","grade":""}},{"type":"Feature","geometry":{"type":"Point","coordinates":[121.517734,25.052245]},"properties":{"name":"統一速邁自販股份有限公司","address":"臺北市大同區台北市大同區承德路一段1號4F","district":"大同區","city":"臺北市","result":"檢驗","types":"新北抽驗(製造端)","grade":""}},{"type":"Feature","geometry":{"type":"Point","coordinates":[121.517734,25.052245]},"properties":{"name":"統一速邁自販股份有限公司","address":"臺北市大同區台北市大同區承德路一段1號B1","district":"大同區","city":"臺北市","result":"檢驗","types":"新北抽驗(製造端)","grade":""}},{"type":"Feature","geometry":{"type":"Point","coordinates":[121.518609,25.058791]},"properties":{"name":"統一速邁自販股份有限公司","address":"臺北市大同區台北市大同區承德路2段81號B1","district":"大同區","city":"臺北市","result":"檢驗","types":"新北抽驗(製造端)","grade":""}},{"type":"Feature","geometry":{"type":"Point","coordinates":[121.51518,25.060698]},"properties":{"name":"統一速邁自販股份有限公司","address":"臺北市大同區台北市大同區涼州街2號","district":"大同區","city":"臺北市","result":"檢驗","types":"新北抽驗(製造端)","grade":""}},{"type":"Feature","geometry":{"type":"Point","coordinates":[121.513601,25.064762]},"properties":{"name":"統一速邁自販股份有限公司","address":"臺北市大同區台北市大同區重慶北路1-1號1F","district":"大同區","city":"臺北市","result":"檢驗","types":"新北抽驗(製造端)","grade":""}},{"type":"Feature","geometry":{"type":"Point","coordinates":[121.51682,25.049215]},"properties":{"name":"統一速邁自販股份有限公司","address":"臺北市大同區台北市大同區承德路3段336號","district":"大同區","city":"臺北市","result":"檢驗","types":"新北抽驗(製造端)","grade":""}},{"type":"Feature","geometry":{"type":"Point","coordinates":[121.513392,25.056418]},"properties":{"name":"統一速邁自販股份有限公司","address":"臺北市大同區台北市大同區重慶北路2段171號","district":"大同區","city":"臺北市","result":"檢驗","types":"新北抽驗(製造端)","grade":""}},{"type":"Feature","geometry":{"type":"Point","coordinates":[121.514059,25.049262]},"properties":{"name":"統一速邁自販股份有限公司","address":"臺北市大同區台北市大同區市民大道1段209號","district":"大同區","city":"臺北市","result":"檢驗","types":"新北抽驗(製造端)","grade":""}},{"type":"Feature","geometry":{"type":"Point","coordinates":[121.538855,25.078912]},"properties":{"name":"統一速邁自販股份有限公司","address":"臺北市中山區台北市士林區北安路305號","district":"中山區","city":"臺北市","result":"檢驗","types":"新北抽驗(製造端)","grade":""}},{"type":"Feature","geometry":{"type":"Point","coordinates":[121.54041,25.079765]},"properties":{"name":"統一速邁自販股份有限公司","address":"臺北市中山區台北市士林區北安路387號","district":"中山區","city":"臺北市","result":"檢驗","types":"新北抽驗(製造端)","grade":""}},{"type":"Feature","geometry":{"type":"Point","coordinates":[121.522036,25.049298]},"properties":{"name":"統一速邁自販股份有限公司","address":"臺北市中山區台北市中山區中山北路3段40號","district":"中山區","city":"臺北市","result":"檢驗","types":"新北抽驗(製造端)","grade":""}},{"type":"Feature","geometry":{"type":"Point","coordinates":[121.523563,25.067198]},"properties":{"name":"統一速邁自販股份有限公司","address":"臺北市中山區台北市中山區德惠街3巷3號6F","district":"中山區","city":"臺北市","result":"檢驗","types":"新北抽驗(製造端)","grade":""}},{"type":"Feature","geometry":{"type":"Point","coordinates":[121.523563,25.067198]},"properties":{"name":"統一速邁自販股份有限公司","address":"臺北市中山區台北市中山區德惠街3巷3號9F","district":"中山區","city":"臺北市","result":"檢驗","types":"新北抽驗(製造端)","grade":""}},{"type":"Feature","geometry":{"type":"Point","coordinates":[121.538441,25.045012]},"properties":{"name":"統一速邁自販股份有限公司","address":"臺北市中山區台北市中山區八德路2段306號B2","district":"中山區","city":"臺北市","result":"檢驗","types":"新北抽驗(製造端)","grade":""}},{"type":"Feature","geometry":{"type":"Point","coordinates":[121.525465,25.057007]},"properties":{"name":"統一速邁自販股份有限公司","address":"臺北市中山區台北市中山區中山北路二段92號","district":"中山區","city":"臺北市","result":"檢驗","types":"新北抽驗(製造端)","grade":""}},{"type":"Feature","geometry":{"type":"Point","coordinates":[121.543012,25.079781]},"properties":{"name":"統一速邁自販股份有限公司","address":"臺北市中山區台北市中山區北安路409號7號門","district":"中山區","city":"臺北市","result":"檢驗","types":"新北抽驗(製造端)","grade":""}},{"type":"Feature","geometry":{"type":"Point","coordinates":[121.537338,25.067924]},"properties":{"name":"統一速邁自販股份有限公司","address":"臺北市中山區台北市中山區民族東路336號2F","district":"中山區","city":"臺北市","result":"檢驗","types":"新北抽驗(製造端)","grade":""}},{"type":"Feature","geometry":{"type":"Point","coordinates":[121.537338,25.067924]},"properties":{"name":"統一速邁自販股份有限公司","address":"臺北市中山區台北市中山區民族東路336號4F","district":"中山區","city":"臺北市","result":"檢驗","types":"新北抽驗(製造端)","grade":""}},{"type":"Feature","geometry":{"type":"Point","coordinates":[121.534957,25.073303]},"properties":{"name":"統一速邁自販股份有限公司","address":"臺北市中山區台北市中山區濱江街99號","district":"中山區","city":"臺北市","result":"檢驗","types":"新北抽驗(製造端)","grade":""}},{"type":"Feature","geometry":{"type":"Point","coordinates":[121.548519,25.081138]},"properties":{"name":"統一速邁自販股份有限公司","address":"臺北市中山區台北市中山區北安路111號","district":"中山區","city":"臺北市","result":"檢驗","types":"新北抽驗(製造端)","grade":""}},{"type":"Feature","geometry":{"type":"Point","coordinates":[121.548839,25.082388]},"properties":{"name":"統一速邁自販股份有限公司","address":"臺北市中山區台北市中山區大直北安路111號","district":"中山區","city":"臺北市","result":"檢驗","types":"新北抽驗(製造端)","grade":""}},{"type":"Feature","geometry":{"type":"Point","coordinates":[121.561111,25.044737]},"properties":{"name":"統一速邁自販股份有限公司","address":"臺北市中山區台北市信義區菸廠路88號6樓","district":"中山區","city":"臺北市","result":"檢驗","types":"新北抽驗(製造端)","grade":""}},{"type":"Feature","geometry":{"type":"Point","coordinates":[121.546512,25.071908]},"properties":{"name":"統一速邁自販股份有限公司","address":"臺北市中山區台北市中山區濱江街308號","district":"中山區","city":"臺北市","result":"檢驗","types":"新北抽驗(製造端)","grade":""}},{"type":"Feature","geometry":{"type":"Point","coordinates":[121.543012,25.079781]},"properties":{"name":"統一速邁自販股份有限公司","address":"臺北市中山區台北市中山區北安路409號4號門","district":"中山區","city":"臺北市","result":"檢驗","types":"新北抽驗(製造端)","grade":""}},{"type":"Feature","geometry":{"type":"Point","coordinates":[121.525538,25.06378]},"properties":{"name":"統一速邁自販股份有限公司","address":"臺北市中山區台北市中山區林森北路536號","district":"中山區","city":"臺北市","result":"檢驗","types":"新北抽驗(製造端)","grade":""}},{"type":"Feature","geometry":{"type":"Point","coordinates":[121.526293,25.061296]},"properties":{"name":"統一速邁自販股份有限公司","address":"臺北市中山區台北市中山區林森北路487號","district":"中山區","city":"臺北市","result":"檢驗","types":"新北抽驗(製造端)","grade":""}},{"type":"Feature","geometry":{"type":"Point","coordinates":[121.548377,25.072596]},"properties":{"name":"統一速邁自販股份有限公司","address":"臺北市中山區台北市中山區濱江街337號","district":"中山區","city":"臺北市","result":"檢驗","types":"新北抽驗(製造端)","grade":""}},{"type":"Feature","geometry":{"type":"Point","coordinates":[121.535787,25.045433]},"properties":{"name":"統一速邁自販股份有限公司","address":"臺北市中山區台北市中山區八德路2段232號","district":"中山區","city":"臺北市","result":"檢驗","types":"新北抽驗(製造端)","grade":""}},{"type":"Feature","geometry":{"type":"Point","coordinates":[121.55527,25.078266]},"properties":{"name":"統一速邁自販股份有限公司","address":"臺北市中山區台北市中山區樂群二路55號B1","district":"中山區","city":"臺北市","result":"檢驗","types":"新北抽驗(製造端)","grade":""}},{"type":"Feature","geometry":{"type":"Point","coordinates":[121.522036,25.049298]},"properties":{"name":"統一速邁自販股份有限公司","address":"臺北市中山區台北市中山區中山北路3段22號","district":"中山區","city":"臺北市","result":"檢驗","types":"新北抽驗(製造端)","grade":""}},{"type":"Feature","geometry":{"type":"Point","coordinates":[121.538616,25.068088]},"properties":{"name":"統一速邁自販股份有限公司","address":"臺北市中山區台北市中山區民族東路17號","district":"中山區","city":"臺北市","result":"檢驗","types":"新北抽驗(製造端)","grade":""}},{"type":"Feature","geometry":{"type":"Point","coordinates":[121.533115,25.078376]},"properties":{"name":"統一速邁自販股份有限公司","address":"臺北市中山區台北市中山區北安路139號","district":"中山區","city":"臺北市","result":"檢驗","types":"新北抽驗(製造端)","grade":""}},{"type":"Feature","geometry":{"type":"Point","coordinates":[121.546297,25.07256]},"properties":{"name":"統一速邁自販股份有限公司","address":"臺北市中山區台北市中山區濱江街309號1F","district":"中山區","city":"臺北市","result":"檢驗","types":"新北抽驗(製造端)","grade":""}},{"type":"Feature","geometry":{"type":"Point","coordinates":[121.546297,25.07256]},"properties":{"name":"統一速邁自販股份有限公司","address":"臺北市中山區台北市中山區濱江街309號B2","district":"中山區","city":"臺北市","result":"檢驗","types":"新北抽驗(製造端)","grade":""}},{"type":"Feature","geometry":{"type":"Point","coordinates":[121.53206,25.054943]},"properties":{"name":"統一速邁自販股份有限公司","address":"臺北市中山區台北市中山區長春路145號3F","district":"中山區","city":"臺北市","result":"檢驗","types":"新北抽驗(製造端)","grade":""}},{"type":"Feature","geometry":{"type":"Point","coordinates":[121.544751,25.07193]},"properties":{"name":"統一速邁自販股份有限公司","address":"臺北市中山區台北市中山區濱江街284號","district":"中山區","city":"臺北市","result":"檢驗","types":"新北抽驗(製造端)","grade":""}},{"type":"Feature","geometry":{"type":"Point","coordinates":[121.540022,25.079294]},"properties":{"name":"統一速邁自販股份有限公司","address":"臺北市中山區台北市中山區北安路392號","district":"中山區","city":"臺北市","result":"檢驗","types":"新北抽驗(製造端)","grade":""}},{"type":"Feature","geometry":{"type":"Point","coordinates":[121.559188,25.083746]},"properties":{"name":"統一速邁自販股份有限公司","address":"臺北市中山區台北市中山區植福路170號B1","district":"中山區","city":"臺北市","result":"檢驗","types":"新北抽驗(製造端)","grade":""}},{"type":"Feature","geometry":{"type":"Point","coordinates":[121.55527,25.078266]},"properties":{"name":"統一速邁自販股份有限公司","address":"臺北市中山區台北市中山區樂群二路55號","district":"中山區","city":"臺北市","result":"檢驗","types":"新北抽驗(製造端)","grade":""}},{"type":"Feature","geometry":{"type":"Point","coordinates":[121.558943,25.080489]},"properties":{"name":"統一速邁自販股份有限公司","address":"臺北市中山區台北市中山區樂群二路199號","district":"中山區","city":"臺北市","result":"檢驗","types":"新北抽驗(製造端)","grade":""}},{"type":"Feature","geometry":{"type":"Point","coordinates":[121.538125,25.045953]},"properties":{"name":"統一速邁自販股份有限公司","address":"臺北市中山區台北市中山區八德路2段306號B1","district":"中山區","city":"臺北市","result":"檢驗","types":"新北抽驗(製造端)","grade":""}},{"type":"Feature","geometry":{"type":"Point","coordinates":[121.547055,25.072486]},"properties":{"name":"統一速邁自販股份有限公司","address":"臺北市中山區台北市中山區濱江街321號","district":"中山區","city":"臺北市","result":"檢驗","types":"新北抽驗(製造端)","grade":""}},{"type":"Feature","geometry":{"type":"Point","coordinates":[121.527878,25.057863]},"properties":{"name":"統一速邁自販股份有限公司","address":"臺北市中山區民生東路2段172號","district":"中山區","city":"臺北市","result":"檢驗","types":"新北抽驗(製造端)","grade":""}},{"type":"Feature","geometry":{"type":"Point","coordinates":[121.52549,25.057003]},"properties":{"name":"統一速邁自販股份有限公司","address":"臺北市中山區台北市中山區","district":"中山區","city":"臺北市","result":"檢驗","types":"新北抽驗(製造端)","grade":""}},{"type":"Feature","geometry":{"type":"Point","coordinates":[121.565077,25.05021]},"properties":{"name":"統一速邁自販股份有限公司","address":"臺北市松山區台北市松山區東興路8號4F","district":"松山區","city":"臺北市","result":"檢驗","types":"新北抽驗(製造端)","grade":""}},{"type":"Feature","geometry":{"type":"Point","coordinates":[121.564968,25.050824]},"properties":{"name":"統一速邁自販股份有限公司","address":"臺北市松山區台北市松山區東興路8號6F","district":"松山區","city":"臺北市","result":"檢驗","types":"新北抽驗(製造端)","grade":""}},{"type":"Feature","geometry":{"type":"Point","coordinates":[121.564968,25.050824]},"properties":{"name":"統一速邁自販股份有限公司","address":"臺北市松山區台北市松山區東興路8號B1F","district":"松山區","city":"臺北市","result":"檢驗","types":"新北抽驗(製造端)","grade":""}},{"type":"Feature","geometry":{"type":"Point","coordinates":[121.579008,25.051704]},"properties":{"name":"統一速邁自販股份有限公司","address":"臺北市松山區台北市松山區八德路4段760號","district":"松山區","city":"臺北市","result":"檢驗","types":"新北抽驗(製造端)","grade":""}},{"type":"Feature","geometry":{"type":"Point","coordinates":[121.55538,25.052589]},"properties":{"name":"統一速邁自販股份有限公司","address":"臺北市松山區台北市松山區南京東路5段171號","district":"松山區","city":"臺北市","result":"檢驗","types":"新北抽驗(製造端)","grade":""}},{"type":"Feature","geometry":{"type":"Point","coordinates":[121.565357,25.070649]},"properties":{"name":"統一速邁自販股份有限公司","address":"臺北市松山區台北市松山區撫遠街430號","district":"松山區","city":"臺北市","result":"檢驗","types":"新北抽驗(製造端)","grade":""}},{"type":"Feature","geometry":{"type":"Point","coordinates":[121.565077,25.05021]},"properties":{"name":"統一速邁自販股份有限公司","address":"臺北市松山區台北市松山區東興路8號2F","district":"松山區","city":"臺北市","result":"檢驗","types":"新北抽驗(製造端)","grade":""}},{"type":"Feature","geometry":{"type":"Point","coordinates":[121.564968,25.050824]},"properties":{"name":"統一速邁自販股份有限公司","address":"臺北市松山區台北市松山區東興路8號11F","district":"松山區","city":"臺北市","result":"檢驗","types":"新北抽驗(製造端)","grade":""}},{"type":"Feature","geometry":{"type":"Point","coordinates":[121.564968,25.050824]},"properties":{"name":"統一速邁自販股份有限公司","address":"臺北市松山區台北市松山區東興路8號8F","district":"松山區","city":"臺北市","result":"檢驗","types":"新北抽驗(製造端)","grade":""}},{"type":"Feature","geometry":{"type":"Point","coordinates":[121.546193,25.065015]},"properties":{"name":"統一速邁自販股份有限公司","address":"臺北市松山區台北市中山區民族東路17號","district":"松山區","city":"臺北市","result":"檢驗","types":"新北抽驗(製造端)","grade":""}},{"type":"Feature","geometry":{"type":"Point","coordinates":[121.565254,25.04977]},"properties":{"name":"統一速邁自販股份有限公司","address":"臺北市松山區台北市松山區東興路12號8樓","district":"松山區","city":"臺北市","result":"檢驗","types":"新北抽驗(製造端)","grade":""}},{"type":"Feature","geometry":{"type":"Point","coordinates":[121.59107,25.049542]},"properties":{"name":"統一速邁自販股份有限公司","address":"臺北市松山區台北市南港區忠孝東路六段360號","district":"松山區","city":"臺北市","result":"檢驗","types":"新北抽驗(製造端)","grade":""}},{"type":"Feature","geometry":{"type":"Point","coordinates":[121.544616,25.063427]},"properties":{"name":"統一速邁自販股份有限公司","address":"臺北市松山區台北市松山區復興北路1號1樓","district":"松山區","city":"臺北市","result":"檢驗","types":"新北抽驗(製造端)","grade":""}},{"type":"Feature","geometry":{"type":"Point","coordinates":[121.574597,25.042891]},"properties":{"name":"統一速邁自販股份有限公司","address":"臺北市松山區台北市松山區虎林街121巷17號","district":"松山區","city":"臺北市","result":"檢驗","types":"新北抽驗(製造端)","grade":""}},{"type":"Feature","geometry":{"type":"Point","coordinates":[121.577857,25.043821]},"properties":{"name":"統一速邁自販股份有限公司","address":"臺北市松山區台北市松山區三民路160號B2","district":"松山區","city":"臺北市","result":"檢驗","types":"新北抽驗(製造端)","grade":""}},{"type":"Feature","geometry":{"type":"Point","coordinates":[121.548498,25.054182]},"properties":{"name":"統一速邁自販股份有限公司","address":"臺北市松山區台北市敦化北路122號5樓","district":"松山區","city":"臺北市","result":"檢驗","types":"新北抽驗(製造端)","grade":""}},{"type":"Feature","geometry":{"type":"Point","coordinates":[121.530595,25.019178]},"properties":{"name":"統一速邁自販股份有限公司","address":"臺北市大安區台北市大安區羅斯福路4段1號","district":"大安區","city":"臺北市","result":"檢驗","types":"新北抽驗(製造端)","grade":""}},{"type":"Feature","geometry":{"type":"Point","coordinates":[121.541417,25.037513]},"properties":{"name":"統一速邁自販股份有限公司","address":"臺北市大安區台北市大安區仁愛路三段136號","district":"大安區","city":"臺北市","result":"檢驗","types":"新北抽驗(製造端)","grade":""}},{"type":"Feature","geometry":{"type":"Point","coordinates":[121.580671,25.043915]},"properties":{"name":"統一速邁自販股份有限公司","address":"臺北市大安區台北市信義區忠孝東路4段22號","district":"大安區","city":"臺北市","result":"檢驗","types":"新北抽驗(製造端)","grade":""}},{"type":"Feature","geometry":{"type":"Point","coordinates":[121.538836,25.009182]},"properties":{"name":"統一速邁自販股份有限公司","address":"臺北市大安區台北市大安區羅斯福路四段1號","district":"大安區","city":"臺北市","result":"檢驗","types":"新北抽驗(製造端)","grade":""}},{"type":"Feature","geometry":{"type":"Point","coordinates":[121.548592,25.013551]},"properties":{"name":"統一速邁自販股份有限公司","address":"臺北市大安區台北市大安區辛亥路3段30號","district":"大安區","city":"臺北市","result":"檢驗","types":"新北抽驗(製造端)","grade":""}},{"type":"Feature","geometry":{"type":"Point","coordinates":[121.555836,25.032715]},"properties":{"name":"統一速邁自販股份有限公司","address":"臺北市大安區台北市大安區信義路3段143號","district":"大安區","city":"臺北市","result":"檢驗","types":"新北抽驗(製造端)","grade":""}},{"type":"Feature","geometry":{"type":"Point","coordinates":[121.546537,25.019847]},"properties":{"name":"統一速邁自販股份有限公司","address":"臺北市大安區台北市大安區辛亥路三段81號","district":"大安區","city":"臺北市","result":"檢驗","types":"新北抽驗(製造端)","grade":""}},{"type":"Feature","geometry":{"type":"Point","coordinates":[121.602091,25.055069]},"properties":{"name":"統一速邁自販股份有限公司","address":"臺北市大安區台北市中正區紹興南街6號","district":"大安區","city":"臺北市","result":"檢驗","types":"新北抽驗(製造端)","grade":""}},{"type":"Feature","geometry":{"type":"Point","coordinates":[121.545006,25.016501]},"properties":{"name":"統一速邁自販股份有限公司","address":"臺北市大安區台北市大安區長興街50號","district":"大安區","city":"臺北市","result":"檢驗","types":"新北抽驗(製造端)","grade":""}},{"type":"Feature","geometry":{"type":"Point","coordinates":[121.553373,25.02554]},"properties":{"name":"統一速邁自販股份有限公司","address":"臺北市大安區台北市大安區基隆路3段155巷底","district":"大安區","city":"臺北市","result":"檢驗","types":"新北抽驗(製造端)","grade":""}},{"type":"Feature","geometry":{"type":"Point","coordinates":[121.545077,25.016786]},"properties":{"name":"統一速邁自販股份有限公司","address":"臺北市大安區台北市大安區長興街31號","district":"大安區","city":"臺北市","result":"檢驗","types":"新北抽驗(製造端)","grade":""}},{"type":"Feature","geometry":{"type":"Point","coordinates":[121.545974,25.040918]},"properties":{"name":"統一速邁自販股份有限公司","address":"臺北市大安區台北市大安區大安路2段99號B1","district":"大安區","city":"臺北市","result":"檢驗","types":"新北抽驗(製造端)","grade":""}},{"type":"Feature","geometry":{"type":"Point","coordinates":[121.554074,25.022375]},"properties":{"name":"統一速邁自販股份有限公司","address":"臺北市中正區台北市大安區和平東路1段129號","district":"中正區","city":"臺北市","result":"檢驗","types":"新北抽驗(製造端)","grade":""}},{"type":"Feature","geometry":{"type":"Point","coordinates":[121.496403,25.038596]},"properties":{"name":"統一速邁自販股份有限公司","address":"臺北市萬華區台北市萬華區桂林路1號","district":"萬華區","city":"臺北市","result":"檢驗","types":"新北抽驗(製造端)","grade":""}},{"type":"Feature","geometry":{"type":"Point","coordinates":[121.48895,25.032211]},"properties":{"name":"統一速邁自販股份有限公司","address":"臺北市萬華區台北市萬華區長順街58號","district":"萬華區","city":"臺北市","result":"檢驗","types":"新北抽驗(製造端)","grade":""}},{"type":"Feature","geometry":{"type":"Point","coordinates":[121.495989,25.033801]},"properties":{"name":"統一速邁自販股份有限公司","address":"臺北市萬華區台北市萬華區大理街140號1樓","district":"萬華區","city":"臺北市","result":"檢驗","types":"新北抽驗(製造端)","grade":""}},{"type":"Feature","geometry":{"type":"Point","coordinates":[121.499549,25.041124]},"properties":{"name":"統一速邁自販股份有限公司","address":"臺北市萬華區台北市萬華區環河南路1段77號","district":"萬華區","city":"臺北市","result":"檢驗","types":"新北抽驗(製造端)","grade":""}},{"type":"Feature","geometry":{"type":"Point","coordinates":[121.4987,25.02916]},"properties":{"name":"統一速邁自販股份有限公司","address":"臺北市萬華區台北市萬華區西藏路201號","district":"萬華區","city":"臺北市","result":"檢驗","types":"新北抽驗(製造端)","grade":""}},{"type":"Feature","geometry":{"type":"Point","coordinates":[121.569302,25.024635]},"properties":{"name":"統一速邁自販股份有限公司","address":"臺北市信義區台北市信義區松仁路3號5F","district":"信義區","city":"臺北市","result":"檢驗","types":"新北抽驗(製造端)","grade":""}},{"type":"Feature","geometry":{"type":"Point","coordinates":[121.561109,25.034255]},"properties":{"name":"統一速邁自販股份有限公司","address":"臺北市信義區台北市信義區基隆路一段333號9F","district":"信義區","city":"臺北市","result":"檢驗","types":"新北抽驗(製造端)","grade":""}},{"type":"Feature","geometry":{"type":"Point","coordinates":[121.565071,25.039515]},"properties":{"name":"統一速邁自販股份有限公司","address":"臺北市信義區台北市信義區松高路9號20F","district":"信義區","city":"臺北市","result":"檢驗","types":"新北抽驗(製造端)","grade":""}},{"type":"Feature","geometry":{"type":"Point","coordinates":[121.578439,25.040232]},"properties":{"name":"統一速邁自販股份有限公司","address":"臺北市信義區台北市信義區忠孝東路5段6號","district":"信義區","city":"臺北市","result":"檢驗","types":"新北抽驗(製造端)","grade":""}},{"type":"Feature","geometry":{"type":"Point","coordinates":[121.578439,25.040232]},"properties":{"name":"統一速邁自販股份有限公司","address":"臺北市信義區台北市信義區忠孝東路5段8號","district":"信義區","city":"臺北市","result":"檢驗","types":"新北抽驗(製造端)","grade":""}},{"type":"Feature","geometry":{"type":"Point","coordinates":[121.561111,25.044737]},"properties":{"name":"統一速邁自販股份有限公司","address":"臺北市信義區台北市信義區菸廠路88號5F","district":"信義區","city":"臺北市","result":"檢驗","types":"新北抽驗(製造端)","grade":""}},{"type":"Feature","geometry":{"type":"Point","coordinates":[121.561111,25.044737]},"properties":{"name":"統一速邁自販股份有限公司","address":"臺北市信義區台北市信義區菸廠路88號B3F","district":"信義區","city":"臺北市","result":"檢驗","types":"新北抽驗(製造端)","grade":""}},{"type":"Feature","geometry":{"type":"Point","coordinates":[121.578439,25.040232]},"properties":{"name":"統一速邁自販股份有限公司","address":"臺北市信義區台北市信義區忠孝東5段路10號","district":"信義區","city":"臺北市","result":"檢驗","types":"新北抽驗(製造端)","grade":""}},{"type":"Feature","geometry":{"type":"Point","coordinates":[121.566353,25.047704]},"properties":{"name":"統一速邁自販股份有限公司","address":"臺北市信義區台北市信義區東興路45號11F","district":"信義區","city":"臺北市","result":"檢驗","types":"新北抽驗(製造端)","grade":""}},{"type":"Feature","geometry":{"type":"Point","coordinates":[121.579137,25.049215]},"properties":{"name":"統一速邁自販股份有限公司","address":"臺北市信義區台北市南港區市民大道六段288號","district":"信義區","city":"臺北市","result":"檢驗","types":"新北抽驗(製造端)","grade":""}},{"type":"Feature","geometry":{"type":"Point","coordinates":[121.561111,25.044737]},"properties":{"name":"統一速邁自販股份有限公司","address":"臺北市信義區台北市信義區菸廠路88號7F","district":"信義區","city":"臺北市","result":"檢驗","types":"新北抽驗(製造端)","grade":""}},{"type":"Feature","geometry":{"type":"Point","coordinates":[121.57541,25.035068]},"properties":{"name":"統一速邁自販股份有限公司","address":"臺北市信義區台北市信義區信義路5段5號","district":"信義區","city":"臺北市","result":"檢驗","types":"新北抽驗(製造端)","grade":""}},{"type":"Feature","geometry":{"type":"Point","coordinates":[121.568126,25.03446]},"properties":{"name":"統一速邁自販股份有限公司","address":"臺北市信義區台北市信義區松仁路100號22F","district":"信義區","city":"臺北市","result":"檢驗","types":"新北抽驗(製造端)","grade":""}},{"type":"Feature","geometry":{"type":"Point","coordinates":[121.568126,25.03446]},"properties":{"name":"統一速邁自販股份有限公司","address":"臺北市信義區台北市信義區松仁路100號17F","district":"信義區","city":"臺北市","result":"檢驗","types":"新北抽驗(製造端)","grade":""}},{"type":"Feature","geometry":{"type":"Point","coordinates":[121.568126,25.03446]},"properties":{"name":"統一速邁自販股份有限公司","address":"臺北市信義區台北市信義區松仁路100號16F","district":"信義區","city":"臺北市","result":"檢驗","types":"新北抽驗(製造端)","grade":""}},{"type":"Feature","geometry":{"type":"Point","coordinates":[121.568126,25.03446]},"properties":{"name":"統一速邁自販股份有限公司","address":"臺北市信義區台北市信義區松仁路100號21F","district":"信義區","city":"臺北市","result":"檢驗","types":"新北抽驗(製造端)","grade":""}},{"type":"Feature","geometry":{"type":"Point","coordinates":[121.56524,25.039516]},"properties":{"name":"統一速邁自販股份有限公司","address":"臺北市信義區台北市信義區松高路11號22F","district":"信義區","city":"臺北市","result":"檢驗","types":"新北抽驗(製造端)","grade":""}},{"type":"Feature","geometry":{"type":"Point","coordinates":[121.56524,25.039516]},"properties":{"name":"統一速邁自販股份有限公司","address":"臺北市信義區台北市信義區松高路11號24F","district":"信義區","city":"臺北市","result":"檢驗","types":"新北抽驗(製造端)","grade":""}},{"type":"Feature","geometry":{"type":"Point","coordinates":[121.568126,25.03446]},"properties":{"name":"統一速邁自販股份有限公司","address":"臺北市信義區台北市信義區松仁路100號18F","district":"信義區","city":"臺北市","result":"檢驗","types":"新北抽驗(製造端)","grade":""}},{"type":"Feature","geometry":{"type":"Point","coordinates":[121.559738,25.043688]},"properties":{"name":"統一速邁自販股份有限公司","address":"臺北市信義區台北市信義區光復南路133號","district":"信義區","city":"臺北市","result":"檢驗","types":"新北抽驗(製造端)","grade":""}},{"type":"Feature","geometry":{"type":"Point","coordinates":[121.58204,25.043389]},"properties":{"name":"統一速邁自販股份有限公司","address":"臺北市信義區台北市信義區中坡南路98巷","district":"信義區","city":"臺北市","result":"檢驗","types":"新北抽驗(製造端)","grade":""}},{"type":"Feature","geometry":{"type":"Point","coordinates":[121.565922,25.036053]},"properties":{"name":"統一速邁自販股份有限公司","address":"臺北市信義區台北市信義區松壽路3號","district":"信義區","city":"臺北市","result":"檢驗","types":"新北抽驗(製造端)","grade":""}},{"type":"Feature","geometry":{"type":"Point","coordinates":[121.562708,25.02662]},"properties":{"name":"統一速邁自販股份有限公司","address":"臺北市信義區台北市信義區吳興街250號","district":"信義區","city":"臺北市","result":"檢驗","types":"新北抽驗(製造端)","grade":""}},{"type":"Feature","geometry":{"type":"Point","coordinates":[121.569302,25.024635]},"properties":{"name":"統一速邁自販股份有限公司","address":"臺北市信義區台北市信義區松仁路3號9樓","district":"信義區","city":"臺北市","result":"檢驗","types":"新北抽驗(製造端)","grade":""}},{"type":"Feature","geometry":{"type":"Point","coordinates":[121.559152,25.037535]},"properties":{"name":"統一速邁自販股份有限公司","address":"臺北市信義區台北市信義區仁愛路4段505號","district":"信義區","city":"臺北市","result":"檢驗","types":"新北抽驗(製造端)","grade":""}},{"type":"Feature","geometry":{"type":"Point","coordinates":[121.567999,25.033643]},"properties":{"name":"統一速邁自販股份有限公司","address":"臺北市信義區台北市信義區松仁路130號","district":"信義區","city":"臺北市","result":"檢驗","types":"新北抽驗(製造端)","grade":""}},{"type":"Feature","geometry":{"type":"Point","coordinates":[121.573314,25.019046]},"properties":{"name":"統一速邁自販股份有限公司","address":"臺北市信義區台北市信義區吳興街600巷107號-1","district":"信義區","city":"臺北市","result":"檢驗","types":"新北抽驗(製造端)","grade":""}},{"type":"Feature","geometry":{"type":"Point","coordinates":[121.56524,25.039516]},"properties":{"name":"統一速邁自販股份有限公司","address":"臺北市信義區松高路11號","district":"信義區","city":"臺北市","result":"檢驗","types":"新北抽驗(製造端)","grade":""}},{"type":"Feature","geometry":{"type":"Point","coordinates":[121.57507,25.119305]},"properties":{"name":"統一速邁自販股份有限公司","address":"臺北市士林區台北市士林區至善路3段13號","district":"士林區","city":"臺北市","result":"檢驗","types":"新北抽驗(製造端)","grade":""}},{"type":"Feature","geometry":{"type":"Point","coordinates":[121.552555,25.117972]},"properties":{"name":"統一速邁自販股份有限公司","address":"臺北市士林區台北市士林區仰德大道1段110號","district":"士林區","city":"臺北市","result":"檢驗","types":"新北抽驗(製造端)","grade":""}},{"type":"Feature","geometry":{"type":"Point","coordinates":[121.526985,25.102382]},"properties":{"name":"統一速邁自販股份有限公司","address":"臺北市士林區台北市士林區雨聲街165巷底","district":"士林區","city":"臺北市","result":"檢驗","types":"新北抽驗(製造端)","grade":""}},{"type":"Feature","geometry":{"type":"Point","coordinates":[121.523059,25.088644]},"properties":{"name":"統一速邁自販股份有限公司","address":"臺北市士林區台北市士林區基河路128號","district":"士林區","city":"臺北市","result":"檢驗","types":"新北抽驗(製造端)","grade":""}},{"type":"Feature","geometry":{"type":"Point","coordinates":[121.506158,25.116178]},"properties":{"name":"統一速邁自販股份有限公司","address":"臺北市士林區台北市北投區承德路七段3號","district":"士林區","city":"臺北市","result":"檢驗","types":"新北抽驗(製造端)","grade":""}},{"type":"Feature","geometry":{"type":"Point","coordinates":[121.552263,25.101725]},"properties":{"name":"統一速邁自販股份有限公司","address":"臺北市士林區台北市士林區至善路二段321號","district":"士林區","city":"臺北市","result":"檢驗","types":"新北抽驗(製造端)","grade":""}},{"type":"Feature","geometry":{"type":"Point","coordinates":[121.519444,25.10279]},"properties":{"name":"統一速邁自販股份有限公司","address":"臺北市士林區台北市士林區文林路751號","district":"士林區","city":"臺北市","result":"檢驗","types":"新北抽驗(製造端)","grade":""}},{"type":"Feature","geometry":{"type":"Point","coordinates":[121.549725,25.136615]},"properties":{"name":"統一速邁自販股份有限公司","address":"臺北市士林區台北市士林區建業路34-5號","district":"士林區","city":"臺北市","result":"檢驗","types":"新北抽驗(製造端)","grade":""}},{"type":"Feature","geometry":{"type":"Point","coordinates":[121.521425,25.089334]},"properties":{"name":"統一速邁自販股份有限公司","address":"臺北市士林區台北市士林區士商路1號","district":"士林區","city":"臺北市","result":"檢驗","types":"新北抽驗(製造端)","grade":""}},{"type":"Feature","geometry":{"type":"Point","coordinates":[121.521425,25.089334]},"properties":{"name":"統一速邁自販股份有限公司","address":"臺北市士林區台北市士林區士商路1號7F","district":"士林區","city":"臺北市","result":"檢驗","types":"新北抽驗(製造端)","grade":""}},{"type":"Feature","geometry":{"type":"Point","coordinates":[121.61258,25.053227]},"properties":{"name":"波賽頓國際貿易有限公司","address":"台北市大安區忠孝東路4段191號5樓","district":"大安區","city":"臺北市","result":"檢驗","types":"新北抽驗(製造端)、新北抽驗(販售端)","grade":""}},{"type":"Feature","geometry":{"type":"Point","coordinates":[121.555296,25.077217]},"properties":{"name":"美福飯店管理顧問股份有限公司","address":"台北市中山區樂群二路55號1樓","district":"中山區","city":"臺北市","result":"檢驗","types":"台北稽查","grade":""}},{"type":"Feature","geometry":{"type":"Point","coordinates":[121.52578,25.060174]},"properties":{"name":"青田有限公司","address":"台北市中山區錦州街46號9樓之1","district":"中山區","city":"臺北市","result":"檢驗","types":"新北抽驗(製造端)","grade":""}},{"type":"Feature","geometry":{"type":"Point","coordinates":[121.54945,25.043615]},"properties":{"name":"斯伯登寶翠有限公司","address":"台北市大安區敦化南路1段205號8樓","district":"大安區","city":"臺北市","result":"檢驗","types":"新北抽驗(製造端)","grade":""}},{"type":"Feature","geometry":{"type":"Point","coordinates":[121.55538,25.052589]},"properties":{"name":"力而美企業股份有限公司","address":"台北市松山區南京東路5段296號9樓之1","district":"松山區","city":"臺北市","result":"檢驗","types":"新北抽驗(製造端)","grade":""}},{"type":"Feature","geometry":{"type":"Point","coordinates":[121.525384,25.067555]},"properties":{"name":"奇歐實業有限公司","address":"台北市中山區雙城街43巷31之1號","district":"中山區","city":"臺北市","result":"檢驗","types":"新北抽驗(製造端)","grade":""}},{"type":"Feature","geometry":{"type":"Point","coordinates":[121.558003,25.081043]},"properties":{"name":"全聯阪急麵包股份有限公司","address":"台北市中山區敬業四路33號8樓","district":"中山區","city":"臺北市","result":"檢驗","types":"新北抽驗(製造端)","grade":""}},{"type":"Feature","geometry":{"type":"Point","coordinates":[121.531107,25.064905]},"properties":{"name":"固的有限公司","address":"台北市中山區農安街153號1樓","district":"中山區","city":"臺北市","result":"檢驗","types":"台北稽查","grade":""}},{"type":"Feature","geometry":{"type":"Point","coordinates":[121.61646,25.053346]},"properties":{"name":"貴族世家企業股份有限公司","address":"台北市南港區研究院路一段47號","district":"南港區","city":"臺北市","result":"檢驗","types":"新北抽驗(製造端)","grade":""}},{"type":"Feature","geometry":{"type":"Point","coordinates":[121.566774,24.989564]},"properties":{"name":"貴族世家企業股份有限公司","address":"台北市文山區木柵路三段15號","district":"文山區","city":"臺北市","result":"檢驗","types":"新北抽驗(製造端)","grade":""}},{"type":"Feature","geometry":{"type":"Point","coordinates":[121.512406,25.114105]},"properties":{"name":"貴族世家企業股份有限公司","address":"台北市北投區石牌路一段126-1號","district":"北投區","city":"臺北市","result":"檢驗","types":"新北抽驗(製造端)","grade":""}},{"type":"Feature","geometry":{"type":"Point","coordinates":[121.532053,24.991628]},"properties":{"name":"貴族世家企業股份有限公司","address":"台北市文山區景文街23號","district":"文山區","city":"臺北市","result":"檢驗","types":"新北抽驗(製造端)","grade":""}},{"type":"Feature","geometry":{"type":"Point","coordinates":[121.53107,25.018223]},"properties":{"name":"貴族世家企業股份有限公司","address":"台北市大安區羅斯福路三段277號","district":"大安區","city":"臺北市","result":"檢驗","types":"新北抽驗(製造端)","grade":""}},{"type":"Feature","geometry":{"type":"Point","coordinates":[121.577546,25.035692]},"properties":{"name":"貴族世家企業股份有限公司","address":"台北市信義區信義路六段94號","district":"信義區","city":"臺北市","result":"檢驗","types":"新北抽驗(製造端)","grade":""}},{"type":"Feature","geometry":{"type":"Point","coordinates":[121.519379,25.079881]},"properties":{"name":"貴族世家企業股份有限公司","address":"台北市士林區承德路四段56號1樓","district":"士林區","city":"臺北市","result":"檢驗","types":"新北抽驗(製造端)","grade":""}},{"type":"Feature","geometry":{"type":"Point","coordinates":[121.539158,25.060494]},"properties":{"name":"貴族世家企業股份有限公司","address":"台北市中山區合江街164號","district":"中山區","city":"臺北市","result":"檢驗","types":"新北抽驗(製造端)","grade":""}},{"type":"Feature","geometry":{"type":"Point","coordinates":[121.559948,25.058767]},"properties":{"name":"貴族世家企業股份有限公司","address":"台北市松山區民生東路五段101號","district":"松山區","city":"臺北市","result":"檢驗","types":"新北抽驗(製造端)","grade":""}},{"type":"Feature","geometry":{"type":"Point","coordinates":[121.52021,25.057461]},"properties":{"name":"貴族世家企業股份有限公司","address":"台北市大同區民生西路84號2樓","district":"大同區","city":"臺北市","result":"檢驗","types":"新北抽驗(製造端)","grade":""}},{"type":"Feature","geometry":{"type":"Point","coordinates":[121.589961,25.079535]},"properties":{"name":"貴族世家企業股份有限公司","address":"台北市內湖區成功路三段139號","district":"內湖區","city":"臺北市","result":"檢驗","types":"新北抽驗(製造端)","grade":""}},{"type":"Feature","geometry":{"type":"Point","coordinates":[121.509826,25.085235]},"properties":{"name":"貴族世家企業股份有限公司","address":"台北市士林區延平北路五段272號1樓","district":"士林區","city":"臺北市","result":"檢驗","types":"新北抽驗(製造端)","grade":""}},{"type":"Feature","geometry":{"type":"Point","coordinates":[121.498174,25.135546]},"properties":{"name":"貴族世家企業股份有限公司","address":"台北市北投區中央北路一段169號1F","district":"北投區","city":"臺北市","result":"檢驗","types":"新北抽驗(製造端)","grade":""}},{"type":"Feature","geometry":{"type":"Point","coordinates":[121.538742,25.03369]},"properties":{"name":"貴族世家企業股份有限公司","address":"台北市大安區信義路三段101號","district":"大安區","city":"臺北市","result":"檢驗","types":"新北抽驗(製造端)","grade":""}},{"type":"Feature","geometry":{"type":"Point","coordinates":[121.520249,25.107182]},"properties":{"name":"有豐食品股份有限公司","address":"台北市北投區文林北路80巷101號1樓","district":"北投區","city":"臺北市","result":"未檢驗","types":"新北抽驗(製造端)","grade":""}},{"type":"Feature","geometry":{"type":"Point","coordinates":[121.52125,25.082624]},"properties":{"name":"特圓有限公司","address":"台北市士林區承德路4段150號9樓","district":"士林區","city":"臺北市","result":"檢驗","types":"新北抽驗(製造端)","grade":""}},{"type":"Feature","geometry":{"type":"Point","coordinates":[121.577105,25.071704]},"properties":{"name":"台灣農畜產工業股份有限公司","address":"台北市內湖區陽光街321巷60號3樓","district":"內湖區","city":"臺北市","result":"檢驗","types":"新北抽驗(製造端)","grade":""}},{"type":"Feature","geometry":{"type":"Point","coordinates":[121.61258,25.053227]},"properties":{"name":"台灣農畜產工業股份有限公司","address":"台北市大安區忠孝東路4段45號B2","district":"大安區","city":"臺北市","result":"檢驗","types":"新北抽驗(製造端)","grade":""}},{"type":"Feature","geometry":{"type":"Point","coordinates":[121.508745,25.060894]},"properties":{"name":"新祥紀食品有限公司","address":"台北市大同區迪化街1段224巷14號1樓","district":"大同區","city":"臺北市","result":"未檢驗","types":"新北抽驗(製造端)","grade":""}},{"type":"Feature","geometry":{"type":"Point","coordinates":[121.530157,25.048405]},"properties":{"name":"樂活有限公司","address":"台北市中山區長安東路2段106號1樓","district":"中山區","city":"臺北市","result":"檢驗","types":"新北抽驗(製造端)","grade":""}},{"type":"Feature","geometry":{"type":"Point","coordinates":[121.531034,25.051761]},"properties":{"name":"台灣海洋深層水股份有限公司","address":"台北市中山區南京東路二段88號10樓","district":"中山區","city":"臺北市","result":"檢驗","types":"新北抽驗(製造端)","grade":""}},{"type":"Feature","geometry":{"type":"Point","coordinates":[121.554033,25.032471]},"properties":{"name":"吉品養生股份有限公司","address":"台北市大安區文昌街106號1樓","district":"大安區","city":"臺北市","result":"檢驗","types":"新北抽驗(製造端)","grade":""}},{"type":"Feature","geometry":{"type":"Point","coordinates":[121.521418,25.051211]},"properties":{"name":"吉品養生股份有限公司","address":"台北市中山區南京西路12號B2","district":"中山區","city":"臺北市","result":"檢驗","types":"新北抽驗(製造端)","grade":""}},{"type":"Feature","geometry":{"type":"Point","coordinates":[121.515299,25.046226]},"properties":{"name":"吉品養生股份有限公司","address":"台北市中正區忠孝西路一段66號","district":"中正區","city":"臺北市","result":"檢驗","types":"新北抽驗(製造端)","grade":""}},{"type":"Feature","geometry":{"type":"Point","coordinates":[121.548439,25.040147]},"properties":{"name":"吉品養生股份有限公司","address":"台北市大安區敦化南路一段246號B2","district":"大安區","city":"臺北市","result":"檢驗","types":"新北抽驗(製造端)","grade":""}},{"type":"Feature","geometry":{"type":"Point","coordinates":[121.566664,25.03936]},"properties":{"name":"吉品養生股份有限公司","address":"台北市信義區松高路19號B2F","district":"信義區","city":"臺北市","result":"檢驗","types":"新北抽驗(製造端)","grade":""}},{"type":"Feature","geometry":{"type":"Point","coordinates":[121.543054,25.041212]},"properties":{"name":"吉品養生股份有限公司","address":"台北市大安區忠孝東路三段300號 B3·(SOGO復興)","district":"大安區","city":"臺北市","result":"檢驗","types":"新北抽驗(製造端)","grade":""}},{"type":"Feature","geometry":{"type":"Point","coordinates":[121.524275,25.105008]},"properties":{"name":"吉品養生股份有限公司","address":"台北市士林區中山北路六段77號B1","district":"士林區","city":"臺北市","result":"檢驗","types":"新北抽驗(製造端)","grade":""}},{"type":"Feature","geometry":{"type":"Point","coordinates":[121.520986,25.09625]},"properties":{"name":"昱品食品有限公司","address":"台北市士林區文昌路95號","district":"士林區","city":"臺北市","result":"檢驗","types":"新北抽驗(製造端)、新北抽驗(販售端)","grade":""}},{"type":"Feature","geometry":{"type":"Point","coordinates":[121.547453,25.022334]},"properties":{"name":"十味觀食品股份有限公司","address":"台北市大安區敦化南路2段38號8樓之1","district":"大安區","city":"臺北市","result":"檢驗","types":"新北抽驗(製造端)","grade":""}},{"type":"Feature","geometry":{"type":"Point","coordinates":[121.508198,25.136373]},"properties":{"name":"耐美貿易有限公司","address":"台北市北投區光明路246號1樓","district":"北投區","city":"臺北市","result":"檢驗","types":"新北抽驗(製造端)","grade":""}},{"type":"Feature","geometry":{"type":"Point","coordinates":[121.517055,25.047176]},"properties":{"name":"阮的肉干有限公司","address":"台北市中正區北平西路3號百貨櫃無統編","district":"中正區","city":"臺北市","result":"檢驗","types":"新北抽驗(製造端)、新北抽驗(販售端)","grade":""}},{"type":"Feature","geometry":{"type":"Point","coordinates":[121.556688,25.051375]},"properties":{"name":"艾波索股份有限公司","address":"台北市松山區南京東路四段164號","district":"松山區","city":"臺北市","result":"檢驗","types":"新北抽驗(製造端)、新北抽驗(販售端)","grade":""}},{"type":"Feature","geometry":{"type":"Point","coordinates":[121.554954,25.052314]},"properties":{"name":"艾波索股份有限公司","address":"台北市松山區南京東路4段164號","district":"松山區","city":"臺北市","result":"檢驗","types":"新北抽驗(製造端)、新北抽驗(販售端)","grade":""}},{"type":"Feature","geometry":{"type":"Point","coordinates":[121.521651,25.0443]},"properties":{"name":"艾波索股份有限公司","address":"台北市中正區鎮江街3號","district":"中正區","city":"臺北市","result":"檢驗","types":"新北抽驗(製造端)、新北抽驗(販售端)","grade":""}},{"type":"Feature","geometry":{"type":"Point","coordinates":[121.520474,25.057492]},"properties":{"name":"御品園蛋品行","address":"台北市大同區民生西路72號","district":"大同區","city":"臺北市","result":"檢驗","types":"新北抽驗(製造端)","grade":""}},{"type":"Feature","geometry":{"type":"Point","coordinates":[121.526495,25.095293]},"properties":{"name":"御品園蛋品行","address":"台北市士林區中正路215號3樓","district":"士林區","city":"臺北市","result":"檢驗","types":"新北抽驗(製造端)","grade":""}},{"type":"Feature","geometry":{"type":"Point","coordinates":[121.520494,25.07036]},"properties":{"name":"御品園蛋品行","address":"台北市中山區玉門街1號(圓山站1號出口)","district":"中山區","city":"臺北市","result":"檢驗","types":"新北抽驗(製造端)","grade":""}},{"type":"Feature","geometry":{"type":"Point","coordinates":[121.515213,25.115005]},"properties":{"name":"御品園蛋品行","address":"台北市北投區石牌路一段200號","district":"北投區","city":"臺北市","result":"檢驗","types":"新北抽驗(製造端)","grade":""}},{"type":"Feature","geometry":{"type":"Point","coordinates":[121.538653,25.066837]},"properties":{"name":"豪億商行","address":"台北市中山區民族東路410巷23弄5號1樓","district":"中山區","city":"臺北市","result":"未檢驗","types":"新北抽驗(製造端)","grade":""}},{"type":"Feature","geometry":{"type":"Point","coordinates":[121.543569,25.060311]},"properties":{"name":"福錦小吃店","address":"台北市中山區錦州街459號","district":"中山區","city":"臺北市","result":"檢驗","types":"台北稽查","grade":""}},{"type":"Feature","geometry":{"type":"Point","coordinates":[121.501561,25.133064]},"properties":{"name":"古意人水果專賣店","address":"台北市北投區中央南路1段159、161號","district":"北投區","city":"臺北市","result":"未檢驗","types":"新北抽驗(販售端)","grade":""}},{"type":"Feature","geometry":{"type":"Point","coordinates":[121.52948,25.030626]},"properties":{"name":"用心製作食品有限公司","address":"台北市大安區永康街28號","district":"大安區","city":"臺北市","result":"檢驗","types":"新北抽驗(販售端)","grade":""}},{"type":"Feature","geometry":{"type":"Point","coordinates":[121.536318,25.046905]},"properties":{"name":"華強實業股份有限公司","address":"台北市中山區建國北路1段21號7樓","district":"中山區","city":"臺北市","result":"檢驗","types":"新北抽驗(製造端)","grade":""}},{"type":"Feature","geometry":{"type":"Point","coordinates":[121.495999,25.122312]},"properties":{"name":"華強實業股份有限公司","address":"台北市北投區大度路3段296巷41號1樓","district":"北投區","city":"臺北市","result":"檢驗","types":"新北抽驗(製造端)","grade":""}},{"type":"Feature","geometry":{"type":"Point","coordinates":[121.509376,25.071272]},"properties":{"name":"華強實業股份有限公司","address":"台北市大同區環河北路二段289號2樓","district":"大同區","city":"臺北市","result":"檢驗","types":"新北抽驗(製造端)","grade":""}},{"type":"Feature","geometry":{"type":"Point","coordinates":[121.466276,25.130012]},"properties":{"name":"華強實業股份有限公司","address":"台北市北投區學園路1號","district":"北投區","city":"臺北市","result":"檢驗","types":"新北抽驗(製造端)","grade":""}},{"type":"Feature","geometry":{"type":"Point","coordinates":[121.553525,25.048718]},"properties":{"name":"台灣明治食品股份有限公司","address":"台北市松山區八德路4段760號4樓之1","district":"松山區","city":"臺北市","result":"檢驗","types":"新北抽驗(製造端)","grade":""}},{"type":"Feature","geometry":{"type":"Point","coordinates":[121.510544,25.059584]},"properties":{"name":"恒瑞貿易有限公司","address":"台北市大同區民樂街181號1樓","district":"大同區","city":"臺北市","result":"未檢驗","types":"新北抽驗(製造端)","grade":""}},{"type":"Feature","geometry":{"type":"Point","coordinates":[121.55092,25.038224]},"properties":{"name":"國際機能食品股份有限公司","address":"台北市大安區安和路一段40號","district":"大安區","city":"臺北市","result":"未檢驗","types":"新北抽驗(製造端)","grade":""}},{"type":"Feature","geometry":{"type":"Point","coordinates":[121.526356,25.035321]},"properties":{"name":"國際機能食品股份有限公司","address":"台北市中正區金山南路一段125-2號1樓","district":"中正區","city":"臺北市","result":"未檢驗","types":"新北抽驗(製造端)","grade":""}},{"type":"Feature","geometry":{"type":"Point","coordinates":[121.554162,25.001117]},"properties":{"name":"國際機能食品股份有限公司","address":"台北市文山區興隆路二段337號","district":"文山區","city":"臺北市","result":"未檢驗","types":"新北抽驗(製造端)","grade":""}},{"type":"Feature","geometry":{"type":"Point","coordinates":[121.543054,25.041212]},"properties":{"name":"國際機能食品股份有限公司","address":"台北市大安區忠孝東路三段300號B3","district":"大安區","city":"臺北市","result":"未檢驗","types":"新北抽驗(製造端)","grade":""}},{"type":"Feature","geometry":{"type":"Point","coordinates":[121.525315,25.108304]},"properties":{"name":"國際機能食品股份有限公司","address":"台北市士林區中山北路六段210號","district":"士林區","city":"臺北市","result":"未檢驗","types":"新北抽驗(製造端)","grade":""}},{"type":"Feature","geometry":{"type":"Point","coordinates":[121.518555,25.040776]},"properties":{"name":"漢記股份有限公司","address":"台北市中正區中山南路7號B1","district":"中正區","city":"臺北市","result":"檢驗","types":"新北抽驗(販售端)","grade":""}},{"type":"Feature","geometry":{"type":"Point","coordinates":[121.521482,25.051338]},"properties":{"name":"漢記股份有限公司","address":"台北市中山區南京西路15號B1","district":"中山區","city":"臺北市","result":"檢驗","types":"新北抽驗(販售端)","grade":""}},{"type":"Feature","geometry":{"type":"Point","coordinates":[121.549675,25.0263]},"properties":{"name":"漢記股份有限公司","address":"台北市大安區敦化南路二段203號B2","district":"大安區","city":"臺北市","result":"檢驗","types":"新北抽驗(販售端)","grade":""}},{"type":"Feature","geometry":{"type":"Point","coordinates":[121.524275,25.105008]},"properties":{"name":"漢記股份有限公司","address":"台北市士林區中山北路六段77號8F","district":"士林區","city":"臺北市","result":"檢驗","types":"新北抽驗(販售端)","grade":""}},{"type":"Feature","geometry":{"type":"Point","coordinates":[121.614969,25.058743]},"properties":{"name":"漢記股份有限公司","address":"台北市南港區經貿二路186號之1 C棟3樓","district":"南港區","city":"臺北市","result":"檢驗","types":"新北抽驗(販售端)","grade":""}},{"type":"Feature","geometry":{"type":"Point","coordinates":[121.578764,25.036732]},"properties":{"name":"漢記股份有限公司","address":"台北市信義區松山路11號2樓","district":"信義區","city":"臺北市","result":"檢驗","types":"新北抽驗(販售端)","grade":""}},{"type":"Feature","geometry":{"type":"Point","coordinates":[121.52943,25.032654]},"properties":{"name":"漢記股份有限公司","address":"台北市大安區永康街6巷10號一樓","district":"大安區","city":"臺北市","result":"檢驗","types":"新北抽驗(販售端)","grade":""}},{"type":"Feature","geometry":{"type":"Point","coordinates":[121.533498,25.110132]},"properties":{"name":"漢記股份有限公司","address":"台北市士林區忠誠路二段55號B1","district":"士林區","city":"臺北市","result":"檢驗","types":"新北抽驗(販售端)","grade":""}},{"type":"Feature","geometry":{"type":"Point","coordinates":[121.607496,25.052571]},"properties":{"name":"漢記股份有限公司","address":"台北市南港區忠孝東路七段371號B1","district":"南港區","city":"臺北市","result":"檢驗","types":"新北抽驗(販售端)","grade":""}},{"type":"Feature","geometry":{"type":"Point","coordinates":[121.556709,25.082926]},"properties":{"name":"漢記股份有限公司","address":"台北市中山區敬業三路20號B1","district":"中山區","city":"臺北市","result":"檢驗","types":"新北抽驗(販售端)","grade":""}},{"type":"Feature","geometry":{"type":"Point","coordinates":[121.539021,25.033253]},"properties":{"name":"漢記股份有限公司","address":"台北市大安區信義路三段124號","district":"大安區","city":"臺北市","result":"檢驗","types":"新北抽驗(販售端)","grade":""}},{"type":"Feature","geometry":{"type":"Point","coordinates":[121.567968,25.036732]},"properties":{"name":"漢記股份有限公司","address":"台北市信義區松仁路58號4樓","district":"信義區","city":"臺北市","result":"檢驗","types":"新北抽驗(販售端)","grade":""}},{"type":"Feature","geometry":{"type":"Point","coordinates":[121.515299,25.046226]},"properties":{"name":"漢記股份有限公司","address":"台北市中正區忠孝西路一段66號B1","district":"中正區","city":"臺北市","result":"檢驗","types":"新北抽驗(販售端)","grade":""}},{"type":"Feature","geometry":{"type":"Point","coordinates":[121.578318,25.060964]},"properties":{"name":"漢記股份有限公司","address":"台北市內湖區舊宗路一段128號1樓","district":"內湖區","city":"臺北市","result":"檢驗","types":"新北抽驗(販售端)","grade":""}},{"type":"Feature","geometry":{"type":"Point","coordinates":[121.591979,25.071802]},"properties":{"name":"漢記股份有限公司","address":"台北市內湖區成功路二段325號B1F","district":"內湖區","city":"臺北市","result":"檢驗","types":"新北抽驗(販售端)","grade":""}},{"type":"Feature","geometry":{"type":"Point","coordinates":[121.547587,25.062969]},"properties":{"name":"漢記股份有限公司","address":"台北市松山區民權東路三段171號","district":"松山區","city":"臺北市","result":"檢驗","types":"新北抽驗(販售端)","grade":""}},{"type":"Feature","geometry":{"type":"Point","coordinates":[121.51515,25.090625]},"properties":{"name":"添益行","address":"台北市士林區通河東街1段136巷10號1樓","district":"士林區","city":"臺北市","result":"檢驗","types":"新北抽驗(製造端)","grade":""}},{"type":"Feature","geometry":{"type":"Point","coordinates":[121.577675,25.080287]},"properties":{"name":"興昭宏蛋品有限公司","address":"台北市內湖區港墘路99號5樓","district":"內湖區","city":"臺北市","result":"未檢驗","types":"新北抽驗(製造端)、新北抽驗(販售端)","grade":""}},{"type":"Feature","geometry":{"type":"Point","coordinates":[121.500147,25.017838]},"properties":{"name":"古山香商行","address":"台北市萬華區興德里富民路１５５巷３號１樓","district":"萬華區","city":"臺北市","result":"檢驗","types":"新北抽驗(製造端)","grade":""}},{"type":"Feature","geometry":{"type":"Point","coordinates":[121.500147,25.017838]},"properties":{"name":"古山香商行","address":"台北市萬華區富民路155巷3號1樓","district":"萬華區","city":"臺北市","result":"檢驗","types":"新北抽驗(製造端)","grade":""}},{"type":"Feature","geometry":{"type":"Point","coordinates":[121.575298,25.044564]},"properties":{"name":"呷尚寶早餐店","address":"台北市信義區永吉路278巷51弄1號","district":"信義區","city":"臺北市","result":"檢驗","types":"新北抽驗(販售端)","grade":""}},{"type":"Feature","geometry":{"type":"Point","coordinates":[121.575621,25.046805]},"properties":{"name":"巨林美而美","address":"台北市信義區永吉路30巷99-2號","district":"信義區","city":"臺北市","result":"檢驗","types":"新北抽驗(製造端)、新北抽驗(販售端)","grade":""}},{"type":"Feature","geometry":{"type":"Point","coordinates":[121.513577,25.03556]},"properties":{"name":"美食坊","address":"台北市中正區建國里愛國西路１號Ｂ１","district":"中正區","city":"臺北市","result":"檢驗","types":"新北抽驗(製造端)、新北抽驗(販售端)","grade":""}},{"type":"Feature","geometry":{"type":"Point","coordinates":[121.513577,25.03556]},"properties":{"name":"美食坊","address":"台北市中正區愛國西路1號","district":"中正區","city":"臺北市","result":"檢驗","types":"新北抽驗(製造端)、新北抽驗(販售端)","grade":""}},{"type":"Feature","geometry":{"type":"Point","coordinates":[121.565924,24.982052]},"properties":{"name":"宗榮蛋品企業社","address":"台北市文山區恆光街22巷23號","district":"文山區","city":"臺北市","result":"檢驗","types":"新北抽驗(製造端)","grade":""}},{"type":"Feature","geometry":{"type":"Point","coordinates":[121.591446,24.999579]},"properties":{"name":"宗榮蛋品企業社","address":"台北市文山區木柵路五段100號之3","district":"文山區","city":"臺北市","result":"檢驗","types":"新北抽驗(製造端)","grade":""}},{"type":"Feature","geometry":{"type":"Point","coordinates":[121.555751,25.03801]},"properties":{"name":"一之鄉股份有限公司","address":"台北市大安區仁愛路四段405號","district":"大安區","city":"臺北市","result":"檢驗","types":"新北抽驗(製造端)","grade":""}},{"type":"Feature","geometry":{"type":"Point","coordinates":[121.500795,25.125957]},"properties":{"name":"一之鄉股份有限公司","address":"台北市北投區八仙里北投路一段七號","district":"北投區","city":"臺北市","result":"檢驗","types":"新北抽驗(製造端)","grade":""}},{"type":"Feature","geometry":{"type":"Point","coordinates":[121.539149,25.052578]},"properties":{"name":"一之鄉股份有限公司","address":"台北市中山區南京東路3段119號","district":"中山區","city":"臺北市","result":"檢驗","types":"新北抽驗(製造端)","grade":""}},{"type":"Feature","geometry":{"type":"Point","coordinates":[121.5099,25.054607]},"properties":{"name":"一之鄉股份有限公司","address":"台北市大同區迪化街一段32巷1號","district":"大同區","city":"臺北市","result":"檢驗","types":"新北抽驗(製造端)","grade":""}},{"type":"Feature","geometry":{"type":"Point","coordinates":[121.607496,25.052571]},"properties":{"name":"一之鄉股份有限公司","address":"台北市南港區忠孝東路七段371號B2","district":"南港區","city":"臺北市","result":"檢驗","types":"新北抽驗(製造端)","grade":""}},{"type":"Feature","geometry":{"type":"Point","coordinates":[121.554735,25.041611]},"properties":{"name":"新東陽股份有限公司","address":"台北市大安區忠孝東路四段289號8樓","district":"大安區","city":"臺北市","result":"檢驗","types":"新北抽驗(製造端)","grade":""}},{"type":"Feature","geometry":{"type":"Point","coordinates":[121.512215,25.043544]},"properties":{"name":"新東陽股份有限公司","address":"台北市中正區武昌街一段20號之一","district":"中正區","city":"臺北市","result":"檢驗","types":"新北抽驗(製造端)","grade":""}},{"type":"Feature","geometry":{"type":"Point","coordinates":[121.528178,25.051888]},"properties":{"name":"新東陽股份有限公司","address":"台北市中山區南京東路2段20號","district":"中山區","city":"臺北市","result":"檢驗","types":"新北抽驗(製造端)","grade":""}},{"type":"Feature","geometry":{"type":"Point","coordinates":[121.525235,25.055554]},"properties":{"name":"新東陽股份有限公司","address":"台北市中山區林森北路282號","district":"中山區","city":"臺北市","result":"檢驗","types":"新北抽驗(製造端)","grade":""}},{"type":"Feature","geometry":{"type":"Point","coordinates":[121.524275,25.105008]},"properties":{"name":"新東陽股份有限公司","address":"台北市士林區中山北路六段77號B1","district":"士林區","city":"臺北市","result":"檢驗","types":"新北抽驗(製造端)","grade":""}},{"type":"Feature","geometry":{"type":"Point","coordinates":[121.505928,25.043082]},"properties":{"name":"新東陽股份有限公司","address":"台北市萬華區西寧南路74號之一","district":"萬華區","city":"臺北市","result":"檢驗","types":"新北抽驗(製造端)","grade":""}},{"type":"Feature","geometry":{"type":"Point","coordinates":[121.55545,25.041598]},"properties":{"name":"新東陽股份有限公司","address":"台北市大安區忠孝東路四段303號","district":"大安區","city":"臺北市","result":"檢驗","types":"新北抽驗(製造端)","grade":""}},{"type":"Feature","geometry":{"type":"Point","coordinates":[121.529736,25.033553]},"properties":{"name":"新東陽股份有限公司","address":"台北市大安區信義路二段180號","district":"大安區","city":"臺北市","result":"檢驗","types":"新北抽驗(製造端)","grade":""}},{"type":"Feature","geometry":{"type":"Point","coordinates":[121.552719,25.054309]},"properties":{"name":"新東陽股份有限公司","address":"台北市松山區敦化北路112號","district":"松山區","city":"臺北市","result":"檢驗","types":"新北抽驗(製造端)","grade":""}},{"type":"Feature","geometry":{"type":"Point","coordinates":[121.535712,25.013106]},"properties":{"name":"新東陽股份有限公司","address":"台北市中正區羅斯福路四段126號","district":"中正區","city":"臺北市","result":"檢驗","types":"新北抽驗(製造端)","grade":""}},{"type":"Feature","geometry":{"type":"Point","coordinates":[121.554341,25.031125]},"properties":{"name":"新東陽股份有限公司","address":"台北市大安區通化街31號","district":"大安區","city":"臺北市","result":"檢驗","types":"新北抽驗(製造端)","grade":""}},{"type":"Feature","geometry":{"type":"Point","coordinates":[121.591968,25.08156]},"properties":{"name":"新東陽股份有限公司","address":"台北市內湖區成功路四段49號","district":"內湖區","city":"臺北市","result":"檢驗","types":"新北抽驗(製造端)","grade":""}},{"type":"Feature","geometry":{"type":"Point","coordinates":[121.521418,25.051211]},"properties":{"name":"新東陽股份有限公司","address":"台北市中山區南京西路12號B2","district":"中山區","city":"臺北市","result":"檢驗","types":"新北抽驗(製造端)","grade":""}},{"type":"Feature","geometry":{"type":"Point","coordinates":[121.515299,25.046226]},"properties":{"name":"新東陽股份有限公司","address":"台北市中正區忠孝西路一段66號B2","district":"中正區","city":"臺北市","result":"檢驗","types":"新北抽驗(製造端)","grade":""}},{"type":"Feature","geometry":{"type":"Point","coordinates":[121.533498,25.110132]},"properties":{"name":"新東陽股份有限公司","address":"台北市士林區忠誠路二段55號B1","district":"士林區","city":"臺北市","result":"檢驗","types":"新北抽驗(製造端)","grade":""}},{"type":"Feature","geometry":{"type":"Point","coordinates":[121.532047,25.026117]},"properties":{"name":"新東陽股份有限公司","address":"台北市大安區和平東路一段218號","district":"大安區","city":"臺北市","result":"檢驗","types":"新北抽驗(製造端)","grade":""}},{"type":"Feature","geometry":{"type":"Point","coordinates":[121.567277,25.036074]},"properties":{"name":"新東陽股份有限公司","address":"台北市信義區松壽路11號B2(A11館)","district":"信義區","city":"臺北市","result":"檢驗","types":"新北抽驗(製造端)","grade":""}},{"type":"Feature","geometry":{"type":"Point","coordinates":[121.543054,25.041212]},"properties":{"name":"新東陽股份有限公司","address":"台北市大安區忠孝東路三段300號B2","district":"大安區","city":"臺北市","result":"檢驗","types":"新北抽驗(製造端)","grade":""}},{"type":"Feature","geometry":{"type":"Point","coordinates":[121.518347,25.048893]},"properties":{"name":"新東陽股份有限公司","address":"台北市大同區市民大道一段209號","district":"大同區","city":"臺北市","result":"檢驗","types":"新北抽驗(製造端)","grade":""}},{"type":"Feature","geometry":{"type":"Point","coordinates":[121.563901,25.034027]},"properties":{"name":"新東陽股份有限公司","address":"台北市信義區市府路45號B1","district":"信義區","city":"臺北市","result":"檢驗","types":"新北抽驗(製造端)","grade":""}},{"type":"Feature","geometry":{"type":"Point","coordinates":[121.550395,25.061297]},"properties":{"name":"新東陽股份有限公司","address":"台北市松山區敦化北路340-9號一樓","district":"松山區","city":"臺北市","result":"檢驗","types":"新北抽驗(製造端)","grade":""}},{"type":"Feature","geometry":{"type":"Point","coordinates":[121.517168,25.0414]},"properties":{"name":"新東陽股份有限公司","address":"台北市中正區常德街1號B1","district":"中正區","city":"臺北市","result":"檢驗","types":"新北抽驗(製造端)","grade":""}},{"type":"Feature","geometry":{"type":"Point","coordinates":[121.526529,25.093857]},"properties":{"name":"新東陽股份有限公司","address":"台北市士林區文林路66號","district":"士林區","city":"臺北市","result":"檢驗","types":"新北抽驗(製造端)","grade":""}},{"type":"Feature","geometry":{"type":"Point","coordinates":[121.550395,25.061297]},"properties":{"name":"新東陽股份有限公司","address":"台北市松山區敦化北路340-9號B1捷運連通道","district":"松山區","city":"臺北市","result":"檢驗","types":"新北抽驗(製造端)","grade":""}},{"type":"Feature","geometry":{"type":"Point","coordinates":[121.550395,25.061297]},"properties":{"name":"新東陽股份有限公司","address":"台北市松山區敦化北路340-9號二樓","district":"松山區","city":"臺北市","result":"檢驗","types":"新北抽驗(製造端)","grade":""}},{"type":"Feature","geometry":{"type":"Point","coordinates":[121.550395,25.061297]},"properties":{"name":"新東陽股份有限公司","address":"台北市松山區台北市松山區敦化北路340-9號一樓","district":"松山區","city":"臺北市","result":"檢驗","types":"新北抽驗(製造端)","grade":""}},{"type":"Feature","geometry":{"type":"Point","coordinates":[121.555537,25.081796]},"properties":{"name":"新東陽股份有限公司","address":"台北市中山區敬業三路123號3樓之37","district":"中山區","city":"臺北市","result":"檢驗","types":"新北抽驗(製造端)","grade":""}},{"type":"Feature","geometry":{"type":"Point","coordinates":[121.554255,25.000683]},"properties":{"name":"全聯實業股份有限公司","address":"台北市文山區興業里興隆路二段252號","district":"文山區","city":"臺北市","result":"檢驗","types":"新北抽驗(製造端)、新北抽驗(販售端)","grade":""}},{"type":"Feature","geometry":{"type":"Point","coordinates":[121.571873,25.046986]},"properties":{"name":"全聯實業股份有限公司","address":"台北市信義區松隆路125號","district":"信義區","city":"臺北市","result":"檢驗","types":"新北抽驗(製造端)、新北抽驗(販售端)","grade":""}},{"type":"Feature","geometry":{"type":"Point","coordinates":[121.529345,25.118633]},"properties":{"name":"全聯實業股份有限公司","address":"台北市士林區天玉里天母西路3號地下","district":"士林區","city":"臺北市","result":"檢驗","types":"新北抽驗(製造端)、新北抽驗(販售端)","grade":""}},{"type":"Feature","geometry":{"type":"Point","coordinates":[121.607648,25.069043]},"properties":{"name":"全聯實業股份有限公司","address":"台北市內湖區民權東路六段296巷20號","district":"內湖區","city":"臺北市","result":"檢驗","types":"新北抽驗(製造端)、新北抽驗(販售端)","grade":""}},{"type":"Feature","geometry":{"type":"Point","coordinates":[121.526451,25.124284]},"properties":{"name":"全聯實業股份有限公司","address":"台北市北投區永欣里行義路10巷2號","district":"北投區","city":"臺北市","result":"檢驗","types":"新北抽驗(製造端)、新北抽驗(販售端)","grade":""}},{"type":"Feature","geometry":{"type":"Point","coordinates":[121.584186,25.078315]},"properties":{"name":"全聯實業股份有限公司","address":"台北市內湖區文德路212號地下一層","district":"內湖區","city":"臺北市","result":"檢驗","types":"新北抽驗(製造端)、新北抽驗(販售端)","grade":""}},{"type":"Feature","geometry":{"type":"Point","coordinates":[121.595903,25.0645]},"properties":{"name":"全聯實業股份有限公司","address":"台北市松山區民權東路3段140巷15號","district":"松山區","city":"臺北市","result":"檢驗","types":"新北抽驗(製造端)、新北抽驗(販售端)","grade":""}},{"type":"Feature","geometry":{"type":"Point","coordinates":[121.53583,25.035215]},"properties":{"name":"全聯實業股份有限公司","address":"台北市大安區仁愛路三段24巷12號","district":"大安區","city":"臺北市","result":"檢驗","types":"新北抽驗(製造端)、新北抽驗(販售端)","grade":""}},{"type":"Feature","geometry":{"type":"Point","coordinates":[121.52856,25.109757]},"properties":{"name":"全聯實業股份有限公司","address":"台北市士林區蘭雅里德行東路109巷104號","district":"士林區","city":"臺北市","result":"檢驗","types":"新北抽驗(製造端)、新北抽驗(販售端)","grade":""}},{"type":"Feature","geometry":{"type":"Point","coordinates":[121.507572,25.027432]},"properties":{"name":"全聯實業股份有限公司","address":"台北市中正區永昌里南海路100號、102號、102號地下","district":"中正區","city":"臺北市","result":"檢驗","types":"新北抽驗(製造端)、新北抽驗(販售端)","grade":""}},{"type":"Feature","geometry":{"type":"Point","coordinates":[121.521765,25.025871]},"properties":{"name":"全聯實業股份有限公司","address":"台北市中正區板溪里南昌路2段112號地下1樓","district":"中正區","city":"臺北市","result":"檢驗","types":"新北抽驗(製造端)、新北抽驗(販售端)","grade":""}},{"type":"Feature","geometry":{"type":"Point","coordinates":[121.522799,25.083395]},"properties":{"name":"全聯實業股份有限公司","address":"台北市士林區承德里後港街30號地下一樓","district":"士林區","city":"臺北市","result":"檢驗","types":"新北抽驗(製造端)、新北抽驗(販售端)","grade":""}},{"type":"Feature","geometry":{"type":"Point","coordinates":[121.528554,25.095669]},"properties":{"name":"全聯實業股份有限公司","address":"台北市士林區福林里中正路115號","district":"士林區","city":"臺北市","result":"檢驗","types":"新北抽驗(製造端)、新北抽驗(販售端)","grade":""}},{"type":"Feature","geometry":{"type":"Point","coordinates":[121.545278,25.025505]},"properties":{"name":"全聯實業股份有限公司","address":"台北市大安區群賢里和平東路二段311巷29號","district":"大安區","city":"臺北市","result":"檢驗","types":"新北抽驗(製造端)、新北抽驗(販售端)","grade":""}},{"type":"Feature","geometry":{"type":"Point","coordinates":[121.538808,25.046826]},"properties":{"name":"全聯實業股份有限公司","address":"台北市中山區建國北路一段48號","district":"中山區","city":"臺北市","result":"檢驗","types":"新北抽驗(製造端)、新北抽驗(販售端)","grade":""}},{"type":"Feature","geometry":{"type":"Point","coordinates":[121.616811,25.068202]},"properties":{"name":"全聯實業股份有限公司","address":"台北市內湖區東湖里東湖路135號1、2樓","district":"內湖區","city":"臺北市","result":"檢驗","types":"新北抽驗(製造端)、新北抽驗(販售端)","grade":""}},{"type":"Feature","geometry":{"type":"Point","coordinates":[121.596696,25.067638]},"properties":{"name":"全聯實業股份有限公司","address":"台北市內湖區寶湖里民權東路六段208號二樓","district":"內湖區","city":"臺北市","result":"檢驗","types":"新北抽驗(製造端)、新北抽驗(販售端)","grade":""}},{"type":"Feature","geometry":{"type":"Point","coordinates":[121.537857,25.11175]},"properties":{"name":"全聯實業股份有限公司","address":"台北市士林區東山里德行東路331巷35號1樓","district":"士林區","city":"臺北市","result":"檢驗","types":"新北抽驗(製造端)、新北抽驗(販售端)","grade":""}},{"type":"Feature","geometry":{"type":"Point","coordinates":[121.52701,25.104701]},"properties":{"name":"全聯實業股份有限公司","address":"台北市士林區忠誠路一段56號1樓","district":"士林區","city":"臺北市","result":"檢驗","types":"新北抽驗(製造端)、新北抽驗(販售端)","grade":""}},{"type":"Feature","geometry":{"type":"Point","coordinates":[121.563299,25.054356]},"properties":{"name":"全聯實業股份有限公司","address":"台北市松山區自強里健康路243號地下一層","district":"松山區","city":"臺北市","result":"檢驗","types":"新北抽驗(製造端)、新北抽驗(販售端)","grade":""}},{"type":"Feature","geometry":{"type":"Point","coordinates":[121.558003,25.081043]},"properties":{"name":"全聯實業股份有限公司","address":"台北市中山區金泰里敬業四路33號8樓","district":"中山區","city":"臺北市","result":"檢驗","types":"新北抽驗(製造端)、新北抽驗(販售端)","grade":""}},{"type":"Feature","geometry":{"type":"Point","coordinates":[121.516516,25.067368]},"properties":{"name":"全聯實業股份有限公司","address":"台北市大同區斯文里大龍街91巷7號地下","district":"大同區","city":"臺北市","result":"檢驗","types":"新北抽驗(製造端)、新北抽驗(販售端)","grade":""}},{"type":"Feature","geometry":{"type":"Point","coordinates":[121.557346,25.037406]},"properties":{"name":"全聯實業股份有限公司","address":"台北市大安區光信里仁愛路四段418號地下","district":"大安區","city":"臺北市","result":"檢驗","types":"新北抽驗(製造端)、新北抽驗(販售端)","grade":""}},{"type":"Feature","geometry":{"type":"Point","coordinates":[121.57898,25.07353]},"properties":{"name":"全聯實業股份有限公司","address":"台北市內湖區湖元里陽光街319號","district":"內湖區","city":"臺北市","result":"檢驗","types":"新北抽驗(製造端)、新北抽驗(販售端)","grade":""}},{"type":"Feature","geometry":{"type":"Point","coordinates":[121.605578,25.054443]},"properties":{"name":"全聯實業股份有限公司","address":"台北市南港區東明里南港路二段20巷5號地下","district":"南港區","city":"臺北市","result":"檢驗","types":"新北抽驗(製造端)、新北抽驗(販售端)","grade":""}},{"type":"Feature","geometry":{"type":"Point","coordinates":[121.616607,25.051673]},"properties":{"name":"全聯實業股份有限公司","address":"台北市南港區研究院路2段61巷15號地下一層","district":"南港區","city":"臺北市","result":"檢驗","types":"新北抽驗(製造端)、新北抽驗(販售端)","grade":""}},{"type":"Feature","geometry":{"type":"Point","coordinates":[121.597637,25.068434]},"properties":{"name":"全聯實業股份有限公司","address":"台北市內湖區民權東路6段296巷113、115號地下一層","district":"內湖區","city":"臺北市","result":"檢驗","types":"新北抽驗(製造端)、新北抽驗(販售端)","grade":""}},{"type":"Feature","geometry":{"type":"Point","coordinates":[121.586382,25.049302]},"properties":{"name":"全聯實業股份有限公司","address":"台北市南港區合成里忠孝東路六段195、197號","district":"南港區","city":"臺北市","result":"檢驗","types":"新北抽驗(製造端)、新北抽驗(販售端)","grade":""}},{"type":"Feature","geometry":{"type":"Point","coordinates":[121.511153,25.024253]},"properties":{"name":"全聯實業股份有限公司","address":"台北市萬華區中華路二段666之12號地下1層","district":"萬華區","city":"臺北市","result":"檢驗","types":"新北抽驗(製造端)、新北抽驗(販售端)","grade":""}},{"type":"Feature","geometry":{"type":"Point","coordinates":[121.503463,25.137018]},"properties":{"name":"全聯實業股份有限公司","address":"台北市北投區中心里大業路700號","district":"北投區","city":"臺北市","result":"檢驗","types":"新北抽驗(製造端)、新北抽驗(販售端)","grade":""}},{"type":"Feature","geometry":{"type":"Point","coordinates":[121.530431,25.067248]},"properties":{"name":"全聯實業股份有限公司","address":"台北市中山區新庄里吉林路456巷11、13號","district":"中山區","city":"臺北市","result":"檢驗","types":"新北抽驗(製造端)、新北抽驗(販售端)","grade":""}},{"type":"Feature","geometry":{"type":"Point","coordinates":[121.558003,25.081043]},"properties":{"name":"全聯實業股份有限公司","address":"台北市中山區金泰里敬業四路33號9樓","district":"中山區","city":"臺北市","result":"檢驗","types":"新北抽驗(製造端)、新北抽驗(販售端)","grade":""}},{"type":"Feature","geometry":{"type":"Point","coordinates":[121.574188,25.049829]},"properties":{"name":"全聯實業股份有限公司","address":"台北市松山區慈祐里八德路四段626號地下一層","district":"松山區","city":"臺北市","result":"檢驗","types":"新北抽驗(製造端)、新北抽驗(販售端)","grade":""}},{"type":"Feature","geometry":{"type":"Point","coordinates":[121.489327,25.140909]},"properties":{"name":"全聯實業股份有限公司","address":"台北市北投區稻香里稻香路81號1樓","district":"北投區","city":"臺北市","result":"檢驗","types":"新北抽驗(製造端)、新北抽驗(販售端)","grade":""}},{"type":"Feature","geometry":{"type":"Point","coordinates":[121.523018,25.050519]},"properties":{"name":"全聯實業股份有限公司","address":"台北市中山區正得里天津街56號地下一層","district":"中山區","city":"臺北市","result":"檢驗","types":"新北抽驗(製造端)、新北抽驗(販售端)","grade":""}},{"type":"Feature","geometry":{"type":"Point","coordinates":[121.578318,25.060964]},"properties":{"name":"全聯實業股份有限公司","address":"台北市內湖區湖元里舊宗路一段128號1樓","district":"內湖區","city":"臺北市","result":"檢驗","types":"新北抽驗(製造端)、新北抽驗(販售端)","grade":""}},{"type":"Feature","geometry":{"type":"Point","coordinates":[121.493432,25.034284]},"properties":{"name":"全聯實業股份有限公司","address":"台北市萬華區糖廍里環河南路二段137、139號地下","district":"萬華區","city":"臺北市","result":"檢驗","types":"新北抽驗(製造端)、新北抽驗(販售端)","grade":""}},{"type":"Feature","geometry":{"type":"Point","coordinates":[121.542372,25.004518]},"properties":{"name":"全聯實業股份有限公司","address":"台北市文山區萬盛里興隆路一段15號1樓","district":"文山區","city":"臺北市","result":"檢驗","types":"新北抽驗(製造端)、新北抽驗(販售端)","grade":""}},{"type":"Feature","geometry":{"type":"Point","coordinates":[121.568115,25.002343]},"properties":{"name":"全聯實業股份有限公司","address":"台北市文山區萬芳里萬美街一段55號","district":"文山區","city":"臺北市","result":"檢驗","types":"新北抽驗(製造端)、新北抽驗(販售端)","grade":""}},{"type":"Feature","geometry":{"type":"Point","coordinates":[121.560784,25.049596]},"properties":{"name":"全聯實業股份有限公司","address":"台北市松山區吉祥里南京東路五段58、60、62、64號地下室","district":"松山區","city":"臺北市","result":"檢驗","types":"新北抽驗(製造端)、新北抽驗(販售端)","grade":""}},{"type":"Feature","geometry":{"type":"Point","coordinates":[121.615855,25.070102]},"properties":{"name":"全聯實業股份有限公司","address":"台北市內湖區安湖里東湖路1號1、2樓","district":"內湖區","city":"臺北市","result":"檢驗","types":"新北抽驗(製造端)、新北抽驗(販售端)","grade":""}},{"type":"Feature","geometry":{"type":"Point","coordinates":[121.540403,25.137522]},"properties":{"name":"全聯實業股份有限公司","address":"台北市士林區陽明里華岡路55號1樓","district":"士林區","city":"臺北市","result":"檢驗","types":"新北抽驗(製造端)、新北抽驗(販售端)","grade":""}},{"type":"Feature","geometry":{"type":"Point","coordinates":[121.575272,25.048376]},"properties":{"name":"全聯實業股份有限公司","address":"台北市信義區四育里松隆路280號地下一層","district":"信義區","city":"臺北市","result":"檢驗","types":"新北抽驗(製造端)、新北抽驗(販售端)","grade":""}},{"type":"Feature","geometry":{"type":"Point","coordinates":[121.515245,25.057168]},"properties":{"name":"全聯實業股份有限公司","address":"台北市大同區雙連里民生西路239號1、2樓","district":"大同區","city":"臺北市","result":"檢驗","types":"新北抽驗(製造端)、新北抽驗(販售端)","grade":""}},{"type":"Feature","geometry":{"type":"Point","coordinates":[121.575028,25.06138]},"properties":{"name":"美福國際股份有限公司","address":"台北市內湖區民善街128號6樓之1","district":"內湖區","city":"臺北市","result":"檢驗","types":"新北抽驗(製造端)","grade":""}},{"type":"Feature","geometry":{"type":"Point","coordinates":[121.575628,25.059371]},"properties":{"name":"美福國際股份有限公司","address":"台北市內湖區民善街76號","district":"內湖區","city":"臺北市","result":"檢驗","types":"新北抽驗(製造端)","grade":""}},{"type":"Feature","geometry":{"type":"Point","coordinates":[121.56208,25.058191]},"properties":{"name":"葵果股份有限公司","address":"台北市松山區三民路113巷22號11樓","district":"松山區","city":"臺北市","result":"檢驗","types":"新北抽驗(製造端)","grade":""}},{"type":"Feature","geometry":{"type":"Point","coordinates":[121.533847,25.051567]},"properties":{"name":"維維樂企業股份有限公司","address":"台北市中山區南京東路3段68號5樓","district":"中山區","city":"臺北市","result":"檢驗","types":"新北抽驗(製造端)","grade":""}},{"type":"Feature","geometry":{"type":"Point","coordinates":[121.538779,25.051753]},"properties":{"name":"維維樂企業股份有限公司","address":"台北市中山區南京東路三段68號12樓","district":"中山區","city":"臺北市","result":"檢驗","types":"新北抽驗(製造端)","grade":""}},{"type":"Feature","geometry":{"type":"Point","coordinates":[121.565687,25.082655]},"properties":{"name":"馥餘實業股份有限公司","address":"台北市內湖區環山路1段28巷15號","district":"內湖區","city":"臺北市","result":"檢驗","types":"新北抽驗(製造端)","grade":""}},{"type":"Feature","geometry":{"type":"Point","coordinates":[121.543715,25.062248]},"properties":{"name":"馥餘實業股份有限公司","address":"台北市中山區民權東路三段三號","district":"中山區","city":"臺北市","result":"檢驗","types":"新北抽驗(製造端)","grade":""}},{"type":"Feature","geometry":{"type":"Point","coordinates":[121.533337,25.01803]},"properties":{"name":"馥餘實業股份有限公司","address":"台北市大安區新生南路三段88號","district":"大安區","city":"臺北市","result":"檢驗","types":"新北抽驗(製造端)","grade":""}},{"type":"Feature","geometry":{"type":"Point","coordinates":[121.549675,25.0263]},"properties":{"name":"馥餘實業股份有限公司","address":"台北市大安區敦化南路二段203號1樓","district":"大安區","city":"臺北市","result":"檢驗","types":"新北抽驗(製造端)","grade":""}},{"type":"Feature","geometry":{"type":"Point","coordinates":[121.61258,25.053227]},"properties":{"name":"馥餘實業股份有限公司","address":"台北市大安區忠孝東路4段250號1樓","district":"大安區","city":"臺北市","result":"檢驗","types":"新北抽驗(製造端)","grade":""}},{"type":"Feature","geometry":{"type":"Point","coordinates":[121.574801,25.063908]},"properties":{"name":"馥餘實業股份有限公司","address":"台北市內湖區民善街205號","district":"內湖區","city":"臺北市","result":"檢驗","types":"新北抽驗(製造端)","grade":""}},{"type":"Feature","geometry":{"type":"Point","coordinates":[121.57541,25.035068]},"properties":{"name":"馥餘實業股份有限公司","address":"台北市信義區信義路5段6號","district":"信義區","city":"臺北市","result":"檢驗","types":"新北抽驗(製造端)","grade":""}},{"type":"Feature","geometry":{"type":"Point","coordinates":[121.59038,25.069023]},"properties":{"name":"馥餘實業股份有限公司","address":"台北市內湖區********15號1樓","district":"內湖區","city":"臺北市","result":"檢驗","types":"新北抽驗(製造端)","grade":""}},{"type":"Feature","geometry":{"type":"Point","coordinates":[121.523114,25.116369]},"properties":{"name":"馥餘實業股份有限公司","address":"台北市北投區振興街45號b1","district":"北投區","city":"臺北市","result":"檢驗","types":"新北抽驗(製造端)","grade":""}},{"type":"Feature","geometry":{"type":"Point","coordinates":[121.564799,25.081118]},"properties":{"name":"馥餘實業股份有限公司","address":"台北市內湖區基湖路18號1樓","district":"內湖區","city":"臺北市","result":"檢驗","types":"新北抽驗(製造端)","grade":""}},{"type":"Feature","geometry":{"type":"Point","coordinates":[121.561588,25.086526]},"properties":{"name":"馥餘實業股份有限公司","address":"台北市內湖區西康里文湖街六十巷二十八號","district":"內湖區","city":"臺北市","result":"檢驗","types":"新北抽驗(製造端)","grade":""}},{"type":"Feature","geometry":{"type":"Point","coordinates":[121.605242,25.063623]},"properties":{"name":"馥餘實業股份有限公司","address":"台北市內湖區五分里安康路四十八號","district":"內湖區","city":"臺北市","result":"檢驗","types":"新北抽驗(製造端)","grade":""}},{"type":"Feature","geometry":{"type":"Point","coordinates":[121.591979,25.071802]},"properties":{"name":"馥餘實業股份有限公司","address":"台北市內湖區成功路二段325號","district":"內湖區","city":"臺北市","result":"檢驗","types":"新北抽驗(製造端)","grade":""}},{"type":"Feature","geometry":{"type":"Point","coordinates":[121.55012,25.080009]},"properties":{"name":"馥餘實業股份有限公司","address":"台北市中山區北安路554巷49號1樓","district":"中山區","city":"臺北市","result":"檢驗","types":"新北抽驗(製造端)","grade":""}},{"type":"Feature","geometry":{"type":"Point","coordinates":[121.579347,25.04144]},"properties":{"name":"馥餘實業股份有限公司","address":"台北市信義區忠孝東路五段526號","district":"信義區","city":"臺北市","result":"檢驗","types":"新北抽驗(製造端)","grade":""}},{"type":"Feature","geometry":{"type":"Point","coordinates":[121.527157,25.118542]},"properties":{"name":"馥餘實業股份有限公司","address":"台北市士林區天母西路45號1樓","district":"士林區","city":"臺北市","result":"檢驗","types":"新北抽驗(製造端)","grade":""}},{"type":"Feature","geometry":{"type":"Point","coordinates":[121.518555,25.040776]},"properties":{"name":"馥餘實業股份有限公司","address":"台北市中正區中山南路7號","district":"中正區","city":"臺北市","result":"檢驗","types":"新北抽驗(製造端)","grade":""}},{"type":"Feature","geometry":{"type":"Point","coordinates":[121.522479,25.120637]},"properties":{"name":"馥餘實業股份有限公司","address":"台北市北投區石牌路二段201號(中正樓)","district":"北投區","city":"臺北市","result":"檢驗","types":"新北抽驗(製造端)","grade":""}},{"type":"Feature","geometry":{"type":"Point","coordinates":[121.541031,25.062592]},"properties":{"name":"馥餘實業股份有限公司","address":"台北市中山區民權東路三段3號","district":"中山區","city":"臺北市","result":"檢驗","types":"新北抽驗(製造端)","grade":""}},{"type":"Feature","geometry":{"type":"Point","coordinates":[121.554277,25.041144]},"properties":{"name":"馥餘實業股份有限公司","address":"台北市大安區忠孝東路四段250號1樓","district":"大安區","city":"臺北市","result":"檢驗","types":"新北抽驗(製造端)","grade":""}},{"type":"Feature","geometry":{"type":"Point","coordinates":[121.569704,25.027327]},"properties":{"name":"馥餘實業股份有限公司","address":"台北市信義區信義路五段6號","district":"信義區","city":"臺北市","result":"檢驗","types":"新北抽驗(製造端)","grade":""}},{"type":"Feature","geometry":{"type":"Point","coordinates":[121.566015,25.082058]},"properties":{"name":"馥餘實業股份有限公司","address":"台北市內湖區內湖路一段242號1樓","district":"內湖區","city":"臺北市","result":"檢驗","types":"新北抽驗(製造端)","grade":""}},{"type":"Feature","geometry":{"type":"Point","coordinates":[121.523114,25.116369]},"properties":{"name":"馥餘實業股份有限公司","address":"台北市北投區振興街45號B1","district":"北投區","city":"臺北市","result":"檢驗","types":"新北抽驗(製造端)","grade":""}},{"type":"Feature","geometry":{"type":"Point","coordinates":[121.565077,25.05021]},"properties":{"name":"統一超商股份有限公司","address":"台北市松山區東興路8號8樓","district":"松山區","city":"臺北市","result":"檢驗","types":"新北抽驗(製造端)、新北抽驗(販售端)","grade":""}},{"type":"Feature","geometry":{"type":"Point","coordinates":[121.534364,25.110925]},"properties":{"name":"統一超商股份有限公司","address":"台北市士林區德行東路6之2號1樓","district":"士林區","city":"臺北市","result":"檢驗","types":"新北抽驗(製造端)、新北抽驗(販售端)","grade":""}},{"type":"Feature","geometry":{"type":"Point","coordinates":[121.515114,25.050381]},"properties":{"name":"統一超商股份有限公司","address":"台北市大同區太原路40號42號44號","district":"大同區","city":"臺北市","result":"檢驗","types":"新北抽驗(製造端)、新北抽驗(販售端)","grade":""}},{"type":"Feature","geometry":{"type":"Point","coordinates":[121.541538,25.042105]},"properties":{"name":"統一超商股份有限公司","address":"台北市大安區忠孝東路三段251巷2弄1號","district":"大安區","city":"臺北市","result":"檢驗","types":"新北抽驗(製造端)、新北抽驗(販售端)","grade":""}},{"type":"Feature","geometry":{"type":"Point","coordinates":[121.51172,25.02423]},"properties":{"name":"統一超商股份有限公司","address":"台北市中正區中華路二段157號","district":"中正區","city":"臺北市","result":"檢驗","types":"新北抽驗(製造端)、新北抽驗(販售端)","grade":""}},{"type":"Feature","geometry":{"type":"Point","coordinates":[121.606298,25.071133]},"properties":{"name":"統一超商股份有限公司","address":"台北市內湖區民權東路六段296巷33號","district":"內湖區","city":"臺北市","result":"檢驗","types":"新北抽驗(製造端)、新北抽驗(販售端)","grade":""}},{"type":"Feature","geometry":{"type":"Point","coordinates":[121.566985,25.08651]},"properties":{"name":"統一超商股份有限公司","address":"台北市內湖區環山路一段70號","district":"內湖區","city":"臺北市","result":"檢驗","types":"新北抽驗(製造端)、新北抽驗(販售端)","grade":""}},{"type":"Feature","geometry":{"type":"Point","coordinates":[121.581053,25.054882]},"properties":{"name":"統一超商股份有限公司","address":"台北市內湖區新明路425號427號","district":"內湖區","city":"臺北市","result":"檢驗","types":"新北抽驗(製造端)、新北抽驗(販售端)","grade":""}},{"type":"Feature","geometry":{"type":"Point","coordinates":[121.612374,25.071378]},"properties":{"name":"統一超商股份有限公司","address":"台北市內湖區康寧路三段189巷21弄26號1樓","district":"內湖區","city":"臺北市","result":"檢驗","types":"新北抽驗(製造端)、新北抽驗(販售端)","grade":""}},{"type":"Feature","geometry":{"type":"Point","coordinates":[121.567914,25.080739]},"properties":{"name":"統一超商股份有限公司","address":"台北市內湖區瑞光路583巷27號1樓","district":"內湖區","city":"臺北市","result":"檢驗","types":"新北抽驗(製造端)、新北抽驗(販售端)","grade":""}},{"type":"Feature","geometry":{"type":"Point","coordinates":[121.578941,25.076261]},"properties":{"name":"統一超商股份有限公司","address":"台北市內湖區瑞陽里江南街71巷16弄76號","district":"內湖區","city":"臺北市","result":"檢驗","types":"新北抽驗(製造端)、新北抽驗(販售端)","grade":""}},{"type":"Feature","geometry":{"type":"Point","coordinates":[121.590122,25.085969]},"properties":{"name":"統一超商股份有限公司","address":"台北市內湖區金龍路137號1樓","district":"內湖區","city":"臺北市","result":"檢驗","types":"新北抽驗(製造端)、新北抽驗(販售端)","grade":""}},{"type":"Feature","geometry":{"type":"Point","coordinates":[121.576422,25.056833]},"properties":{"name":"統一超商股份有限公司","address":"台北市內湖區行善路35號1F","district":"內湖區","city":"臺北市","result":"檢驗","types":"新北抽驗(製造端)、新北抽驗(販售端)","grade":""}},{"type":"Feature","geometry":{"type":"Point","coordinates":[121.573773,24.990956]},"properties":{"name":"統一超商股份有限公司","address":"台北市文山區新光路一段97號99號","district":"文山區","city":"臺北市","result":"檢驗","types":"新北抽驗(製造端)、新北抽驗(販售端)","grade":""}},{"type":"Feature","geometry":{"type":"Point","coordinates":[121.581123,25.039048]},"properties":{"name":"統一超商股份有限公司","address":"台北市信義區福德街84巷52號1樓","district":"信義區","city":"臺北市","result":"檢驗","types":"新北抽驗(製造端)、新北抽驗(販售端)","grade":""}},{"type":"Feature","geometry":{"type":"Point","coordinates":[121.575967,25.076885]},"properties":{"name":"統一超商股份有限公司","address":"台北市內湖區江南街10號1樓","district":"內湖區","city":"臺北市","result":"檢驗","types":"新北抽驗(製造端)、新北抽驗(販售端)","grade":""}},{"type":"Feature","geometry":{"type":"Point","coordinates":[121.553951,25.082808]},"properties":{"name":"統一超商股份有限公司","address":"台北市中山區樂群三路75號77號1樓","district":"中山區","city":"臺北市","result":"檢驗","types":"新北抽驗(製造端)、新北抽驗(販售端)","grade":""}},{"type":"Feature","geometry":{"type":"Point","coordinates":[121.580403,25.055552]},"properties":{"name":"統一超商股份有限公司","address":"台北市中山區明水路397巷7弄41號1樓","district":"中山區","city":"臺北市","result":"檢驗","types":"新北抽驗(製造端)、新北抽驗(販售端)","grade":""}},{"type":"Feature","geometry":{"type":"Point","coordinates":[121.471138,25.107903]},"properties":{"name":"統一超商股份有限公司","address":"台北市士林區延平北路九段215號","district":"士林區","city":"臺北市","result":"檢驗","types":"新北抽驗(製造端)、新北抽驗(販售端)","grade":""}},{"type":"Feature","geometry":{"type":"Point","coordinates":[121.511434,25.052841]},"properties":{"name":"統一超商股份有限公司","address":"台北市大同區延平北路一段110號112號116號1樓","district":"大同區","city":"臺北市","result":"檢驗","types":"新北抽驗(製造端)、新北抽驗(販售端)","grade":""}},{"type":"Feature","geometry":{"type":"Point","coordinates":[121.556378,25.000142]},"properties":{"name":"統一超商股份有限公司","address":"台北市文山區興隆路三段73號1樓2樓","district":"文山區","city":"臺北市","result":"檢驗","types":"新北抽驗(製造端)、新北抽驗(販售端)","grade":""}},{"type":"Feature","geometry":{"type":"Point","coordinates":[121.549715,25.036864]},"properties":{"name":"統一超商股份有限公司","address":"台北市大安區仁愛路四段112巷7號7號之1","district":"大安區","city":"臺北市","result":"檢驗","types":"新北抽驗(製造端)、新北抽驗(販售端)","grade":""}},{"type":"Feature","geometry":{"type":"Point","coordinates":[121.54567,25.036722]},"properties":{"name":"統一超商股份有限公司","address":"台北市大安區復興南路一段253巷52號1樓","district":"大安區","city":"臺北市","result":"檢驗","types":"新北抽驗(製造端)、新北抽驗(販售端)","grade":""}},{"type":"Feature","geometry":{"type":"Point","coordinates":[121.53004,25.022063]},"properties":{"name":"統一超商股份有限公司","address":"台北市大安區泰順街60巷9號11號","district":"大安區","city":"臺北市","result":"檢驗","types":"新北抽驗(製造端)、新北抽驗(販售端)","grade":""}},{"type":"Feature","geometry":{"type":"Point","coordinates":[121.558425,25.058707]},"properties":{"name":"統一超商股份有限公司","address":"台北市松山區民生東路五段71號1樓","district":"松山區","city":"臺北市","result":"檢驗","types":"新北抽驗(製造端)、新北抽驗(販售端)","grade":""}},{"type":"Feature","geometry":{"type":"Point","coordinates":[121.535863,25.111538]},"properties":{"name":"統一超商股份有限公司","address":"台北市士林區士東路42號1樓","district":"士林區","city":"臺北市","result":"檢驗","types":"新北抽驗(製造端)、新北抽驗(販售端)","grade":""}},{"type":"Feature","geometry":{"type":"Point","coordinates":[121.514578,25.051366]},"properties":{"name":"統一超商股份有限公司","address":"台北市大同區長安西路228號1樓","district":"大同區","city":"臺北市","result":"檢驗","types":"新北抽驗(製造端)、新北抽驗(販售端)","grade":""}},{"type":"Feature","geometry":{"type":"Point","coordinates":[121.558079,25.052053]},"properties":{"name":"統一超商股份有限公司","address":"台北市松山區南京東路五段23巷4號1樓","district":"松山區","city":"臺北市","result":"檢驗","types":"新北抽驗(製造端)、新北抽驗(販售端)","grade":""}},{"type":"Feature","geometry":{"type":"Point","coordinates":[121.577857,25.043823]},"properties":{"name":"統一超商股份有限公司","address":"台北市信義區松山路121號1樓","district":"信義區","city":"臺北市","result":"檢驗","types":"新北抽驗(製造端)、新北抽驗(販售端)","grade":""}},{"type":"Feature","geometry":{"type":"Point","coordinates":[121.52321,25.102762]},"properties":{"name":"統一超商股份有限公司","address":"台北市士林區福國路17號17之1號19之1號","district":"士林區","city":"臺北市","result":"檢驗","types":"新北抽驗(製造端)、新北抽驗(販售端)","grade":""}},{"type":"Feature","geometry":{"type":"Point","coordinates":[121.520312,25.062643]},"properties":{"name":"統一超商股份有限公司","address":"台北市中山區民權西路56號1樓","district":"中山區","city":"臺北市","result":"檢驗","types":"新北抽驗(製造端)、新北抽驗(販售端)","grade":""}},{"type":"Feature","geometry":{"type":"Point","coordinates":[121.516231,25.118702]},"properties":{"name":"統一超商股份有限公司","address":"台北市北投區立農街二段299號1樓","district":"北投區","city":"臺北市","result":"檢驗","types":"新北抽驗(製造端)、新北抽驗(販售端)","grade":""}},{"type":"Feature","geometry":{"type":"Point","coordinates":[121.584718,25.077242]},"properties":{"name":"統一超商股份有限公司","address":"台北市內湖區文德路210巷30弄32號34號1樓","district":"內湖區","city":"臺北市","result":"檢驗","types":"新北抽驗(製造端)、新北抽驗(販售端)","grade":""}},{"type":"Feature","geometry":{"type":"Point","coordinates":[121.530412,25.062981]},"properties":{"name":"統一超商股份有限公司","address":"台北市中山區吉林路277號279號1樓","district":"中山區","city":"臺北市","result":"檢驗","types":"新北抽驗(製造端)、新北抽驗(販售端)","grade":""}},{"type":"Feature","geometry":{"type":"Point","coordinates":[121.550035,25.055448]},"properties":{"name":"統一超商股份有限公司","address":"台北市松山區敦化北路199巷2弄9號","district":"松山區","city":"臺北市","result":"檢驗","types":"新北抽驗(製造端)、新北抽驗(販售端)","grade":""}},{"type":"Feature","geometry":{"type":"Point","coordinates":[121.542116,25.002318]},"properties":{"name":"統一超商股份有限公司","address":"台北市文山區興隆路一段125巷1之1號","district":"文山區","city":"臺北市","result":"檢驗","types":"新北抽驗(製造端)、新北抽驗(販售端)","grade":""}},{"type":"Feature","geometry":{"type":"Point","coordinates":[121.581699,25.059685]},"properties":{"name":"統一超商股份有限公司","address":"台北市內湖區行善路191號193號","district":"內湖區","city":"臺北市","result":"檢驗","types":"新北抽驗(製造端)、新北抽驗(販售端)","grade":""}},{"type":"Feature","geometry":{"type":"Point","coordinates":[121.511273,25.060355]},"properties":{"name":"統一超商股份有限公司","address":"台北市大同區延平北路二段258號","district":"大同區","city":"臺北市","result":"檢驗","types":"新北抽驗(製造端)、新北抽驗(販售端)","grade":""}},{"type":"Feature","geometry":{"type":"Point","coordinates":[121.60653,25.057966]},"properties":{"name":"統一超商股份有限公司","address":"台北市南港區重陽路336號1樓2樓","district":"南港區","city":"臺北市","result":"檢驗","types":"新北抽驗(製造端)、新北抽驗(販售端)","grade":""}},{"type":"Feature","geometry":{"type":"Point","coordinates":[121.520403,25.081161]},"properties":{"name":"統一超商股份有限公司","address":"台北市士林區通河街151號1樓","district":"士林區","city":"臺北市","result":"檢驗","types":"新北抽驗(製造端)、新北抽驗(販售端)","grade":""}},{"type":"Feature","geometry":{"type":"Point","coordinates":[121.542032,25.055185]},"properties":{"name":"統一超商股份有限公司","address":"台北市中山區遼寧街160號1樓","district":"中山區","city":"臺北市","result":"檢驗","types":"新北抽驗(製造端)、新北抽驗(販售端)","grade":""}},{"type":"Feature","geometry":{"type":"Point","coordinates":[121.512943,25.053866]},"properties":{"name":"統一超商股份有限公司","address":"台北市大同區南京西路316號1樓","district":"大同區","city":"臺北市","result":"檢驗","types":"新北抽驗(製造端)、新北抽驗(販售端)","grade":""}},{"type":"Feature","geometry":{"type":"Point","coordinates":[121.562903,25.042221]},"properties":{"name":"統一超商股份有限公司","address":"台北市信義區忠孝東路四段553巷6弄2號1樓","district":"信義區","city":"臺北市","result":"檢驗","types":"新北抽驗(製造端)、新北抽驗(販售端)","grade":""}},{"type":"Feature","geometry":{"type":"Point","coordinates":[121.547634,25.024492]},"properties":{"name":"統一超商股份有限公司","address":"台北市大安區和平東路三段38號1樓","district":"大安區","city":"臺北市","result":"檢驗","types":"新北抽驗(製造端)、新北抽驗(販售端)","grade":""}},{"type":"Feature","geometry":{"type":"Point","coordinates":[121.517244,25.046481]},"properties":{"name":"統一超商股份有限公司","address":"台北市中正區忠孝西路一段49號5號店鋪(部份)","district":"中正區","city":"臺北市","result":"檢驗","types":"新北抽驗(製造端)、新北抽驗(販售端)","grade":""}},{"type":"Feature","geometry":{"type":"Point","coordinates":[121.59833,25.078894]},"properties":{"name":"統一超商股份有限公司","address":"台北市內湖區康寧路一段263號265號1樓","district":"內湖區","city":"臺北市","result":"檢驗","types":"新北抽驗(製造端)、新北抽驗(販售端)","grade":""}},{"type":"Feature","geometry":{"type":"Point","coordinates":[121.545635,25.052012]},"properties":{"name":"統一超商股份有限公司","address":"台北市松山區南京東路三段275號1樓","district":"松山區","city":"臺北市","result":"檢驗","types":"新北抽驗(製造端)、新北抽驗(販售端)","grade":""}},{"type":"Feature","geometry":{"type":"Point","coordinates":[121.536402,25.051633]},"properties":{"name":"統一超商股份有限公司","address":"台北市中山區建國北路一段156號一樓","district":"中山區","city":"臺北市","result":"檢驗","types":"新北抽驗(製造端)、新北抽驗(販售端)","grade":""}},{"type":"Feature","geometry":{"type":"Point","coordinates":[121.585266,25.0362]},"properties":{"name":"統一超商股份有限公司","address":"台北市信義區福德街88號90號","district":"信義區","city":"臺北市","result":"檢驗","types":"新北抽驗(製造端)、新北抽驗(販售端)","grade":""}},{"type":"Feature","geometry":{"type":"Point","coordinates":[121.527237,25.114441]},"properties":{"name":"統一超商股份有限公司","address":"台北市士林區中山北路六段435號437號","district":"士林區","city":"臺北市","result":"檢驗","types":"新北抽驗(製造端)、新北抽驗(販售端)","grade":""}},{"type":"Feature","geometry":{"type":"Point","coordinates":[121.533319,25.05667]},"properties":{"name":"統一超商股份有限公司","address":"台北市中山區松江路187號1樓及187-1號1樓","district":"中山區","city":"臺北市","result":"檢驗","types":"新北抽驗(製造端)、新北抽驗(販售端)","grade":""}},{"type":"Feature","geometry":{"type":"Point","coordinates":[121.54247,25.066054]},"properties":{"name":"統一超商股份有限公司","address":"台北市中山區復興北路514巷39號41號1樓","district":"中山區","city":"臺北市","result":"檢驗","types":"新北抽驗(製造端)、新北抽驗(販售端)","grade":""}},{"type":"Feature","geometry":{"type":"Point","coordinates":[121.520565,25.057772]},"properties":{"name":"統一超商股份有限公司","address":"台北市大同區民生西路47號地下一樓","district":"大同區","city":"臺北市","result":"檢驗","types":"新北抽驗(製造端)、新北抽驗(販售端)","grade":""}},{"type":"Feature","geometry":{"type":"Point","coordinates":[121.51538,25.071517]},"properties":{"name":"統一超商股份有限公司","address":"台北市大同區酒泉街9之1號1樓","district":"大同區","city":"臺北市","result":"檢驗","types":"新北抽驗(製造端)、新北抽驗(販售端)","grade":""}},{"type":"Feature","geometry":{"type":"Point","coordinates":[121.494434,25.029544]},"properties":{"name":"統一超商股份有限公司","address":"台北市萬華區雙園街28號30號1樓","district":"萬華區","city":"臺北市","result":"檢驗","types":"新北抽驗(製造端)、新北抽驗(販售端)","grade":""}},{"type":"Feature","geometry":{"type":"Point","coordinates":[121.555454,25.038278]},"properties":{"name":"統一超商股份有限公司","address":"台北市大安區延吉街175號1樓","district":"大安區","city":"臺北市","result":"檢驗","types":"新北抽驗(製造端)、新北抽驗(販售端)","grade":""}},{"type":"Feature","geometry":{"type":"Point","coordinates":[121.585417,25.053068]},"properties":{"name":"統一超商股份有限公司","address":"台北市南港區南港路三段8號10號","district":"南港區","city":"臺北市","result":"檢驗","types":"新北抽驗(製造端)、新北抽驗(販售端)","grade":""}},{"type":"Feature","geometry":{"type":"Point","coordinates":[121.587395,25.063221]},"properties":{"name":"統一超商股份有限公司","address":"台北市內湖區金莊路80號1樓","district":"內湖區","city":"臺北市","result":"檢驗","types":"新北抽驗(製造端)、新北抽驗(販售端)","grade":""}},{"type":"Feature","geometry":{"type":"Point","coordinates":[121.531393,25.059844]},"properties":{"name":"統一超商股份有限公司","address":"台北市中山區吉林路24號之2一樓","district":"中山區","city":"臺北市","result":"檢驗","types":"新北抽驗(製造端)、新北抽驗(販售端)","grade":""}},{"type":"Feature","geometry":{"type":"Point","coordinates":[121.575648,25.072863]},"properties":{"name":"統一超商股份有限公司","address":"台北市內湖區陽光街288號1樓","district":"內湖區","city":"臺北市","result":"檢驗","types":"新北抽驗(製造端)、新北抽驗(販售端)","grade":""}},{"type":"Feature","geometry":{"type":"Point","coordinates":[121.581664,25.047035]},"properties":{"name":"統一超商股份有限公司","address":"台北市南港區玉成街66號.66之13號","district":"南港區","city":"臺北市","result":"檢驗","types":"新北抽驗(製造端)、新北抽驗(販售端)","grade":""}},{"type":"Feature","geometry":{"type":"Point","coordinates":[121.542919,25.038896]},"properties":{"name":"統一超商股份有限公司","address":"台北市大安區仁愛路三段143巷8號","district":"大安區","city":"臺北市","result":"檢驗","types":"新北抽驗(製造端)、新北抽驗(販售端)","grade":""}},{"type":"Feature","geometry":{"type":"Point","coordinates":[121.574386,24.999334]},"properties":{"name":"統一超商股份有限公司","address":"台北市文山區和平東路四段383號385號1樓","district":"文山區","city":"臺北市","result":"檢驗","types":"新北抽驗(製造端)、新北抽驗(販售端)","grade":""}},{"type":"Feature","geometry":{"type":"Point","coordinates":[121.571745,25.022829]},"properties":{"name":"統一超商股份有限公司","address":"台北市信義區信義路五段20號B1樓","district":"信義區","city":"臺北市","result":"檢驗","types":"新北抽驗(製造端)、新北抽驗(販售端)","grade":""}},{"type":"Feature","geometry":{"type":"Point","coordinates":[121.525085,25.058118]},"properties":{"name":"統一超商股份有限公司","address":"台北市中山區民生東路一段29、31、33號","district":"中山區","city":"臺北市","result":"檢驗","types":"新北抽驗(製造端)、新北抽驗(販售端)","grade":""}},{"type":"Feature","geometry":{"type":"Point","coordinates":[121.518949,25.022322]},"properties":{"name":"統一超商股份有限公司","address":"台北市中正區牯嶺街138號1樓","district":"中正區","city":"臺北市","result":"檢驗","types":"新北抽驗(製造端)、新北抽驗(販售端)","grade":""}},{"type":"Feature","geometry":{"type":"Point","coordinates":[121.529081,25.056788]},"properties":{"name":"統一超商股份有限公司","address":"台北市中山區中原街37號.吉林路168巷22號","district":"中山區","city":"臺北市","result":"檢驗","types":"新北抽驗(製造端)、新北抽驗(販售端)","grade":""}},{"type":"Feature","geometry":{"type":"Point","coordinates":[121.522796,25.04938]},"properties":{"name":"統一超商股份有限公司","address":"台北市中山區天津街48.50號","district":"中山區","city":"臺北市","result":"檢驗","types":"新北抽驗(製造端)、新北抽驗(販售端)","grade":""}},{"type":"Feature","geometry":{"type":"Point","coordinates":[121.543825,25.040913]},"properties":{"name":"統一超商股份有限公司","address":"台北市大安區復興南路一段247號","district":"大安區","city":"臺北市","result":"檢驗","types":"新北抽驗(製造端)、新北抽驗(販售端)","grade":""}},{"type":"Feature","geometry":{"type":"Point","coordinates":[121.59162,25.080356]},"properties":{"name":"統一超商股份有限公司","address":"台北市內湖區康寧路一段34號","district":"內湖區","city":"臺北市","result":"檢驗","types":"新北抽驗(製造端)、新北抽驗(販售端)","grade":""}},{"type":"Feature","geometry":{"type":"Point","coordinates":[121.566797,25.038814]},"properties":{"name":"統一超商股份有限公司","address":"台北市信義區松高路12號B1","district":"信義區","city":"臺北市","result":"檢驗","types":"新北抽驗(製造端)、新北抽驗(販售端)","grade":""}},{"type":"Feature","geometry":{"type":"Point","coordinates":[121.564885,25.058057]},"properties":{"name":"統一超商股份有限公司","address":"台北市松山區新東街11巷28號","district":"松山區","city":"臺北市","result":"檢驗","types":"新北抽驗(製造端)、新北抽驗(販售端)","grade":""}},{"type":"Feature","geometry":{"type":"Point","coordinates":[121.503223,25.135615]},"properties":{"name":"統一超商股份有限公司","address":"台北市北投區光明路178號1樓","district":"北投區","city":"臺北市","result":"檢驗","types":"新北抽驗(製造端)、新北抽驗(販售端)","grade":""}},{"type":"Feature","geometry":{"type":"Point","coordinates":[121.604793,25.052364]},"properties":{"name":"統一超商股份有限公司","address":"台北市南港區忠孝東路七段299號","district":"南港區","city":"臺北市","result":"檢驗","types":"新北抽驗(製造端)、新北抽驗(販售端)","grade":""}},{"type":"Feature","geometry":{"type":"Point","coordinates":[121.500493,25.125091]},"properties":{"name":"統一超商股份有限公司","address":"台北市北投區中央南路二段31號1樓","district":"北投區","city":"臺北市","result":"檢驗","types":"新北抽驗(製造端)、新北抽驗(販售端)","grade":""}},{"type":"Feature","geometry":{"type":"Point","coordinates":[121.557878,25.059259]},"properties":{"name":"統一超商股份有限公司","address":"台北市松山區民生東路五段10號1樓","district":"松山區","city":"臺北市","result":"檢驗","types":"新北抽驗(製造端)、新北抽驗(販售端)","grade":""}},{"type":"Feature","geometry":{"type":"Point","coordinates":[121.516304,25.045444]},"properties":{"name":"統一超商股份有限公司","address":"台北市中正區許昌街26號1樓","district":"中正區","city":"臺北市","result":"檢驗","types":"新北抽驗(製造端)、新北抽驗(販售端)","grade":""}},{"type":"Feature","geometry":{"type":"Point","coordinates":[121.571159,25.018628]},"properties":{"name":"統一超商股份有限公司","address":"台北市信義區吳興街600巷94號","district":"信義區","city":"臺北市","result":"檢驗","types":"新北抽驗(製造端)、新北抽驗(販售端)","grade":""}},{"type":"Feature","geometry":{"type":"Point","coordinates":[121.528857,25.110994]},"properties":{"name":"統一超商股份有限公司","address":"台北市士林區德行東路109巷106號","district":"士林區","city":"臺北市","result":"檢驗","types":"新北抽驗(製造端)、新北抽驗(販售端)","grade":""}},{"type":"Feature","geometry":{"type":"Point","coordinates":[121.599989,25.061082]},"properties":{"name":"統一超商股份有限公司","address":"台北市內湖區潭美街535號","district":"內湖區","city":"臺北市","result":"檢驗","types":"新北抽驗(製造端)、新北抽驗(販售端)","grade":""}},{"type":"Feature","geometry":{"type":"Point","coordinates":[121.551331,25.019855]},"properties":{"name":"統一超商股份有限公司","address":"台北市中山區大直街13號1樓","district":"中山區","city":"臺北市","result":"檢驗","types":"新北抽驗(製造端)、新北抽驗(販售端)","grade":""}},{"type":"Feature","geometry":{"type":"Point","coordinates":[121.538507,25.035727]},"properties":{"name":"統一超商股份有限公司","address":"台北市大安區臥龍街291-2號.291-3號","district":"大安區","city":"臺北市","result":"檢驗","types":"新北抽驗(製造端)、新北抽驗(販售端)","grade":""}},{"type":"Feature","geometry":{"type":"Point","coordinates":[121.5886,25.060309]},"properties":{"name":"統一超商股份有限公司","address":"台北市內湖區南京東路六段392號1樓","district":"內湖區","city":"臺北市","result":"檢驗","types":"新北抽驗(製造端)、新北抽驗(販售端)","grade":""}},{"type":"Feature","geometry":{"type":"Point","coordinates":[121.523756,25.094672]},"properties":{"name":"統一超商股份有限公司","address":"台北市士林區中正路301號","district":"士林區","city":"臺北市","result":"檢驗","types":"新北抽驗(製造端)、新北抽驗(販售端)","grade":""}},{"type":"Feature","geometry":{"type":"Point","coordinates":[121.570366,25.039592]},"properties":{"name":"統一超商股份有限公司","address":"台北市信義區松高路77號地下1樓","district":"信義區","city":"臺北市","result":"檢驗","types":"新北抽驗(製造端)、新北抽驗(販售端)","grade":""}},{"type":"Feature","geometry":{"type":"Point","coordinates":[121.508631,25.113462]},"properties":{"name":"統一超商股份有限公司","address":"台北市北投區承德路七段166號1樓","district":"北投區","city":"臺北市","result":"檢驗","types":"新北抽驗(製造端)、新北抽驗(販售端)","grade":""}},{"type":"Feature","geometry":{"type":"Point","coordinates":[121.510789,25.089077]},"properties":{"name":"統一超商股份有限公司","address":"台北市士林區社正路75號社中街84號1樓","district":"士林區","city":"臺北市","result":"檢驗","types":"新北抽驗(製造端)、新北抽驗(販售端)","grade":""}},{"type":"Feature","geometry":{"type":"Point","coordinates":[121.516812,25.062735]},"properties":{"name":"統一超商股份有限公司","address":"台北市大同區民權西路120號","district":"大同區","city":"臺北市","result":"檢驗","types":"新北抽驗(製造端)、新北抽驗(販售端)","grade":""}},{"type":"Feature","geometry":{"type":"Point","coordinates":[121.526388,25.095269]},"properties":{"name":"統一超商股份有限公司","address":"台北市士林區中正路219號","district":"士林區","city":"臺北市","result":"檢驗","types":"新北抽驗(製造端)、新北抽驗(販售端)","grade":""}},{"type":"Feature","geometry":{"type":"Point","coordinates":[121.54354,25.022326]},"properties":{"name":"統一超商股份有限公司","address":"台北市大安區復興南路二段377號1樓","district":"大安區","city":"臺北市","result":"檢驗","types":"新北抽驗(製造端)、新北抽驗(販售端)","grade":""}},{"type":"Feature","geometry":{"type":"Point","coordinates":[121.56524,25.039516]},"properties":{"name":"統一超商股份有限公司","address":"台北市信義區松高路11號6樓","district":"信義區","city":"臺北市","result":"檢驗","types":"新北抽驗(製造端)、新北抽驗(販售端)","grade":""}},{"type":"Feature","geometry":{"type":"Point","coordinates":[121.516762,25.04688]},"properties":{"name":"統一超商股份有限公司","address":"台北市中正區忠孝西路一段47號B1(櫃號KB111)","district":"中正區","city":"臺北市","result":"檢驗","types":"新北抽驗(製造端)、新北抽驗(販售端)","grade":""}},{"type":"Feature","geometry":{"type":"Point","coordinates":[121.592626,25.048987]},"properties":{"name":"統一超商股份有限公司","address":"台北市南港區昆陽街16號1樓","district":"南港區","city":"臺北市","result":"檢驗","types":"新北抽驗(製造端)、新北抽驗(販售端)","grade":""}},{"type":"Feature","geometry":{"type":"Point","coordinates":[121.599894,25.057975]},"properties":{"name":"統一超商股份有限公司","address":"台北市南港區重陽路41號1樓","district":"南港區","city":"臺北市","result":"檢驗","types":"新北抽驗(製造端)、新北抽驗(販售端)","grade":""}},{"type":"Feature","geometry":{"type":"Point","coordinates":[121.561759,25.040852]},"properties":{"name":"統一超商股份有限公司","address":"台北市信義區忠孝東路四段500之2號","district":"信義區","city":"臺北市","result":"檢驗","types":"新北抽驗(製造端)、新北抽驗(販售端)","grade":""}},{"type":"Feature","geometry":{"type":"Point","coordinates":[121.585547,25.068026]},"properties":{"name":"統一超商股份有限公司","address":"台北市內湖區民權東路六段90巷8號.10號","district":"內湖區","city":"臺北市","result":"檢驗","types":"新北抽驗(製造端)、新北抽驗(販售端)","grade":""}},{"type":"Feature","geometry":{"type":"Point","coordinates":[121.56524,25.039516]},"properties":{"name":"統一超商股份有限公司","address":"台北市信義區松高路11號B1","district":"信義區","city":"臺北市","result":"檢驗","types":"新北抽驗(製造端)、新北抽驗(販售端)","grade":""}},{"type":"Feature","geometry":{"type":"Point","coordinates":[121.565473,25.027387]},"properties":{"name":"統一超商股份有限公司","address":"台北市信義區莊敬路390號","district":"信義區","city":"臺北市","result":"檢驗","types":"新北抽驗(製造端)、新北抽驗(販售端)","grade":""}},{"type":"Feature","geometry":{"type":"Point","coordinates":[121.501536,25.041826]},"properties":{"name":"統一超商股份有限公司","address":"台北市萬華區內江街101號1樓","district":"萬華區","city":"臺北市","result":"檢驗","types":"新北抽驗(製造端)、新北抽驗(販售端)","grade":""}},{"type":"Feature","geometry":{"type":"Point","coordinates":[121.530581,25.018278]},"properties":{"name":"統一超商股份有限公司","address":"台北市中正區羅斯福路三段244巷7-1號","district":"中正區","city":"臺北市","result":"檢驗","types":"新北抽驗(製造端)、新北抽驗(販售端)","grade":""}},{"type":"Feature","geometry":{"type":"Point","coordinates":[121.527004,25.11975]},"properties":{"name":"統一超商股份有限公司","address":"台北市士林區天玉街10號","district":"士林區","city":"臺北市","result":"檢驗","types":"新北抽驗(製造端)、新北抽驗(販售端)","grade":""}},{"type":"Feature","geometry":{"type":"Point","coordinates":[121.576502,24.987419]},"properties":{"name":"統一超商股份有限公司","address":"台北市文山區指南路二段64號(商學院)","district":"文山區","city":"臺北市","result":"檢驗","types":"新北抽驗(製造端)、新北抽驗(販售端)","grade":""}},{"type":"Feature","geometry":{"type":"Point","coordinates":[121.49172,25.026545]},"properties":{"name":"統一超商股份有限公司","address":"台北市萬華區興義街41號.43號","district":"萬華區","city":"臺北市","result":"檢驗","types":"新北抽驗(製造端)、新北抽驗(販售端)","grade":""}},{"type":"Feature","geometry":{"type":"Point","coordinates":[121.515112,25.052824]},"properties":{"name":"統一超商股份有限公司","address":"台北市大同區重慶北路一段30-1號","district":"大同區","city":"臺北市","result":"檢驗","types":"新北抽驗(製造端)、新北抽驗(販售端)","grade":""}},{"type":"Feature","geometry":{"type":"Point","coordinates":[121.561851,24.986904]},"properties":{"name":"統一超商股份有限公司","address":"台北市文山區興隆路四段55號1樓","district":"文山區","city":"臺北市","result":"檢驗","types":"新北抽驗(製造端)、新北抽驗(販售端)","grade":""}},{"type":"Feature","geometry":{"type":"Point","coordinates":[121.552118,25.046456]},"properties":{"name":"統一超商股份有限公司","address":"台北市松山區八德路三段74巷43號1樓","district":"松山區","city":"臺北市","result":"檢驗","types":"新北抽驗(製造端)、新北抽驗(販售端)","grade":""}},{"type":"Feature","geometry":{"type":"Point","coordinates":[121.527825,25.049763]},"properties":{"name":"統一超商股份有限公司","address":"台北市中山區林森北路107巷83號","district":"中山區","city":"臺北市","result":"檢驗","types":"新北抽驗(製造端)、新北抽驗(販售端)","grade":""}},{"type":"Feature","geometry":{"type":"Point","coordinates":[121.502756,25.044081]},"properties":{"name":"統一超商股份有限公司","address":"台北市萬華區康定路154.156號1樓","district":"萬華區","city":"臺北市","result":"檢驗","types":"新北抽驗(製造端)、新北抽驗(販售端)","grade":""}},{"type":"Feature","geometry":{"type":"Point","coordinates":[121.495996,25.020357]},"properties":{"name":"統一超商股份有限公司","address":"台北市萬華區萬大路486巷5.7號1樓","district":"萬華區","city":"臺北市","result":"檢驗","types":"新北抽驗(製造端)、新北抽驗(販售端)","grade":""}},{"type":"Feature","geometry":{"type":"Point","coordinates":[121.561994,25.038048]},"properties":{"name":"統一超商股份有限公司","address":"台北市信義區仁愛路四段507號B1","district":"信義區","city":"臺北市","result":"檢驗","types":"新北抽驗(製造端)、新北抽驗(販售端)","grade":""}},{"type":"Feature","geometry":{"type":"Point","coordinates":[121.611839,25.057765]},"properties":{"name":"統一超商股份有限公司","address":"台北市南港區園區街3號2樓之7","district":"南港區","city":"臺北市","result":"檢驗","types":"新北抽驗(製造端)、新北抽驗(販售端)","grade":""}},{"type":"Feature","geometry":{"type":"Point","coordinates":[121.579071,25.083345]},"properties":{"name":"統一超商股份有限公司","address":"台北市內湖區東湖路114號1樓","district":"內湖區","city":"臺北市","result":"檢驗","types":"新北抽驗(製造端)、新北抽驗(販售端)","grade":""}},{"type":"Feature","geometry":{"type":"Point","coordinates":[121.547283,25.051989]},"properties":{"name":"統一超商股份有限公司","address":"台北市松山區南京東路三段331號1樓","district":"松山區","city":"臺北市","result":"檢驗","types":"新北抽驗(製造端)、新北抽驗(販售端)","grade":""}},{"type":"Feature","geometry":{"type":"Point","coordinates":[121.562423,25.048785]},"properties":{"name":"統一超商股份有限公司","address":"台北市松山區八德路四段147號","district":"松山區","city":"臺北市","result":"檢驗","types":"新北抽驗(製造端)、新北抽驗(販售端)","grade":""}},{"type":"Feature","geometry":{"type":"Point","coordinates":[121.52808,25.066626]},"properties":{"name":"統一超商股份有限公司","address":"台北市中山區德惠街65、67、69、71號","district":"中山區","city":"臺北市","result":"檢驗","types":"新北抽驗(製造端)、新北抽驗(販售端)","grade":""}},{"type":"Feature","geometry":{"type":"Point","coordinates":[121.496888,25.034109]},"properties":{"name":"統一超商股份有限公司","address":"台北市萬華區大理街128之1、128之2號1樓","district":"萬華區","city":"臺北市","result":"檢驗","types":"新北抽驗(製造端)、新北抽驗(販售端)","grade":""}},{"type":"Feature","geometry":{"type":"Point","coordinates":[121.523242,25.098247]},"properties":{"name":"統一超商股份有限公司","address":"台北市士林區美崙街114號","district":"士林區","city":"臺北市","result":"檢驗","types":"新北抽驗(製造端)、新北抽驗(販售端)","grade":""}},{"type":"Feature","geometry":{"type":"Point","coordinates":[121.552814,25.081645]},"properties":{"name":"統一超商股份有限公司","address":"台北市中山區敬業一路56號","district":"中山區","city":"臺北市","result":"檢驗","types":"新北抽驗(製造端)、新北抽驗(販售端)","grade":""}},{"type":"Feature","geometry":{"type":"Point","coordinates":[121.545323,24.985291]},"properties":{"name":"統一超商股份有限公司","address":"台北市文山區和興路1.3.5號","district":"文山區","city":"臺北市","result":"檢驗","types":"新北抽驗(製造端)、新北抽驗(販售端)","grade":""}},{"type":"Feature","geometry":{"type":"Point","coordinates":[121.507941,25.126309]},"properties":{"name":"統一超商股份有限公司","address":"台北市北投區公館路230號","district":"北投區","city":"臺北市","result":"檢驗","types":"新北抽驗(製造端)、新北抽驗(販售端)","grade":""}},{"type":"Feature","geometry":{"type":"Point","coordinates":[121.522479,25.120637]},"properties":{"name":"統一超商股份有限公司","address":"台北市北投區石牌路二段201號","district":"北投區","city":"臺北市","result":"檢驗","types":"新北抽驗(製造端)、新北抽驗(販售端)","grade":""}},{"type":"Feature","geometry":{"type":"Point","coordinates":[121.617583,25.059345]},"properties":{"name":"統一超商股份有限公司","address":"台北市南港區經貿二路131號(B1-01300櫃位)","district":"南港區","city":"臺北市","result":"檢驗","types":"新北抽驗(製造端)、新北抽驗(販售端)","grade":""}},{"type":"Feature","geometry":{"type":"Point","coordinates":[121.526776,25.026814]},"properties":{"name":"統一超商股份有限公司","address":"台北市大安區和平東路一段141巷15.17號1樓","district":"大安區","city":"臺北市","result":"檢驗","types":"新北抽驗(製造端)、新北抽驗(販售端)","grade":""}},{"type":"Feature","geometry":{"type":"Point","coordinates":[121.52129,25.063633]},"properties":{"name":"統一超商股份有限公司","address":"台北市中山區撫順街8號","district":"中山區","city":"臺北市","result":"檢驗","types":"新北抽驗(製造端)、新北抽驗(販售端)","grade":""}},{"type":"Feature","geometry":{"type":"Point","coordinates":[121.574625,25.034584]},"properties":{"name":"統一超商股份有限公司","address":"台北市信義區松德路157.159號","district":"信義區","city":"臺北市","result":"檢驗","types":"新北抽驗(製造端)、新北抽驗(販售端)","grade":""}},{"type":"Feature","geometry":{"type":"Point","coordinates":[121.534849,25.01301]},"properties":{"name":"統一超商股份有限公司","address":"台北市中正區汀州路三段180號","district":"中正區","city":"臺北市","result":"檢驗","types":"新北抽驗(製造端)、新北抽驗(販售端)","grade":""}},{"type":"Feature","geometry":{"type":"Point","coordinates":[121.557678,25.049304]},"properties":{"name":"統一超商股份有限公司","address":"台北市松山區光復北路32號1樓","district":"松山區","city":"臺北市","result":"檢驗","types":"新北抽驗(製造端)、新北抽驗(販售端)","grade":""}},{"type":"Feature","geometry":{"type":"Point","coordinates":[121.546481,25.078666]},"properties":{"name":"統一超商股份有限公司","address":"台北市中山區北安路458巷47弄51號","district":"中山區","city":"臺北市","result":"檢驗","types":"新北抽驗(製造端)、新北抽驗(販售端)","grade":""}},{"type":"Feature","geometry":{"type":"Point","coordinates":[121.499495,25.037274]},"properties":{"name":"統一超商股份有限公司","address":"台北市萬華區西園路一段80.82號1樓","district":"萬華區","city":"臺北市","result":"檢驗","types":"新北抽驗(製造端)、新北抽驗(販售端)","grade":""}},{"type":"Feature","geometry":{"type":"Point","coordinates":[121.520087,25.084308]},"properties":{"name":"統一超商股份有限公司","address":"台北市士林區前港街17號","district":"士林區","city":"臺北市","result":"檢驗","types":"新北抽驗(製造端)、新北抽驗(販售端)","grade":""}},{"type":"Feature","geometry":{"type":"Point","coordinates":[121.518951,25.033803]},"properties":{"name":"統一超商股份有限公司","address":"台北市中正區愛國東路60號1樓.B1","district":"中正區","city":"臺北市","result":"檢驗","types":"新北抽驗(製造端)、新北抽驗(販售端)","grade":""}},{"type":"Feature","geometry":{"type":"Point","coordinates":[121.544638,25.04266]},"properties":{"name":"統一超商股份有限公司","address":"台北市大安區復興南路一段135巷7號1樓","district":"大安區","city":"臺北市","result":"檢驗","types":"新北抽驗(製造端)、新北抽驗(販售端)","grade":""}},{"type":"Feature","geometry":{"type":"Point","coordinates":[121.566113,25.082772]},"properties":{"name":"統一超商股份有限公司","address":"台北市內湖區內湖路一段285巷65弄2號1樓","district":"內湖區","city":"臺北市","result":"檢驗","types":"新北抽驗(製造端)、新北抽驗(販售端)","grade":""}},{"type":"Feature","geometry":{"type":"Point","coordinates":[121.56524,25.039516]},"properties":{"name":"統一超商股份有限公司","address":"台北市信義區松高路11號B2","district":"信義區","city":"臺北市","result":"檢驗","types":"新北抽驗(製造端)、新北抽驗(販售端)","grade":""}},{"type":"Feature","geometry":{"type":"Point","coordinates":[121.560816,24.986468]},"properties":{"name":"統一超商股份有限公司","address":"台北市文山區興隆路四段50-3.50-4號1樓","district":"文山區","city":"臺北市","result":"檢驗","types":"新北抽驗(製造端)、新北抽驗(販售端)","grade":""}},{"type":"Feature","geometry":{"type":"Point","coordinates":[121.587906,25.06758]},"properties":{"name":"統一超商股份有限公司","address":"台北市內湖區成功路二段320巷60號","district":"內湖區","city":"臺北市","result":"檢驗","types":"新北抽驗(製造端)、新北抽驗(販售端)","grade":""}},{"type":"Feature","geometry":{"type":"Point","coordinates":[121.518767,25.053168]},"properties":{"name":"統一超商股份有限公司","address":"台北市大同區南京西路71號","district":"大同區","city":"臺北市","result":"檢驗","types":"新北抽驗(製造端)、新北抽驗(販售端)","grade":""}},{"type":"Feature","geometry":{"type":"Point","coordinates":[121.561675,24.996054]},"properties":{"name":"統一超商股份有限公司","address":"台北市文山區興隆路三段185巷7弄2號","district":"文山區","city":"臺北市","result":"檢驗","types":"新北抽驗(製造端)、新北抽驗(販售端)","grade":""}},{"type":"Feature","geometry":{"type":"Point","coordinates":[121.510493,25.056921]},"properties":{"name":"統一超商股份有限公司","address":"台北市大同區民生西路409.411號","district":"大同區","city":"臺北市","result":"檢驗","types":"新北抽驗(製造端)、新北抽驗(販售端)","grade":""}},{"type":"Feature","geometry":{"type":"Point","coordinates":[121.499495,25.037274]},"properties":{"name":"統一超商股份有限公司","address":"台北市萬華區西園路一段171.173號1樓","district":"萬華區","city":"臺北市","result":"檢驗","types":"新北抽驗(製造端)、新北抽驗(販售端)","grade":""}},{"type":"Feature","geometry":{"type":"Point","coordinates":[121.496898,25.031585]},"properties":{"name":"統一超商股份有限公司","address":"台北市中正區和平西路二段70巷15弄3號1樓","district":"中正區","city":"臺北市","result":"檢驗","types":"新北抽驗(製造端)、新北抽驗(販售端)","grade":""}},{"type":"Feature","geometry":{"type":"Point","coordinates":[121.503484,25.046259]},"properties":{"name":"統一超商股份有限公司","address":"台北市萬華區環河南路一段35號1樓","district":"萬華區","city":"臺北市","result":"檢驗","types":"新北抽驗(製造端)、新北抽驗(販售端)","grade":""}},{"type":"Feature","geometry":{"type":"Point","coordinates":[121.589694,25.063575]},"properties":{"name":"統一超商股份有限公司","address":"台北市內湖區石潭路157號","district":"內湖區","city":"臺北市","result":"檢驗","types":"新北抽驗(製造端)、新北抽驗(販售端)","grade":""}},{"type":"Feature","geometry":{"type":"Point","coordinates":[121.531592,25.047125]},"properties":{"name":"統一超商股份有限公司","address":"台北市中山區松江路26巷32號34號","district":"中山區","city":"臺北市","result":"檢驗","types":"新北抽驗(製造端)、新北抽驗(販售端)","grade":""}},{"type":"Feature","geometry":{"type":"Point","coordinates":[121.500021,25.133281]},"properties":{"name":"統一超商股份有限公司","address":"台北市北投區大同街26號","district":"北投區","city":"臺北市","result":"檢驗","types":"新北抽驗(製造端)、新北抽驗(販售端)","grade":""}},{"type":"Feature","geometry":{"type":"Point","coordinates":[121.551904,25.025759]},"properties":{"name":"統一超商股份有限公司","address":"台北市大安區樂利路74號","district":"大安區","city":"臺北市","result":"檢驗","types":"新北抽驗(製造端)、新北抽驗(販售端)","grade":""}},{"type":"Feature","geometry":{"type":"Point","coordinates":[121.567214,25.054891]},"properties":{"name":"統一超商股份有限公司","address":"台北市松山區健康路325巷5弄1號1樓","district":"松山區","city":"臺北市","result":"檢驗","types":"新北抽驗(製造端)、新北抽驗(販售端)","grade":""}},{"type":"Feature","geometry":{"type":"Point","coordinates":[121.597585,25.054719]},"properties":{"name":"統一超商股份有限公司","address":"台北市南港區向陽路120巷2弄35號","district":"南港區","city":"臺北市","result":"檢驗","types":"新北抽驗(製造端)、新北抽驗(販售端)","grade":""}},{"type":"Feature","geometry":{"type":"Point","coordinates":[121.515817,25.040934]},"properties":{"name":"統一超商股份有限公司","address":"台北市中正區公園路52號","district":"中正區","city":"臺北市","result":"檢驗","types":"新北抽驗(製造端)、新北抽驗(販售端)","grade":""}},{"type":"Feature","geometry":{"type":"Point","coordinates":[121.530041,25.03486]},"properties":{"name":"統一超商股份有限公司","address":"台北市中正區臨沂街65巷25號、27號","district":"中正區","city":"臺北市","result":"檢驗","types":"新北抽驗(製造端)、新北抽驗(販售端)","grade":""}},{"type":"Feature","geometry":{"type":"Point","coordinates":[121.517922,25.082386]},"properties":{"name":"統一超商股份有限公司","address":"台北市士林區和豐街39巷2號","district":"士林區","city":"臺北市","result":"檢驗","types":"新北抽驗(製造端)、新北抽驗(販售端)","grade":""}},{"type":"Feature","geometry":{"type":"Point","coordinates":[121.56314,25.060318]},"properties":{"name":"統一超商股份有限公司","address":"台北市松山區三民路137號1樓","district":"松山區","city":"臺北市","result":"檢驗","types":"新北抽驗(製造端)、新北抽驗(販售端)","grade":""}},{"type":"Feature","geometry":{"type":"Point","coordinates":[121.574589,25.080451]},"properties":{"name":"統一超商股份有限公司","address":"台北市內湖區內湖路一段631號","district":"內湖區","city":"臺北市","result":"檢驗","types":"新北抽驗(製造端)、新北抽驗(販售端)","grade":""}},{"type":"Feature","geometry":{"type":"Point","coordinates":[121.529258,25.029783]},"properties":{"name":"統一超商股份有限公司","address":"台北市大安區金華街241之1號","district":"大安區","city":"臺北市","result":"檢驗","types":"新北抽驗(製造端)、新北抽驗(販售端)","grade":""}},{"type":"Feature","geometry":{"type":"Point","coordinates":[121.466022,25.119606]},"properties":{"name":"統一超商股份有限公司","address":"台北市北投區知行路1號","district":"北投區","city":"臺北市","result":"檢驗","types":"新北抽驗(製造端)、新北抽驗(販售端)","grade":""}},{"type":"Feature","geometry":{"type":"Point","coordinates":[121.562304,25.027198]},"properties":{"name":"統一超商股份有限公司","address":"台北市信義區吳興街220巷33號","district":"信義區","city":"臺北市","result":"檢驗","types":"新北抽驗(製造端)、新北抽驗(販售端)","grade":""}},{"type":"Feature","geometry":{"type":"Point","coordinates":[121.566678,25.057221]},"properties":{"name":"統一超商股份有限公司","address":"台北市松山區延壽街91號93號","district":"松山區","city":"臺北市","result":"檢驗","types":"新北抽驗(製造端)、新北抽驗(販售端)","grade":""}},{"type":"Feature","geometry":{"type":"Point","coordinates":[121.528391,25.109493]},"properties":{"name":"統一超商股份有限公司","address":"台北市士林區德行東路109巷61號","district":"士林區","city":"臺北市","result":"檢驗","types":"新北抽驗(製造端)、新北抽驗(販售端)","grade":""}},{"type":"Feature","geometry":{"type":"Point","coordinates":[121.560938,24.986504]},"properties":{"name":"統一超商股份有限公司","address":"台北市文山區興隆路四段72-2號.74巷2號.4號","district":"文山區","city":"臺北市","result":"檢驗","types":"新北抽驗(製造端)、新北抽驗(販售端)","grade":""}},{"type":"Feature","geometry":{"type":"Point","coordinates":[121.619023,25.040934]},"properties":{"name":"統一超商股份有限公司","address":"台北市南港區舊莊街一段81號83號","district":"南港區","city":"臺北市","result":"檢驗","types":"新北抽驗(製造端)、新北抽驗(販售端)","grade":""}},{"type":"Feature","geometry":{"type":"Point","coordinates":[121.543209,24.991831]},"properties":{"name":"統一超商股份有限公司","address":"台北市文山區景興路202巷11號","district":"文山區","city":"臺北市","result":"檢驗","types":"新北抽驗(製造端)、新北抽驗(販售端)","grade":""}},{"type":"Feature","geometry":{"type":"Point","coordinates":[121.558718,25.027334]},"properties":{"name":"統一超商股份有限公司","address":"台北市信義區信安街29號","district":"信義區","city":"臺北市","result":"檢驗","types":"新北抽驗(製造端)、新北抽驗(販售端)","grade":""}},{"type":"Feature","geometry":{"type":"Point","coordinates":[121.501317,25.143375]},"properties":{"name":"統一超商股份有限公司","address":"台北市北投區復興四路21、23號1樓","district":"北投區","city":"臺北市","result":"檢驗","types":"新北抽驗(製造端)、新北抽驗(販售端)","grade":""}},{"type":"Feature","geometry":{"type":"Point","coordinates":[121.547875,25.082171]},"properties":{"name":"統一超商股份有限公司","address":"台北市中山區北安路595巷14.16號","district":"中山區","city":"臺北市","result":"檢驗","types":"新北抽驗(製造端)、新北抽驗(販售端)","grade":""}},{"type":"Feature","geometry":{"type":"Point","coordinates":[121.509534,25.024809]},"properties":{"name":"統一超商股份有限公司","address":"台北市萬華區中華路二段430號1樓","district":"萬華區","city":"臺北市","result":"檢驗","types":"新北抽驗(製造端)、新北抽驗(販售端)","grade":""}},{"type":"Feature","geometry":{"type":"Point","coordinates":[121.559218,25.047004]},"properties":{"name":"統一超商股份有限公司","address":"台北市松山區八德路四段22號、22-1號","district":"松山區","city":"臺北市","result":"檢驗","types":"新北抽驗(製造端)、新北抽驗(販售端)","grade":""}},{"type":"Feature","geometry":{"type":"Point","coordinates":[121.532782,25.066459]},"properties":{"name":"統一超商股份有限公司","address":"台北市中山區德惠街200號1樓","district":"中山區","city":"臺北市","result":"檢驗","types":"新北抽驗(製造端)、新北抽驗(販售端)","grade":""}},{"type":"Feature","geometry":{"type":"Point","coordinates":[121.543364,25.025122]},"properties":{"name":"統一超商股份有限公司","address":"台北市大安區復興南路二段116號","district":"大安區","city":"臺北市","result":"檢驗","types":"新北抽驗(製造端)、新北抽驗(販售端)","grade":""}},{"type":"Feature","geometry":{"type":"Point","coordinates":[121.522418,25.09704]},"properties":{"name":"統一超商股份有限公司","address":"台北市士林區美崙街51號","district":"士林區","city":"臺北市","result":"檢驗","types":"新北抽驗(製造端)、新北抽驗(販售端)","grade":""}},{"type":"Feature","geometry":{"type":"Point","coordinates":[121.566297,25.051154]},"properties":{"name":"統一超商股份有限公司","address":"台北市松山區南京東路五段254號1樓","district":"松山區","city":"臺北市","result":"檢驗","types":"新北抽驗(製造端)、新北抽驗(販售端)","grade":""}},{"type":"Feature","geometry":{"type":"Point","coordinates":[121.560602,25.006529]},"properties":{"name":"統一超商股份有限公司","address":"台北市文山區辛亥路四段99號","district":"文山區","city":"臺北市","result":"檢驗","types":"新北抽驗(製造端)、新北抽驗(販售端)","grade":""}},{"type":"Feature","geometry":{"type":"Point","coordinates":[121.601484,25.08629]},"properties":{"name":"統一超商股份有限公司","address":"台北市內湖區大湖山莊街150號","district":"內湖區","city":"臺北市","result":"檢驗","types":"新北抽驗(製造端)、新北抽驗(販售端)","grade":""}},{"type":"Feature","geometry":{"type":"Point","coordinates":[121.528917,25.063054]},"properties":{"name":"統一超商股份有限公司","address":"台北市中山區中原街132號","district":"中山區","city":"臺北市","result":"檢驗","types":"新北抽驗(製造端)、新北抽驗(販售端)","grade":""}},{"type":"Feature","geometry":{"type":"Point","coordinates":[121.533378,25.060115]},"properties":{"name":"統一超商股份有限公司","address":"台北市中山區松江路277號、277-1號1樓","district":"中山區","city":"臺北市","result":"檢驗","types":"新北抽驗(製造端)、新北抽驗(販售端)","grade":""}},{"type":"Feature","geometry":{"type":"Point","coordinates":[121.520914,25.096783]},"properties":{"name":"統一超商股份有限公司","address":"台北市士林區文昌路89號","district":"士林區","city":"臺北市","result":"檢驗","types":"新北抽驗(製造端)、新北抽驗(販售端)","grade":""}},{"type":"Feature","geometry":{"type":"Point","coordinates":[121.550843,25.039182]},"properties":{"name":"統一超商股份有限公司","address":"台北市大安區仁愛路四段29號","district":"大安區","city":"臺北市","result":"檢驗","types":"新北抽驗(製造端)、新北抽驗(販售端)","grade":""}},{"type":"Feature","geometry":{"type":"Point","coordinates":[121.617862,25.058568]},"properties":{"name":"統一超商股份有限公司","address":"台北市南港區經貿二路111號7樓","district":"南港區","city":"臺北市","result":"檢驗","types":"新北抽驗(製造端)、新北抽驗(販售端)","grade":""}},{"type":"Feature","geometry":{"type":"Point","coordinates":[121.500537,25.03898]},"properties":{"name":"億東企業股份有限公司","address":"台北市萬華區西昌街142號8樓之5","district":"萬華區","city":"臺北市","result":"檢驗","types":"新北抽驗(製造端)","grade":""}},{"type":"Feature","geometry":{"type":"Point","coordinates":[121.558003,25.081043]},"properties":{"name":"台灣善美的股份有限公司","address":"台北市中山區敬業四路33號8樓","district":"中山區","city":"臺北市","result":"未檢驗","types":"新北抽驗(製造端)、新北抽驗(販售端)","grade":""}},{"type":"Feature","geometry":{"type":"Point","coordinates":[121.525343,25.057017]},"properties":{"name":"全家便利商店股份有限公司","address":"台北市中山區中山北路二段61號7樓","district":"中山區","city":"臺北市","result":"檢驗","types":"新北抽驗(販售端)","grade":""}},{"type":"Feature","geometry":{"type":"Point","coordinates":[121.563218,25.057458]},"properties":{"name":"全家便利商店股份有限公司","address":"台北市松山區三民路６號＋Ｂ１","district":"松山區","city":"臺北市","result":"檢驗","types":"新北抽驗(販售端)","grade":""}},{"type":"Feature","geometry":{"type":"Point","coordinates":[121.517055,25.047176]},"properties":{"name":"全家便利商店股份有限公司","address":"台北市中正區北平西路３號（東北站）","district":"中正區","city":"臺北市","result":"檢驗","types":"新北抽驗(販售端)","grade":""}},{"type":"Feature","geometry":{"type":"Point","coordinates":[121.517055,25.047176]},"properties":{"name":"全家便利商店股份有限公司","address":"台北市中正區北平西路３號（東南站）","district":"中正區","city":"臺北市","result":"檢驗","types":"新北抽驗(販售端)","grade":""}},{"type":"Feature","geometry":{"type":"Point","coordinates":[121.531124,25.057509]},"properties":{"name":"全家便利商店股份有限公司","address":"台北市中山區松江路６１之１號１樓","district":"中山區","city":"臺北市","result":"檢驗","types":"新北抽驗(販售端)","grade":""}},{"type":"Feature","geometry":{"type":"Point","coordinates":[121.501366,25.035429]},"properties":{"name":"全家便利商店股份有限公司","address":"台北市萬華區康定路２２９號１樓","district":"萬華區","city":"臺北市","result":"檢驗","types":"新北抽驗(販售端)","grade":""}},{"type":"Feature","geometry":{"type":"Point","coordinates":[121.575966,25.072569]},"properties":{"name":"全家便利商店股份有限公司","address":"台北市內湖區瑞湖街８０號１樓Ｒ３、Ｒ４","district":"內湖區","city":"臺北市","result":"檢驗","types":"新北抽驗(販售端)","grade":""}},{"type":"Feature","geometry":{"type":"Point","coordinates":[121.540351,25.052645]},"properties":{"name":"全家便利商店股份有限公司","address":"台北市中山區龍江路１０２號１樓","district":"中山區","city":"臺北市","result":"檢驗","types":"新北抽驗(販售端)","grade":""}},{"type":"Feature","geometry":{"type":"Point","coordinates":[121.530884,25.04313]},"properties":{"name":"全家便利商店股份有限公司","address":"台北市中正區忠孝東路二段９３號１樓","district":"中正區","city":"臺北市","result":"檢驗","types":"新北抽驗(販售端)","grade":""}},{"type":"Feature","geometry":{"type":"Point","coordinates":[121.587408,25.063368]},"properties":{"name":"全家便利商店股份有限公司","address":"台北市內湖區金莊路８６號１樓","district":"內湖區","city":"臺北市","result":"檢驗","types":"新北抽驗(販售端)","grade":""}},{"type":"Feature","geometry":{"type":"Point","coordinates":[121.563106,25.040182]},"properties":{"name":"全家便利商店股份有限公司","address":"台北市信義區逸仙路４２巷２３號","district":"信義區","city":"臺北市","result":"檢驗","types":"新北抽驗(販售端)","grade":""}},{"type":"Feature","geometry":{"type":"Point","coordinates":[121.539483,25.044924]},"properties":{"name":"全家便利商店股份有限公司","address":"台北市中山區民權東路二段４６號１樓","district":"中山區","city":"臺北市","result":"檢驗","types":"新北抽驗(販售端)","grade":""}},{"type":"Feature","geometry":{"type":"Point","coordinates":[121.571181,25.078265]},"properties":{"name":"全家便利商店股份有限公司","address":"台北市內湖區瑞光路４３３號１樓","district":"內湖區","city":"臺北市","result":"檢驗","types":"新北抽驗(販售端)","grade":""}},{"type":"Feature","geometry":{"type":"Point","coordinates":[121.614672,25.057392]},"properties":{"name":"全家便利商店股份有限公司","address":"台北市南港區三重路６６號１樓","district":"南港區","city":"臺北市","result":"檢驗","types":"新北抽驗(販售端)","grade":""}},{"type":"Feature","geometry":{"type":"Point","coordinates":[121.549316,25.030188]},"properties":{"name":"全家便利商店股份有限公司","address":"台北市大安區敦化南路二段７７號１樓右側空間","district":"大安區","city":"臺北市","result":"檢驗","types":"新北抽驗(販售端)","grade":""}},{"type":"Feature","geometry":{"type":"Point","coordinates":[121.614394,25.046627]},"properties":{"name":"全家便利商店股份有限公司","address":"台北市南港區研究院路二段１２巷５５號１樓","district":"南港區","city":"臺北市","result":"檢驗","types":"新北抽驗(販售端)","grade":""}},{"type":"Feature","geometry":{"type":"Point","coordinates":[121.517931,25.046283]},"properties":{"name":"全家便利商店股份有限公司","address":"台北市中正區忠孝西路一段４５號１Ｆ部分","district":"中正區","city":"臺北市","result":"檢驗","types":"新北抽驗(販售端)","grade":""}},{"type":"Feature","geometry":{"type":"Point","coordinates":[121.574276,25.076496]},"properties":{"name":"全家便利商店股份有限公司","address":"台北市內湖區瑞光路３０２號１樓","district":"內湖區","city":"臺北市","result":"檢驗","types":"新北抽驗(販售端)","grade":""}},{"type":"Feature","geometry":{"type":"Point","coordinates":[121.511216,25.072233]},"properties":{"name":"全家便利商店股份有限公司","address":"台北市大同區酒泉街２２７號１樓","district":"大同區","city":"臺北市","result":"檢驗","types":"新北抽驗(販售端)","grade":""}},{"type":"Feature","geometry":{"type":"Point","coordinates":[121.505599,25.042936]},"properties":{"name":"全家便利商店股份有限公司","address":"台北市萬華區成都路７１號１樓","district":"萬華區","city":"臺北市","result":"檢驗","types":"新北抽驗(販售端)","grade":""}},{"type":"Feature","geometry":{"type":"Point","coordinates":[121.574276,25.076496]},"properties":{"name":"全家便利商店股份有限公司","address":"台北市內湖區台北市內湖區瑞光路３０２號１樓","district":"內湖區","city":"臺北市","result":"檢驗","types":"新北抽驗(販售端)","grade":""}},{"type":"Feature","geometry":{"type":"Point","coordinates":[121.544277,25.03012]},"properties":{"name":"全家便利商店股份有限公司","address":"台北市大安區復興南路１段２５７號１樓","district":"大安區","city":"臺北市","result":"檢驗","types":"新北抽驗(販售端)","grade":""}},{"type":"Feature","geometry":{"type":"Point","coordinates":[121.504239,25.126936]},"properties":{"name":"全家便利商店股份有限公司","address":"台北市北投區三合街一段１１６號１樓","district":"北投區","city":"臺北市","result":"檢驗","types":"新北抽驗(販售端)","grade":""}},{"type":"Feature","geometry":{"type":"Point","coordinates":[121.567508,24.985732]},"properties":{"name":"全家便利商店股份有限公司","address":"台北市文山區保儀路78、80號","district":"文山區","city":"臺北市","result":"檢驗","types":"新北抽驗(販售端)","grade":""}},{"type":"Feature","geometry":{"type":"Point","coordinates":[121.604786,25.054768]},"properties":{"name":"全家便利商店股份有限公司","address":"台北市南港區南港路二段３８巷６之２號","district":"南港區","city":"臺北市","result":"檢驗","types":"新北抽驗(販售端)","grade":""}},{"type":"Feature","geometry":{"type":"Point","coordinates":[121.514056,25.074338]},"properties":{"name":"全家便利商店股份有限公司","address":"台北市大同區重慶北路三段３２７號１樓（如附圖）","district":"大同區","city":"臺北市","result":"檢驗","types":"新北抽驗(販售端)","grade":""}},{"type":"Feature","geometry":{"type":"Point","coordinates":[121.552859,25.034319]},"properties":{"name":"全家便利商店股份有限公司","address":"台北市大安區安和路1段104號","district":"大安區","city":"臺北市","result":"檢驗","types":"新北抽驗(販售端)","grade":""}},{"type":"Feature","geometry":{"type":"Point","coordinates":[121.530672,25.051866]},"properties":{"name":"全家便利商店股份有限公司","address":"台北市中山區南京東路二段７２號１樓、７２－２號","district":"中山區","city":"臺北市","result":"檢驗","types":"新北抽驗(販售端)","grade":""}},{"type":"Feature","geometry":{"type":"Point","coordinates":[121.574598,25.082308]},"properties":{"name":"全家便利商店股份有限公司","address":"台北市內湖區港華街４０號１樓","district":"內湖區","city":"臺北市","result":"檢驗","types":"新北抽驗(販售端)","grade":""}},{"type":"Feature","geometry":{"type":"Point","coordinates":[121.563901,25.034027]},"properties":{"name":"全家便利商店股份有限公司","address":"台北市信義區市府路４５號Ｂ１（商場編號５３）","district":"信義區","city":"臺北市","result":"檢驗","types":"新北抽驗(販售端)","grade":""}},{"type":"Feature","geometry":{"type":"Point","coordinates":[121.515573,25.062262]},"properties":{"name":"全家便利商店股份有限公司","address":"台北市大同區民權西路１１０號１樓及夾層","district":"大同區","city":"臺北市","result":"檢驗","types":"新北抽驗(販售端)","grade":""}},{"type":"Feature","geometry":{"type":"Point","coordinates":[121.530247,25.023787]},"properties":{"name":"全家便利商店股份有限公司","address":"台北市大安區泰順街２０號１樓（部分範圍）","district":"大安區","city":"臺北市","result":"檢驗","types":"新北抽驗(販售端)","grade":""}},{"type":"Feature","geometry":{"type":"Point","coordinates":[121.506314,25.092133]},"properties":{"name":"全家便利商店股份有限公司","address":"台北市士林區社中街２８０號１樓及２樓","district":"士林區","city":"臺北市","result":"檢驗","types":"新北抽驗(販售端)","grade":""}},{"type":"Feature","geometry":{"type":"Point","coordinates":[121.516713,25.055267]},"properties":{"name":"全家便利商店股份有限公司","address":"台北市大同區太原路１５３號１樓","district":"大同區","city":"臺北市","result":"檢驗","types":"新北抽驗(販售端)","grade":""}},{"type":"Feature","geometry":{"type":"Point","coordinates":[121.541204,25.041237]},"properties":{"name":"全家便利商店股份有限公司","address":"台北市大安區忠孝東路三段２４８巷６號","district":"大安區","city":"臺北市","result":"檢驗","types":"新北抽驗(販售端)","grade":""}},{"type":"Feature","geometry":{"type":"Point","coordinates":[121.559738,25.043688]},"properties":{"name":"全家便利商店股份有限公司","address":"台北市信義區光復南路１３３號（一號變電站庫房）","district":"信義區","city":"臺北市","result":"檢驗","types":"新北抽驗(販售端)","grade":""}},{"type":"Feature","geometry":{"type":"Point","coordinates":[121.509601,25.088716]},"properties":{"name":"全家便利商店股份有限公司","address":"台北市士林區社正路２６號１樓","district":"士林區","city":"臺北市","result":"檢驗","types":"新北抽驗(販售端)","grade":""}},{"type":"Feature","geometry":{"type":"Point","coordinates":[121.525481,25.090092]},"properties":{"name":"全家便利商店股份有限公司","address":"台北市士林區大東路６３號１樓","district":"士林區","city":"臺北市","result":"檢驗","types":"新北抽驗(販售端)","grade":""}},{"type":"Feature","geometry":{"type":"Point","coordinates":[121.504306,25.039883]},"properties":{"name":"全家便利商店股份有限公司","address":"台北市萬華區昆明街１７３號１樓","district":"萬華區","city":"臺北市","result":"檢驗","types":"新北抽驗(販售端)","grade":""}},{"type":"Feature","geometry":{"type":"Point","coordinates":[121.519684,25.041438]},"properties":{"name":"全家便利商店股份有限公司","address":"台北市中正區徐州路２之２號１Ｆ","district":"中正區","city":"臺北市","result":"檢驗","types":"新北抽驗(販售端)","grade":""}},{"type":"Feature","geometry":{"type":"Point","coordinates":[121.533489,25.066717]},"properties":{"name":"全家便利商店股份有限公司","address":"台北市中山區松江路４７３號１樓","district":"中山區","city":"臺北市","result":"檢驗","types":"新北抽驗(販售端)","grade":""}},{"type":"Feature","geometry":{"type":"Point","coordinates":[121.616137,25.060688]},"properties":{"name":"全家便利商店股份有限公司","address":"台北市南港區經貿二路１９１號一樓","district":"南港區","city":"臺北市","result":"檢驗","types":"新北抽驗(販售端)","grade":""}},{"type":"Feature","geometry":{"type":"Point","coordinates":[121.612153,25.072172]},"properties":{"name":"全家便利商店股份有限公司","address":"台北市內湖區康寧路三段１８９巷１２號１樓","district":"內湖區","city":"臺北市","result":"檢驗","types":"新北抽驗(販售端)","grade":""}},{"type":"Feature","geometry":{"type":"Point","coordinates":[121.53639,25.051253]},"properties":{"name":"全家便利商店股份有限公司","address":"台北市中山區建國北路一段１４６號１樓","district":"中山區","city":"臺北市","result":"檢驗","types":"新北抽驗(販售端)","grade":""}},{"type":"Feature","geometry":{"type":"Point","coordinates":[121.560663,25.081236]},"properties":{"name":"全家便利商店股份有限公司","address":"台北市中山區樂群二路２６５巷２０號","district":"中山區","city":"臺北市","result":"檢驗","types":"新北抽驗(販售端)","grade":""}},{"type":"Feature","geometry":{"type":"Point","coordinates":[121.564808,25.058316]},"properties":{"name":"全家便利商店股份有限公司","address":"台北市松山區民生東路五段２０４－３號一樓","district":"松山區","city":"臺北市","result":"檢驗","types":"新北抽驗(販售端)","grade":""}},{"type":"Feature","geometry":{"type":"Point","coordinates":[121.560694,25.028533]},"properties":{"name":"全家便利商店股份有限公司","address":"台北市信義區吳興街１５６巷１６弄１號１樓","district":"信義區","city":"臺北市","result":"檢驗","types":"新北抽驗(販售端)","grade":""}},{"type":"Feature","geometry":{"type":"Point","coordinates":[121.581414,25.047724]},"properties":{"name":"全家便利商店股份有限公司","address":"台北市南港區玉成街５２巷２弄７號一樓","district":"南港區","city":"臺北市","result":"檢驗","types":"新北抽驗(販售端)","grade":""}},{"type":"Feature","geometry":{"type":"Point","coordinates":[121.578764,25.036732]},"properties":{"name":"全家便利商店股份有限公司","address":"台北市信義區松山路１１號","district":"信義區","city":"臺北市","result":"檢驗","types":"新北抽驗(販售端)","grade":""}},{"type":"Feature","geometry":{"type":"Point","coordinates":[121.532811,25.052326]},"properties":{"name":"全家便利商店股份有限公司","address":"台北市中山區松江路１２２號１樓","district":"中山區","city":"臺北市","result":"檢驗","types":"新北抽驗(販售端)","grade":""}},{"type":"Feature","geometry":{"type":"Point","coordinates":[121.523667,25.044934]},"properties":{"name":"全家便利商店股份有限公司","address":"台北市中正區忠孝東路一段９號１樓","district":"中正區","city":"臺北市","result":"檢驗","types":"新北抽驗(販售端)","grade":""}},{"type":"Feature","geometry":{"type":"Point","coordinates":[121.526935,25.038916]},"properties":{"name":"全家便利商店股份有限公司","address":"台北市中正區杭州南路一段１９號１Ｆ","district":"中正區","city":"臺北市","result":"檢驗","types":"新北抽驗(販售端)","grade":""}},{"type":"Feature","geometry":{"type":"Point","coordinates":[121.520889,25.05755]},"properties":{"name":"全家便利商店股份有限公司","address":"台北市中山區民生西路６２號１樓全部","district":"中山區","city":"臺北市","result":"檢驗","types":"新北抽驗(販售端)","grade":""}},{"type":"Feature","geometry":{"type":"Point","coordinates":[121.518496,25.045719]},"properties":{"name":"全家便利商店股份有限公司","address":"台北市中正區忠孝西路一段４號","district":"中正區","city":"臺北市","result":"檢驗","types":"新北抽驗(販售端)","grade":""}},{"type":"Feature","geometry":{"type":"Point","coordinates":[121.57074,25.00079]},"properties":{"name":"全家便利商店股份有限公司","address":"台北市文山區萬安街２９號一樓","district":"文山區","city":"臺北市","result":"檢驗","types":"新北抽驗(販售端)","grade":""}},{"type":"Feature","geometry":{"type":"Point","coordinates":[121.577352,25.073015]},"properties":{"name":"全家便利商店股份有限公司","address":"台北市內湖區陽光街３５３號１樓","district":"內湖區","city":"臺北市","result":"檢驗","types":"新北抽驗(販售端)","grade":""}},{"type":"Feature","geometry":{"type":"Point","coordinates":[121.516438,25.044009]},"properties":{"name":"全家便利商店股份有限公司","address":"台北市中正區南陽街１號","district":"中正區","city":"臺北市","result":"檢驗","types":"新北抽驗(販售端)","grade":""}},{"type":"Feature","geometry":{"type":"Point","coordinates":[121.61258,25.053227]},"properties":{"name":"全家便利商店股份有限公司","address":"台北市大安區忠孝東路４段３０２號１樓東側部分","district":"大安區","city":"臺北市","result":"檢驗","types":"新北抽驗(販售端)","grade":""}},{"type":"Feature","geometry":{"type":"Point","coordinates":[121.568458,24.982578]},"properties":{"name":"全家便利商店股份有限公司","address":"台北市文山區恆光街２１號１樓","district":"文山區","city":"臺北市","result":"檢驗","types":"新北抽驗(販售端)","grade":""}},{"type":"Feature","geometry":{"type":"Point","coordinates":[121.615949,25.053308]},"properties":{"name":"全家便利商店股份有限公司","address":"台北市南港區忠孝東路七段６３５號１樓","district":"南港區","city":"臺北市","result":"檢驗","types":"新北抽驗(販售端)","grade":""}},{"type":"Feature","geometry":{"type":"Point","coordinates":[121.509859,25.083933]},"properties":{"name":"全家便利商店股份有限公司","address":"台北市士林區延平北路五段２１７號１樓","district":"士林區","city":"臺北市","result":"檢驗","types":"新北抽驗(販售端)","grade":""}},{"type":"Feature","geometry":{"type":"Point","coordinates":[121.514948,25.052275]},"properties":{"name":"全家便利商店股份有限公司","address":"台北市大同區長安西路２５號１樓全部","district":"大同區","city":"臺北市","result":"檢驗","types":"新北抽驗(販售端)","grade":""}},{"type":"Feature","geometry":{"type":"Point","coordinates":[121.524841,25.056596]},"properties":{"name":"全家便利商店股份有限公司","address":"台北市中山區中山北路二段６０號","district":"中山區","city":"臺北市","result":"檢驗","types":"新北抽驗(販售端)","grade":""}},{"type":"Feature","geometry":{"type":"Point","coordinates":[121.576376,25.049872]},"properties":{"name":"全家便利商店股份有限公司","address":"台北市松山區八德路四段６７６號","district":"松山區","city":"臺北市","result":"檢驗","types":"新北抽驗(販售端)","grade":""}},{"type":"Feature","geometry":{"type":"Point","coordinates":[121.582279,24.966164]},"properties":{"name":"全家便利商店股份有限公司","address":"台北市文山區指南路三段５１號１樓及２樓","district":"文山區","city":"臺北市","result":"檢驗","types":"新北抽驗(販售端)","grade":""}},{"type":"Feature","geometry":{"type":"Point","coordinates":[121.561044,25.030661]},"properties":{"name":"全家便利商店股份有限公司","address":"台北市信義區莊敬路１９０號１樓及地下室","district":"信義區","city":"臺北市","result":"檢驗","types":"新北抽驗(販售端)","grade":""}},{"type":"Feature","geometry":{"type":"Point","coordinates":[121.549521,25.054138]},"properties":{"name":"全家便利商店股份有限公司","address":"台北市松山區敦化北路１５３號１樓","district":"松山區","city":"臺北市","result":"檢驗","types":"新北抽驗(販售端)","grade":""}},{"type":"Feature","geometry":{"type":"Point","coordinates":[121.521259,25.06252]},"properties":{"name":"全家便利商店股份有限公司","address":"台北市中山區民權西路３８之１號１樓","district":"中山區","city":"臺北市","result":"檢驗","types":"新北抽驗(販售端)","grade":""}},{"type":"Feature","geometry":{"type":"Point","coordinates":[121.577093,25.041042]},"properties":{"name":"全家便利商店股份有限公司","address":"台北市信義區忠孝東路五段４６５號１樓","district":"信義區","city":"臺北市","result":"檢驗","types":"新北抽驗(販售端)","grade":""}},{"type":"Feature","geometry":{"type":"Point","coordinates":[121.524509,25.112661]},"properties":{"name":"全家便利商店股份有限公司","address":"台北市北投區榮華三路３之１號１樓","district":"北投區","city":"臺北市","result":"檢驗","types":"新北抽驗(販售端)","grade":""}},{"type":"Feature","geometry":{"type":"Point","coordinates":[121.539156,24.993813]},"properties":{"name":"全家便利商店股份有限公司","address":"台北市文山區景福街２３０巷１號一樓","district":"文山區","city":"臺北市","result":"檢驗","types":"新北抽驗(販售端)","grade":""}},{"type":"Feature","geometry":{"type":"Point","coordinates":[121.61258,25.053227]},"properties":{"name":"全家便利商店股份有限公司","address":"台北市大安區忠孝東路４段３１５號１樓","district":"大安區","city":"臺北市","result":"檢驗","types":"新北抽驗(販售端)","grade":""}},{"type":"Feature","geometry":{"type":"Point","coordinates":[121.521344,25.11755]},"properties":{"name":"全家便利商店股份有限公司","address":"台北市北投區明德路３６５號教學研究大樓一樓","district":"北投區","city":"臺北市","result":"檢驗","types":"新北抽驗(販售端)","grade":""}},{"type":"Feature","geometry":{"type":"Point","coordinates":[121.523445,25.05559]},"properties":{"name":"全家便利商店股份有限公司","address":"台北市中山區長春路１５號１樓","district":"中山區","city":"臺北市","result":"檢驗","types":"新北抽驗(販售端)","grade":""}},{"type":"Feature","geometry":{"type":"Point","coordinates":[121.510803,25.070518]},"properties":{"name":"全家便利商店股份有限公司","address":"台北市大同區延平北路四段６２號１樓","district":"大同區","city":"臺北市","result":"檢驗","types":"新北抽驗(販售端)","grade":""}},{"type":"Feature","geometry":{"type":"Point","coordinates":[121.54375,25.053183]},"properties":{"name":"全家便利商店股份有限公司","address":"台北市中山區復興北路１５４號１Ｆ","district":"中山區","city":"臺北市","result":"檢驗","types":"新北抽驗(販售端)","grade":""}},{"type":"Feature","geometry":{"type":"Point","coordinates":[121.557144,25.028679]},"properties":{"name":"全家便利商店股份有限公司","address":"台北市信義區基隆路二段１１３之２號","district":"信義區","city":"臺北市","result":"檢驗","types":"新北抽驗(販售端)","grade":""}},{"type":"Feature","geometry":{"type":"Point","coordinates":[121.516763,25.04544]},"properties":{"name":"全家便利商店股份有限公司","address":"台北市中正區許昌街１４號１Ｆ","district":"中正區","city":"臺北市","result":"檢驗","types":"新北抽驗(販售端)","grade":""}},{"type":"Feature","geometry":{"type":"Point","coordinates":[121.520329,25.052505]},"properties":{"name":"全家便利商店股份有限公司","address":"台北市中山區南京西路１６號Ｂ１","district":"中山區","city":"臺北市","result":"檢驗","types":"新北抽驗(販售端)","grade":""}},{"type":"Feature","geometry":{"type":"Point","coordinates":[121.524982,25.104988]},"properties":{"name":"全家便利商店股份有限公司","address":"台北市士林區中山北路六段８８號地下室","district":"士林區","city":"臺北市","result":"檢驗","types":"新北抽驗(販售端)","grade":""}},{"type":"Feature","geometry":{"type":"Point","coordinates":[121.608096,25.070168]},"properties":{"name":"全家便利商店股份有限公司","address":"台北市內湖區民權東路六段２９６巷７０號１樓","district":"內湖區","city":"臺北市","result":"檢驗","types":"新北抽驗(販售端)","grade":""}},{"type":"Feature","geometry":{"type":"Point","coordinates":[121.560445,25.088108]},"properties":{"name":"全家便利商店股份有限公司","address":"台北市內湖區文湖街２１巷７號１樓","district":"內湖區","city":"臺北市","result":"檢驗","types":"新北抽驗(販售端)","grade":""}},{"type":"Feature","geometry":{"type":"Point","coordinates":[121.589318,25.067533]},"properties":{"name":"全家便利商店股份有限公司","address":"台北市內湖區成功路二段３２０巷２８號１樓","district":"內湖區","city":"臺北市","result":"檢驗","types":"新北抽驗(販售端)","grade":""}},{"type":"Feature","geometry":{"type":"Point","coordinates":[121.569957,25.020085]},"properties":{"name":"全家便利商店股份有限公司","address":"台北市信義區吳興街６００巷５６號","district":"信義區","city":"臺北市","result":"檢驗","types":"新北抽驗(販售端)","grade":""}},{"type":"Feature","geometry":{"type":"Point","coordinates":[121.530631,25.121873]},"properties":{"name":"全家便利商店股份有限公司","address":"台北市士林區中山北路七段８１巷８號１樓","district":"士林區","city":"臺北市","result":"檢驗","types":"新北抽驗(販售端)","grade":""}},{"type":"Feature","geometry":{"type":"Point","coordinates":[121.531141,25.016498]},"properties":{"name":"全家便利商店股份有限公司","address":"台北市中正區羅斯福路三段２４４巷７號１樓","district":"中正區","city":"臺北市","result":"檢驗","types":"新北抽驗(販售端)","grade":""}},{"type":"Feature","geometry":{"type":"Point","coordinates":[121.510658,25.0558]},"properties":{"name":"全家便利商店股份有限公司","address":"台北市中山區民生西路３３號１－４樓","district":"中山區","city":"臺北市","result":"檢驗","types":"新北抽驗(販售端)","grade":""}},{"type":"Feature","geometry":{"type":"Point","coordinates":[121.550456,25.043888]},"properties":{"name":"全家便利商店股份有限公司","address":"台北市大安區忠孝東路四段１８１巷６號１樓","district":"大安區","city":"臺北市","result":"檢驗","types":"新北抽驗(販售端)","grade":""}},{"type":"Feature","geometry":{"type":"Point","coordinates":[121.580776,25.044984]},"properties":{"name":"全家便利商店股份有限公司","address":"台北市信義區中坡北路２５號","district":"信義區","city":"臺北市","result":"檢驗","types":"新北抽驗(販售端)","grade":""}},{"type":"Feature","geometry":{"type":"Point","coordinates":[121.503252,25.123677]},"properties":{"name":"全家便利商店股份有限公司","address":"台北市北投區磺港路２６１號１樓","district":"北投區","city":"臺北市","result":"檢驗","types":"新北抽驗(販售端)","grade":""}},{"type":"Feature","geometry":{"type":"Point","coordinates":[121.513596,25.072693]},"properties":{"name":"全家便利商店股份有限公司","address":"台北市大同區重慶北路三段２７８之２號１樓","district":"大同區","city":"臺北市","result":"檢驗","types":"新北抽驗(販售端)","grade":""}},{"type":"Feature","geometry":{"type":"Point","coordinates":[121.514536,25.048789]},"properties":{"name":"全家便利商店股份有限公司","address":"台北市中正區鄭州路８號Ｂ１樓","district":"中正區","city":"臺北市","result":"檢驗","types":"新北抽驗(販售端)","grade":""}},{"type":"Feature","geometry":{"type":"Point","coordinates":[121.593693,25.058056]},"properties":{"name":"全家便利商店股份有限公司","address":"台北市南港區向陽路２５６號１樓","district":"南港區","city":"臺北市","result":"檢驗","types":"新北抽驗(販售端)","grade":""}},{"type":"Feature","geometry":{"type":"Point","coordinates":[121.483424,25.10585]},"properties":{"name":"全家便利商店股份有限公司","address":"台北市士林區延平北路八段１０５號、107號１樓","district":"士林區","city":"臺北市","result":"檢驗","types":"新北抽驗(販售端)","grade":""}},{"type":"Feature","geometry":{"type":"Point","coordinates":[121.527928,25.019062]},"properties":{"name":"全家便利商店股份有限公司","address":"台北市中正區辛亥路一段１３號","district":"中正區","city":"臺北市","result":"檢驗","types":"新北抽驗(販售端)","grade":""}},{"type":"Feature","geometry":{"type":"Point","coordinates":[121.543407,25.035224]},"properties":{"name":"全家便利商店股份有限公司","address":"台北市大安區復興南路一段３６２號","district":"大安區","city":"臺北市","result":"檢驗","types":"新北抽驗(販售端)","grade":""}},{"type":"Feature","geometry":{"type":"Point","coordinates":[121.51833,25.052002]},"properties":{"name":"全家便利商店股份有限公司","address":"台北市大同區承德路一段２９號１樓","district":"大同區","city":"臺北市","result":"檢驗","types":"新北抽驗(販售端)","grade":""}},{"type":"Feature","geometry":{"type":"Point","coordinates":[121.52321,25.052838]},"properties":{"name":"全家便利商店股份有限公司","address":"台北市中山區中山北路二段１１巷１號","district":"中山區","city":"臺北市","result":"檢驗","types":"新北抽驗(販售端)","grade":""}},{"type":"Feature","geometry":{"type":"Point","coordinates":[121.510001,25.0549]},"properties":{"name":"全家便利商店股份有限公司","address":"台北市大同區迪化街一段４２號１、２樓","district":"大同區","city":"臺北市","result":"檢驗","types":"新北抽驗(販售端)","grade":""}},{"type":"Feature","geometry":{"type":"Point","coordinates":[121.517596,25.045024]},"properties":{"name":"全家便利商店股份有限公司","address":"台北市中正區青島西路１３號","district":"中正區","city":"臺北市","result":"檢驗","types":"新北抽驗(販售端)","grade":""}},{"type":"Feature","geometry":{"type":"Point","coordinates":[121.557229,24.998891]},"properties":{"name":"全家便利商店股份有限公司","address":"台北市文山區興隆路三段１１２巷２弄１號１樓","district":"文山區","city":"臺北市","result":"檢驗","types":"新北抽驗(販售端)","grade":""}},{"type":"Feature","geometry":{"type":"Point","coordinates":[121.472433,25.124173]},"properties":{"name":"全家便利商店股份有限公司","address":"台北市北投區立德路８號（二樓部分）","district":"北投區","city":"臺北市","result":"檢驗","types":"新北抽驗(販售端)","grade":""}},{"type":"Feature","geometry":{"type":"Point","coordinates":[121.581783,25.060381]},"properties":{"name":"全家便利商店股份有限公司","address":"台北市內湖區行善路２６２號１樓","district":"內湖區","city":"臺北市","result":"檢驗","types":"新北抽驗(販售端)","grade":""}},{"type":"Feature","geometry":{"type":"Point","coordinates":[121.510091,25.11974]},"properties":{"name":"全家便利商店股份有限公司","address":"台北市北投區西安街二段２０３號１樓","district":"北投區","city":"臺北市","result":"檢驗","types":"新北抽驗(販售端)","grade":""}},{"type":"Feature","geometry":{"type":"Point","coordinates":[121.56765,25.086021]},"properties":{"name":"全家便利商店股份有限公司","address":"台北市內湖區環山路一段７號１樓","district":"內湖區","city":"臺北市","result":"檢驗","types":"新北抽驗(販售端)","grade":""}},{"type":"Feature","geometry":{"type":"Point","coordinates":[121.517628,25.089097]},"properties":{"name":"全家便利商店股份有限公司","address":"台北市士林區大南路３４６號１樓","district":"士林區","city":"臺北市","result":"檢驗","types":"新北抽驗(販售端)","grade":""}},{"type":"Feature","geometry":{"type":"Point","coordinates":[121.525474,25.056162]},"properties":{"name":"全家便利商店股份有限公司","address":"台北市中山區林森北路３９９巷２４號１樓","district":"中山區","city":"臺北市","result":"檢驗","types":"新北抽驗(販售端)","grade":""}},{"type":"Feature","geometry":{"type":"Point","coordinates":[121.545635,25.052012]},"properties":{"name":"全家便利商店股份有限公司","address":"台北市松山區南京東路三段２７５號一樓部分","district":"松山區","city":"臺北市","result":"檢驗","types":"新北抽驗(販售端)","grade":""}},{"type":"Feature","geometry":{"type":"Point","coordinates":[121.49976,25.141081]},"properties":{"name":"全家便利商店股份有限公司","address":"台北市北投區中和街３２２號","district":"北投區","city":"臺北市","result":"檢驗","types":"新北抽驗(販售端)","grade":""}},{"type":"Feature","geometry":{"type":"Point","coordinates":[121.543928,25.060398]},"properties":{"name":"全家便利商店股份有限公司","address":"台北市中山區復興北路３５６號１樓","district":"中山區","city":"臺北市","result":"檢驗","types":"新北抽驗(販售端)","grade":""}},{"type":"Feature","geometry":{"type":"Point","coordinates":[121.55314,25.057547]},"properties":{"name":"全家便利商店股份有限公司","address":"台北市松山區民生東路四段８０巷１弄２號","district":"松山區","city":"臺北市","result":"檢驗","types":"新北抽驗(販售端)","grade":""}},{"type":"Feature","geometry":{"type":"Point","coordinates":[121.507472,25.047748]},"properties":{"name":"全家便利商店股份有限公司","address":"台北市萬華區西寧南路３１－１號","district":"萬華區","city":"臺北市","result":"檢驗","types":"新北抽驗(販售端)","grade":""}},{"type":"Feature","geometry":{"type":"Point","coordinates":[121.618397,25.070778]},"properties":{"name":"全家便利商店股份有限公司","address":"台北市內湖區康樂街１１０巷１５號","district":"內湖區","city":"臺北市","result":"檢驗","types":"新北抽驗(販售端)","grade":""}},{"type":"Feature","geometry":{"type":"Point","coordinates":[121.555952,24.980378]},"properties":{"name":"全家便利商店股份有限公司","address":"台北市文山區木新路三段３４３號１樓","district":"文山區","city":"臺北市","result":"檢驗","types":"新北抽驗(販售端)","grade":""}},{"type":"Feature","geometry":{"type":"Point","coordinates":[121.555335,25.051803]},"properties":{"name":"全家便利商店股份有限公司","address":"台北市松山區南京東路四段１３７號壹樓","district":"松山區","city":"臺北市","result":"檢驗","types":"新北抽驗(販售端)","grade":""}},{"type":"Feature","geometry":{"type":"Point","coordinates":[121.578764,25.036732]},"properties":{"name":"全家便利商店股份有限公司","address":"台北市信義區松山路１１號地下１樓","district":"信義區","city":"臺北市","result":"檢驗","types":"新北抽驗(販售端)","grade":""}},{"type":"Feature","geometry":{"type":"Point","coordinates":[121.523059,25.088644]},"properties":{"name":"全家便利商店股份有限公司","address":"台北市士林區基河路１２８號１樓","district":"士林區","city":"臺北市","result":"檢驗","types":"新北抽驗(販售端)","grade":""}},{"type":"Feature","geometry":{"type":"Point","coordinates":[121.522479,25.120637]},"properties":{"name":"全家便利商店股份有限公司","address":"台北市北投區石牌路二段２０１號（長青樓大樓）","district":"北投區","city":"臺北市","result":"檢驗","types":"新北抽驗(販售端)","grade":""}},{"type":"Feature","geometry":{"type":"Point","coordinates":[121.580528,25.054837]},"properties":{"name":"全家便利商店股份有限公司","address":"台北市內湖區新明路３７６號","district":"內湖區","city":"臺北市","result":"檢驗","types":"新北抽驗(販售端)","grade":""}},{"type":"Feature","geometry":{"type":"Point","coordinates":[121.547429,25.051975]},"properties":{"name":"全家便利商店股份有限公司","address":"台北市松山區南京東路三段３３３號","district":"松山區","city":"臺北市","result":"檢驗","types":"新北抽驗(販售端)","grade":""}},{"type":"Feature","geometry":{"type":"Point","coordinates":[121.536094,25.066311]},"properties":{"name":"全家便利商店股份有限公司","address":"台北市中山區建國北路三段１０９號１樓","district":"中山區","city":"臺北市","result":"檢驗","types":"新北抽驗(販售端)","grade":""}},{"type":"Feature","geometry":{"type":"Point","coordinates":[121.545729,25.024449]},"properties":{"name":"全家便利商店股份有限公司","address":"台北市大安區和平東路二段１３４號１樓","district":"大安區","city":"臺北市","result":"檢驗","types":"新北抽驗(販售端)","grade":""}},{"type":"Feature","geometry":{"type":"Point","coordinates":[121.586806,25.059301]},"properties":{"name":"全家便利商店股份有限公司","address":"台北市內湖區南京東路六段３７０號","district":"內湖區","city":"臺北市","result":"檢驗","types":"新北抽驗(販售端)","grade":""}},{"type":"Feature","geometry":{"type":"Point","coordinates":[121.473001,25.131231]},"properties":{"name":"全家便利商店股份有限公司","address":"台北市北投區中央北路四段２９８號","district":"北投區","city":"臺北市","result":"檢驗","types":"新北抽驗(販售端)","grade":""}},{"type":"Feature","geometry":{"type":"Point","coordinates":[121.609973,25.051618]},"properties":{"name":"全家便利商店股份有限公司","address":"台北市南港區忠孝東路七段５０８之７號１樓","district":"南港區","city":"臺北市","result":"檢驗","types":"新北抽驗(販售端)","grade":""}},{"type":"Feature","geometry":{"type":"Point","coordinates":[121.54216,25.063284]},"properties":{"name":"全家便利商店股份有限公司","address":"台北市中山區復興北路３８號１樓","district":"中山區","city":"臺北市","result":"檢驗","types":"新北抽驗(販售端)","grade":""}},{"type":"Feature","geometry":{"type":"Point","coordinates":[121.580638,25.0498]},"properties":{"name":"全家便利商店股份有限公司","address":"台北市南港區八德路四段７６８巷９號１樓","district":"南港區","city":"臺北市","result":"檢驗","types":"新北抽驗(販售端)","grade":""}},{"type":"Feature","geometry":{"type":"Point","coordinates":[121.524341,25.029134]},"properties":{"name":"全家便利商店股份有限公司","address":"台北市大安區潮州街８０號１樓","district":"大安區","city":"臺北市","result":"檢驗","types":"新北抽驗(販售端)","grade":""}},{"type":"Feature","geometry":{"type":"Point","coordinates":[121.538708,25.110501]},"properties":{"name":"全家便利商店股份有限公司","address":"台北市士林區德行東路２８２號１樓","district":"士林區","city":"臺北市","result":"檢驗","types":"新北抽驗(販售端)","grade":""}},{"type":"Feature","geometry":{"type":"Point","coordinates":[121.618407,25.057825]},"properties":{"name":"全家便利商店股份有限公司","address":"台北市南港區經貿一路１７０號２樓之６","district":"南港區","city":"臺北市","result":"檢驗","types":"新北抽驗(販售端)","grade":""}},{"type":"Feature","geometry":{"type":"Point","coordinates":[121.615103,25.061428]},"properties":{"name":"全家便利商店股份有限公司","address":"台北市南港區經貿二路２３５巷３８號１樓","district":"南港區","city":"臺北市","result":"檢驗","types":"新北抽驗(販售端)","grade":""}},{"type":"Feature","geometry":{"type":"Point","coordinates":[121.528642,25.051887]},"properties":{"name":"全家便利商店股份有限公司","address":"台北市中山區南京東路二段２０號１樓","district":"中山區","city":"臺北市","result":"檢驗","types":"新北抽驗(販售端)","grade":""}},{"type":"Feature","geometry":{"type":"Point","coordinates":[121.525474,25.056172]},"properties":{"name":"全家便利商店股份有限公司","address":"台北市中山區林森北路２４７號１樓","district":"中山區","city":"臺北市","result":"檢驗","types":"新北抽驗(販售端)","grade":""}},{"type":"Feature","geometry":{"type":"Point","coordinates":[121.525482,25.056489]},"properties":{"name":"全家便利商店股份有限公司","address":"台北市中山區林森北路１１９巷５０號１樓","district":"中山區","city":"臺北市","result":"檢驗","types":"新北抽驗(販售端)","grade":""}},{"type":"Feature","geometry":{"type":"Point","coordinates":[121.531255,25.057418]},"properties":{"name":"全家便利商店股份有限公司","address":"台北市中山區松江路５０號１樓部份","district":"中山區","city":"臺北市","result":"檢驗","types":"新北抽驗(販售端)","grade":""}},{"type":"Feature","geometry":{"type":"Point","coordinates":[121.573921,25.040265]},"properties":{"name":"全家便利商店股份有限公司","address":"台北市信義區忠孝東路４段４００號Ｂ１","district":"信義區","city":"臺北市","result":"檢驗","types":"新北抽驗(販售端)","grade":""}},{"type":"Feature","geometry":{"type":"Point","coordinates":[121.49152,25.026376]},"properties":{"name":"全家便利商店股份有限公司","address":"台北市萬華區興義街５１號１樓","district":"萬華區","city":"臺北市","result":"檢驗","types":"新北抽驗(販售端)","grade":""}},{"type":"Feature","geometry":{"type":"Point","coordinates":[121.55953,25.042315]},"properties":{"name":"全家便利商店股份有限公司","address":"台北市信義區忠孝東路四段515號D棟B2","district":"信義區","city":"臺北市","result":"檢驗","types":"新北抽驗(販售端)","grade":""}},{"type":"Feature","geometry":{"type":"Point","coordinates":[121.55953,25.042315]},"properties":{"name":"全家便利商店股份有限公司","address":"台北市信義區忠孝東路四段515號D棟B1","district":"信義區","city":"臺北市","result":"檢驗","types":"新北抽驗(販售端)","grade":""}},{"type":"Feature","geometry":{"type":"Point","coordinates":[121.516762,25.04688]},"properties":{"name":"全家便利商店股份有限公司","address":"台北市中正區忠孝西路一段４７號Ｂ１","district":"中正區","city":"臺北市","result":"檢驗","types":"新北抽驗(販售端)","grade":""}},{"type":"Feature","geometry":{"type":"Point","coordinates":[121.552462,25.046154]},"properties":{"name":"全家便利商店股份有限公司","address":"台北市松山區八德路三段１２巷５１弄５０號１樓","district":"松山區","city":"臺北市","result":"檢驗","types":"新北抽驗(販售端)","grade":""}},{"type":"Feature","geometry":{"type":"Point","coordinates":[121.585813,25.05764]},"properties":{"name":"全家便利商店股份有限公司","address":"台北市內湖區新明路１６０號壹樓","district":"內湖區","city":"臺北市","result":"檢驗","types":"新北抽驗(販售端)","grade":""}},{"type":"Feature","geometry":{"type":"Point","coordinates":[121.521528,25.104501]},"properties":{"name":"全家便利商店股份有限公司","address":"台北市士林區德行西路８９號１樓","district":"士林區","city":"臺北市","result":"檢驗","types":"新北抽驗(販售端)","grade":""}},{"type":"Feature","geometry":{"type":"Point","coordinates":[121.54608,25.043488]},"properties":{"name":"全家便利商店股份有限公司","address":"台北市中山區復興南路一段４２號１樓","district":"中山區","city":"臺北市","result":"檢驗","types":"新北抽驗(販售端)","grade":""}},{"type":"Feature","geometry":{"type":"Point","coordinates":[121.517244,25.046481]},"properties":{"name":"全家便利商店股份有限公司","address":"臺北市中正區忠孝西路一段４９號Ｂ１","district":"中正區","city":"臺北市","result":"檢驗","types":"新北抽驗(販售端)","grade":""}},{"type":"Feature","geometry":{"type":"Point","coordinates":[121.532774,25.052573]},"properties":{"name":"全家便利商店股份有限公司","address":"臺北市中山區松江路１２６號Ｂ１","district":"中山區","city":"臺北市","result":"檢驗","types":"新北抽驗(販售端)","grade":""}},{"type":"Feature","geometry":{"type":"Point","coordinates":[121.517244,25.046481]},"properties":{"name":"全家便利商店股份有限公司","address":"台北市中正區忠孝西路一段４９號Ｂ１","district":"中正區","city":"臺北市","result":"檢驗","types":"新北抽驗(販售端)","grade":""}},{"type":"Feature","geometry":{"type":"Point","coordinates":[121.532774,25.052573]},"properties":{"name":"全家便利商店股份有限公司","address":"台北市中山區松江路１２６號Ｂ１","district":"中山區","city":"臺北市","result":"檢驗","types":"新北抽驗(販售端)","grade":""}},{"type":"Feature","geometry":{"type":"Point","coordinates":[121.52762,25.030128]},"properties":{"name":"全家便利商店股份有限公司","address":"台北市大安區金華街１８７號１樓南側部分空間","district":"大安區","city":"臺北市","result":"檢驗","types":"新北抽驗(販售端)","grade":""}},{"type":"Feature","geometry":{"type":"Point","coordinates":[121.619057,25.040698]},"properties":{"name":"全家便利商店股份有限公司","address":"台北市南港區舊莊街一段８８號一樓","district":"南港區","city":"臺北市","result":"檢驗","types":"新北抽驗(販售端)","grade":""}},{"type":"Feature","geometry":{"type":"Point","coordinates":[121.49075,25.033831]},"properties":{"name":"全家便利商店股份有限公司","address":"台北市萬華區環河南路二段２５０巷４４號１樓","district":"萬華區","city":"臺北市","result":"檢驗","types":"新北抽驗(販售端)","grade":""}},{"type":"Feature","geometry":{"type":"Point","coordinates":[121.550928,25.051424]},"properties":{"name":"全家便利商店股份有限公司","address":"台北市松山區南京東路四段２號１樓","district":"松山區","city":"臺北市","result":"檢驗","types":"新北抽驗(販售端)","grade":""}},{"type":"Feature","geometry":{"type":"Point","coordinates":[121.500411,25.038104]},"properties":{"name":"全家便利商店股份有限公司","address":"台北市萬華區西昌街１７０號１樓","district":"萬華區","city":"臺北市","result":"檢驗","types":"新北抽驗(販售端)","grade":""}},{"type":"Feature","geometry":{"type":"Point","coordinates":[121.552939,25.037996]},"properties":{"name":"全家便利商店股份有限公司","address":"台北市大安區忠孝東路四段７５號１樓","district":"大安區","city":"臺北市","result":"檢驗","types":"新北抽驗(販售端)","grade":""}},{"type":"Feature","geometry":{"type":"Point","coordinates":[121.590419,25.081402]},"properties":{"name":"全家便利商店股份有限公司","address":"台北市內湖區成功路三段１７４巷１８號一樓","district":"內湖區","city":"臺北市","result":"檢驗","types":"新北抽驗(販售端)","grade":""}},{"type":"Feature","geometry":{"type":"Point","coordinates":[121.58132,25.038416]},"properties":{"name":"全家便利商店股份有限公司","address":"台北市信義區福德街８４巷３２號１樓","district":"信義區","city":"臺北市","result":"檢驗","types":"新北抽驗(販售端)","grade":""}},{"type":"Feature","geometry":{"type":"Point","coordinates":[121.508236,25.025538]},"properties":{"name":"全家便利商店股份有限公司","address":"台北市萬華區中華路二段５２０號１樓","district":"萬華區","city":"臺北市","result":"檢驗","types":"新北抽驗(販售端)","grade":""}},{"type":"Feature","geometry":{"type":"Point","coordinates":[121.501783,25.130662]},"properties":{"name":"全家便利商店股份有限公司","address":"台北市北投區大興街８０之１號","district":"北投區","city":"臺北市","result":"檢驗","types":"新北抽驗(販售端)","grade":""}},{"type":"Feature","geometry":{"type":"Point","coordinates":[121.503844,25.132611]},"properties":{"name":"全家便利商店股份有限公司","address":"台北市北投區公館路６１－１號１樓","district":"北投區","city":"臺北市","result":"檢驗","types":"新北抽驗(販售端)","grade":""}},{"type":"Feature","geometry":{"type":"Point","coordinates":[121.509933,25.055111]},"properties":{"name":"全家便利商店股份有限公司","address":"台北市大同區迪化街一段５０號１樓","district":"大同區","city":"臺北市","result":"檢驗","types":"新北抽驗(販售端)","grade":""}},{"type":"Feature","geometry":{"type":"Point","coordinates":[121.5864,25.044959]},"properties":{"name":"全家便利商店股份有限公司","address":"台北市南港區成福路４４號１樓","district":"南港區","city":"臺北市","result":"檢驗","types":"新北抽驗(販售端)","grade":""}},{"type":"Feature","geometry":{"type":"Point","coordinates":[121.519306,25.038368]},"properties":{"name":"全家便利商店股份有限公司","address":"台北市中正區信義路一段１號１樓","district":"中正區","city":"臺北市","result":"檢驗","types":"新北抽驗(販售端)","grade":""}},{"type":"Feature","geometry":{"type":"Point","coordinates":[121.566083,25.054078]},"properties":{"name":"全家便利商店股份有限公司","address":"台北市松山區健康路４００號１樓","district":"松山區","city":"臺北市","result":"檢驗","types":"新北抽驗(販售端)","grade":""}},{"type":"Feature","geometry":{"type":"Point","coordinates":[121.49518,25.021307]},"properties":{"name":"全家便利商店股份有限公司","address":"台北市萬華區萬大路４２４巷１１２之４號１樓","district":"萬華區","city":"臺北市","result":"檢驗","types":"新北抽驗(販售端)","grade":""}},{"type":"Feature","geometry":{"type":"Point","coordinates":[121.576346,25.131495]},"properties":{"name":"全家便利商店股份有限公司","address":"台北市士林區平菁街７８號１樓","district":"士林區","city":"臺北市","result":"檢驗","types":"新北抽驗(販售端)","grade":""}},{"type":"Feature","geometry":{"type":"Point","coordinates":[121.549607,25.001218]},"properties":{"name":"全家便利商店股份有限公司","address":"台北市文山區興隆路二段２０３巷２弄２號","district":"文山區","city":"臺北市","result":"檢驗","types":"新北抽驗(販售端)","grade":""}},{"type":"Feature","geometry":{"type":"Point","coordinates":[121.563868,25.051212]},"properties":{"name":"全家便利商店股份有限公司","address":"台北市松山區南京東路五段１９４號","district":"松山區","city":"臺北市","result":"檢驗","types":"新北抽驗(販售端)","grade":""}},{"type":"Feature","geometry":{"type":"Point","coordinates":[121.522438,25.044041]},"properties":{"name":"全家便利商店股份有限公司","address":"台北市中正區青島東路７之４號１樓","district":"中正區","city":"臺北市","result":"檢驗","types":"新北抽驗(販售端)","grade":""}},{"type":"Feature","geometry":{"type":"Point","coordinates":[121.605183,25.069501]},"properties":{"name":"萊爾富國際股份有限公司","address":"台北市內湖區民權東路六段69,71,75號","district":"內湖區","city":"臺北市","result":"檢驗","types":"新北抽驗(製造端)","grade":""}},{"type":"Feature","geometry":{"type":"Point","coordinates":[121.593929,25.051513]},"properties":{"name":"萊爾富國際股份有限公司","address":"台北市南港區昆陽街99號","district":"南港區","city":"臺北市","result":"檢驗","types":"新北抽驗(製造端)","grade":""}},{"type":"Feature","geometry":{"type":"Point","coordinates":[121.581813,25.050507]},"properties":{"name":"萊爾富國際股份有限公司","address":"台北市南港區玉成街27號","district":"南港區","city":"臺北市","result":"檢驗","types":"新北抽驗(製造端)","grade":""}},{"type":"Feature","geometry":{"type":"Point","coordinates":[121.574264,25.045382]},"properties":{"name":"萊爾富國際股份有限公司","address":"台北市信義區永吉路280號","district":"信義區","city":"臺北市","result":"檢驗","types":"新北抽驗(製造端)","grade":""}},{"type":"Feature","geometry":{"type":"Point","coordinates":[121.590498,25.067475]},"properties":{"name":"萊爾富國際股份有限公司","address":"台北市內湖區成功路二段318之1號","district":"內湖區","city":"臺北市","result":"檢驗","types":"新北抽驗(製造端)","grade":""}},{"type":"Feature","geometry":{"type":"Point","coordinates":[121.504975,25.088475]},"properties":{"name":"萊爾富國際股份有限公司","address":"台北市士林區社子街142,144號","district":"士林區","city":"臺北市","result":"檢驗","types":"新北抽驗(製造端)","grade":""}},{"type":"Feature","geometry":{"type":"Point","coordinates":[121.521625,25.058474]},"properties":{"name":"萊爾富國際股份有限公司","address":"台北市中山區民生西路3巷2號","district":"中山區","city":"臺北市","result":"檢驗","types":"新北抽驗(製造端)","grade":""}},{"type":"Feature","geometry":{"type":"Point","coordinates":[121.576041,25.056643]},"properties":{"name":"萊爾富國際股份有限公司","address":"台北市內湖區行善路33及31號","district":"內湖區","city":"臺北市","result":"檢驗","types":"新北抽驗(製造端)","grade":""}},{"type":"Feature","geometry":{"type":"Point","coordinates":[121.50664,25.045591]},"properties":{"name":"萊爾富國際股份有限公司","address":"台北市萬華區西寧南路36之69,71.72.73.74號","district":"萬華區","city":"臺北市","result":"檢驗","types":"新北抽驗(製造端)","grade":""}},{"type":"Feature","geometry":{"type":"Point","coordinates":[121.523988,25.033102]},"properties":{"name":"萊爾富國際股份有限公司","address":"台北市大安區杭州南路二段5號","district":"大安區","city":"臺北市","result":"檢驗","types":"新北抽驗(製造端)","grade":""}},{"type":"Feature","geometry":{"type":"Point","coordinates":[121.604261,25.073327]},"properties":{"name":"萊爾富國際股份有限公司","address":"台北市內湖區金湖路403號","district":"內湖區","city":"臺北市","result":"檢驗","types":"新北抽驗(製造端)","grade":""}},{"type":"Feature","geometry":{"type":"Point","coordinates":[121.595906,25.06469]},"properties":{"name":"萊爾富國際股份有限公司","address":"台北市內湖區民權東路六段123巷30、32號","district":"內湖區","city":"臺北市","result":"檢驗","types":"新北抽驗(製造端)","grade":""}},{"type":"Feature","geometry":{"type":"Point","coordinates":[121.597637,25.068434]},"properties":{"name":"萊爾富國際股份有限公司","address":"台北市內湖區民權東路6段296巷68號","district":"內湖區","city":"臺北市","result":"檢驗","types":"新北抽驗(製造端)","grade":""}},{"type":"Feature","geometry":{"type":"Point","coordinates":[121.547647,24.990032]},"properties":{"name":"萊爾富國際股份有限公司","address":"台北市文山區試院路104號","district":"文山區","city":"臺北市","result":"檢驗","types":"新北抽驗(製造端)","grade":""}},{"type":"Feature","geometry":{"type":"Point","coordinates":[121.572434,25.050164]},"properties":{"name":"萊爾富國際股份有限公司","address":"台北市松山區饒河街35號","district":"松山區","city":"臺北市","result":"檢驗","types":"新北抽驗(製造端)","grade":""}},{"type":"Feature","geometry":{"type":"Point","coordinates":[121.574708,24.987766]},"properties":{"name":"萊爾富國際股份有限公司","address":"台北市文山區指南路二段32號","district":"文山區","city":"臺北市","result":"檢驗","types":"新北抽驗(製造端)","grade":""}},{"type":"Feature","geometry":{"type":"Point","coordinates":[121.523221,25.026426]},"properties":{"name":"萊爾富國際股份有限公司","address":"台北市大安區羅斯福路二段75之1號","district":"大安區","city":"臺北市","result":"檢驗","types":"新北抽驗(製造端)","grade":""}},{"type":"Feature","geometry":{"type":"Point","coordinates":[121.581351,25.069773]},"properties":{"name":"萊爾富國際股份有限公司","address":"台北市內湖區瑞光路66巷33號","district":"內湖區","city":"臺北市","result":"檢驗","types":"新北抽驗(製造端)","grade":""}},{"type":"Feature","geometry":{"type":"Point","coordinates":[121.517168,25.0414]},"properties":{"name":"萊爾富國際股份有限公司","address":"台北市中正區常德街1號","district":"中正區","city":"臺北市","result":"檢驗","types":"新北抽驗(製造端)","grade":""}},{"type":"Feature","geometry":{"type":"Point","coordinates":[121.5147,25.065993]},"properties":{"name":"萊爾富國際股份有限公司","address":"台北市大同區昌吉街63號","district":"大同區","city":"臺北市","result":"檢驗","types":"新北抽驗(製造端)","grade":""}},{"type":"Feature","geometry":{"type":"Point","coordinates":[121.606878,25.06912]},"properties":{"name":"萊爾富國際股份有限公司","address":"台北市內湖區民權東路六段58號","district":"內湖區","city":"臺北市","result":"檢驗","types":"新北抽驗(製造端)","grade":""}},{"type":"Feature","geometry":{"type":"Point","coordinates":[121.531353,25.048486]},"properties":{"name":"萊爾富國際股份有限公司","address":"台北市中山區長安東路二段171-7號","district":"中山區","city":"臺北市","result":"檢驗","types":"新北抽驗(製造端)","grade":""}},{"type":"Feature","geometry":{"type":"Point","coordinates":[121.539026,25.002341]},"properties":{"name":"萊爾富國際股份有限公司","address":"台北市文山區羅斯福路五段203號","district":"文山區","city":"臺北市","result":"檢驗","types":"新北抽驗(製造端)","grade":""}},{"type":"Feature","geometry":{"type":"Point","coordinates":[121.545212,25.042709]},"properties":{"name":"萊爾富國際股份有限公司","address":"台北市大安區復興南路一段135巷21號","district":"大安區","city":"臺北市","result":"檢驗","types":"新北抽驗(製造端)","grade":""}},{"type":"Feature","geometry":{"type":"Point","coordinates":[121.56736,25.049618]},"properties":{"name":"萊爾富國際股份有限公司","address":"台北市松山區南京東路五段34號","district":"松山區","city":"臺北市","result":"檢驗","types":"新北抽驗(製造端)","grade":""}},{"type":"Feature","geometry":{"type":"Point","coordinates":[121.513226,25.029337]},"properties":{"name":"萊爾富國際股份有限公司","address":"台北市中正區泉州街31、33號、寧波西街104號一樓","district":"中正區","city":"臺北市","result":"檢驗","types":"新北抽驗(製造端)","grade":""}},{"type":"Feature","geometry":{"type":"Point","coordinates":[121.555841,25.042964]},"properties":{"name":"萊爾富國際股份有限公司","address":"台北市大安區延吉街131巷43號","district":"大安區","city":"臺北市","result":"檢驗","types":"新北抽驗(製造端)","grade":""}},{"type":"Feature","geometry":{"type":"Point","coordinates":[121.567352,25.055388]},"properties":{"name":"萊爾富國際股份有限公司","address":"台北市松山區健康路325巷12弄2號","district":"松山區","city":"臺北市","result":"檢驗","types":"新北抽驗(製造端)","grade":""}},{"type":"Feature","geometry":{"type":"Point","coordinates":[121.498104,25.135916]},"properties":{"name":"萊爾富國際股份有限公司","address":"台北市北投區中央北路4段8號","district":"北投區","city":"臺北市","result":"檢驗","types":"新北抽驗(製造端)","grade":""}},{"type":"Feature","geometry":{"type":"Point","coordinates":[121.580745,25.046477]},"properties":{"name":"萊爾富國際股份有限公司","address":"台北市南港區中坡北路50巷1號","district":"南港區","city":"臺北市","result":"檢驗","types":"新北抽驗(製造端)","grade":""}},{"type":"Feature","geometry":{"type":"Point","coordinates":[121.599056,25.053942]},"properties":{"name":"萊爾富國際股份有限公司","address":"台北市南港區南港路二段2,4號","district":"南港區","city":"臺北市","result":"檢驗","types":"新北抽驗(製造端)","grade":""}},{"type":"Feature","geometry":{"type":"Point","coordinates":[121.574498,25.037947]},"properties":{"name":"萊爾富國際股份有限公司","address":"台北市信義區虎林街164巷60弄2號一樓部份","district":"信義區","city":"臺北市","result":"檢驗","types":"新北抽驗(製造端)","grade":""}},{"type":"Feature","geometry":{"type":"Point","coordinates":[121.538203,25.034479]},"properties":{"name":"萊爾富國際股份有限公司","address":"台北市大安區建國南路一段337號","district":"大安區","city":"臺北市","result":"檢驗","types":"新北抽驗(製造端)","grade":""}},{"type":"Feature","geometry":{"type":"Point","coordinates":[121.482618,25.1371]},"properties":{"name":"萊爾富國際股份有限公司","address":"台北市北投區中央北路三段４４、４６號","district":"北投區","city":"臺北市","result":"檢驗","types":"新北抽驗(製造端)","grade":""}},{"type":"Feature","geometry":{"type":"Point","coordinates":[121.565967,25.064229]},"properties":{"name":"萊爾富國際股份有限公司","address":"台北市松山區撫遠街369巷36號","district":"松山區","city":"臺北市","result":"檢驗","types":"新北抽驗(製造端)","grade":""}},{"type":"Feature","geometry":{"type":"Point","coordinates":[121.518219,25.075009]},"properties":{"name":"萊爾富國際股份有限公司","address":"台北市大同區哈密街59巷21號","district":"大同區","city":"臺北市","result":"檢驗","types":"新北抽驗(製造端)","grade":""}},{"type":"Feature","geometry":{"type":"Point","coordinates":[121.570254,25.045817]},"properties":{"name":"萊爾富國際股份有限公司","address":"台北市信義區永吉路125號一樓","district":"信義區","city":"臺北市","result":"檢驗","types":"新北抽驗(製造端)","grade":""}},{"type":"Feature","geometry":{"type":"Point","coordinates":[121.561528,25.036749]},"properties":{"name":"萊爾富國際股份有限公司","address":"台北市信義區基隆路一段350之41,43號一樓","district":"信義區","city":"臺北市","result":"檢驗","types":"新北抽驗(製造端)","grade":""}},{"type":"Feature","geometry":{"type":"Point","coordinates":[121.508828,25.053577]},"properties":{"name":"萊爾富國際股份有限公司","address":"台北市大同區西寧北路35號","district":"大同區","city":"臺北市","result":"檢驗","types":"新北抽驗(製造端)","grade":""}},{"type":"Feature","geometry":{"type":"Point","coordinates":[121.524725,25.043485]},"properties":{"name":"萊爾富國際股份有限公司","address":"台北市中正區紹興南街4之12號","district":"中正區","city":"臺北市","result":"檢驗","types":"新北抽驗(製造端)","grade":""}},{"type":"Feature","geometry":{"type":"Point","coordinates":[121.46726,25.122443]},"properties":{"name":"萊爾富國際股份有限公司","address":"台北市北投區知行路314號、316巷2號","district":"北投區","city":"臺北市","result":"檢驗","types":"新北抽驗(製造端)","grade":""}},{"type":"Feature","geometry":{"type":"Point","coordinates":[121.533081,25.124704]},"properties":{"name":"萊爾富國際股份有限公司","address":"台北市士林區中山北路七段186號","district":"士林區","city":"臺北市","result":"檢驗","types":"新北抽驗(製造端)","grade":""}},{"type":"Feature","geometry":{"type":"Point","coordinates":[121.519851,25.052611]},"properties":{"name":"萊爾富國際股份有限公司","address":"台北市大同區南京西路30號","district":"大同區","city":"臺北市","result":"檢驗","types":"新北抽驗(製造端)","grade":""}},{"type":"Feature","geometry":{"type":"Point","coordinates":[121.600113,25.062916]},"properties":{"name":"萊爾富國際股份有限公司","address":"台北市內湖區安康路142號","district":"內湖區","city":"臺北市","result":"檢驗","types":"新北抽驗(製造端)","grade":""}},{"type":"Feature","geometry":{"type":"Point","coordinates":[121.471952,25.125487]},"properties":{"name":"萊爾富國際股份有限公司","address":"台北市北投區立德路60號及立功街135號","district":"北投區","city":"臺北市","result":"檢驗","types":"新北抽驗(製造端)","grade":""}},{"type":"Feature","geometry":{"type":"Point","coordinates":[121.575986,25.062654]},"properties":{"name":"萊爾富國際股份有限公司","address":"台北市內湖區舊宗路一段188號","district":"內湖區","city":"臺北市","result":"檢驗","types":"新北抽驗(製造端)","grade":""}},{"type":"Feature","geometry":{"type":"Point","coordinates":[121.522207,25.06684]},"properties":{"name":"萊爾富國際股份有限公司","address":"台北市中山區中山北路三段40號","district":"中山區","city":"臺北市","result":"檢驗","types":"新北抽驗(製造端)","grade":""}},{"type":"Feature","geometry":{"type":"Point","coordinates":[121.467618,25.132789]},"properties":{"name":"萊爾富國際股份有限公司","address":"台北市北投區學園路2號","district":"北投區","city":"臺北市","result":"檢驗","types":"新北抽驗(製造端)","grade":""}},{"type":"Feature","geometry":{"type":"Point","coordinates":[121.578254,25.037834]},"properties":{"name":"萊爾富國際股份有限公司","address":"台北市信義區松山路537號及541巷1號","district":"信義區","city":"臺北市","result":"檢驗","types":"新北抽驗(製造端)","grade":""}},{"type":"Feature","geometry":{"type":"Point","coordinates":[121.586154,25.046508]},"properties":{"name":"萊爾富國際股份有限公司","address":"台北市南港區同德路87號","district":"南港區","city":"臺北市","result":"檢驗","types":"新北抽驗(製造端)","grade":""}},{"type":"Feature","geometry":{"type":"Point","coordinates":[121.565846,25.050245]},"properties":{"name":"萊爾富國際股份有限公司","address":"台北市松山區南京東路5段250巷3-1號","district":"松山區","city":"臺北市","result":"檢驗","types":"新北抽驗(製造端)","grade":""}},{"type":"Feature","geometry":{"type":"Point","coordinates":[121.520797,25.062421]},"properties":{"name":"萊爾富國際股份有限公司","address":"台北市中山區天祥路70號","district":"中山區","city":"臺北市","result":"檢驗","types":"新北抽驗(製造端)","grade":""}},{"type":"Feature","geometry":{"type":"Point","coordinates":[121.52596,25.091159]},"properties":{"name":"萊爾富國際股份有限公司","address":"台北市士林區大東路7號","district":"士林區","city":"臺北市","result":"檢驗","types":"新北抽驗(製造端)","grade":""}},{"type":"Feature","geometry":{"type":"Point","coordinates":[121.505933,25.040583]},"properties":{"name":"萊爾富國際股份有限公司","address":"台北市萬華區長沙街二段50號","district":"萬華區","city":"臺北市","result":"檢驗","types":"新北抽驗(製造端)","grade":""}},{"type":"Feature","geometry":{"type":"Point","coordinates":[121.510562,25.084981]},"properties":{"name":"萊爾富國際股份有限公司","address":"台北市士林區延平北路9段212號","district":"士林區","city":"臺北市","result":"檢驗","types":"新北抽驗(製造端)","grade":""}},{"type":"Feature","geometry":{"type":"Point","coordinates":[121.55771,25.05061]},"properties":{"name":"萊爾富國際股份有限公司","address":"台北市松山區光復北路102號","district":"松山區","city":"臺北市","result":"檢驗","types":"新北抽驗(製造端)","grade":""}},{"type":"Feature","geometry":{"type":"Point","coordinates":[121.5186,25.052446]},"properties":{"name":"萊爾富國際股份有限公司","address":"台北市大同區南京西路64巷9弄2號","district":"大同區","city":"臺北市","result":"檢驗","types":"新北抽驗(製造端)","grade":""}},{"type":"Feature","geometry":{"type":"Point","coordinates":[121.532098,25.045216]},"properties":{"name":"萊爾富國際股份有限公司","address":"台北市中正區市民大道三段8號","district":"中正區","city":"臺北市","result":"檢驗","types":"新北抽驗(製造端)","grade":""}},{"type":"Feature","geometry":{"type":"Point","coordinates":[121.494023,25.030255]},"properties":{"name":"萊爾富國際股份有限公司","address":"台北市萬華區雙園街69號","district":"萬華區","city":"臺北市","result":"檢驗","types":"新北抽驗(製造端)","grade":""}},{"type":"Feature","geometry":{"type":"Point","coordinates":[121.517629,25.114551]},"properties":{"name":"萊爾富國際股份有限公司","address":"台北市北投區裕民六路120號","district":"北投區","city":"臺北市","result":"檢驗","types":"新北抽驗(製造端)","grade":""}},{"type":"Feature","geometry":{"type":"Point","coordinates":[121.511389,25.042249]},"properties":{"name":"萊爾富國際股份有限公司","address":"台北市中正區衡陽路103號","district":"中正區","city":"臺北市","result":"檢驗","types":"新北抽驗(製造端)","grade":""}},{"type":"Feature","geometry":{"type":"Point","coordinates":[121.518748,25.044343]},"properties":{"name":"萊爾富國際股份有限公司","address":"台北市中正區中山南路8號B1","district":"中正區","city":"臺北市","result":"檢驗","types":"新北抽驗(製造端)","grade":""}},{"type":"Feature","geometry":{"type":"Point","coordinates":[121.62282,25.039097]},"properties":{"name":"萊爾富國際股份有限公司","address":"台北市南港區舊莊街一段212巷2號一樓全部","district":"南港區","city":"臺北市","result":"檢驗","types":"新北抽驗(製造端)","grade":""}},{"type":"Feature","geometry":{"type":"Point","coordinates":[121.48891,25.139587]},"properties":{"name":"萊爾富國際股份有限公司","address":"台北市北投區中央北路二段70號","district":"北投區","city":"臺北市","result":"檢驗","types":"新北抽驗(製造端)","grade":""}},{"type":"Feature","geometry":{"type":"Point","coordinates":[121.511744,25.051606]},"properties":{"name":"萊爾富國際股份有限公司","address":"台北市大同區延平北路3段40號","district":"大同區","city":"臺北市","result":"檢驗","types":"新北抽驗(製造端)","grade":""}},{"type":"Feature","geometry":{"type":"Point","coordinates":[121.55538,25.052589]},"properties":{"name":"萊爾富國際股份有限公司","address":"台北市松山區南京東路5段61號及63號","district":"松山區","city":"臺北市","result":"檢驗","types":"新北抽驗(製造端)","grade":""}},{"type":"Feature","geometry":{"type":"Point","coordinates":[121.517734,25.052245]},"properties":{"name":"萊爾富國際股份有限公司","address":"台北市大同區承德路一段1號","district":"大同區","city":"臺北市","result":"檢驗","types":"新北抽驗(製造端)","grade":""}},{"type":"Feature","geometry":{"type":"Point","coordinates":[121.518347,25.048893]},"properties":{"name":"萊爾富國際股份有限公司","address":"台北市大同區市民大道一段209號3樓","district":"大同區","city":"臺北市","result":"檢驗","types":"新北抽驗(製造端)","grade":""}},{"type":"Feature","geometry":{"type":"Point","coordinates":[121.519656,25.070513]},"properties":{"name":"萊爾富國際股份有限公司","address":"台北市大同區酒泉街15號","district":"大同區","city":"臺北市","result":"檢驗","types":"新北抽驗(製造端)","grade":""}},{"type":"Feature","geometry":{"type":"Point","coordinates":[121.499771,25.124796]},"properties":{"name":"萊爾富國際股份有限公司","address":"台北市北投區中央南路二段5號及7號","district":"北投區","city":"臺北市","result":"檢驗","types":"新北抽驗(製造端)","grade":""}},{"type":"Feature","geometry":{"type":"Point","coordinates":[121.553783,25.049699]},"properties":{"name":"萊爾富國際股份有限公司","address":"台北市松山區寧安街12號","district":"松山區","city":"臺北市","result":"檢驗","types":"新北抽驗(製造端)","grade":""}},{"type":"Feature","geometry":{"type":"Point","coordinates":[121.613744,25.047478]},"properties":{"name":"萊爾富國際股份有限公司","address":"台北市南港區研究院路二段110號一樓","district":"南港區","city":"臺北市","result":"檢驗","types":"新北抽驗(製造端)","grade":""}},{"type":"Feature","geometry":{"type":"Point","coordinates":[121.581029,25.071974]},"properties":{"name":"萊爾富國際股份有限公司","address":"台北市內湖區瑞光路５０２號１樓之１","district":"內湖區","city":"臺北市","result":"檢驗","types":"新北抽驗(製造端)","grade":""}},{"type":"Feature","geometry":{"type":"Point","coordinates":[121.581227,24.998739]},"properties":{"name":"萊爾富國際股份有限公司","address":"台北市文山區新光路二段30號","district":"文山區","city":"臺北市","result":"檢驗","types":"新北抽驗(製造端)","grade":""}},{"type":"Feature","geometry":{"type":"Point","coordinates":[121.497676,25.03601]},"properties":{"name":"萊爾富國際股份有限公司","address":"台北市萬華區梧州街55號","district":"萬華區","city":"臺北市","result":"檢驗","types":"新北抽驗(製造端)","grade":""}},{"type":"Feature","geometry":{"type":"Point","coordinates":[121.511103,25.036824]},"properties":{"name":"萊爾富國際股份有限公司","address":"台北市中正區博愛路 131號B1","district":"中正區","city":"臺北市","result":"檢驗","types":"新北抽驗(製造端)","grade":""}},{"type":"Feature","geometry":{"type":"Point","coordinates":[121.562659,25.082666]},"properties":{"name":"萊爾富國際股份有限公司","address":"台北市內湖區內湖路一段120巷16號一樓全部","district":"內湖區","city":"臺北市","result":"檢驗","types":"新北抽驗(製造端)","grade":""}},{"type":"Feature","geometry":{"type":"Point","coordinates":[121.494925,25.027997]},"properties":{"name":"萊爾富國際股份有限公司","address":"台北市萬華區西園路二段134、136、138號","district":"萬華區","city":"臺北市","result":"檢驗","types":"新北抽驗(製造端)","grade":""}},{"type":"Feature","geometry":{"type":"Point","coordinates":[121.517168,25.0414]},"properties":{"name":"萊爾富國際股份有限公司","address":"台北市中正區常德街1號B1","district":"中正區","city":"臺北市","result":"檢驗","types":"新北抽驗(製造端)","grade":""}},{"type":"Feature","geometry":{"type":"Point","coordinates":[121.591642,24.967839]},"properties":{"name":"萊爾富國際股份有限公司","address":"台北市文山區指南路三段38巷35號","district":"文山區","city":"臺北市","result":"檢驗","types":"新北抽驗(製造端)","grade":""}},{"type":"Feature","geometry":{"type":"Point","coordinates":[121.576502,24.987419]},"properties":{"name":"萊爾富國際股份有限公司","address":"台北市文山區指南路二段64號","district":"文山區","city":"臺北市","result":"檢驗","types":"新北抽驗(製造端)","grade":""}},{"type":"Feature","geometry":{"type":"Point","coordinates":[121.532949,25.095994]},"properties":{"name":"萊爾富國際股份有限公司","address":"台北市北投區清江路53及55號","district":"北投區","city":"臺北市","result":"檢驗","types":"新北抽驗(製造端)","grade":""}},{"type":"Feature","geometry":{"type":"Point","coordinates":[121.543934,25.036749]},"properties":{"name":"萊爾富國際股份有限公司","address":"台北市大安區復興南路2段148號1樓全部","district":"大安區","city":"臺北市","result":"檢驗","types":"新北抽驗(製造端)","grade":""}},{"type":"Feature","geometry":{"type":"Point","coordinates":[121.495932,25.023889]},"properties":{"name":"萊爾富國際股份有限公司","address":"台北市萬華區德昌街241、243、245號","district":"萬華區","city":"臺北市","result":"檢驗","types":"新北抽驗(製造端)","grade":""}},{"type":"Feature","geometry":{"type":"Point","coordinates":[121.590298,25.085767]},"properties":{"name":"萊爾富國際股份有限公司","address":"台北市內湖區金龍路64、66號壹樓全部","district":"內湖區","city":"臺北市","result":"檢驗","types":"新北抽驗(製造端)","grade":""}},{"type":"Feature","geometry":{"type":"Point","coordinates":[121.597655,25.070145]},"properties":{"name":"萊爾富國際股份有限公司","address":"台北市內湖區民權東路六段１６１號","district":"內湖區","city":"臺北市","result":"檢驗","types":"新北抽驗(製造端)","grade":""}},{"type":"Feature","geometry":{"type":"Point","coordinates":[121.528735,25.133991]},"properties":{"name":"萊爾富國際股份有限公司","address":"台北市北投區行義路142-1及142-3號B1","district":"北投區","city":"臺北市","result":"檢驗","types":"新北抽驗(製造端)","grade":""}},{"type":"Feature","geometry":{"type":"Point","coordinates":[121.583579,25.056558]},"properties":{"name":"萊爾富國際股份有限公司","address":"台北市內湖區新明路241、241-1號","district":"內湖區","city":"臺北市","result":"檢驗","types":"新北抽驗(製造端)","grade":""}},{"type":"Feature","geometry":{"type":"Point","coordinates":[121.504135,25.036527]},"properties":{"name":"萊爾富國際股份有限公司","address":"台北市萬華區廣州街247號","district":"萬華區","city":"臺北市","result":"檢驗","types":"新北抽驗(製造端)","grade":""}},{"type":"Feature","geometry":{"type":"Point","coordinates":[121.575177,25.063148]},"properties":{"name":"萊爾富國際股份有限公司","address":"台北市內湖區新湖三路36號1樓","district":"內湖區","city":"臺北市","result":"檢驗","types":"新北抽驗(製造端)","grade":""}},{"type":"Feature","geometry":{"type":"Point","coordinates":[121.601285,25.088471]},"properties":{"name":"萊爾富國際股份有限公司","address":"台北市內湖區大湖山莊街179號1樓","district":"內湖區","city":"臺北市","result":"檢驗","types":"新北抽驗(製造端)","grade":""}},{"type":"Feature","geometry":{"type":"Point","coordinates":[121.555039,25.020947]},"properties":{"name":"萊爾富國際股份有限公司","address":"台北市大安區安居街15號","district":"大安區","city":"臺北市","result":"檢驗","types":"新北抽驗(製造端)","grade":""}},{"type":"Feature","geometry":{"type":"Point","coordinates":[121.560029,25.089522]},"properties":{"name":"萊爾富國際股份有限公司","address":"台北市內湖區文湖街21巷26、28號1樓","district":"內湖區","city":"臺北市","result":"檢驗","types":"新北抽驗(製造端)","grade":""}},{"type":"Feature","geometry":{"type":"Point","coordinates":[121.497995,25.025317]},"properties":{"name":"萊爾富國際股份有限公司","address":"台北市萬華區民和街10及12號","district":"萬華區","city":"臺北市","result":"檢驗","types":"新北抽驗(製造端)","grade":""}},{"type":"Feature","geometry":{"type":"Point","coordinates":[121.531863,25.043941]},"properties":{"name":"萊爾富國際股份有限公司","address":"台北市中正區八德路一段82巷10號","district":"中正區","city":"臺北市","result":"檢驗","types":"新北抽驗(製造端)","grade":""}},{"type":"Feature","geometry":{"type":"Point","coordinates":[121.519338,25.073839]},"properties":{"name":"萊爾富國際股份有限公司","address":"台北市大同區承德路三段284及286號","district":"大同區","city":"臺北市","result":"檢驗","types":"新北抽驗(製造端)","grade":""}},{"type":"Feature","geometry":{"type":"Point","coordinates":[121.499256,25.036789]},"properties":{"name":"萊爾富國際股份有限公司","address":"台北市萬華區青山里西園路一段170號1樓","district":"萬華區","city":"臺北市","result":"檢驗","types":"新北抽驗(製造端)","grade":""}},{"type":"Feature","geometry":{"type":"Point","coordinates":[121.510315,25.137262]},"properties":{"name":"萊爾富國際股份有限公司","address":"台北市北投區中山路28之5、28之6號地下二層","district":"北投區","city":"臺北市","result":"檢驗","types":"新北抽驗(製造端)","grade":""}},{"type":"Feature","geometry":{"type":"Point","coordinates":[121.511237,25.038024]},"properties":{"name":"萊爾富國際股份有限公司","address":"台北市中正區博愛路127號","district":"中正區","city":"臺北市","result":"檢驗","types":"新北抽驗(製造端)","grade":""}},{"type":"Feature","geometry":{"type":"Point","coordinates":[121.511491,25.058415]},"properties":{"name":"萊爾富國際股份有限公司","address":"台北市大同區延平北路二段255-1號","district":"大同區","city":"臺北市","result":"檢驗","types":"新北抽驗(製造端)","grade":""}},{"type":"Feature","geometry":{"type":"Point","coordinates":[121.616084,25.05333]},"properties":{"name":"萊爾富國際股份有限公司","address":"台北市南港區忠孝東路七段639號","district":"南港區","city":"臺北市","result":"檢驗","types":"新北抽驗(製造端)","grade":""}},{"type":"Feature","geometry":{"type":"Point","coordinates":[121.588296,25.048926]},"properties":{"name":"萊爾富國際股份有限公司","address":"台北市南港區忠孝東路六段252號","district":"南港區","city":"臺北市","result":"檢驗","types":"新北抽驗(製造端)","grade":""}},{"type":"Feature","geometry":{"type":"Point","coordinates":[121.510459,25.082166]},"properties":{"name":"萊爾富國際股份有限公司","address":"台北市士林區延平北路五段138號","district":"士林區","city":"臺北市","result":"檢驗","types":"新北抽驗(製造端)","grade":""}},{"type":"Feature","geometry":{"type":"Point","coordinates":[121.52372,25.061666]},"properties":{"name":"萊爾富國際股份有限公司","address":"台北市中山區中山北路二段137巷2號","district":"中山區","city":"臺北市","result":"檢驗","types":"新北抽驗(製造端)","grade":""}},{"type":"Feature","geometry":{"type":"Point","coordinates":[121.559721,24.982041]},"properties":{"name":"萊爾富國際股份有限公司","address":"台北市文山區木新路三段232巷6弄18號","district":"文山區","city":"臺北市","result":"檢驗","types":"新北抽驗(製造端)","grade":""}},{"type":"Feature","geometry":{"type":"Point","coordinates":[121.579605,25.037855]},"properties":{"name":"萊爾富國際股份有限公司","address":"台北市信義區林口街36號","district":"信義區","city":"臺北市","result":"檢驗","types":"新北抽驗(製造端)","grade":""}},{"type":"Feature","geometry":{"type":"Point","coordinates":[121.509585,25.090108]},"properties":{"name":"萊爾富國際股份有限公司","address":"台北市士林區社正路27號","district":"士林區","city":"臺北市","result":"檢驗","types":"新北抽驗(製造端)","grade":""}},{"type":"Feature","geometry":{"type":"Point","coordinates":[121.497727,25.037653]},"properties":{"name":"萊爾富國際股份有限公司","address":"台北市萬華區梧州街29號","district":"萬華區","city":"臺北市","result":"檢驗","types":"新北抽驗(製造端)","grade":""}},{"type":"Feature","geometry":{"type":"Point","coordinates":[121.550854,25.046088]},"properties":{"name":"萊爾富國際股份有限公司","address":"台北市松山區八德路三段12巷51弄2號","district":"松山區","city":"臺北市","result":"檢驗","types":"新北抽驗(製造端)","grade":""}},{"type":"Feature","geometry":{"type":"Point","coordinates":[121.564446,25.062706]},"properties":{"name":"萊爾富國際股份有限公司","address":"台北市松山區民權東路五段32號","district":"松山區","city":"臺北市","result":"檢驗","types":"新北抽驗(製造端)","grade":""}},{"type":"Feature","geometry":{"type":"Point","coordinates":[121.507022,25.089077]},"properties":{"name":"萊爾富國際股份有限公司","address":"台北市士林區社子街63巷2號","district":"士林區","city":"臺北市","result":"檢驗","types":"新北抽驗(製造端)","grade":""}},{"type":"Feature","geometry":{"type":"Point","coordinates":[121.519158,25.112897]},"properties":{"name":"萊爾富國際股份有限公司","address":"台北市北投區懷德街5號","district":"北投區","city":"臺北市","result":"檢驗","types":"新北抽驗(製造端)","grade":""}},{"type":"Feature","geometry":{"type":"Point","coordinates":[121.620932,25.071134]},"properties":{"name":"萊爾富國際股份有限公司","address":"台北市內湖區康樂街92號","district":"內湖區","city":"臺北市","result":"檢驗","types":"新北抽驗(製造端)","grade":""}},{"type":"Feature","geometry":{"type":"Point","coordinates":[121.611396,25.059747]},"properties":{"name":"萊爾富國際股份有限公司","address":"台北市南港區重陽路472號一樓","district":"南港區","city":"臺北市","result":"檢驗","types":"新北抽驗(製造端)","grade":""}},{"type":"Feature","geometry":{"type":"Point","coordinates":[121.577808,25.003802]},"properties":{"name":"萊爾富國際股份有限公司","address":"台北市文山區木柵路2段4號","district":"文山區","city":"臺北市","result":"檢驗","types":"新北抽驗(製造端)","grade":""}},{"type":"Feature","geometry":{"type":"Point","coordinates":[121.544246,25.020573]},"properties":{"name":"萊爾富國際股份有限公司","address":"台北市大安區辛亥路三段30號(研三宿舍)","district":"大安區","city":"臺北市","result":"檢驗","types":"新北抽驗(製造端)","grade":""}},{"type":"Feature","geometry":{"type":"Point","coordinates":[121.544246,25.020573]},"properties":{"name":"萊爾富國際股份有限公司","address":"台北市大安區辛亥路三段30號 研三宿舍-","district":"大安區","city":"臺北市","result":"檢驗","types":"新北抽驗(製造端)","grade":""}},{"type":"Feature","geometry":{"type":"Point","coordinates":[121.513011,25.082125]},"properties":{"name":"萊爾富國際股份有限公司","address":"台北市士林區重慶北路四段78號及80號","district":"士林區","city":"臺北市","result":"檢驗","types":"新北抽驗(製造端)","grade":""}},{"type":"Feature","geometry":{"type":"Point","coordinates":[121.563781,25.037524]},"properties":{"name":"萊爾富國際股份有限公司","address":"台北市信義區市府路1號 B2便利生活空間-","district":"信義區","city":"臺北市","result":"檢驗","types":"新北抽驗(製造端)","grade":""}},{"type":"Feature","geometry":{"type":"Point","coordinates":[121.563781,25.037524]},"properties":{"name":"萊爾富國際股份有限公司","address":"台北市信義區市府路1號(B2便利生活空間)","district":"信義區","city":"臺北市","result":"檢驗","types":"新北抽驗(製造端)","grade":""}},{"type":"Feature","geometry":{"type":"Point","coordinates":[121.522926,25.106368]},"properties":{"name":"萊爾富國際股份有限公司","address":"台北市士林區磺溪街23號一樓","district":"士林區","city":"臺北市","result":"檢驗","types":"新北抽驗(製造端)","grade":""}},{"type":"Feature","geometry":{"type":"Point","coordinates":[121.528735,25.133991]},"properties":{"name":"萊爾富國際股份有限公司","address":"台北市北投區行義路128-1號","district":"北投區","city":"臺北市","result":"檢驗","types":"新北抽驗(製造端)","grade":""}},{"type":"Feature","geometry":{"type":"Point","coordinates":[121.584783,25.077145]},"properties":{"name":"萊爾富國際股份有限公司","address":"台北市內湖區文德路210巷30弄6、8、10號一樓","district":"內湖區","city":"臺北市","result":"檢驗","types":"新北抽驗(製造端)","grade":""}},{"type":"Feature","geometry":{"type":"Point","coordinates":[121.498148,25.14341]},"properties":{"name":"萊爾富國際股份有限公司","address":"台北市北投區中和街399-5、 399-6號","district":"北投區","city":"臺北市","result":"檢驗","types":"新北抽驗(製造端)","grade":""}},{"type":"Feature","geometry":{"type":"Point","coordinates":[121.554255,24.988058]},"properties":{"name":"萊爾富國際股份有限公司","address":"台北市文山區木柵路一段168、170號一樓","district":"文山區","city":"臺北市","result":"檢驗","types":"新北抽驗(製造端)","grade":""}},{"type":"Feature","geometry":{"type":"Point","coordinates":[121.568414,24.983837]},"properties":{"name":"萊爾富國際股份有限公司","address":"台北市文山區木新路二段141、143號一樓","district":"文山區","city":"臺北市","result":"檢驗","types":"新北抽驗(製造端)","grade":""}},{"type":"Feature","geometry":{"type":"Point","coordinates":[121.559286,25.047716]},"properties":{"name":"萊爾富國際股份有限公司","address":"台北市松山區光復南路13巷16號","district":"松山區","city":"臺北市","result":"檢驗","types":"新北抽驗(製造端)","grade":""}},{"type":"Feature","geometry":{"type":"Point","coordinates":[121.525322,25.054485]},"properties":{"name":"萊爾富國際股份有限公司","address":"台北市中山區林森北路258號","district":"中山區","city":"臺北市","result":"檢驗","types":"新北抽驗(製造端)","grade":""}},{"type":"Feature","geometry":{"type":"Point","coordinates":[121.532418,25.01847]},"properties":{"name":"萊爾富國際股份有限公司","address":"台北市大安區羅斯福路三段283巷11號一樓","district":"大安區","city":"臺北市","result":"檢驗","types":"新北抽驗(製造端)","grade":""}},{"type":"Feature","geometry":{"type":"Point","coordinates":[121.586963,25.053063]},"properties":{"name":"萊爾富國際股份有限公司","address":"台北市南港區南港路三段358、360號一樓","district":"南港區","city":"臺北市","result":"檢驗","types":"新北抽驗(製造端)","grade":""}},{"type":"Feature","geometry":{"type":"Point","coordinates":[121.540578,25.049278]},"properties":{"name":"萊爾富國際股份有限公司","address":"台北市中山區龍江路47號","district":"中山區","city":"臺北市","result":"檢驗","types":"新北抽驗(製造端)","grade":""}},{"type":"Feature","geometry":{"type":"Point","coordinates":[121.494181,25.14541]},"properties":{"name":"萊爾富國際股份有限公司","address":"台北市北投區中和街504號、506號、508號","district":"北投區","city":"臺北市","result":"檢驗","types":"新北抽驗(製造端)","grade":""}},{"type":"Feature","geometry":{"type":"Point","coordinates":[121.61848,25.071926]},"properties":{"name":"萊爾富國際股份有限公司","address":"台北市內湖區康樂街136巷18弄1號一樓","district":"內湖區","city":"臺北市","result":"檢驗","types":"新北抽驗(製造端)","grade":""}},{"type":"Feature","geometry":{"type":"Point","coordinates":[121.538836,25.009182]},"properties":{"name":"萊爾富國際股份有限公司","address":"台北市大安區羅斯福路四段1號","district":"大安區","city":"臺北市","result":"檢驗","types":"新北抽驗(製造端)","grade":""}},{"type":"Feature","geometry":{"type":"Point","coordinates":[121.56546,25.065137]},"properties":{"name":"萊爾富國際股份有限公司","address":"台北市松山區撫遠街394巷1號、3號","district":"松山區","city":"臺北市","result":"檢驗","types":"新北抽驗(製造端)","grade":""}},{"type":"Feature","geometry":{"type":"Point","coordinates":[121.541005,25.06308]},"properties":{"name":"萊爾富國際股份有限公司","address":"台北市中山區龍江路333號及331巷1號","district":"中山區","city":"臺北市","result":"檢驗","types":"新北抽驗(製造端)","grade":""}},{"type":"Feature","geometry":{"type":"Point","coordinates":[121.524965,25.06022]},"properties":{"name":"萊爾富國際股份有限公司","address":"台北市中山區錦州街32之1號及32之2號","district":"中山區","city":"臺北市","result":"檢驗","types":"新北抽驗(製造端)","grade":""}},{"type":"Feature","geometry":{"type":"Point","coordinates":[121.582139,25.063398]},"properties":{"name":"萊爾富國際股份有限公司","address":"台北市內湖區新湖二路259巷6號一樓全部","district":"內湖區","city":"臺北市","result":"檢驗","types":"新北抽驗(製造端)","grade":""}},{"type":"Feature","geometry":{"type":"Point","coordinates":[121.531563,25.105195]},"properties":{"name":"萊爾富國際股份有限公司","address":"台北市士林區雨聲街105號","district":"士林區","city":"臺北市","result":"檢驗","types":"新北抽驗(製造端)","grade":""}},{"type":"Feature","geometry":{"type":"Point","coordinates":[121.50356,25.041591]},"properties":{"name":"萊爾富國際股份有限公司","address":"台北市萬華區內江街126、128號一樓","district":"萬華區","city":"臺北市","result":"檢驗","types":"新北抽驗(製造端)","grade":""}},{"type":"Feature","geometry":{"type":"Point","coordinates":[121.589271,25.041592]},"properties":{"name":"萊爾富國際股份有限公司","address":"台北市南港區成福路38號、40號一樓","district":"南港區","city":"臺北市","result":"檢驗","types":"新北抽驗(製造端)","grade":""}},{"type":"Feature","geometry":{"type":"Point","coordinates":[121.527765,25.049587]},"properties":{"name":"萊爾富國際股份有限公司","address":"台北市中山區林森北路107巷86號1樓全部","district":"中山區","city":"臺北市","result":"檢驗","types":"新北抽驗(製造端)","grade":""}},{"type":"Feature","geometry":{"type":"Point","coordinates":[121.52263,25.036691]},"properties":{"name":"萊爾富國際股份有限公司","address":"台北市中正區信義路一段13之1號壹樓","district":"中正區","city":"臺北市","result":"檢驗","types":"新北抽驗(製造端)","grade":""}},{"type":"Feature","geometry":{"type":"Point","coordinates":[121.567448,25.0506]},"properties":{"name":"萊爾富國際股份有限公司","address":"台北市松山區南京東路五段250巷18弄20、20之1號","district":"松山區","city":"臺北市","result":"檢驗","types":"新北抽驗(製造端)","grade":""}},{"type":"Feature","geometry":{"type":"Point","coordinates":[121.539325,25.058321]},"properties":{"name":"萊爾富國際股份有限公司","address":"台北市中山區合江街61巷1號1樓全部","district":"中山區","city":"臺北市","result":"檢驗","types":"新北抽驗(製造端)","grade":""}},{"type":"Feature","geometry":{"type":"Point","coordinates":[121.574758,25.083741]},"properties":{"name":"萊爾富國際股份有限公司","address":"台北市內湖區安泰街31號一樓","district":"內湖區","city":"臺北市","result":"檢驗","types":"新北抽驗(製造端)","grade":""}},{"type":"Feature","geometry":{"type":"Point","coordinates":[121.554474,25.038857]},"properties":{"name":"萊爾富國際股份有限公司","address":"台北市大安區仁愛路四段10號B1","district":"大安區","city":"臺北市","result":"檢驗","types":"新北抽驗(製造端)","grade":""}},{"type":"Feature","geometry":{"type":"Point","coordinates":[121.523614,25.059419]},"properties":{"name":"萊爾富國際股份有限公司","address":"台北市中山區中山北路二段93巷5及5-1號","district":"中山區","city":"臺北市","result":"檢驗","types":"新北抽驗(製造端)","grade":""}},{"type":"Feature","geometry":{"type":"Point","coordinates":[121.582767,25.046232]},"properties":{"name":"萊爾富國際股份有限公司","address":"台北市內湖區玉成街82號一樓","district":"內湖區","city":"臺北市","result":"檢驗","types":"新北抽驗(製造端)","grade":""}},{"type":"Feature","geometry":{"type":"Point","coordinates":[121.582767,25.046232]},"properties":{"name":"萊爾富國際股份有限公司","address":"台北市南港區玉成街82號一樓","district":"南港區","city":"臺北市","result":"檢驗","types":"新北抽驗(製造端)","grade":""}},{"type":"Feature","geometry":{"type":"Point","coordinates":[121.57656,25.03568]},"properties":{"name":"萊爾富國際股份有限公司","address":"台北市信義區虎林街242巷50號、52號","district":"信義區","city":"臺北市","result":"檢驗","types":"新北抽驗(製造端)","grade":""}},{"type":"Feature","geometry":{"type":"Point","coordinates":[121.544076,24.998156]},"properties":{"name":"萊爾富國際股份有限公司","address":"台北市文山區景興路10巷2號1樓","district":"文山區","city":"臺北市","result":"檢驗","types":"新北抽驗(製造端)","grade":""}},{"type":"Feature","geometry":{"type":"Point","coordinates":[121.526608,25.049185]},"properties":{"name":"萊爾富國際股份有限公司","address":"台北市中山區長安東路一段53巷1之6號","district":"中山區","city":"臺北市","result":"檢驗","types":"新北抽驗(製造端)","grade":""}},{"type":"Feature","geometry":{"type":"Point","coordinates":[121.56069,25.052945]},"properties":{"name":"萊爾富國際股份有限公司","address":"台北市松山區南京東路五段123巷33號","district":"松山區","city":"臺北市","result":"檢驗","types":"新北抽驗(製造端)","grade":""}},{"type":"Feature","geometry":{"type":"Point","coordinates":[121.586545,25.039392]},"properties":{"name":"萊爾富國際股份有限公司","address":"台北市信義區福德街268巷18號、268巷4弄1號","district":"信義區","city":"臺北市","result":"檢驗","types":"新北抽驗(製造端)","grade":""}},{"type":"Feature","geometry":{"type":"Point","coordinates":[121.466276,25.130012]},"properties":{"name":"萊爾富國際股份有限公司","address":"台北市北投區學園路1號","district":"北投區","city":"臺北市","result":"檢驗","types":"新北抽驗(製造端)","grade":""}},{"type":"Feature","geometry":{"type":"Point","coordinates":[121.537172,25.007839]},"properties":{"name":"萊爾富國際股份有限公司","address":"台北市文山區汀州路四段88號","district":"文山區","city":"臺北市","result":"檢驗","types":"新北抽驗(製造端)","grade":""}},{"type":"Feature","geometry":{"type":"Point","coordinates":[121.547078,25.015092]},"properties":{"name":"萊爾富國際股份有限公司","address":"台北市大安區長興街92號1樓 台大男七宿舍-","district":"大安區","city":"臺北市","result":"檢驗","types":"新北抽驗(製造端)","grade":""}},{"type":"Feature","geometry":{"type":"Point","coordinates":[121.547078,25.015092]},"properties":{"name":"萊爾富國際股份有限公司","address":"台北市大安區長興街92號1樓(台大男七宿舍)","district":"大安區","city":"臺北市","result":"檢驗","types":"新北抽驗(製造端)","grade":""}},{"type":"Feature","geometry":{"type":"Point","coordinates":[121.574385,25.04459]},"properties":{"name":"萊爾富國際股份有限公司","address":"台北市信義區永吉路278巷27弄34、36號","district":"信義區","city":"臺北市","result":"檢驗","types":"新北抽驗(製造端)","grade":""}},{"type":"Feature","geometry":{"type":"Point","coordinates":[121.520308,25.080652]},"properties":{"name":"萊爾富國際股份有限公司","address":"台北市士林區承德路四段12巷35號一樓全部","district":"士林區","city":"臺北市","result":"檢驗","types":"新北抽驗(製造端)","grade":""}},{"type":"Feature","geometry":{"type":"Point","coordinates":[121.571256,25.077801]},"properties":{"name":"萊爾富國際股份有限公司","address":"台北市內湖區瑞光路392號1樓","district":"內湖區","city":"臺北市","result":"檢驗","types":"新北抽驗(製造端)","grade":""}},{"type":"Feature","geometry":{"type":"Point","coordinates":[121.554775,25.030055]},"properties":{"name":"萊爾富國際股份有限公司","address":"台北市大安區臨江街36、38號一樓","district":"大安區","city":"臺北市","result":"檢驗","types":"新北抽驗(製造端)","grade":""}},{"type":"Feature","geometry":{"type":"Point","coordinates":[121.52519,25.08505]},"properties":{"name":"萊爾富國際股份有限公司","address":"台北市士林區中山北路五段65號","district":"士林區","city":"臺北市","result":"檢驗","types":"新北抽驗(製造端)","grade":""}},{"type":"Feature","geometry":{"type":"Point","coordinates":[121.514236,25.045294]},"properties":{"name":"萊爾富國際股份有限公司","address":"台北市中正區懷寧街21號","district":"中正區","city":"臺北市","result":"檢驗","types":"新北抽驗(製造端)","grade":""}},{"type":"Feature","geometry":{"type":"Point","coordinates":[121.483957,25.13493]},"properties":{"name":"萊爾富國際股份有限公司","address":"台北市北投區大業路527巷88號","district":"北投區","city":"臺北市","result":"檢驗","types":"新北抽驗(製造端)","grade":""}},{"type":"Feature","geometry":{"type":"Point","coordinates":[121.531785,25.06121]},"properties":{"name":"萊爾富國際股份有限公司","address":"台北市中山區松江路330巷33號一樓","district":"中山區","city":"臺北市","result":"檢驗","types":"新北抽驗(製造端)","grade":""}},{"type":"Feature","geometry":{"type":"Point","coordinates":[121.575944,25.039962]},"properties":{"name":"萊爾富國際股份有限公司","address":"台北市信義區忠孝東路五段63號1樓","district":"信義區","city":"臺北市","result":"檢驗","types":"新北抽驗(製造端)","grade":""}},{"type":"Feature","geometry":{"type":"Point","coordinates":[121.567391,24.985368]},"properties":{"name":"萊爾富國際股份有限公司","address":"台北市文山區保儀路127號","district":"文山區","city":"臺北市","result":"檢驗","types":"新北抽驗(製造端)","grade":""}},{"type":"Feature","geometry":{"type":"Point","coordinates":[121.525669,25.033334]},"properties":{"name":"萊爾富國際股份有限公司","address":"台北市大安區信義路二段44巷10弄1號一樓","district":"大安區","city":"臺北市","result":"檢驗","types":"新北抽驗(製造端)","grade":""}},{"type":"Feature","geometry":{"type":"Point","coordinates":[121.581883,25.065769]},"properties":{"name":"萊爾富國際股份有限公司","address":"台北市內湖區新湖三路255號1樓","district":"內湖區","city":"臺北市","result":"檢驗","types":"新北抽驗(製造端)","grade":""}},{"type":"Feature","geometry":{"type":"Point","coordinates":[121.613245,25.056525]},"properties":{"name":"萊爾富國際股份有限公司","address":"台北市南港區三重路19之10號","district":"南港區","city":"臺北市","result":"檢驗","types":"新北抽驗(製造端)","grade":""}},{"type":"Feature","geometry":{"type":"Point","coordinates":[121.51122,25.044187]},"properties":{"name":"萊爾富國際股份有限公司","address":"台北市中正區武昌街一段45號1樓","district":"中正區","city":"臺北市","result":"檢驗","types":"新北抽驗(製造端)","grade":""}},{"type":"Feature","geometry":{"type":"Point","coordinates":[121.574333,25.040053]},"properties":{"name":"鋐澄貿易有限公司","address":"台北市信義區忠孝東路5段1號2樓","district":"信義區","city":"臺北市","result":"檢驗","types":"新北抽驗(製造端)","grade":""}},{"type":"Feature","geometry":{"type":"Point","coordinates":[121.568126,25.03446]},"properties":{"name":"海底撈火鍋股份有限公司","address":"台北市信義區松仁路100號地下1層","district":"信義區","city":"臺北市","result":"檢驗","types":"新北抽驗(販售端)","grade":""}},{"type":"Feature","geometry":{"type":"Point","coordinates":[121.565775,25.034435]},"properties":{"name":"海底撈火鍋股份有限公司","address":"台北市信義區松智路17號B2海底撈","district":"信義區","city":"臺北市","result":"檢驗","types":"新北抽驗(販售端)","grade":""}},{"type":"Feature","geometry":{"type":"Point","coordinates":[121.555482,25.01924]},"properties":{"name":"美食達人股份有限公司","address":"台北市大安區和平東路3段342號","district":"大安區","city":"臺北市","result":"未檢驗","types":"新北抽驗(製造端)、新北抽驗(販售端)","grade":""}},{"type":"Feature","geometry":{"type":"Point","coordinates":[121.555552,25.057384]},"properties":{"name":"美食達人股份有限公司","address":"台北市松山區光復北路167號","district":"松山區","city":"臺北市","result":"未檢驗","types":"新北抽驗(製造端)、新北抽驗(販售端)","grade":""}},{"type":"Feature","geometry":{"type":"Point","coordinates":[121.540959,25.065283]},"properties":{"name":"美食達人股份有限公司","address":"台北市中山區龍江路358號","district":"中山區","city":"臺北市","result":"未檢驗","types":"新北抽驗(製造端)、新北抽驗(販售端)","grade":""}},{"type":"Feature","geometry":{"type":"Point","coordinates":[121.53036,25.059988]},"properties":{"name":"美食達人股份有限公司","address":"台北市中山區吉林路201號","district":"中山區","city":"臺北市","result":"未檢驗","types":"新北抽驗(製造端)、新北抽驗(販售端)","grade":""}},{"type":"Feature","geometry":{"type":"Point","coordinates":[121.525784,25.060281]},"properties":{"name":"美食達人股份有限公司","address":"台北市中山區錦州街28-8號","district":"中山區","city":"臺北市","result":"未檢驗","types":"新北抽驗(製造端)、新北抽驗(販售端)","grade":""}},{"type":"Feature","geometry":{"type":"Point","coordinates":[121.530157,25.048405]},"properties":{"name":"美食達人股份有限公司","address":"台北市中山區長安東路2段173號","district":"中山區","city":"臺北市","result":"未檢驗","types":"新北抽驗(製造端)、新北抽驗(販售端)","grade":""}},{"type":"Feature","geometry":{"type":"Point","coordinates":[121.566243,25.027145]},"properties":{"name":"美食達人股份有限公司","address":"台北市信義區莊敬路416號","district":"信義區","city":"臺北市","result":"未檢驗","types":"新北抽驗(製造端)、新北抽驗(販售端)","grade":""}},{"type":"Feature","geometry":{"type":"Point","coordinates":[121.584016,25.045077]},"properties":{"name":"美食達人股份有限公司","address":"台北市南港區同德路26號","district":"南港區","city":"臺北市","result":"未檢驗","types":"新北抽驗(製造端)、新北抽驗(販售端)","grade":""}},{"type":"Feature","geometry":{"type":"Point","coordinates":[121.494311,25.025876]},"properties":{"name":"美食達人股份有限公司","address":"台北市萬華區寶興街92號","district":"萬華區","city":"臺北市","result":"未檢驗","types":"新北抽驗(製造端)、新北抽驗(販售端)","grade":""}},{"type":"Feature","geometry":{"type":"Point","coordinates":[121.507218,25.041624]},"properties":{"name":"美食達人股份有限公司","address":"台北市萬華區漢中街151號","district":"萬華區","city":"臺北市","result":"未檢驗","types":"新北抽驗(製造端)、新北抽驗(販售端)","grade":""}},{"type":"Feature","geometry":{"type":"Point","coordinates":[121.610503,25.040977]},"properties":{"name":"美食達人股份有限公司","address":"台北市南港區研究院路1段110號","district":"南港區","city":"臺北市","result":"未檢驗","types":"新北抽驗(製造端)、新北抽驗(販售端)","grade":""}},{"type":"Feature","geometry":{"type":"Point","coordinates":[121.57538,25.045672]},"properties":{"name":"美食達人股份有限公司","address":"台北市信義區永吉路269號","district":"信義區","city":"臺北市","result":"未檢驗","types":"新北抽驗(製造端)、新北抽驗(販售端)","grade":""}},{"type":"Feature","geometry":{"type":"Point","coordinates":[121.491477,25.137951]},"properties":{"name":"美食達人股份有限公司","address":"台北市北投區中央北路1段98號","district":"北投區","city":"臺北市","result":"未檢驗","types":"新北抽驗(製造端)、新北抽驗(販售端)","grade":""}},{"type":"Feature","geometry":{"type":"Point","coordinates":[121.499514,25.141083]},"properties":{"name":"美食達人股份有限公司","address":"台北市北投區中和街335號","district":"北投區","city":"臺北市","result":"未檢驗","types":"新北抽驗(製造端)、新北抽驗(販售端)","grade":""}},{"type":"Feature","geometry":{"type":"Point","coordinates":[121.521833,25.02417]},"properties":{"name":"美食達人股份有限公司","address":"台北市中正區同安街57號","district":"中正區","city":"臺北市","result":"未檢驗","types":"新北抽驗(製造端)、新北抽驗(販售端)","grade":""}},{"type":"Feature","geometry":{"type":"Point","coordinates":[121.561488,24.984683]},"properties":{"name":"美食達人股份有限公司","address":"台北市文山區興隆路四段68之6號","district":"文山區","city":"臺北市","result":"未檢驗","types":"新北抽驗(製造端)、新北抽驗(販售端)","grade":""}},{"type":"Feature","geometry":{"type":"Point","coordinates":[121.467233,25.122055]},"properties":{"name":"美食達人股份有限公司","address":"台北市北投區知行路299號","district":"北投區","city":"臺北市","result":"未檢驗","types":"新北抽驗(製造端)、新北抽驗(販售端)","grade":""}},{"type":"Feature","geometry":{"type":"Point","coordinates":[121.541488,25.024934]},"properties":{"name":"美食達人股份有限公司","address":"台北市大安區和平東路二段98號","district":"大安區","city":"臺北市","result":"未檢驗","types":"新北抽驗(製造端)、新北抽驗(販售端)","grade":""}},{"type":"Feature","geometry":{"type":"Point","coordinates":[121.522016,25.090726]},"properties":{"name":"美食達人股份有限公司","address":"台北市士林區基河路133號","district":"士林區","city":"臺北市","result":"未檢驗","types":"新北抽驗(製造端)、新北抽驗(販售端)","grade":""}},{"type":"Feature","geometry":{"type":"Point","coordinates":[121.49969,25.134798]},"properties":{"name":"美食達人股份有限公司","address":"台北市北投區中央北路一段98號","district":"北投區","city":"臺北市","result":"未檢驗","types":"新北抽驗(製造端)、新北抽驗(販售端)","grade":""}},{"type":"Feature","geometry":{"type":"Point","coordinates":[121.612312,25.043013]},"properties":{"name":"美食達人股份有限公司","address":"台北市南港區研究院路一段110號","district":"南港區","city":"臺北市","result":"未檢驗","types":"新北抽驗(製造端)、新北抽驗(販售端)","grade":""}},{"type":"Feature","geometry":{"type":"Point","coordinates":[121.538836,25.009182]},"properties":{"name":"美食達人股份有限公司","address":"台北市大安區羅斯福路四段1號","district":"大安區","city":"臺北市","result":"未檢驗","types":"新北抽驗(製造端)、新北抽驗(販售端)","grade":""}},{"type":"Feature","geometry":{"type":"Point","coordinates":[121.587245,25.060876]},"properties":{"name":"美特多股份有限公司","address":"台北市內湖區南京東路6段266號1樓","district":"內湖區","city":"臺北市","result":"檢驗","types":"新北抽驗(製造端)","grade":""}},{"type":"Feature","geometry":{"type":"Point","coordinates":[121.47271,25.126504]},"properties":{"name":"生發號農產有限公司","address":"台北市北投區立德路120巷18號4樓","district":"北投區","city":"臺北市","result":"檢驗","types":"新北抽驗(製造端)、新北抽驗(販售端)","grade":""}},{"type":"Feature","geometry":{"type":"Point","coordinates":[121.464036,25.11764]},"properties":{"name":"生發號農產有限公司","address":"台北市北投區知行路360號之1","district":"北投區","city":"臺北市","result":"檢驗","types":"新北抽驗(製造端)、新北抽驗(販售端)","grade":""}},{"type":"Feature","geometry":{"type":"Point","coordinates":[121.514339,25.064767]},"properties":{"name":"慕南有限公司","address":"台北市大同區重慶北路3段338號7樓","district":"大同區","city":"臺北市","result":"檢驗","types":"新北抽驗(製造端)","grade":""}},{"type":"Feature","geometry":{"type":"Point","coordinates":[121.5137,25.104672]},"properties":{"name":"聯馥食品股份有限公司","address":"台北市北投區文承路22號13樓","district":"北投區","city":"臺北市","result":"檢驗","types":"新北抽驗(製造端)","grade":""}},{"type":"Feature","geometry":{"type":"Point","coordinates":[121.546768,25.080472]},"properties":{"name":"維宏食品有限公司","address":"台北市中山區大直街5號","district":"中山區","city":"臺北市","result":"檢驗","types":"新北抽驗(製造端)、新北抽驗(販售端)","grade":""}},{"type":"Feature","geometry":{"type":"Point","coordinates":[121.521003,25.023656]},"properties":{"name":"維宏食品有限公司","address":"台北市中正區同安街38號","district":"中正區","city":"臺北市","result":"檢驗","types":"新北抽驗(製造端)、新北抽驗(販售端)","grade":""}},{"type":"Feature","geometry":{"type":"Point","coordinates":[121.513577,25.03556]},"properties":{"name":"森邦股份有限公司","address":"台北市中正區愛國西路1號","district":"中正區","city":"臺北市","result":"檢驗","types":"新北抽驗(製造端)","grade":""}},{"type":"Feature","geometry":{"type":"Point","coordinates":[121.618616,25.072191]},"properties":{"name":"森邦股份有限公司","address":"台北市內湖區康樂街136巷15弄5號","district":"內湖區","city":"臺北市","result":"檢驗","types":"新北抽驗(製造端)","grade":""}},{"type":"Feature","geometry":{"type":"Point","coordinates":[121.530391,25.061769]},"properties":{"name":"森邦股份有限公司","address":"台北市中山區吉林路259號","district":"中山區","city":"臺北市","result":"檢驗","types":"新北抽驗(製造端)","grade":""}},{"type":"Feature","geometry":{"type":"Point","coordinates":[121.563809,25.02407]},"properties":{"name":"森邦股份有限公司","address":"台北市信義區吳興街284巷3-1號","district":"信義區","city":"臺北市","result":"檢驗","types":"新北抽驗(製造端)","grade":""}},{"type":"Feature","geometry":{"type":"Point","coordinates":[121.512616,25.116998]},"properties":{"name":"森邦股份有限公司","address":"台北市北投區致遠二路100號1樓","district":"北投區","city":"臺北市","result":"檢驗","types":"新北抽驗(製造端)","grade":""}},{"type":"Feature","geometry":{"type":"Point","coordinates":[121.576831,25.042069]},"properties":{"name":"森邦股份有限公司","address":"台北市信義區虎林街57-17號","district":"信義區","city":"臺北市","result":"檢驗","types":"新北抽驗(製造端)","grade":""}},{"type":"Feature","geometry":{"type":"Point","coordinates":[121.540527,25.041058]},"properties":{"name":"森邦股份有限公司","address":"台北市大安區忠孝東路三段248巷12號1F","district":"大安區","city":"臺北市","result":"檢驗","types":"新北抽驗(製造端)","grade":""}},{"type":"Feature","geometry":{"type":"Point","coordinates":[121.53337,25.041223]},"properties":{"name":"森邦股份有限公司","address":"台北市大安區新生南路一段1號","district":"大安區","city":"臺北市","result":"檢驗","types":"新北抽驗(製造端)","grade":""}},{"type":"Feature","geometry":{"type":"Point","coordinates":[121.592914,25.068367]},"properties":{"name":"森邦股份有限公司","address":"台北市內湖區民權東路六段180巷13號","district":"內湖區","city":"臺北市","result":"檢驗","types":"新北抽驗(製造端)","grade":""}},{"type":"Feature","geometry":{"type":"Point","coordinates":[121.546554,25.023403]},"properties":{"name":"森邦股份有限公司","address":"台北市大安區敦南街38號","district":"大安區","city":"臺北市","result":"檢驗","types":"新北抽驗(製造端)","grade":""}},{"type":"Feature","geometry":{"type":"Point","coordinates":[121.592492,25.083845]},"properties":{"name":"森邦股份有限公司","address":"台北市內湖區內湖路二段379號","district":"內湖區","city":"臺北市","result":"檢驗","types":"新北抽驗(製造端)","grade":""}},{"type":"Feature","geometry":{"type":"Point","coordinates":[121.554222,25.02546]},"properties":{"name":"森邦股份有限公司","address":"台北市信義區基隆路二段161號","district":"信義區","city":"臺北市","result":"檢驗","types":"新北抽驗(製造端)","grade":""}},{"type":"Feature","geometry":{"type":"Point","coordinates":[121.562074,25.029971]},"properties":{"name":"森邦股份有限公司","address":"台北市信義區莊敬路229號","district":"信義區","city":"臺北市","result":"檢驗","types":"新北抽驗(製造端)","grade":""}},{"type":"Feature","geometry":{"type":"Point","coordinates":[121.494141,25.03696]},"properties":{"name":"高利水產有限公司","address":"台北市萬華區桂林路242巷67號1樓","district":"萬華區","city":"臺北市","result":"未檢驗","types":"新北抽驗(製造端)","grade":""}},{"type":"Feature","geometry":{"type":"Point","coordinates":[121.575832,25.060072]},"properties":{"name":"開元食品工業股份有限公司","address":"台北市內湖區民善街83號7樓","district":"內湖區","city":"臺北市","result":"檢驗","types":"新北抽驗(製造端)","grade":""}},{"type":"Feature","geometry":{"type":"Point","coordinates":[121.544039,25.041842]},"properties":{"name":"辰豐開發有限公司","address":"台北市中正區忠孝東路1段13號3樓","district":"中正區","city":"臺北市","result":"檢驗","types":"新北抽驗(製造端)","grade":""}},{"type":"Feature","geometry":{"type":"Point","coordinates":[121.613987,25.054854]},"properties":{"name":"駱駝鈴生機股份有限公司","address":"台北市南港區南港路1段209號10樓","district":"南港區","city":"臺北市","result":"檢驗","types":"新北抽驗(製造端)","grade":""}},{"type":"Feature","geometry":{"type":"Point","coordinates":[121.489665,25.027324]},"properties":{"name":"皇鼎冷凍食品有限公司","address":"台北市萬華區環河南路3段215號2樓","district":"萬華區","city":"臺北市","result":"檢驗","types":"新北抽驗(製造端)","grade":""}},{"type":"Feature","geometry":{"type":"Point","coordinates":[121.520661,25.052434]},"properties":{"name":"日商比亞留三一冰淇淋股份有限公司","address":"台北市中山區南京西路14號1樓","district":"中山區","city":"臺北市","result":"檢驗","types":"台北稽查","grade":""}},{"type":"Feature","geometry":{"type":"Point","coordinates":[121.489385,25.031982]},"properties":{"name":"元鯕股份有限公司","address":"台北市萬華區長順街44號","district":"萬華區","city":"臺北市","result":"檢驗","types":"新北抽驗(製造端)、新北抽驗(販售端)","grade":""}},{"type":"Feature","geometry":{"type":"Point","coordinates":[121.567141,25.047366]},"properties":{"name":"台灣生技農業有限公司","address":"台北市信義區東興路63號4樓","district":"信義區","city":"臺北市","result":"檢驗","types":"新北抽驗(製造端)","grade":""}},{"type":"Feature","geometry":{"type":"Point","coordinates":[121.534454,25.013784]},"properties":{"name":"香帥蛋糕有限公司","address":"台北市中正區羅斯福路3段96號","district":"中正區","city":"臺北市","result":"檢驗","types":"新北抽驗(製造端)","grade":""}},{"type":"Feature","geometry":{"type":"Point","coordinates":[121.518991,25.046234]},"properties":{"name":"香帥蛋糕有限公司","address":"台北市中正區忠孝西路1段47號B1","district":"中正區","city":"臺北市","result":"檢驗","types":"新北抽驗(製造端)","grade":""}},{"type":"Feature","geometry":{"type":"Point","coordinates":[121.578764,25.036732]},"properties":{"name":"香帥蛋糕有限公司","address":"台北市信義區松山路11號","district":"信義區","city":"臺北市","result":"檢驗","types":"新北抽驗(製造端)","grade":""}},{"type":"Feature","geometry":{"type":"Point","coordinates":[121.574333,25.040053]},"properties":{"name":"香帥蛋糕有限公司","address":"台北市信義區忠孝東路5段8號B2","district":"信義區","city":"臺北市","result":"檢驗","types":"新北抽驗(製造端)","grade":""}},{"type":"Feature","geometry":{"type":"Point","coordinates":[121.541488,25.024934]},"properties":{"name":"優而品國際有限公司","address":"台北市大安區和平東路二段98號","district":"大安區","city":"臺北市","result":"檢驗","types":"新北抽驗(製造端)","grade":""}},{"type":"Feature","geometry":{"type":"Point","coordinates":[121.579254,25.066108]},"properties":{"name":"閤家生活開發有限公司","address":"台北市內湖區湖元里行忠路二十八巷一號七樓","district":"內湖區","city":"臺北市","result":"檢驗","types":"第二級品管驗證","grade":""}},{"type":"Feature","geometry":{"type":"Point","coordinates":[121.54945,25.043615]},"properties":{"name":"台灣美威水產股份有限公司","address":"台北市大安區敦化南路1段205號11樓之3","district":"大安區","city":"臺北市","result":"檢驗","types":"新北抽驗(製造端)","grade":""}},{"type":"Feature","geometry":{"type":"Point","coordinates":[121.550123,25.040759]},"properties":{"name":"台灣美威水產股份有限公司","address":"台北市大安區忠孝東路四段170巷18弄14號1樓","district":"大安區","city":"臺北市","result":"檢驗","types":"新北抽驗(製造端)","grade":""}},{"type":"Feature","geometry":{"type":"Point","coordinates":[121.517734,25.052245]},"properties":{"name":"台灣美威水產股份有限公司","address":"台北市大同區承德路一段1號B3","district":"大同區","city":"臺北市","result":"檢驗","types":"新北抽驗(製造端)","grade":""}},{"type":"Feature","geometry":{"type":"Point","coordinates":[121.56524,25.039516]},"properties":{"name":"台灣美威水產股份有限公司","address":"台北市信義區松高路11號B2","district":"信義區","city":"臺北市","result":"檢驗","types":"新北抽驗(製造端)","grade":""}},{"type":"Feature","geometry":{"type":"Point","coordinates":[121.607496,25.052571]},"properties":{"name":"台灣美威水產股份有限公司","address":"台北市南港區忠孝東路七段371號B1F","district":"南港區","city":"臺北市","result":"檢驗","types":"新北抽驗(製造端)","grade":""}},{"type":"Feature","geometry":{"type":"Point","coordinates":[121.561909,25.057541]},"properties":{"name":"安永生活事業股份有限公司","address":"台北市松山區三民路31號","district":"松山區","city":"臺北市","result":"檢驗","types":"新北抽驗(製造端)","grade":""}},{"type":"Feature","geometry":{"type":"Point","coordinates":[121.550094,25.034244]},"properties":{"name":"安永生活事業股份有限公司","address":"台北市大安區敦化南路一段329巷17號","district":"大安區","city":"臺北市","result":"檢驗","types":"新北抽驗(製造端)","grade":""}},{"type":"Feature","geometry":{"type":"Point","coordinates":[121.56731,25.081278]},"properties":{"name":"安永生活事業股份有限公司","address":"台北市內湖區洲子街176號","district":"內湖區","city":"臺北市","result":"檢驗","types":"新北抽驗(製造端)","grade":""}},{"type":"Feature","geometry":{"type":"Point","coordinates":[121.546472,25.02825]},"properties":{"name":"安永生活事業股份有限公司","address":"台北市大安區四維路170巷12號","district":"大安區","city":"臺北市","result":"檢驗","types":"新北抽驗(製造端)","grade":""}},{"type":"Feature","geometry":{"type":"Point","coordinates":[121.539469,25.028878]},"properties":{"name":"安永生活事業股份有限公司","address":"台北市大安區信義路三段134巷71號","district":"大安區","city":"臺北市","result":"檢驗","types":"新北抽驗(製造端)","grade":""}},{"type":"Feature","geometry":{"type":"Point","coordinates":[121.518555,25.040776]},"properties":{"name":"安永生活事業股份有限公司","address":"台北市中正區中山南路7號","district":"中正區","city":"臺北市","result":"檢驗","types":"新北抽驗(製造端)","grade":""}},{"type":"Feature","geometry":{"type":"Point","coordinates":[121.544494,25.043154]},"properties":{"name":"安永生活事業股份有限公司","address":"台北市大安區安和路一段111號1樓","district":"大安區","city":"臺北市","result":"檢驗","types":"新北抽驗(製造端)","grade":""}},{"type":"Feature","geometry":{"type":"Point","coordinates":[121.593582,25.083356]},"properties":{"name":"安永生活事業股份有限公司","address":"台北市內湖區成功路四段178號1樓","district":"內湖區","city":"臺北市","result":"檢驗","types":"新北抽驗(製造端)","grade":""}},{"type":"Feature","geometry":{"type":"Point","coordinates":[121.518183,25.030071]},"properties":{"name":"安永生活事業股份有限公司","address":"台北市中正區南昌路一段107號1樓","district":"中正區","city":"臺北市","result":"檢驗","types":"新北抽驗(製造端)","grade":""}},{"type":"Feature","geometry":{"type":"Point","coordinates":[121.522479,25.120637]},"properties":{"name":"安永生活事業股份有限公司","address":"台北市北投區石牌路二段201號(1F生活廣場)","district":"北投區","city":"臺北市","result":"檢驗","types":"新北抽驗(製造端)","grade":""}},{"type":"Feature","geometry":{"type":"Point","coordinates":[121.563548,25.055005]},"properties":{"name":"安永生活事業股份有限公司","address":"台北市松山區三民路29巷2號","district":"松山區","city":"臺北市","result":"檢驗","types":"新北抽驗(製造端)","grade":""}},{"type":"Feature","geometry":{"type":"Point","coordinates":[121.547403,25.05876]},"properties":{"name":"安永生活事業股份有限公司","address":"台北市松山區民生東路三段127巷12號1樓","district":"松山區","city":"臺北市","result":"檢驗","types":"新北抽驗(製造端)","grade":""}},{"type":"Feature","geometry":{"type":"Point","coordinates":[121.551378,25.079689]},"properties":{"name":"安永生活事業股份有限公司","address":"台北市中山區明水路569號","district":"中山區","city":"臺北市","result":"檢驗","types":"新北抽驗(製造端)","grade":""}},{"type":"Feature","geometry":{"type":"Point","coordinates":[121.5574,25.040512]},"properties":{"name":"安永生活事業股份有限公司","address":"台北市大安區光復南路244號1樓","district":"大安區","city":"臺北市","result":"檢驗","types":"新北抽驗(製造端)","grade":""}},{"type":"Feature","geometry":{"type":"Point","coordinates":[121.538836,25.009182]},"properties":{"name":"安永生活事業股份有限公司","address":"台北市大安區羅斯福路四段1號","district":"大安區","city":"臺北市","result":"檢驗","types":"新北抽驗(製造端)","grade":""}},{"type":"Feature","geometry":{"type":"Point","coordinates":[121.566753,25.031805]},"properties":{"name":"安永生活事業股份有限公司","address":"台北市信義區松勤街100號1F","district":"信義區","city":"臺北市","result":"檢驗","types":"新北抽驗(製造端)","grade":""}},{"type":"Feature","geometry":{"type":"Point","coordinates":[121.55696,25.082542]},"properties":{"name":"安永生活事業股份有限公司","address":"台北市中山區樂群三路200號5樓","district":"中山區","city":"臺北市","result":"檢驗","types":"新北抽驗(製造端)","grade":""}},{"type":"Feature","geometry":{"type":"Point","coordinates":[121.556709,25.082926]},"properties":{"name":"安永生活事業股份有限公司","address":"台北市中山區敬業三路20號B1","district":"中山區","city":"臺北市","result":"檢驗","types":"新北抽驗(製造端)","grade":""}},{"type":"Feature","geometry":{"type":"Point","coordinates":[121.561111,25.044737]},"properties":{"name":"安永生活事業股份有限公司","address":"台北市信義區菸廠路88號B1","district":"信義區","city":"臺北市","result":"檢驗","types":"新北抽驗(製造端)","grade":""}},{"type":"Feature","geometry":{"type":"Point","coordinates":[121.546291,25.050001]},"properties":{"name":"安永生活事業股份有限公司","address":"台北市松山區敦化北路1號1樓","district":"松山區","city":"臺北市","result":"檢驗","types":"新北抽驗(製造端)","grade":""}},{"type":"Feature","geometry":{"type":"Point","coordinates":[121.525292,25.050796]},"properties":{"name":"安永生活事業股份有限公司","address":"台北市中山區林森北路121之1號","district":"中山區","city":"臺北市","result":"檢驗","types":"新北抽驗(製造端)","grade":""}},{"type":"Feature","geometry":{"type":"Point","coordinates":[121.55613,25.000276]},"properties":{"name":"安永生活事業股份有限公司","address":"台北市文山區興隆路三段59號","district":"文山區","city":"臺北市","result":"檢驗","types":"新北抽驗(製造端)","grade":""}},{"type":"Feature","geometry":{"type":"Point","coordinates":[121.519339,25.057367]},"properties":{"name":"安永生活事業股份有限公司","address":"台北市大同區民生西路120號","district":"大同區","city":"臺北市","result":"檢驗","types":"新北抽驗(製造端)","grade":""}},{"type":"Feature","geometry":{"type":"Point","coordinates":[121.525562,25.054719]},"properties":{"name":"樂法美食股份有限公司","address":"台北市中山區林森北路263-4.263-5號","district":"中山區","city":"臺北市","result":"檢驗","types":"台北稽查","grade":""}},{"type":"Feature","geometry":{"type":"Point","coordinates":[121.499402,25.124435]},"properties":{"name":"鮮饗家食品有限公司","address":"台北市北投區大業路１３６號","district":"北投區","city":"臺北市","result":"檢驗","types":"新北抽驗(製造端)","grade":""}},{"type":"Feature","geometry":{"type":"Point","coordinates":[121.55696,25.082542]},"properties":{"name":"載來有限公司","address":"台北市中山區台北市中山區樂群三路200號5樓","district":"中山區","city":"臺北市","result":"檢驗","types":"新北抽驗(販售端)","grade":""}},{"type":"Feature","geometry":{"type":"Point","coordinates":[121.55953,25.042315]},"properties":{"name":"路易莎職人咖啡股份有限公司","address":"台北市信義區忠孝東路四段515號C區B2F-B2213","district":"信義區","city":"臺北市","result":"檢驗","types":"新北抽驗(製造端)","grade":""}},{"type":"Feature","geometry":{"type":"Point","coordinates":[121.559866,25.082719]},"properties":{"name":"路易莎職人咖啡股份有限公司","address":"台北市中山區樂群三路303號1F","district":"中山區","city":"臺北市","result":"檢驗","types":"新北抽驗(製造端)","grade":""}},{"type":"Feature","geometry":{"type":"Point","coordinates":[121.51617,25.044644]},"properties":{"name":"路易莎職人咖啡股份有限公司","address":"台北市中正區信陽街6-2號","district":"中正區","city":"臺北市","result":"檢驗","types":"新北抽驗(製造端)","grade":""}},{"type":"Feature","geometry":{"type":"Point","coordinates":[121.531573,25.050699]},"properties":{"name":"路易莎職人咖啡股份有限公司","address":"台北市大安區永康街9號之一1+2樓","district":"大安區","city":"臺北市","result":"檢驗","types":"新北抽驗(製造端)","grade":""}},{"type":"Feature","geometry":{"type":"Point","coordinates":[121.537168,25.045026]},"properties":{"name":"路易莎職人咖啡股份有限公司","address":"台北市中山區市民大道三段83號","district":"中山區","city":"臺北市","result":"檢驗","types":"新北抽驗(製造端)","grade":""}},{"type":"Feature","geometry":{"type":"Point","coordinates":[121.510205,25.063724]},"properties":{"name":"路易莎職人咖啡股份有限公司","address":"台北市中山區民權西路11號","district":"中山區","city":"臺北市","result":"檢驗","types":"新北抽驗(製造端)","grade":""}},{"type":"Feature","geometry":{"type":"Point","coordinates":[121.559395,25.032416]},"properties":{"name":"路易莎職人咖啡股份有限公司","address":"台北市信義區基隆路二段7號","district":"信義區","city":"臺北市","result":"檢驗","types":"新北抽驗(製造端)","grade":""}},{"type":"Feature","geometry":{"type":"Point","coordinates":[121.522289,25.117637]},"properties":{"name":"貿信輝農產品有限公司","address":"台北市北投區明德路337巷13號1樓","district":"北投區","city":"臺北市","result":"檢驗","types":"新北抽驗(製造端)","grade":""}},{"type":"Feature","geometry":{"type":"Point","coordinates":[121.515299,25.046226]},"properties":{"name":"韓華國際股份有限公司","address":"台北市中山區忠孝西路一段66號B2","district":"中山區","city":"臺北市","result":"檢驗","types":"新北抽驗(製造端)、新北抽驗(販售端)","grade":""}},{"type":"Feature","geometry":{"type":"Point","coordinates":[121.524275,25.105008]},"properties":{"name":"韓華國際股份有限公司","address":"台北市士林區中山北路六段77號B1","district":"士林區","city":"臺北市","result":"檢驗","types":"新北抽驗(製造端)、新北抽驗(販售端)","grade":""}},{"type":"Feature","geometry":{"type":"Point","coordinates":[121.543054,25.041212]},"properties":{"name":"韓華國際股份有限公司","address":"台北市中正區忠孝東路三段300號B3","district":"中正區","city":"臺北市","result":"檢驗","types":"新北抽驗(製造端)、新北抽驗(販售端)","grade":""}},{"type":"Feature","geometry":{"type":"Point","coordinates":[121.521341,25.057875]},"properties":{"name":"米哥食品有限公司","address":"台北市中山區民生西路23號1樓","district":"中山區","city":"臺北市","result":"檢驗","types":"新北抽驗(製造端)","grade":""}},{"type":"Feature","geometry":{"type":"Point","coordinates":[121.525431,25.089773]},"properties":{"name":"米哥食品有限公司","address":"台北市士林區大東路82-1號","district":"士林區","city":"臺北市","result":"檢驗","types":"新北抽驗(製造端)","grade":""}},{"type":"Feature","geometry":{"type":"Point","coordinates":[121.532308,25.064786]},"properties":{"name":"米哥食品有限公司","address":"台北市中山區農安街12-6號","district":"中山區","city":"臺北市","result":"檢驗","types":"新北抽驗(製造端)","grade":""}},{"type":"Feature","geometry":{"type":"Point","coordinates":[121.543929,25.060098]},"properties":{"name":"米哥食品有限公司","address":"台北市中山區復興北路352號1樓","district":"中山區","city":"臺北市","result":"檢驗","types":"新北抽驗(製造端)","grade":""}},{"type":"Feature","geometry":{"type":"Point","coordinates":[121.527056,25.033822]},"properties":{"name":"米哥食品有限公司","address":"台北市大安區金山南路二段2號1樓","district":"大安區","city":"臺北市","result":"檢驗","types":"新北抽驗(製造端)","grade":""}},{"type":"Feature","geometry":{"type":"Point","coordinates":[121.521341,25.057875]},"properties":{"name":"米哥食品有限公司","address":"台北市中山區民生西路23號","district":"中山區","city":"臺北市","result":"檢驗","types":"新北抽驗(製造端)","grade":""}},{"type":"Feature","geometry":{"type":"Point","coordinates":[121.515764,25.071898]},"properties":{"name":"米哥食品有限公司","address":"台北市大同區酒泉街56號","district":"大同區","city":"臺北市","result":"檢驗","types":"新北抽驗(製造端)","grade":""}},{"type":"Feature","geometry":{"type":"Point","coordinates":[121.508797,25.087809]},"properties":{"name":"米哥食品有限公司","address":"台北市士林區延平北路六段57號一樓","district":"士林區","city":"臺北市","result":"檢驗","types":"新北抽驗(製造端)","grade":""}},{"type":"Feature","geometry":{"type":"Point","coordinates":[121.570823,24.987577]},"properties":{"name":"米哥食品有限公司","address":"台北市文山區木新路3段327號","district":"文山區","city":"臺北市","result":"檢驗","types":"新北抽驗(製造端)","grade":""}},{"type":"Feature","geometry":{"type":"Point","coordinates":[121.554625,25.000675]},"properties":{"name":"米哥食品有限公司","address":"台北市文山區辛亥路五段1號1樓","district":"文山區","city":"臺北市","result":"檢驗","types":"新北抽驗(製造端)","grade":""}},{"type":"Feature","geometry":{"type":"Point","coordinates":[121.563847,25.058236]},"properties":{"name":"米哥食品有限公司","address":"台北市松山區民生東路五段184之2號1樓","district":"松山區","city":"臺北市","result":"檢驗","types":"新北抽驗(製造端)","grade":""}},{"type":"Feature","geometry":{"type":"Point","coordinates":[121.561719,25.029304]},"properties":{"name":"米哥食品有限公司","address":"台北市信義區吳興街154號1樓","district":"信義區","city":"臺北市","result":"檢驗","types":"新北抽驗(製造端)","grade":""}},{"type":"Feature","geometry":{"type":"Point","coordinates":[121.502572,25.134832]},"properties":{"name":"米哥食品有限公司","address":"台北市北投區光明路158號","district":"北投區","city":"臺北市","result":"檢驗","types":"新北抽驗(製造端)","grade":""}},{"type":"Feature","geometry":{"type":"Point","coordinates":[121.607496,25.052571]},"properties":{"name":"米哥食品有限公司","address":"台北市南港區忠孝東路七段371號地下1樓","district":"南港區","city":"臺北市","result":"檢驗","types":"新北抽驗(製造端)","grade":""}},{"type":"Feature","geometry":{"type":"Point","coordinates":[121.578764,25.036732]},"properties":{"name":"米哥食品有限公司","address":"台北市信義區松山路11號","district":"信義區","city":"臺北市","result":"檢驗","types":"新北抽驗(製造端)","grade":""}},{"type":"Feature","geometry":{"type":"Point","coordinates":[121.580671,25.043915]},"properties":{"name":"米哥食品有限公司","address":"台北市信義區忠孝東路4段515號D棟B2","district":"信義區","city":"臺北市","result":"檢驗","types":"新北抽驗(製造端)","grade":""}},{"type":"Feature","geometry":{"type":"Point","coordinates":[121.582612,25.086044]},"properties":{"name":"奎達實業股份有限公司","address":"台北市內湖區內湖路1段314號4樓","district":"內湖區","city":"臺北市","result":"檢驗","types":"新北抽驗(製造端)","grade":""}},{"type":"Feature","geometry":{"type":"Point","coordinates":[121.465986,25.118582]},"properties":{"name":"金河商行","address":"台北市北投區知行路18號","district":"北投區","city":"臺北市","result":"檢驗","types":"新北抽驗(製造端)","grade":""}},{"type":"Feature","geometry":{"type":"Point","coordinates":[121.543366,25.047791]},"properties":{"name":"磚瓦臺關東煮店","address":"台北市中山區遼寧街106號1樓","district":"中山區","city":"臺北市","result":"檢驗","types":"台北稽查","grade":""}},{"type":"Feature","geometry":{"type":"Point","coordinates":[121.543397,25.034898]},"properties":{"name":"友華生技醫藥股份有限公司","address":"台北市大安區復興南路一段368號7樓","district":"大安區","city":"臺北市","result":"檢驗","types":"新北抽驗(製造端)","grade":""}},{"type":"Feature","geometry":{"type":"Point","coordinates":[121.513154,25.051154]},"properties":{"name":"嘉義雞肉飯","address":"台北市大同區建功里重慶北路１段７１之２號","district":"大同區","city":"臺北市","result":"檢驗","types":"新北抽驗(販售端)","grade":""}},{"type":"Feature","geometry":{"type":"Point","coordinates":[121.514107,25.064446]},"properties":{"name":"嘉義雞肉飯","address":"台北市大同區重慶北路１段７１之２號","district":"大同區","city":"臺北市","result":"檢驗","types":"新北抽驗(販售端)","grade":""}},{"type":"Feature","geometry":{"type":"Point","coordinates":[121.548375,25.031649]},"properties":{"name":"十味觀食品股份有限公司","address":"台北市大安區敦化南路二段38號8樓之一","district":"大安區","city":"臺北市","result":"檢驗","types":"新北抽驗(製造端)","grade":""}},{"type":"Feature","geometry":{"type":"Point","coordinates":[121.499198,25.030851]},"properties":{"name":"永春生鮮有限公司","address":"台北市萬華區莒光路299巷1號","district":"萬華區","city":"臺北市","result":"檢驗","types":"新北抽驗(製造端)","grade":""}},{"type":"Feature","geometry":{"type":"Point","coordinates":[121.494768,25.017482]},"properties":{"name":"全勝行銷企業有限公司","address":"台北市萬華區武成街35巷33弄1號1樓","district":"萬華區","city":"臺北市","result":"檢驗","types":"新北抽驗(製造端)","grade":""}},{"type":"Feature","geometry":{"type":"Point","coordinates":[121.512919,25.058717]},"properties":{"name":"東泉有限公司","address":"台北市大同區甘州街17號","district":"大同區","city":"臺北市","result":"檢驗","types":"新北抽驗(製造端)","grade":""}},{"type":"Feature","geometry":{"type":"Point","coordinates":[121.538606,25.06212]},"properties":{"name":"三商家購股份有限公司","address":"台北市中山區民權東路三段4號地下一層","district":"中山區","city":"臺北市","result":"檢驗","types":"新北抽驗(販售端)","grade":""}},{"type":"Feature","geometry":{"type":"Point","coordinates":[121.55652,24.980534]},"properties":{"name":"三商家購股份有限公司","address":"台北市文山區木新路三段323號1樓","district":"文山區","city":"臺北市","result":"檢驗","types":"新北抽驗(販售端)","grade":""}},{"type":"Feature","geometry":{"type":"Point","coordinates":[121.559273,24.983484]},"properties":{"name":"三商家購股份有限公司","address":"台北市文山區忠順街一段26巷12弄8號","district":"文山區","city":"臺北市","result":"檢驗","types":"新北抽驗(販售端)","grade":""}},{"type":"Feature","geometry":{"type":"Point","coordinates":[121.546664,24.995738]},"properties":{"name":"三商家購股份有限公司","address":"台北市文山區景華街107號1樓","district":"文山區","city":"臺北市","result":"檢驗","types":"新北抽驗(販售端)","grade":""}},{"type":"Feature","geometry":{"type":"Point","coordinates":[121.537687,24.999955]},"properties":{"name":"三商家購股份有限公司","address":"台北市文山區景福街14號1樓","district":"文山區","city":"臺北市","result":"檢驗","types":"新北抽驗(販售端)","grade":""}},{"type":"Feature","geometry":{"type":"Point","coordinates":[121.546336,24.999503]},"properties":{"name":"三商家購股份有限公司","address":"台北市文山區景豐街2巷10號","district":"文山區","city":"臺北市","result":"檢驗","types":"新北抽驗(販售端)","grade":""}},{"type":"Feature","geometry":{"type":"Point","coordinates":[121.573804,24.990325]},"properties":{"name":"三商家購股份有限公司","address":"台北市文山區新光路一段69號","district":"文山區","city":"臺北市","result":"檢驗","types":"新北抽驗(販售端)","grade":""}},{"type":"Feature","geometry":{"type":"Point","coordinates":[121.570816,25.000626]},"properties":{"name":"三商家購股份有限公司","address":"台北市文山區萬安街35號","district":"文山區","city":"臺北市","result":"檢驗","types":"新北抽驗(販售端)","grade":""}},{"type":"Feature","geometry":{"type":"Point","coordinates":[121.542046,25.001259]},"properties":{"name":"三商家購股份有限公司","address":"台北市文山區興隆路2段220巷43號1樓","district":"文山區","city":"臺北市","result":"檢驗","types":"新北抽驗(販售端)","grade":""}},{"type":"Feature","geometry":{"type":"Point","coordinates":[121.56126,24.983436]},"properties":{"name":"三商家購股份有限公司","address":"台北市文山區興隆路3段185巷3弄1號1樓","district":"文山區","city":"臺北市","result":"檢驗","types":"新北抽驗(販售端)","grade":""}},{"type":"Feature","geometry":{"type":"Point","coordinates":[121.529701,25.113281]},"properties":{"name":"三商家購股份有限公司","address":"台北市士林區士東路91巷30號1樓","district":"士林區","city":"臺北市","result":"檢驗","types":"新北抽驗(販售端)","grade":""}},{"type":"Feature","geometry":{"type":"Point","coordinates":[121.504971,25.0906]},"properties":{"name":"三商家購股份有限公司","address":"台北市士林區永平街33號1樓","district":"士林區","city":"臺北市","result":"檢驗","types":"新北抽驗(販售端)","grade":""}},{"type":"Feature","geometry":{"type":"Point","coordinates":[121.506265,25.088901]},"properties":{"name":"三商家購股份有限公司","address":"台北市士林區社子街63巷27號1樓","district":"士林區","city":"臺北市","result":"檢驗","types":"新北抽驗(販售端)","grade":""}},{"type":"Feature","geometry":{"type":"Point","coordinates":[121.5203,25.080959]},"properties":{"name":"三商家購股份有限公司","address":"台北市士林區通河街82號1樓","district":"士林區","city":"臺北市","result":"檢驗","types":"新北抽驗(販售端)","grade":""}},{"type":"Feature","geometry":{"type":"Point","coordinates":[121.501182,25.130071]},"properties":{"name":"三商家購股份有限公司","address":"台北市北投區中央南路一段133號1F","district":"北投區","city":"臺北市","result":"檢驗","types":"新北抽驗(販售端)","grade":""}},{"type":"Feature","geometry":{"type":"Point","coordinates":[121.494816,25.145181]},"properties":{"name":"三商家購股份有限公司","address":"台北市北投區中和街499號1樓","district":"北投區","city":"臺北市","result":"檢驗","types":"新北抽驗(販售端)","grade":""}},{"type":"Feature","geometry":{"type":"Point","coordinates":[121.515292,25.112202]},"properties":{"name":"三商家購股份有限公司","address":"台北市北投區石牌路一段166巷101號1樓","district":"北投區","city":"臺北市","result":"檢驗","types":"新北抽驗(販售端)","grade":""}},{"type":"Feature","geometry":{"type":"Point","coordinates":[121.524808,25.122858]},"properties":{"name":"三商家購股份有限公司","address":"台北市北投區石牌路二段342號1樓","district":"北投區","city":"臺北市","result":"檢驗","types":"新北抽驗(販售端)","grade":""}},{"type":"Feature","geometry":{"type":"Point","coordinates":[121.514733,25.118871]},"properties":{"name":"三商家購股份有限公司","address":"台北市北投區立農街二段267號1樓","district":"北投區","city":"臺北市","result":"檢驗","types":"新北抽驗(販售端)","grade":""}},{"type":"Feature","geometry":{"type":"Point","coordinates":[121.466123,25.120101]},"properties":{"name":"三商家購股份有限公司","address":"台北市北投區知行路225巷17號1樓","district":"北投區","city":"臺北市","result":"檢驗","types":"新北抽驗(販售端)","grade":""}},{"type":"Feature","geometry":{"type":"Point","coordinates":[121.51529,25.109515]},"properties":{"name":"三商家購股份有限公司","address":"台北市北投區致遠一路一段94號","district":"北投區","city":"臺北市","result":"檢驗","types":"新北抽驗(販售端)","grade":""}},{"type":"Feature","geometry":{"type":"Point","coordinates":[121.51637,25.111764]},"properties":{"name":"三商家購股份有限公司","address":"台北市北投區振華街8號1樓","district":"北投區","city":"臺北市","result":"檢驗","types":"新北抽驗(販售端)","grade":""}},{"type":"Feature","geometry":{"type":"Point","coordinates":[121.509299,25.115159]},"properties":{"name":"三商家購股份有限公司","address":"台北市北投區實踐街52號","district":"北投區","city":"臺北市","result":"檢驗","types":"新北抽驗(販售端)","grade":""}},{"type":"Feature","geometry":{"type":"Point","coordinates":[121.514663,25.065998]},"properties":{"name":"三商家購股份有限公司","address":"台北市大同區昌吉街65號1樓","district":"大同區","city":"臺北市","result":"檢驗","types":"新北抽驗(販售端)","grade":""}},{"type":"Feature","geometry":{"type":"Point","coordinates":[121.514877,25.075388]},"properties":{"name":"三商家購股份有限公司","address":"台北市大同區哈密街59巷56弄40.42號","district":"大同區","city":"臺北市","result":"檢驗","types":"新北抽驗(販售端)","grade":""}},{"type":"Feature","geometry":{"type":"Point","coordinates":[121.531801,25.064414]},"properties":{"name":"三商家購股份有限公司","address":"台北市中山區民權東路二段71巷47號1樓","district":"中山區","city":"臺北市","result":"檢驗","types":"新北抽驗(販售端)","grade":""}},{"type":"Feature","geometry":{"type":"Point","coordinates":[121.566051,25.057679]},"properties":{"name":"三商家購股份有限公司","address":"台北市中山區新東街12巷1號","district":"中山區","city":"臺北市","result":"檢驗","types":"新北抽驗(販售端)","grade":""}},{"type":"Feature","geometry":{"type":"Point","coordinates":[121.529958,25.066698]},"properties":{"name":"三商家購股份有限公司","address":"台北市中山區德惠街119號1樓","district":"中山區","city":"臺北市","result":"檢驗","types":"新北抽驗(販售端)","grade":""}},{"type":"Feature","geometry":{"type":"Point","coordinates":[121.538684,25.065894]},"properties":{"name":"三商家購股份有限公司","address":"台北市中山區龍江路356巷58號","district":"中山區","city":"臺北市","result":"檢驗","types":"新北抽驗(販售端)","grade":""}},{"type":"Feature","geometry":{"type":"Point","coordinates":[121.566449,25.049722]},"properties":{"name":"三商家購股份有限公司","address":"台北市松山區南京東路5段250巷36弄25號","district":"松山區","city":"臺北市","result":"檢驗","types":"新北抽驗(販售端)","grade":""}},{"type":"Feature","geometry":{"type":"Point","coordinates":[121.555417,25.052308]},"properties":{"name":"三商家購股份有限公司","address":"台北市松山區南京東路四段133巷5弄8號1樓","district":"松山區","city":"臺北市","result":"檢驗","types":"新北抽驗(販售端)","grade":""}},{"type":"Feature","geometry":{"type":"Point","coordinates":[121.544622,25.063427]},"properties":{"name":"三商家購股份有限公司","address":"台北市松山區復興北路427巷1號","district":"松山區","city":"臺北市","result":"檢驗","types":"新北抽驗(販售端)","grade":""}},{"type":"Feature","geometry":{"type":"Point","coordinates":[121.570391,25.043524]},"properties":{"name":"三商家購股份有限公司","address":"台北市信義區永吉路180巷66弄24號1樓","district":"信義區","city":"臺北市","result":"檢驗","types":"新北抽驗(販售端)","grade":""}},{"type":"Feature","geometry":{"type":"Point","coordinates":[121.555482,25.01924]},"properties":{"name":"三商家購股份有限公司","address":"台北市大安區和平東路3段308巷15弄1號","district":"大安區","city":"臺北市","result":"檢驗","types":"新北抽驗(販售端)","grade":""}},{"type":"Feature","geometry":{"type":"Point","coordinates":[121.53996,25.042246]},"properties":{"name":"三商家購股份有限公司","address":"台北市大安區忠孝東路三段217巷2弄4號","district":"大安區","city":"臺北市","result":"檢驗","types":"新北抽驗(販售端)","grade":""}},{"type":"Feature","geometry":{"type":"Point","coordinates":[121.553378,25.019916]},"properties":{"name":"三商家購股份有限公司","address":"台北市大安區樂業街141號","district":"大安區","city":"臺北市","result":"檢驗","types":"新北抽驗(販售端)","grade":""}},{"type":"Feature","geometry":{"type":"Point","coordinates":[121.565911,25.026511]},"properties":{"name":"三商家購股份有限公司","address":"台北市信義區吳興街345巷1號","district":"信義區","city":"臺北市","result":"檢驗","types":"新北抽驗(販售端)","grade":""}},{"type":"Feature","geometry":{"type":"Point","coordinates":[121.579605,25.037855]},"properties":{"name":"三商家購股份有限公司","address":"台北市信義區林口街36之3號1樓","district":"信義區","city":"臺北市","result":"檢驗","types":"新北抽驗(販售端)","grade":""}},{"type":"Feature","geometry":{"type":"Point","coordinates":[121.576202,25.038988]},"properties":{"name":"三商家購股份有限公司","address":"台北市信義區虎林街164巷8號","district":"信義區","city":"臺北市","result":"檢驗","types":"新北抽驗(販售端)","grade":""}},{"type":"Feature","geometry":{"type":"Point","coordinates":[121.576056,25.036444]},"properties":{"name":"三商家購股份有限公司","address":"台北市信義區虎林街222巷46號","district":"信義區","city":"臺北市","result":"檢驗","types":"新北抽驗(販售端)","grade":""}},{"type":"Feature","geometry":{"type":"Point","coordinates":[121.55843,25.02331]},"properties":{"name":"三商家購股份有限公司","address":"台北市信義區崇德街59號","district":"信義區","city":"臺北市","result":"檢驗","types":"新北抽驗(販售端)","grade":""}},{"type":"Feature","geometry":{"type":"Point","coordinates":[121.56651,25.02813]},"properties":{"name":"三商家購股份有限公司","address":"台北市信義區莊敬路423巷8弄4號1F","district":"信義區","city":"臺北市","result":"檢驗","types":"新北抽驗(販售端)","grade":""}},{"type":"Feature","geometry":{"type":"Point","coordinates":[121.556588,25.021389]},"properties":{"name":"三商家購股份有限公司","address":"台北市信義區富陽街81號1樓","district":"信義區","city":"臺北市","result":"檢驗","types":"新北抽驗(販售端)","grade":""}},{"type":"Feature","geometry":{"type":"Point","coordinates":[121.586465,25.040376]},"properties":{"name":"三商家購股份有限公司","address":"台北市信義區福德街268巷25號","district":"信義區","city":"臺北市","result":"檢驗","types":"新北抽驗(販售端)","grade":""}},{"type":"Feature","geometry":{"type":"Point","coordinates":[121.584548,25.044091]},"properties":{"name":"三商家購股份有限公司","address":"台北市南港區玉成街178號1樓","district":"南港區","city":"臺北市","result":"檢驗","types":"新北抽驗(販售端)","grade":""}},{"type":"Feature","geometry":{"type":"Point","coordinates":[121.589961,25.048217]},"properties":{"name":"三商家購股份有限公司","address":"台北市南港區忠孝東路六段278巷3號","district":"南港區","city":"臺北市","result":"檢驗","types":"新北抽驗(販售端)","grade":""}},{"type":"Feature","geometry":{"type":"Point","coordinates":[121.588556,25.039621]},"properties":{"name":"三商家購股份有限公司","address":"台北市南港區福德街346號1樓","district":"南港區","city":"臺北市","result":"檢驗","types":"新北抽驗(販售端)","grade":""}},{"type":"Feature","geometry":{"type":"Point","coordinates":[121.524357,25.02143]},"properties":{"name":"三商家購股份有限公司","address":"台北市中正區金門街11號1樓","district":"中正區","city":"臺北市","result":"檢驗","types":"新北抽驗(販售端)","grade":""}},{"type":"Feature","geometry":{"type":"Point","coordinates":[121.506858,25.029547]},"properties":{"name":"三商家購股份有限公司","address":"台北市中正區惠安街21號","district":"中正區","city":"臺北市","result":"檢驗","types":"新北抽驗(販售端)","grade":""}},{"type":"Feature","geometry":{"type":"Point","coordinates":[121.494415,25.033903]},"properties":{"name":"三商家購股份有限公司","address":"台北市萬華區大理街181號1樓","district":"萬華區","city":"臺北市","result":"檢驗","types":"新北抽驗(販售端)","grade":""}},{"type":"Feature","geometry":{"type":"Point","coordinates":[121.509533,25.02481]},"properties":{"name":"三商家購股份有限公司","address":"台北市萬華區中華路二段426之7號","district":"萬華區","city":"臺北市","result":"檢驗","types":"新北抽驗(販售端)","grade":""}},{"type":"Feature","geometry":{"type":"Point","coordinates":[121.500737,25.022935]},"properties":{"name":"三商家購股份有限公司","address":"台北市萬華區長泰街4號1樓","district":"萬華區","city":"臺北市","result":"檢驗","types":"新北抽驗(販售端)","grade":""}},{"type":"Feature","geometry":{"type":"Point","coordinates":[121.497359,25.020481]},"properties":{"name":"三商家購股份有限公司","address":"台北市萬華區萬大路424巷39號1樓","district":"萬華區","city":"臺北市","result":"檢驗","types":"新北抽驗(販售端)","grade":""}},{"type":"Feature","geometry":{"type":"Point","coordinates":[121.49943,25.019644]},"properties":{"name":"三商家購股份有限公司","address":"台北市萬華區萬大路493巷48弄12、14號","district":"萬華區","city":"臺北市","result":"檢驗","types":"新北抽驗(販售端)","grade":""}},{"type":"Feature","geometry":{"type":"Point","coordinates":[121.491962,25.02675]},"properties":{"name":"三商家購股份有限公司","address":"台北市萬華區興義街33號1樓","district":"萬華區","city":"臺北市","result":"檢驗","types":"新北抽驗(販售端)","grade":""}},{"type":"Feature","geometry":{"type":"Point","coordinates":[121.491235,25.033139]},"properties":{"name":"三商家購股份有限公司","address":"台北市萬華區環河南路二段250巷28弄4號","district":"萬華區","city":"臺北市","result":"檢驗","types":"新北抽驗(販售端)","grade":""}},{"type":"Feature","geometry":{"type":"Point","coordinates":[121.495049,25.029136]},"properties":{"name":"三商家購股份有限公司","address":"台北市萬華區雙園街13號1樓","district":"萬華區","city":"臺北市","result":"檢驗","types":"新北抽驗(販售端)","grade":""}},{"type":"Feature","geometry":{"type":"Point","coordinates":[121.57846,25.079165]},"properties":{"name":"三商家購股份有限公司","address":"台北市內湖區內湖路3段104號1樓","district":"內湖區","city":"臺北市","result":"檢驗","types":"新北抽驗(販售端)","grade":""}},{"type":"Feature","geometry":{"type":"Point","coordinates":[121.568515,25.084536]},"properties":{"name":"三商家購股份有限公司","address":"台北市內湖區內湖路一段285巷65弄28號1樓","district":"內湖區","city":"臺北市","result":"檢驗","types":"新北抽驗(販售端)","grade":""}},{"type":"Feature","geometry":{"type":"Point","coordinates":[121.581958,25.076765]},"properties":{"name":"三商家購股份有限公司","address":"台北市內湖區文德路66巷63號","district":"內湖區","city":"臺北市","result":"檢驗","types":"新北抽驗(販售端)","grade":""}},{"type":"Feature","geometry":{"type":"Point","coordinates":[121.612745,25.070932]},"properties":{"name":"三商家購股份有限公司","address":"台北市內湖區康寧路三段189巷21弄10號1樓","district":"內湖區","city":"臺北市","result":"檢驗","types":"新北抽驗(販售端)","grade":""}},{"type":"Feature","geometry":{"type":"Point","coordinates":[121.581174,25.054922]},"properties":{"name":"三商家購股份有限公司","address":"台北市內湖區新明路419號","district":"內湖區","city":"臺北市","result":"檢驗","types":"新北抽驗(販售端)","grade":""}},{"type":"Feature","geometry":{"type":"Point","coordinates":[121.573746,25.082002]},"properties":{"name":"三商家購股份有限公司","address":"台北市內湖區麗山街348巷20、22-1號1樓","district":"內湖區","city":"臺北市","result":"檢驗","types":"新北抽驗(販售端)","grade":""}},{"type":"Feature","geometry":{"type":"Point","coordinates":[121.579297,25.081985]},"properties":{"name":"三商家購股份有限公司","address":"台北市內湖區麗山街68巷12號1樓","district":"內湖區","city":"臺北市","result":"檢驗","types":"新北抽驗(販售端)","grade":""}},{"type":"Feature","geometry":{"type":"Point","coordinates":[121.604834,25.056402]},"properties":{"name":"三商家購股份有限公司","address":"台北市南港區東明街9號","district":"南港區","city":"臺北市","result":"檢驗","types":"新北抽驗(販售端)","grade":""}},{"type":"Feature","geometry":{"type":"Point","coordinates":[121.616607,25.051673]},"properties":{"name":"三商家購股份有限公司","address":"台北市南港區研究院路2段12巷14弄2號","district":"南港區","city":"臺北市","result":"檢驗","types":"新北抽驗(販售端)","grade":""}},{"type":"Feature","geometry":{"type":"Point","coordinates":[121.507936,25.085244]},"properties":{"name":"三商家購股份有限公司","address":"台北市士林區中正路655巷17號1樓","district":"士林區","city":"臺北市","result":"檢驗","types":"新北抽驗(販售端)","grade":""}},{"type":"Feature","geometry":{"type":"Point","coordinates":[121.558375,25.023313]},"properties":{"name":"三商家購股份有限公司","address":"台北市信義區吳興街284巷15-2號1樓","district":"信義區","city":"臺北市","result":"檢驗","types":"新北抽驗(販售端)","grade":""}},{"type":"Feature","geometry":{"type":"Point","coordinates":[121.577734,25.076011]},"properties":{"name":"三商家購股份有限公司","address":"台北市內湖區安泰街12號","district":"內湖區","city":"臺北市","result":"檢驗","types":"新北抽驗(販售端)","grade":""}},{"type":"Feature","geometry":{"type":"Point","coordinates":[121.54801,25.029287]},"properties":{"name":"三商家購股份有限公司","address":"台北市大安區四維路41、43號","district":"大安區","city":"臺北市","result":"檢驗","types":"新北抽驗(販售端)","grade":""}},{"type":"Feature","geometry":{"type":"Point","coordinates":[121.567606,25.052977]},"properties":{"name":"三商家購股份有限公司","address":"台北市松山區寶清街40號","district":"松山區","city":"臺北市","result":"檢驗","types":"新北抽驗(販售端)","grade":""}},{"type":"Feature","geometry":{"type":"Point","coordinates":[121.56882,25.022045]},"properties":{"name":"三商家購股份有限公司","address":"台北市信義區吳興街522號","district":"信義區","city":"臺北市","result":"檢驗","types":"新北抽驗(販售端)","grade":""}},{"type":"Feature","geometry":{"type":"Point","coordinates":[121.533332,25.119219]},"properties":{"name":"三商家購股份有限公司","address":"台北市士林區中山北路七段14巷32號","district":"士林區","city":"臺北市","result":"檢驗","types":"新北抽驗(販售端)","grade":""}},{"type":"Feature","geometry":{"type":"Point","coordinates":[121.599481,25.088269]},"properties":{"name":"三商家購股份有限公司","address":"台北市內湖區大湖山莊街219巷1號","district":"內湖區","city":"臺北市","result":"檢驗","types":"新北抽驗(販售端)","grade":""}},{"type":"Feature","geometry":{"type":"Point","coordinates":[121.528371,25.129743]},"properties":{"name":"三商家購股份有限公司","address":"台北市北投區行義路140巷7號","district":"北投區","city":"臺北市","result":"檢驗","types":"新北抽驗(販售端)","grade":""}},{"type":"Feature","geometry":{"type":"Point","coordinates":[121.576831,25.042069]},"properties":{"name":"三商家購股份有限公司","address":"台北市信義區虎林街61-3號","district":"信義區","city":"臺北市","result":"檢驗","types":"新北抽驗(販售端)","grade":""}},{"type":"Feature","geometry":{"type":"Point","coordinates":[121.506287,25.14064]},"properties":{"name":"三商家購股份有限公司","address":"台北市北投區泉源路35巷1號","district":"北投區","city":"臺北市","result":"檢驗","types":"新北抽驗(販售端)","grade":""}},{"type":"Feature","geometry":{"type":"Point","coordinates":[121.512,25.05824]},"properties":{"name":"三商家購股份有限公司","address":"台北市大同區歸綏街207號","district":"大同區","city":"臺北市","result":"檢驗","types":"新北抽驗(販售端)","grade":""}},{"type":"Feature","geometry":{"type":"Point","coordinates":[121.594276,25.079286]},"properties":{"name":"三商家購股份有限公司","address":"台北市內湖區康寧路一段147號","district":"內湖區","city":"臺北市","result":"檢驗","types":"新北抽驗(販售端)","grade":""}},{"type":"Feature","geometry":{"type":"Point","coordinates":[121.574333,25.040053]},"properties":{"name":"三商家購股份有限公司","address":"台北市信義區忠孝東路5段423巷33號","district":"信義區","city":"臺北市","result":"檢驗","types":"新北抽驗(販售端)","grade":""}},{"type":"Feature","geometry":{"type":"Point","coordinates":[121.588785,25.081552]},"properties":{"name":"三商家購股份有限公司","address":"台北市內湖區內湖路二段328號1樓","district":"內湖區","city":"臺北市","result":"檢驗","types":"新北抽驗(販售端)","grade":""}},{"type":"Feature","geometry":{"type":"Point","coordinates":[121.56196,25.086749]},"properties":{"name":"三商家購股份有限公司","address":"台北市內湖區文湖街45號","district":"內湖區","city":"臺北市","result":"檢驗","types":"新北抽驗(販售端)","grade":""}},{"type":"Feature","geometry":{"type":"Point","coordinates":[121.467303,25.120616]},"properties":{"name":"三商家購股份有限公司","address":"台北市北投區知行路226號","district":"北投區","city":"臺北市","result":"檢驗","types":"新北抽驗(販售端)","grade":""}},{"type":"Feature","geometry":{"type":"Point","coordinates":[121.507634,25.116014]},"properties":{"name":"三商家購股份有限公司","address":"台北市北投區尊賢街235號1樓","district":"北投區","city":"臺北市","result":"檢驗","types":"新北抽驗(販售端)","grade":""}},{"type":"Feature","geometry":{"type":"Point","coordinates":[121.55798,25.035239]},"properties":{"name":"三商家購股份有限公司","address":"台北市信義區光復南路447之4號","district":"信義區","city":"臺北市","result":"檢驗","types":"新北抽驗(販售端)","grade":""}},{"type":"Feature","geometry":{"type":"Point","coordinates":[121.575903,25.043379]},"properties":{"name":"三商家購股份有限公司","address":"台北市信義區虎林街82巷31號","district":"信義區","city":"臺北市","result":"檢驗","types":"新北抽驗(販售端)","grade":""}},{"type":"Feature","geometry":{"type":"Point","coordinates":[121.538222,25.002492]},"properties":{"name":"三商家購股份有限公司","address":"台北市文山區羅斯福路五段218巷8號","district":"文山區","city":"臺北市","result":"檢驗","types":"新北抽驗(販售端)","grade":""}},{"type":"Feature","geometry":{"type":"Point","coordinates":[121.55489,25.02082]},"properties":{"name":"三商家購股份有限公司","address":"台北市大安區安居街21號1樓","district":"大安區","city":"臺北市","result":"檢驗","types":"新北抽驗(販售端)","grade":""}},{"type":"Feature","geometry":{"type":"Point","coordinates":[121.537371,25.061259]},"properties":{"name":"三商家購股份有限公司","address":"台北市中山區建國北路二段145號1F","district":"中山區","city":"臺北市","result":"檢驗","types":"新北抽驗(販售端)","grade":""}},{"type":"Feature","geometry":{"type":"Point","coordinates":[121.54961,25.001756]},"properties":{"name":"三商家購股份有限公司","address":"台北市文山區興隆路二段203巷5號","district":"文山區","city":"臺北市","result":"檢驗","types":"新北抽驗(販售端)","grade":""}},{"type":"Feature","geometry":{"type":"Point","coordinates":[121.526185,25.119216]},"properties":{"name":"三商家購股份有限公司","address":"台北市士林區天母北路8號","district":"士林區","city":"臺北市","result":"檢驗","types":"新北抽驗(販售端)","grade":""}},{"type":"Feature","geometry":{"type":"Point","coordinates":[121.53921,25.064402]},"properties":{"name":"三商家購股份有限公司","address":"台北市中山區五常街47號1樓","district":"中山區","city":"臺北市","result":"檢驗","types":"新北抽驗(販售端)","grade":""}},{"type":"Feature","geometry":{"type":"Point","coordinates":[121.575444,25.083]},"properties":{"name":"三商家購股份有限公司","address":"台北市內湖區港華街53號","district":"內湖區","city":"臺北市","result":"檢驗","types":"新北抽驗(販售端)","grade":""}},{"type":"Feature","geometry":{"type":"Point","coordinates":[121.585168,25.076596]},"properties":{"name":"三商家購股份有限公司","address":"台北市內湖區文德路210巷30弄49號","district":"內湖區","city":"臺北市","result":"檢驗","types":"新北抽驗(販售端)","grade":""}},{"type":"Feature","geometry":{"type":"Point","coordinates":[121.566259,25.057191]},"properties":{"name":"三商家購股份有限公司","address":"台北市松山區延壽街99號","district":"松山區","city":"臺北市","result":"檢驗","types":"新北抽驗(販售端)","grade":""}},{"type":"Feature","geometry":{"type":"Point","coordinates":[121.524837,25.064181]},"properties":{"name":"慢藏茶業有限公司","address":"台北市中山區雙城街13巷9號2樓之3","district":"中山區","city":"臺北市","result":"檢驗","types":"新北抽驗(製造端)","grade":""}},{"type":"Feature","geometry":{"type":"Point","coordinates":[121.526179,25.089222]},"properties":{"name":"八方雲集國際股份有限公司","address":"台北市士林區小東街25號","district":"士林區","city":"臺北市","result":"檢驗","types":"新北抽驗(製造端)","grade":""}},{"type":"Feature","geometry":{"type":"Point","coordinates":[121.532502,25.124518]},"properties":{"name":"八方雲集國際股份有限公司","address":"台北市士林區中山北路七段175號","district":"士林區","city":"臺北市","result":"檢驗","types":"新北抽驗(製造端)","grade":""}},{"type":"Feature","geometry":{"type":"Point","coordinates":[121.525617,25.118359]},"properties":{"name":"八方雲集國際股份有限公司","address":"台北市士林區天母西路44號","district":"士林區","city":"臺北市","result":"檢驗","types":"新北抽驗(製造端)","grade":""}},{"type":"Feature","geometry":{"type":"Point","coordinates":[121.521085,25.096747]},"properties":{"name":"八方雲集國際股份有限公司","address":"台北市士林區文昌路110號","district":"士林區","city":"臺北市","result":"檢驗","types":"新北抽驗(製造端)","grade":""}},{"type":"Feature","geometry":{"type":"Point","coordinates":[121.509786,25.084312]},"properties":{"name":"八方雲集國際股份有限公司","address":"台北市士林區延平北路五段229號","district":"士林區","city":"臺北市","result":"檢驗","types":"新北抽驗(製造端)","grade":""}},{"type":"Feature","geometry":{"type":"Point","coordinates":[121.507609,25.089395]},"properties":{"name":"八方雲集國際股份有限公司","address":"台北市士林區延平北路六段128號","district":"士林區","city":"臺北市","result":"檢驗","types":"新北抽驗(製造端)","grade":""}},{"type":"Feature","geometry":{"type":"Point","coordinates":[121.521767,25.084572]},"properties":{"name":"八方雲集國際股份有限公司","address":"台北市士林區前港街32號","district":"士林區","city":"臺北市","result":"檢驗","types":"新北抽驗(製造端)","grade":""}},{"type":"Feature","geometry":{"type":"Point","coordinates":[121.525403,25.094756]},"properties":{"name":"八方雲集國際股份有限公司","address":"台北市士林區美德街34號1樓","district":"士林區","city":"臺北市","result":"檢驗","types":"新北抽驗(製造端)","grade":""}},{"type":"Feature","geometry":{"type":"Point","coordinates":[121.5213,25.084185]},"properties":{"name":"八方雲集國際股份有限公司","address":"台北市士林區華齡街31號","district":"士林區","city":"臺北市","result":"檢驗","types":"新北抽驗(製造端)","grade":""}},{"type":"Feature","geometry":{"type":"Point","coordinates":[121.522933,25.102609]},"properties":{"name":"八方雲集國際股份有限公司","address":"台北市士林區福華路122號","district":"士林區","city":"臺北市","result":"檢驗","types":"新北抽驗(製造端)","grade":""}},{"type":"Feature","geometry":{"type":"Point","coordinates":[121.528415,25.109617]},"properties":{"name":"八方雲集國際股份有限公司","address":"台北市士林區德行東路109巷65號","district":"士林區","city":"臺北市","result":"檢驗","types":"新北抽驗(製造端)","grade":""}},{"type":"Feature","geometry":{"type":"Point","coordinates":[121.534742,25.109848]},"properties":{"name":"八方雲集國際股份有限公司","address":"台北市士林區德行東路235號","district":"士林區","city":"臺北市","result":"檢驗","types":"新北抽驗(製造端)","grade":""}},{"type":"Feature","geometry":{"type":"Point","coordinates":[121.515948,25.071822]},"properties":{"name":"八方雲集國際股份有限公司","address":"台北市大同區大龍街271號","district":"大同區","city":"臺北市","result":"檢驗","types":"新北抽驗(製造端)","grade":""}},{"type":"Feature","geometry":{"type":"Point","coordinates":[121.510796,25.068184]},"properties":{"name":"八方雲集國際股份有限公司","address":"台北市大同區延平北路三段156號","district":"大同區","city":"臺北市","result":"檢驗","types":"新北抽驗(製造端)","grade":""}},{"type":"Feature","geometry":{"type":"Point","coordinates":[121.517896,25.052127]},"properties":{"name":"八方雲集國際股份有限公司","address":"台北市大同區承德路一段14號","district":"大同區","city":"臺北市","result":"檢驗","types":"新北抽驗(製造端)","grade":""}},{"type":"Feature","geometry":{"type":"Point","coordinates":[121.516508,25.066009]},"properties":{"name":"八方雲集國際股份有限公司","address":"台北市大同區昌吉街43號","district":"大同區","city":"臺北市","result":"檢驗","types":"新北抽驗(製造端)","grade":""}},{"type":"Feature","geometry":{"type":"Point","coordinates":[121.510962,25.058342]},"properties":{"name":"八方雲集國際股份有限公司","address":"台北市大同區歸綏街233號","district":"大同區","city":"臺北市","result":"檢驗","types":"新北抽驗(製造端)","grade":""}},{"type":"Feature","geometry":{"type":"Point","coordinates":[121.546383,25.037308]},"properties":{"name":"八方雲集國際股份有限公司","address":"台北市大安區大安路一段157巷3號","district":"大安區","city":"臺北市","result":"檢驗","types":"新北抽驗(製造端)","grade":""}},{"type":"Feature","geometry":{"type":"Point","coordinates":[121.544836,25.029991]},"properties":{"name":"八方雲集國際股份有限公司","address":"台北市大安區大安路二段23號","district":"大安區","city":"臺北市","result":"檢驗","types":"新北抽驗(製造端)","grade":""}},{"type":"Feature","geometry":{"type":"Point","coordinates":[121.554335,25.036371]},"properties":{"name":"八方雲集國際股份有限公司","address":"台北市大安區仁愛路四段300巷20弄1號","district":"大安區","city":"臺北市","result":"檢驗","types":"新北抽驗(製造端)","grade":""}},{"type":"Feature","geometry":{"type":"Point","coordinates":[121.529554,25.031856]},"properties":{"name":"八方雲集國際股份有限公司","address":"台北市大安區永康街10之5號","district":"大安區","city":"臺北市","result":"檢驗","types":"新北抽驗(製造端)","grade":""}},{"type":"Feature","geometry":{"type":"Point","coordinates":[121.557388,25.036844]},"properties":{"name":"八方雲集國際股份有限公司","address":"台北市大安區光復南路404號","district":"大安區","city":"臺北市","result":"檢驗","types":"新北抽驗(製造端)","grade":""}},{"type":"Feature","geometry":{"type":"Point","coordinates":[121.551564,25.019118]},"properties":{"name":"八方雲集國際股份有限公司","address":"台北市大安區安居街25號","district":"大安區","city":"臺北市","result":"檢驗","types":"新北抽驗(製造端)","grade":""}},{"type":"Feature","geometry":{"type":"Point","coordinates":[121.551037,25.023959]},"properties":{"name":"八方雲集國際股份有限公司","address":"台北市大安區和平東路2段311巷17號","district":"大安區","city":"臺北市","result":"檢驗","types":"新北抽驗(製造端)","grade":""}},{"type":"Feature","geometry":{"type":"Point","coordinates":[121.529899,25.026289]},"properties":{"name":"八方雲集國際股份有限公司","address":"台北市大安區和平東路一段182之3號","district":"大安區","city":"臺北市","result":"檢驗","types":"新北抽驗(製造端)","grade":""}},{"type":"Feature","geometry":{"type":"Point","coordinates":[121.543599,25.024156]},"properties":{"name":"八方雲集國際股份有限公司","address":"台北市大安區和平東路二段311巷2號","district":"大安區","city":"臺北市","result":"檢驗","types":"新北抽驗(製造端)","grade":""}},{"type":"Feature","geometry":{"type":"Point","coordinates":[121.538536,25.028785]},"properties":{"name":"八方雲集國際股份有限公司","address":"台北市大安區建國南路二段151巷18號","district":"大安區","city":"臺北市","result":"檢驗","types":"新北抽驗(製造端)","grade":""}},{"type":"Feature","geometry":{"type":"Point","coordinates":[121.54062,25.013743]},"properties":{"name":"八方雲集國際股份有限公司","address":"台北市大安區基隆路四段43號第三餐廳","district":"大安區","city":"臺北市","result":"檢驗","types":"新北抽驗(製造端)","grade":""}},{"type":"Feature","geometry":{"type":"Point","coordinates":[121.550066,25.031036]},"properties":{"name":"八方雲集國際股份有限公司","address":"台北市大安區敦化南路二段63巷19號","district":"大安區","city":"臺北市","result":"檢驗","types":"新北抽驗(製造端)","grade":""}},{"type":"Feature","geometry":{"type":"Point","coordinates":[121.551196,25.031027]},"properties":{"name":"八方雲集國際股份有限公司","address":"台北市大安區敦化南路二段63巷49號","district":"大安區","city":"臺北市","result":"檢驗","types":"新北抽驗(製造端)","grade":""}},{"type":"Feature","geometry":{"type":"Point","coordinates":[121.538836,25.009182]},"properties":{"name":"八方雲集國際股份有限公司","address":"台北市大安區羅斯福路四段1號","district":"大安區","city":"臺北市","result":"檢驗","types":"新北抽驗(製造端)","grade":""}},{"type":"Feature","geometry":{"type":"Point","coordinates":[121.5232,25.051073]},"properties":{"name":"八方雲集國際股份有限公司","address":"台北市中山區天津街62號","district":"中山區","city":"臺北市","result":"檢驗","types":"新北抽驗(製造端)","grade":""}},{"type":"Feature","geometry":{"type":"Point","coordinates":[121.520875,25.063281]},"properties":{"name":"八方雲集國際股份有限公司","address":"台北市中山區天祥路59號","district":"中山區","city":"臺北市","result":"檢驗","types":"新北抽驗(製造端)","grade":""}},{"type":"Feature","geometry":{"type":"Point","coordinates":[121.547307,25.080018]},"properties":{"name":"八方雲集國際股份有限公司","address":"台北市中山區北安路535之2號","district":"中山區","city":"臺北市","result":"檢驗","types":"新北抽驗(製造端)","grade":""}},{"type":"Feature","geometry":{"type":"Point","coordinates":[121.549818,25.084012]},"properties":{"name":"八方雲集國際股份有限公司","address":"台北市中山區北安路670巷7號","district":"中山區","city":"臺北市","result":"檢驗","types":"新北抽驗(製造端)","grade":""}},{"type":"Feature","geometry":{"type":"Point","coordinates":[121.532107,25.057526]},"properties":{"name":"八方雲集國際股份有限公司","address":"台北市中山區松江路23之5號","district":"中山區","city":"臺北市","result":"檢驗","types":"新北抽驗(製造端)","grade":""}},{"type":"Feature","geometry":{"type":"Point","coordinates":[121.521482,25.051338]},"properties":{"name":"八方雲集國際股份有限公司","address":"台北市中山區南京西路12巷15號","district":"中山區","city":"臺北市","result":"檢驗","types":"新北抽驗(製造端)","grade":""}},{"type":"Feature","geometry":{"type":"Point","coordinates":[121.542559,25.055927]},"properties":{"name":"八方雲集國際股份有限公司","address":"台北市中山區興安街94號","district":"中山區","city":"臺北市","result":"檢驗","types":"新北抽驗(製造端)","grade":""}},{"type":"Feature","geometry":{"type":"Point","coordinates":[121.541032,25.055435]},"properties":{"name":"八方雲集國際股份有限公司","address":"台北市中山區遼寧街49號","district":"中山區","city":"臺北市","result":"檢驗","types":"新北抽驗(製造端)","grade":""}},{"type":"Feature","geometry":{"type":"Point","coordinates":[121.533752,25.060336]},"properties":{"name":"八方雲集國際股份有限公司","address":"台北市中山區錦州街242號","district":"中山區","city":"臺北市","result":"檢驗","types":"新北抽驗(製造端)","grade":""}},{"type":"Feature","geometry":{"type":"Point","coordinates":[121.540757,25.065994]},"properties":{"name":"八方雲集國際股份有限公司","address":"台北市中山區龍江路356巷9號","district":"中山區","city":"臺北市","result":"檢驗","types":"新北抽驗(製造端)","grade":""}},{"type":"Feature","geometry":{"type":"Point","coordinates":[121.524208,25.065303]},"properties":{"name":"八方雲集國際股份有限公司","address":"台北市中山區雙城街16號","district":"中山區","city":"臺北市","result":"檢驗","types":"新北抽驗(製造端)","grade":""}},{"type":"Feature","geometry":{"type":"Point","coordinates":[121.531525,25.043544]},"properties":{"name":"八方雲集國際股份有限公司","address":"台北市中正區八德路一段82巷9弄12號","district":"中正區","city":"臺北市","result":"檢驗","types":"新北抽驗(製造端)","grade":""}},{"type":"Feature","geometry":{"type":"Point","coordinates":[121.507383,25.03422]},"properties":{"name":"八方雲集國際股份有限公司","address":"台北市中正區延平南路222號","district":"中正區","city":"臺北市","result":"檢驗","types":"新北抽驗(製造端)","grade":""}},{"type":"Feature","geometry":{"type":"Point","coordinates":[121.52223,25.039891]},"properties":{"name":"八方雲集國際股份有限公司","address":"台北市中正區林森南路59之3號","district":"中正區","city":"臺北市","result":"檢驗","types":"新北抽驗(製造端)","grade":""}},{"type":"Feature","geometry":{"type":"Point","coordinates":[121.518442,25.029725]},"properties":{"name":"八方雲集國際股份有限公司","address":"台北市中正區南昌路一段131號","district":"中正區","city":"臺北市","result":"檢驗","types":"新北抽驗(製造端)","grade":""}},{"type":"Feature","geometry":{"type":"Point","coordinates":[121.515233,25.032034]},"properties":{"name":"八方雲集國際股份有限公司","address":"台北市中正區南海路50之1號","district":"中正區","city":"臺北市","result":"檢驗","types":"新北抽驗(製造端)","grade":""}},{"type":"Feature","geometry":{"type":"Point","coordinates":[121.516136,25.044401]},"properties":{"name":"八方雲集國際股份有限公司","address":"台北市中正區南陽街15之3號","district":"中正區","city":"臺北市","result":"檢驗","types":"新北抽驗(製造端)","grade":""}},{"type":"Feature","geometry":{"type":"Point","coordinates":[121.568455,25.083928]},"properties":{"name":"八方雲集國際股份有限公司","address":"台北市內湖區內湖路一段323巷4弄4號","district":"內湖區","city":"臺北市","result":"檢驗","types":"新北抽驗(製造端)","grade":""}},{"type":"Feature","geometry":{"type":"Point","coordinates":[121.579258,25.081285]},"properties":{"name":"八方雲集國際股份有限公司","address":"台北市內湖區內湖路一段737巷73號","district":"內湖區","city":"臺北市","result":"檢驗","types":"新北抽驗(製造端)","grade":""}},{"type":"Feature","geometry":{"type":"Point","coordinates":[121.606246,25.068917]},"properties":{"name":"八方雲集國際股份有限公司","address":"台北市內湖區民權東路六段76號","district":"內湖區","city":"臺北市","result":"檢驗","types":"新北抽驗(製造端)","grade":""}},{"type":"Feature","geometry":{"type":"Point","coordinates":[121.590922,25.081852]},"properties":{"name":"八方雲集國際股份有限公司","address":"台北市內湖區成功路四段30巷36號","district":"內湖區","city":"臺北市","result":"檢驗","types":"新北抽驗(製造端)","grade":""}},{"type":"Feature","geometry":{"type":"Point","coordinates":[121.599402,25.08489]},"properties":{"name":"八方雲集國際股份有限公司","address":"台北市內湖區成功路四段340號","district":"內湖區","city":"臺北市","result":"檢驗","types":"新北抽驗(製造端)","grade":""}},{"type":"Feature","geometry":{"type":"Point","coordinates":[121.592809,25.080314]},"properties":{"name":"八方雲集國際股份有限公司","address":"台北市內湖區成功路四段61巷25弄10號","district":"內湖區","city":"臺北市","result":"檢驗","types":"新北抽驗(製造端)","grade":""}},{"type":"Feature","geometry":{"type":"Point","coordinates":[121.576701,25.076659]},"properties":{"name":"八方雲集國際股份有限公司","address":"台北市內湖區江南街103號","district":"內湖區","city":"臺北市","result":"檢驗","types":"新北抽驗(製造端)","grade":""}},{"type":"Feature","geometry":{"type":"Point","coordinates":[121.586524,25.088467]},"properties":{"name":"八方雲集國際股份有限公司","address":"台北市內湖區金龍路230號","district":"內湖區","city":"臺北市","result":"檢驗","types":"新北抽驗(製造端)","grade":""}},{"type":"Feature","geometry":{"type":"Point","coordinates":[121.584833,25.057193]},"properties":{"name":"八方雲集國際股份有限公司","address":"台北市內湖區新明路204號","district":"內湖區","city":"臺北市","result":"檢驗","types":"新北抽驗(製造端)","grade":""}},{"type":"Feature","geometry":{"type":"Point","coordinates":[121.57359,25.081742]},"properties":{"name":"八方雲集國際股份有限公司","address":"台北市內湖區麗山街348巷15號","district":"內湖區","city":"臺北市","result":"檢驗","types":"新北抽驗(製造端)","grade":""}},{"type":"Feature","geometry":{"type":"Point","coordinates":[121.55042,24.987643]},"properties":{"name":"八方雲集國際股份有限公司","address":"台北市文山區木柵路一段145號","district":"文山區","city":"臺北市","result":"檢驗","types":"新北抽驗(製造端)","grade":""}},{"type":"Feature","geometry":{"type":"Point","coordinates":[121.55911,24.988632]},"properties":{"name":"八方雲集國際股份有限公司","address":"台北市文山區木柵路二段58號","district":"文山區","city":"臺北市","result":"檢驗","types":"新北抽驗(製造端)","grade":""}},{"type":"Feature","geometry":{"type":"Point","coordinates":[121.555474,24.980474]},"properties":{"name":"八方雲集國際股份有限公司","address":"台北市文山區木新路三段324號","district":"文山區","city":"臺北市","result":"檢驗","types":"新北抽驗(製造端)","grade":""}},{"type":"Feature","geometry":{"type":"Point","coordinates":[121.563019,24.98483]},"properties":{"name":"八方雲集國際股份有限公司","address":"台北市文山區忠順街二段21號","district":"文山區","city":"臺北市","result":"檢驗","types":"新北抽驗(製造端)","grade":""}},{"type":"Feature","geometry":{"type":"Point","coordinates":[121.574346,24.988006]},"properties":{"name":"八方雲集國際股份有限公司","address":"台北市文山區指南路二段47號1樓","district":"文山區","city":"臺北市","result":"檢驗","types":"新北抽驗(製造端)","grade":""}},{"type":"Feature","geometry":{"type":"Point","coordinates":[121.544799,24.994278]},"properties":{"name":"八方雲集國際股份有限公司","address":"台北市文山區景興路135號","district":"文山區","city":"臺北市","result":"檢驗","types":"新北抽驗(製造端)","grade":""}},{"type":"Feature","geometry":{"type":"Point","coordinates":[121.550597,25.003358]},"properties":{"name":"八方雲集國際股份有限公司","address":"台北市文山區福興路50號","district":"文山區","city":"臺北市","result":"檢驗","types":"新北抽驗(製造端)","grade":""}},{"type":"Feature","geometry":{"type":"Point","coordinates":[121.548183,24.999907]},"properties":{"name":"八方雲集國際股份有限公司","address":"台北市文山區興隆路二段80號","district":"文山區","city":"臺北市","result":"檢驗","types":"新北抽驗(製造端)","grade":""}},{"type":"Feature","geometry":{"type":"Point","coordinates":[121.557075,24.999445]},"properties":{"name":"八方雲集國際股份有限公司","address":"台北市文山區興隆路三段98號","district":"文山區","city":"臺北市","result":"檢驗","types":"新北抽驗(製造端)","grade":""}},{"type":"Feature","geometry":{"type":"Point","coordinates":[121.540236,25.00166]},"properties":{"name":"八方雲集國際股份有限公司","address":"台北市文山區羅斯福路6段277之5號","district":"文山區","city":"臺北市","result":"檢驗","types":"新北抽驗(製造端)","grade":""}},{"type":"Feature","geometry":{"type":"Point","coordinates":[121.541769,24.998365]},"properties":{"name":"八方雲集國際股份有限公司","address":"台北市文山區羅斯福路六段30之2號","district":"文山區","city":"臺北市","result":"檢驗","types":"新北抽驗(製造端)","grade":""}},{"type":"Feature","geometry":{"type":"Point","coordinates":[121.494469,25.137458]},"properties":{"name":"八方雲集國際股份有限公司","address":"台北市北投區中央北路二段68之1號","district":"北投區","city":"臺北市","result":"檢驗","types":"新北抽驗(製造端)","grade":""}},{"type":"Feature","geometry":{"type":"Point","coordinates":[121.468174,25.127977]},"properties":{"name":"八方雲集國際股份有限公司","address":"台北市北投區中央北路四段523號","district":"北投區","city":"臺北市","result":"檢驗","types":"新北抽驗(製造端)","grade":""}},{"type":"Feature","geometry":{"type":"Point","coordinates":[121.499864,25.141047]},"properties":{"name":"八方雲集國際股份有限公司","address":"台北市北投區中和街318號","district":"北投區","city":"臺北市","result":"檢驗","types":"新北抽驗(製造端)","grade":""}},{"type":"Feature","geometry":{"type":"Point","coordinates":[121.510522,25.125906]},"properties":{"name":"八方雲集國際股份有限公司","address":"台北市北投區公館路39號","district":"北投區","city":"臺北市","result":"檢驗","types":"新北抽驗(製造端)","grade":""}},{"type":"Feature","geometry":{"type":"Point","coordinates":[121.471177,25.124974]},"properties":{"name":"八方雲集國際股份有限公司","address":"台北市北投區立德路15號","district":"北投區","city":"臺北市","result":"檢驗","types":"新北抽驗(製造端)","grade":""}},{"type":"Feature","geometry":{"type":"Point","coordinates":[121.505618,25.119501]},"properties":{"name":"八方雲集國際股份有限公司","address":"台北市北投區立農街一段265號","district":"北投區","city":"臺北市","result":"檢驗","types":"新北抽驗(製造端)","grade":""}},{"type":"Feature","geometry":{"type":"Point","coordinates":[121.519509,25.109326]},"properties":{"name":"八方雲集國際股份有限公司","address":"台北市北投區明德路86號","district":"北投區","city":"臺北市","result":"檢驗","types":"新北抽驗(製造端)","grade":""}},{"type":"Feature","geometry":{"type":"Point","coordinates":[121.467631,25.121862]},"properties":{"name":"八方雲集國際股份有限公司","address":"台北市北投區知行路294號","district":"北投區","city":"臺北市","result":"檢驗","types":"新北抽驗(製造端)","grade":""}},{"type":"Feature","geometry":{"type":"Point","coordinates":[121.513699,25.111773]},"properties":{"name":"八方雲集國際股份有限公司","address":"台北市北投區致遠一路二段43號","district":"北投區","city":"臺北市","result":"檢驗","types":"新北抽驗(製造端)","grade":""}},{"type":"Feature","geometry":{"type":"Point","coordinates":[121.518652,25.07002]},"properties":{"name":"八方雲集國際股份有限公司","address":"台北市松山區八德路三段221號","district":"松山區","city":"臺北市","result":"檢驗","types":"新北抽驗(製造端)","grade":""}},{"type":"Feature","geometry":{"type":"Point","coordinates":[121.561966,25.057925]},"properties":{"name":"八方雲集國際股份有限公司","address":"台北市松山區三民路113巷27號","district":"松山區","city":"臺北市","result":"檢驗","types":"新北抽驗(製造端)","grade":""}},{"type":"Feature","geometry":{"type":"Point","coordinates":[121.566403,25.058965]},"properties":{"name":"八方雲集國際股份有限公司","address":"台北市松山區民生東路五段242號","district":"松山區","city":"臺北市","result":"檢驗","types":"新北抽驗(製造端)","grade":""}},{"type":"Feature","geometry":{"type":"Point","coordinates":[121.551639,25.057089]},"properties":{"name":"八方雲集國際股份有限公司","address":"台北市松山區民生東路四段56巷3弄1號","district":"松山區","city":"臺北市","result":"檢驗","types":"新北抽驗(製造端)","grade":""}},{"type":"Feature","geometry":{"type":"Point","coordinates":[121.556463,25.052104]},"properties":{"name":"八方雲集國際股份有限公司","address":"台北市松山區南京東路3段303巷6弄1號","district":"松山區","city":"臺北市","result":"檢驗","types":"新北抽驗(製造端)","grade":""}},{"type":"Feature","geometry":{"type":"Point","coordinates":[121.554979,25.052345]},"properties":{"name":"八方雲集國際股份有限公司","address":"台北市松山區南京東路四段133巷4弄2號","district":"松山區","city":"臺北市","result":"檢驗","types":"新北抽驗(製造端)","grade":""}},{"type":"Feature","geometry":{"type":"Point","coordinates":[121.547293,25.060085]},"properties":{"name":"八方雲集國際股份有限公司","address":"台北市松山區敦化北路222巷35號","district":"松山區","city":"臺北市","result":"檢驗","types":"新北抽驗(製造端)","grade":""}},{"type":"Feature","geometry":{"type":"Point","coordinates":[121.5748,25.04485]},"properties":{"name":"八方雲集國際股份有限公司","address":"台北市信義區永吉路278巷21號","district":"信義區","city":"臺北市","result":"檢驗","types":"新北抽驗(製造端)","grade":""}},{"type":"Feature","geometry":{"type":"Point","coordinates":[121.563351,25.027622]},"properties":{"name":"八方雲集國際股份有限公司","address":"台北市信義區吳興街231號","district":"信義區","city":"臺北市","result":"檢驗","types":"新北抽驗(製造端)","grade":""}},{"type":"Feature","geometry":{"type":"Point","coordinates":[121.569694,25.023526]},"properties":{"name":"八方雲集國際股份有限公司","address":"台北市信義區吳興街487號","district":"信義區","city":"臺北市","result":"檢驗","types":"新北抽驗(製造端)","grade":""}},{"type":"Feature","geometry":{"type":"Point","coordinates":[121.580671,25.043915]},"properties":{"name":"八方雲集國際股份有限公司","address":"台北市信義區忠孝東路4段559巷7號","district":"信義區","city":"臺北市","result":"檢驗","types":"新北抽驗(製造端)","grade":""}},{"type":"Feature","geometry":{"type":"Point","coordinates":[121.570879,25.040149]},"properties":{"name":"八方雲集國際股份有限公司","address":"台北市信義區忠孝東路五段236巷22號","district":"信義區","city":"臺北市","result":"檢驗","types":"新北抽驗(製造端)","grade":""}},{"type":"Feature","geometry":{"type":"Point","coordinates":[121.579867,25.048519]},"properties":{"name":"八方雲集國際股份有限公司","address":"台北市信義區松隆路341號","district":"信義區","city":"臺北市","result":"檢驗","types":"新北抽驗(製造端)","grade":""}},{"type":"Feature","geometry":{"type":"Point","coordinates":[121.577679,25.036058]},"properties":{"name":"八方雲集國際股份有限公司","address":"台北市信義區信義路六段97號","district":"信義區","city":"臺北市","result":"檢驗","types":"新北抽驗(製造端)","grade":""}},{"type":"Feature","geometry":{"type":"Point","coordinates":[121.555634,25.024168]},"properties":{"name":"八方雲集國際股份有限公司","address":"台北市信義區崇德街95號","district":"信義區","city":"臺北市","result":"檢驗","types":"新北抽驗(製造端)","grade":""}},{"type":"Feature","geometry":{"type":"Point","coordinates":[121.585532,25.038788]},"properties":{"name":"八方雲集國際股份有限公司","address":"台北市信義區福德街254號","district":"信義區","city":"臺北市","result":"檢驗","types":"新北抽驗(製造端)","grade":""}},{"type":"Feature","geometry":{"type":"Point","coordinates":[121.584981,25.045546]},"properties":{"name":"八方雲集國際股份有限公司","address":"台北市南港區同德路62號","district":"南港區","city":"臺北市","result":"檢驗","types":"新北抽驗(製造端)","grade":""}},{"type":"Feature","geometry":{"type":"Point","coordinates":[121.593906,25.051574]},"properties":{"name":"八方雲集國際股份有限公司","address":"台北市南港區昆陽街97號","district":"南港區","city":"臺北市","result":"檢驗","types":"新北抽驗(製造端)","grade":""}},{"type":"Feature","geometry":{"type":"Point","coordinates":[121.612666,25.055231]},"properties":{"name":"八方雲集國際股份有限公司","address":"台北市南港區南港路一段181號","district":"南港區","city":"臺北市","result":"檢驗","types":"新北抽驗(製造端)","grade":""}},{"type":"Feature","geometry":{"type":"Point","coordinates":[121.614398,25.045678]},"properties":{"name":"八方雲集國際股份有限公司","address":"台北市南港區研究院路二段19號","district":"南港區","city":"臺北市","result":"檢驗","types":"新北抽驗(製造端)","grade":""}},{"type":"Feature","geometry":{"type":"Point","coordinates":[121.605458,25.057008]},"properties":{"name":"八方雲集國際股份有限公司","address":"台北市南港區興華路122號","district":"南港區","city":"臺北市","result":"檢驗","types":"新北抽驗(製造端)","grade":""}},{"type":"Feature","geometry":{"type":"Point","coordinates":[121.507409,25.026481]},"properties":{"name":"八方雲集國際股份有限公司","address":"台北市萬華區中華路二段303巷15號","district":"萬華區","city":"臺北市","result":"檢驗","types":"新北抽驗(製造端)","grade":""}},{"type":"Feature","geometry":{"type":"Point","coordinates":[121.504158,25.025519]},"properties":{"name":"八方雲集國際股份有限公司","address":"台北市萬華區青年路44號","district":"萬華區","city":"臺北市","result":"檢驗","types":"新北抽驗(製造端)","grade":""}},{"type":"Feature","geometry":{"type":"Point","coordinates":[121.503874,25.025452]},"properties":{"name":"八方雲集國際股份有限公司","address":"台北市萬華區青年路50號","district":"萬華區","city":"臺北市","result":"檢驗","types":"新北抽驗(製造端)","grade":""}},{"type":"Feature","geometry":{"type":"Point","coordinates":[121.503642,25.03895]},"properties":{"name":"八方雲集國際股份有限公司","address":"台北市萬華區貴陽街二段27號","district":"萬華區","city":"臺北市","result":"檢驗","types":"新北抽驗(製造端)","grade":""}},{"type":"Feature","geometry":{"type":"Point","coordinates":[121.497235,25.019167]},"properties":{"name":"八方雲集國際股份有限公司","address":"台北市萬華區萬大路460號","district":"萬華區","city":"臺北市","result":"檢驗","types":"新北抽驗(製造端)","grade":""}},{"type":"Feature","geometry":{"type":"Point","coordinates":[121.494933,25.024937]},"properties":{"name":"八方雲集國際股份有限公司","address":"台北市萬華區寶興街133號","district":"萬華區","city":"臺北市","result":"檢驗","types":"新北抽驗(製造端)","grade":""}},{"type":"Feature","geometry":{"type":"Point","coordinates":[121.513597,25.045236]},"properties":{"name":"八方雲集國際股份有限公司","address":"台北市中正區漢口街一段33號","district":"中正區","city":"臺北市","result":"檢驗","types":"新北抽驗(製造端)","grade":""}},{"type":"Feature","geometry":{"type":"Point","coordinates":[121.540959,25.065277]},"properties":{"name":"八方雲集國際股份有限公司","address":"台北市中山區龍江路288-1及288-2號","district":"中山區","city":"臺北市","result":"檢驗","types":"新北抽驗(製造端)","grade":""}},{"type":"Feature","geometry":{"type":"Point","coordinates":[121.560263,25.091481]},"properties":{"name":"八方雲集國際股份有限公司","address":"台北市內湖區文湖街21巷16號","district":"內湖區","city":"臺北市","result":"檢驗","types":"新北抽驗(製造端)","grade":""}},{"type":"Feature","geometry":{"type":"Point","coordinates":[121.541196,24.990358]},"properties":{"name":"八方雲集國際股份有限公司","address":"台北市文山區景文街123號","district":"文山區","city":"臺北市","result":"檢驗","types":"新北抽驗(製造端)","grade":""}},{"type":"Feature","geometry":{"type":"Point","coordinates":[121.517384,25.025275]},"properties":{"name":"八方雲集國際股份有限公司","address":"台北市中正區廈門街52號","district":"中正區","city":"臺北市","result":"檢驗","types":"新北抽驗(製造端)","grade":""}},{"type":"Feature","geometry":{"type":"Point","coordinates":[121.540403,25.137522]},"properties":{"name":"八方雲集國際股份有限公司","address":"台北市士林區華岡路55號(文化大學大忠館1樓)","district":"士林區","city":"臺北市","result":"檢驗","types":"新北抽驗(製造端)","grade":""}},{"type":"Feature","geometry":{"type":"Point","coordinates":[121.619209,25.071448]},"properties":{"name":"八方雲集國際股份有限公司","address":"台北市內湖區康樂街119號","district":"內湖區","city":"臺北市","result":"檢驗","types":"新北抽驗(製造端)","grade":""}},{"type":"Feature","geometry":{"type":"Point","coordinates":[121.581266,25.037631]},"properties":{"name":"八方雲集國際股份有限公司","address":"台北市信義區林口街116號","district":"信義區","city":"臺北市","result":"檢驗","types":"新北抽驗(製造端)","grade":""}},{"type":"Feature","geometry":{"type":"Point","coordinates":[121.495877,25.029608]},"properties":{"name":"八方雲集國際股份有限公司","address":"台北市萬華區西園路二段178號","district":"萬華區","city":"臺北市","result":"檢驗","types":"新北抽驗(製造端)","grade":""}},{"type":"Feature","geometry":{"type":"Point","coordinates":[121.512481,25.117062]},"properties":{"name":"八方雲集國際股份有限公司","address":"台北市北投區致遠二路129號","district":"北投區","city":"臺北市","result":"檢驗","types":"新北抽驗(製造端)","grade":""}},{"type":"Feature","geometry":{"type":"Point","coordinates":[121.512943,25.053866]},"properties":{"name":"八方雲集國際股份有限公司","address":"台北市大同區南京西路316號","district":"大同區","city":"臺北市","result":"檢驗","types":"新北抽驗(製造端)","grade":""}},{"type":"Feature","geometry":{"type":"Point","coordinates":[121.519548,25.080288]},"properties":{"name":"八方雲集國際股份有限公司","address":"台北市士林區承德路四段62號","district":"士林區","city":"臺北市","result":"檢驗","types":"新北抽驗(製造端)","grade":""}},{"type":"Feature","geometry":{"type":"Point","coordinates":[121.565951,24.982897]},"properties":{"name":"八方雲集國際股份有限公司","address":"台北市文山區木新路二段277號","district":"文山區","city":"臺北市","result":"檢驗","types":"新北抽驗(製造端)","grade":""}},{"type":"Feature","geometry":{"type":"Point","coordinates":[121.518942,25.07068]},"properties":{"name":"八方雲集國際股份有限公司","address":"台北市大同區酒泉街37號","district":"大同區","city":"臺北市","result":"檢驗","types":"新北抽驗(製造端)","grade":""}},{"type":"Feature","geometry":{"type":"Point","coordinates":[121.592948,25.079871]},"properties":{"name":"八方雲集國際股份有限公司","address":"台北市內湖區康寧路一段81號","district":"內湖區","city":"臺北市","result":"檢驗","types":"新北抽驗(製造端)","grade":""}},{"type":"Feature","geometry":{"type":"Point","coordinates":[121.500035,25.126251]},"properties":{"name":"八方雲集國際股份有限公司","address":"台北市北投區三合街二段500號","district":"北投區","city":"臺北市","result":"檢驗","types":"新北抽驗(製造端)","grade":""}},{"type":"Feature","geometry":{"type":"Point","coordinates":[121.563317,25.025862]},"properties":{"name":"八方雲集國際股份有限公司","address":"台北市信義區吳興街1號","district":"信義區","city":"臺北市","result":"檢驗","types":"新北抽驗(製造端)","grade":""}},{"type":"Feature","geometry":{"type":"Point","coordinates":[121.524875,25.059695]},"properties":{"name":"八方雲集國際股份有限公司","address":"台北市中山區錦州街30巷3號","district":"中山區","city":"臺北市","result":"檢驗","types":"新北抽驗(製造端)","grade":""}},{"type":"Feature","geometry":{"type":"Point","coordinates":[121.522207,25.06684]},"properties":{"name":"八方雲集國際股份有限公司","address":"台北市中山區中山北路三段40號(大同大學餐廳)","district":"中山區","city":"臺北市","result":"檢驗","types":"新北抽驗(製造端)","grade":""}},{"type":"Feature","geometry":{"type":"Point","coordinates":[121.501526,25.126537]},"properties":{"name":"八方雲集國際股份有限公司","address":"台北市北投區崇仁路一段71號","district":"北投區","city":"臺北市","result":"檢驗","types":"新北抽驗(製造端)","grade":""}},{"type":"Feature","geometry":{"type":"Point","coordinates":[121.541423,25.022072]},"properties":{"name":"八方雲集國際股份有限公司","address":"台北市大安區和平東路二段118巷54弄33號","district":"大安區","city":"臺北市","result":"檢驗","types":"新北抽驗(製造端)","grade":""}},{"type":"Feature","geometry":{"type":"Point","coordinates":[121.555358,25.024121]},"properties":{"name":"八方雲集國際股份有限公司","address":"台北市信義區崇德街98號","district":"信義區","city":"臺北市","result":"檢驗","types":"新北抽驗(製造端)","grade":""}},{"type":"Feature","geometry":{"type":"Point","coordinates":[121.49297,25.034049]},"properties":{"name":"八方雲集國際股份有限公司","address":"台北市萬華區環河南路二段202號","district":"萬華區","city":"臺北市","result":"檢驗","types":"新北抽驗(製造端)","grade":""}},{"type":"Feature","geometry":{"type":"Point","coordinates":[121.532536,25.03884]},"properties":{"name":"八方雲集國際股份有限公司","address":"台北市中正區新生南路一段122之3號","district":"中正區","city":"臺北市","result":"檢驗","types":"新北抽驗(製造端)","grade":""}},{"type":"Feature","geometry":{"type":"Point","coordinates":[121.521761,25.084824]},"properties":{"name":"八方雲集國際股份有限公司","address":"台北市士林區前港街31號","district":"士林區","city":"臺北市","result":"檢驗","types":"新北抽驗(製造端)","grade":""}},{"type":"Feature","geometry":{"type":"Point","coordinates":[121.568757,24.983865]},"properties":{"name":"八方雲集國際股份有限公司","address":"台北市文山區木新路二段163號","district":"文山區","city":"臺北市","result":"檢驗","types":"新北抽驗(製造端)","grade":""}},{"type":"Feature","geometry":{"type":"Point","coordinates":[121.612836,25.066501]},"properties":{"name":"八方雲集國際股份有限公司","address":"台北市內湖區康寧路三段46號","district":"內湖區","city":"臺北市","result":"檢驗","types":"新北抽驗(製造端)","grade":""}},{"type":"Feature","geometry":{"type":"Point","coordinates":[121.542013,25.054792]},"properties":{"name":"八方雲集國際股份有限公司","address":"台北市中山區長春路293號","district":"中山區","city":"臺北市","result":"檢驗","types":"新北抽驗(製造端)","grade":""}},{"type":"Feature","geometry":{"type":"Point","coordinates":[121.592608,25.079883]},"properties":{"name":"八方雲集國際股份有限公司","address":"台北市內湖區康寧路一段84號","district":"內湖區","city":"臺北市","result":"檢驗","types":"新北抽驗(製造端)","grade":""}},{"type":"Feature","geometry":{"type":"Point","coordinates":[121.540501,24.990036]},"properties":{"name":"八方雲集國際股份有限公司","address":"台北市文山區羅斯福路六段26號","district":"文山區","city":"臺北市","result":"檢驗","types":"新北抽驗(製造端)","grade":""}},{"type":"Feature","geometry":{"type":"Point","coordinates":[121.507968,25.035565]},"properties":{"name":"八方雲集國際股份有限公司","address":"台北市中正區廣州街10之7號","district":"中正區","city":"臺北市","result":"檢驗","types":"新北抽驗(製造端)","grade":""}},{"type":"Feature","geometry":{"type":"Point","coordinates":[121.598683,25.084872]},"properties":{"name":"八方雲集國際股份有限公司","address":"台北市內湖區成功路四段322號","district":"內湖區","city":"臺北市","result":"檢驗","types":"新北抽驗(製造端)","grade":""}},{"type":"Feature","geometry":{"type":"Point","coordinates":[121.560627,24.981539]},"properties":{"name":"八方雲集國際股份有限公司","address":"台北市文山區木新路三段171號","district":"文山區","city":"臺北市","result":"檢驗","types":"新北抽驗(製造端)","grade":""}},{"type":"Feature","geometry":{"type":"Point","coordinates":[121.546805,25.080459]},"properties":{"name":"八方雲集國際股份有限公司","address":"台北市中山區大直街3號","district":"中山區","city":"臺北市","result":"檢驗","types":"新北抽驗(製造端)","grade":""}},{"type":"Feature","geometry":{"type":"Point","coordinates":[121.526684,25.027694]},"properties":{"name":"八方雲集國際股份有限公司","address":"台北市大安區金山南路二段8號","district":"大安區","city":"臺北市","result":"檢驗","types":"新北抽驗(製造端)","grade":""}},{"type":"Feature","geometry":{"type":"Point","coordinates":[121.571256,25.077801]},"properties":{"name":"八方雲集國際股份有限公司","address":"台北市內湖區瑞光路392號","district":"內湖區","city":"臺北市","result":"檢驗","types":"新北抽驗(製造端)","grade":""}},{"type":"Feature","geometry":{"type":"Point","coordinates":[121.565398,25.027645]},"properties":{"name":"八方雲集國際股份有限公司","address":"台北市信義區莊敬路387號","district":"信義區","city":"臺北市","result":"檢驗","types":"新北抽驗(製造端)","grade":""}},{"type":"Feature","geometry":{"type":"Point","coordinates":[121.605657,25.056118]},"properties":{"name":"八方雲集國際股份有限公司","address":"台北市南港區興華路90號","district":"南港區","city":"臺北市","result":"檢驗","types":"新北抽驗(製造端)","grade":""}},{"type":"Feature","geometry":{"type":"Point","coordinates":[121.470719,25.126993]},"properties":{"name":"八方雲集國際股份有限公司","address":"台北市北投區立德路115號三樓","district":"北投區","city":"臺北市","result":"檢驗","types":"新北抽驗(製造端)","grade":""}},{"type":"Feature","geometry":{"type":"Point","coordinates":[121.561408,25.030398]},"properties":{"name":"八方雲集國際股份有限公司","address":"台北市信義區莊敬路202號","district":"信義區","city":"臺北市","result":"檢驗","types":"新北抽驗(製造端)","grade":""}},{"type":"Feature","geometry":{"type":"Point","coordinates":[121.534843,25.109864]},"properties":{"name":"八方雲集國際股份有限公司","address":"台北市士林區德行東路250號","district":"士林區","city":"臺北市","result":"檢驗","types":"新北抽驗(製造端)","grade":""}},{"type":"Feature","geometry":{"type":"Point","coordinates":[121.526823,25.030644]},"properties":{"name":"八方雲集國際股份有限公司","address":"台北市大安區金山南路二段109號","district":"大安區","city":"臺北市","result":"檢驗","types":"新北抽驗(製造端)","grade":""}},{"type":"Feature","geometry":{"type":"Point","coordinates":[121.581869,25.076978]},"properties":{"name":"八方雲集國際股份有限公司","address":"台北市內湖區文德路66巷55號","district":"內湖區","city":"臺北市","result":"檢驗","types":"新北抽驗(製造端)","grade":""}},{"type":"Feature","geometry":{"type":"Point","coordinates":[121.52391,25.044876]},"properties":{"name":"八方雲集國際股份有限公司","address":"台北市中正區忠孝東路一段11號","district":"中正區","city":"臺北市","result":"檢驗","types":"新北抽驗(製造端)","grade":""}},{"type":"Feature","geometry":{"type":"Point","coordinates":[121.499417,25.035057]},"properties":{"name":"八方雲集國際股份有限公司","address":"台北市萬華區西園路一段157號","district":"萬華區","city":"臺北市","result":"檢驗","types":"新北抽驗(製造端)","grade":""}},{"type":"Feature","geometry":{"type":"Point","coordinates":[121.577991,25.041188]},"properties":{"name":"八方雲集國際股份有限公司","address":"台北市信義區松山路413號","district":"信義區","city":"臺北市","result":"檢驗","types":"新北抽驗(製造端)","grade":""}},{"type":"Feature","geometry":{"type":"Point","coordinates":[121.557982,25.079581]},"properties":{"name":"八方雲集國際股份有限公司","address":"台北市中山區樂群二路178號","district":"中山區","city":"臺北市","result":"檢驗","types":"新北抽驗(製造端)","grade":""}},{"type":"Feature","geometry":{"type":"Point","coordinates":[121.604881,25.069583]},"properties":{"name":"八方雲集國際股份有限公司","address":"台北市內湖區民權東路六段68號","district":"內湖區","city":"臺北市","result":"檢驗","types":"新北抽驗(製造端)","grade":""}},{"type":"Feature","geometry":{"type":"Point","coordinates":[121.52391,25.044876]},"properties":{"name":"八方雲集國際股份有限公司","address":"台北市中正區忠孝東路一段11之2號","district":"中正區","city":"臺北市","result":"檢驗","types":"新北抽驗(製造端)","grade":""}},{"type":"Feature","geometry":{"type":"Point","coordinates":[121.518331,25.08883]},"properties":{"name":"八方雲集國際股份有限公司","address":"台北市士林區大南路311號","district":"士林區","city":"臺北市","result":"檢驗","types":"新北抽驗(製造端)","grade":""}},{"type":"Feature","geometry":{"type":"Point","coordinates":[121.553853,25.029262]},"properties":{"name":"八方雲集國際股份有限公司","address":"台北市大安區通化街122號","district":"大安區","city":"臺北市","result":"檢驗","types":"新北抽驗(製造端)","grade":""}},{"type":"Feature","geometry":{"type":"Point","coordinates":[121.533785,25.048341]},"properties":{"name":"八方雲集國際股份有限公司","address":"台北市中山區長安東路二段76號","district":"中山區","city":"臺北市","result":"檢驗","types":"新北抽驗(製造端)","grade":""}},{"type":"Feature","geometry":{"type":"Point","coordinates":[121.540921,25.021673]},"properties":{"name":"八方雲集國際股份有限公司","address":"台北市大安區辛亥路二段169號","district":"大安區","city":"臺北市","result":"檢驗","types":"新北抽驗(製造端)","grade":""}},{"type":"Feature","geometry":{"type":"Point","coordinates":[121.52156,25.08483]},"properties":{"name":"八方雲集國際股份有限公司","address":"台北市士林區前港街37號","district":"士林區","city":"臺北市","result":"檢驗","types":"新北抽驗(製造端)","grade":""}},{"type":"Feature","geometry":{"type":"Point","coordinates":[121.592909,25.068317]},"properties":{"name":"八方雲集國際股份有限公司","address":"台北市內湖區民權東路六段180巷15號","district":"內湖區","city":"臺北市","result":"檢驗","types":"新北抽驗(製造端)","grade":""}},{"type":"Feature","geometry":{"type":"Point","coordinates":[121.53337,25.041223]},"properties":{"name":"八方雲集國際股份有限公司","address":"台北市大安區新生南路一段1號","district":"大安區","city":"臺北市","result":"檢驗","types":"新北抽驗(製造端)","grade":""}},{"type":"Feature","geometry":{"type":"Point","coordinates":[121.585329,25.057396]},"properties":{"name":"八方雲集國際股份有限公司","address":"台北市內湖區新明路182號","district":"內湖區","city":"臺北市","result":"檢驗","types":"新北抽驗(製造端)","grade":""}},{"type":"Feature","geometry":{"type":"Point","coordinates":[121.503874,25.025452]},"properties":{"name":"八方雲集國際股份有限公司","address":"台北市萬華區青年路50之2號","district":"萬華區","city":"臺北市","result":"檢驗","types":"新北抽驗(製造端)","grade":""}},{"type":"Feature","geometry":{"type":"Point","coordinates":[121.524218,25.02193]},"properties":{"name":"八方雲集國際股份有限公司","address":"台北市中正區汀州路二段230號","district":"中正區","city":"臺北市","result":"檢驗","types":"新北抽驗(製造端)","grade":""}},{"type":"Feature","geometry":{"type":"Point","coordinates":[121.559801,25.079588]},"properties":{"name":"八方雲集國際股份有限公司","address":"台北市中山區樂群二路212之1號","district":"中山區","city":"臺北市","result":"檢驗","types":"新北抽驗(製造端)","grade":""}},{"type":"Feature","geometry":{"type":"Point","coordinates":[121.579296,25.080996]},"properties":{"name":"八方雲集國際股份有限公司","address":"台北市內湖區內湖路一段737巷61弄2之1號","district":"內湖區","city":"臺北市","result":"檢驗","types":"新北抽驗(製造端)","grade":""}},{"type":"Feature","geometry":{"type":"Point","coordinates":[121.518011,25.029998]},"properties":{"name":"八方雲集國際股份有限公司","address":"台北市中正區南昌路一段114號","district":"中正區","city":"臺北市","result":"檢驗","types":"新北抽驗(製造端)","grade":""}},{"type":"Feature","geometry":{"type":"Point","coordinates":[121.539291,25.060078]},"properties":{"name":"奇新商行","address":"台北市中山區江山里合江街113號1樓","district":"中山區","city":"臺北市","result":"檢驗","types":"台北稽查","grade":""}},{"type":"Feature","geometry":{"type":"Point","coordinates":[121.522202,25.042927]},"properties":{"name":"冠霖物流有限公司","address":"台北市中正區台北市中正區濟南路一段6號","district":"中正區","city":"臺北市","result":"檢驗","types":"新北抽驗(製造端)","grade":""}},{"type":"Feature","geometry":{"type":"Point","coordinates":[121.574276,25.076496]},"properties":{"name":"新加坡商永紐股份有限公司台灣分公司","address":"台北市內湖區瑞光路302號4樓之1","district":"內湖區","city":"臺北市","result":"檢驗","types":"新北抽驗(製造端)","grade":""}},{"type":"Feature","geometry":{"type":"Point","coordinates":[121.529613,25.092198]},"properties":{"name":"傲旎全球股份有限公司","address":"台北市中山區中山北路2段81號","district":"中山區","city":"臺北市","result":"檢驗","types":"新北抽驗(製造端)","grade":""}},{"type":"Feature","geometry":{"type":"Point","coordinates":[121.495991,25.099574]},"properties":{"name":"一金湖有限公司","address":"台北市士林區延平北路8段144號1樓","district":"士林區","city":"臺北市","result":"檢驗","types":"新北抽驗(製造端)","grade":""}},{"type":"Feature","geometry":{"type":"Point","coordinates":[121.495991,25.099574]},"properties":{"name":"一金湖有限公司","address":"台北市士林區延平北路8段2巷56弄74號","district":"士林區","city":"臺北市","result":"檢驗","types":"新北抽驗(製造端)","grade":""}},{"type":"Feature","geometry":{"type":"Point","coordinates":[121.50611,25.026673]},"properties":{"name":"上佳水果有限公司","address":"台北市萬華區國興路84號6樓之1","district":"萬華區","city":"臺北市","result":"未檢驗","types":"新北抽驗(製造端)","grade":""}},{"type":"Feature","geometry":{"type":"Point","coordinates":[121.569091,25.079929]},"properties":{"name":"天莉國際有限公司","address":"台北市內湖區瑞光路513巷22弄5號8樓之3","district":"內湖區","city":"臺北市","result":"檢驗","types":"新北抽驗(製造端)","grade":""}},{"type":"Feature","geometry":{"type":"Point","coordinates":[121.522548,25.051435]},"properties":{"name":"君誠有限公司","address":"台北市中山區中山北路1段121巷28號1樓","district":"中山區","city":"臺北市","result":"檢驗","types":"台北稽查","grade":""}},{"type":"Feature","geometry":{"type":"Point","coordinates":[121.528178,25.051888]},"properties":{"name":"慕里諾國際股份有限公司","address":"台北市中山區南京東路2段96號7樓","district":"中山區","city":"臺北市","result":"檢驗","types":"新北抽驗(販售端)","grade":""}},{"type":"Feature","geometry":{"type":"Point","coordinates":[121.557963,25.08282]},"properties":{"name":"慕里諾國際股份有限公司","address":"台北市中山區敬業三路22號5樓","district":"中山區","city":"臺北市","result":"檢驗","types":"新北抽驗(販售端)","grade":""}},{"type":"Feature","geometry":{"type":"Point","coordinates":[121.53095,25.051087]},"properties":{"name":"慕里諾國際股份有限公司","address":"台北市中山區一江街15號","district":"中山區","city":"臺北市","result":"檢驗","types":"新北抽驗(販售端)","grade":""}},{"type":"Feature","geometry":{"type":"Point","coordinates":[121.517223,25.051218]},"properties":{"name":"慕里諾國際股份有限公司","address":"台北市大同區承德路一段一號B3","district":"大同區","city":"臺北市","result":"檢驗","types":"新北抽驗(販售端)","grade":""}},{"type":"Feature","geometry":{"type":"Point","coordinates":[121.557963,25.08282]},"properties":{"name":"慕里諾國際股份有限公司","address":"台北市中山區敬業三路22號B1","district":"中山區","city":"臺北市","result":"檢驗","types":"新北抽驗(販售端)","grade":""}},{"type":"Feature","geometry":{"type":"Point","coordinates":[121.565414,25.040865]},"properties":{"name":"慕里諾國際股份有限公司","address":"台北市信義區忠孝東路五段8號B2","district":"信義區","city":"臺北市","result":"檢驗","types":"新北抽驗(販售端)","grade":""}},{"type":"Feature","geometry":{"type":"Point","coordinates":[121.607208,25.05267]},"properties":{"name":"慕里諾國際股份有限公司","address":"台北市南港區忠孝東路七段369號C棟9樓","district":"南港區","city":"臺北市","result":"檢驗","types":"新北抽驗(販售端)","grade":""}},{"type":"Feature","geometry":{"type":"Point","coordinates":[121.524275,25.105008]},"properties":{"name":"慕里諾國際股份有限公司","address":"台北市士林區中山北路六段77號8樓","district":"士林區","city":"臺北市","result":"檢驗","types":"新北抽驗(販售端)","grade":""}},{"type":"Feature","geometry":{"type":"Point","coordinates":[121.556709,25.082926]},"properties":{"name":"慕里諾國際股份有限公司","address":"台北市中山區敬業三路20號B1","district":"中山區","city":"臺北市","result":"檢驗","types":"新北抽驗(販售端)","grade":""}},{"type":"Feature","geometry":{"type":"Point","coordinates":[121.615696,25.053362]},"properties":{"name":"慕里諾國際股份有限公司","address":"台北市大安區忠孝東路3段300號10樓","district":"大安區","city":"臺北市","result":"檢驗","types":"新北抽驗(販售端)","grade":""}},{"type":"Feature","geometry":{"type":"Point","coordinates":[121.565414,25.040865]},"properties":{"name":"慕里諾國際股份有限公司","address":"台北市信義區忠孝東路五段8號1樓","district":"信義區","city":"臺北市","result":"檢驗","types":"新北抽驗(販售端)","grade":""}},{"type":"Feature","geometry":{"type":"Point","coordinates":[121.543054,25.041212]},"properties":{"name":"慕里諾國際股份有限公司","address":"台北市大安區忠孝東路三段300號5樓","district":"大安區","city":"臺北市","result":"檢驗","types":"新北抽驗(販售端)","grade":""}},{"type":"Feature","geometry":{"type":"Point","coordinates":[121.533498,25.110132]},"properties":{"name":"慕里諾國際股份有限公司","address":"台北市士林區忠誠路二段55號B1","district":"士林區","city":"臺北市","result":"檢驗","types":"新北抽驗(販售端)","grade":""}},{"type":"Feature","geometry":{"type":"Point","coordinates":[121.540602,25.057231]},"properties":{"name":"慕里諾國際股份有限公司","address":"台北市中山區龍江路96號","district":"中山區","city":"臺北市","result":"檢驗","types":"新北抽驗(販售端)","grade":""}},{"type":"Feature","geometry":{"type":"Point","coordinates":[121.543054,25.041212]},"properties":{"name":"慕里諾國際股份有限公司","address":"台北市大安區忠孝東路三段300號7樓","district":"大安區","city":"臺北市","result":"檢驗","types":"新北抽驗(販售端)","grade":""}},{"type":"Feature","geometry":{"type":"Point","coordinates":[121.607496,25.052571]},"properties":{"name":"慕里諾國際股份有限公司","address":"台北市南港區忠孝東路七段371號B1","district":"南港區","city":"臺北市","result":"檢驗","types":"新北抽驗(販售端)","grade":""}},{"type":"Feature","geometry":{"type":"Point","coordinates":[121.558306,25.042728]},"properties":{"name":"慕里諾國際股份有限公司","address":"台北市信義區忠孝東路四段505號B2","district":"信義區","city":"臺北市","result":"檢驗","types":"新北抽驗(販售端)","grade":""}},{"type":"Feature","geometry":{"type":"Point","coordinates":[121.617583,25.059345]},"properties":{"name":"慕里諾國際股份有限公司","address":"台北市南港區經貿二路131號6樓","district":"南港區","city":"臺北市","result":"檢驗","types":"新北抽驗(販售端)","grade":""}},{"type":"Feature","geometry":{"type":"Point","coordinates":[121.56524,25.039516]},"properties":{"name":"慕里諾國際股份有限公司","address":"台北市信義區松高路11號B2","district":"信義區","city":"臺北市","result":"檢驗","types":"新北抽驗(販售端)","grade":""}},{"type":"Feature","geometry":{"type":"Point","coordinates":[121.514339,25.064767]},"properties":{"name":"郭師傅食品企業有限公司","address":"台北市大同區重慶北路3段76號1樓","district":"大同區","city":"臺北市","result":"檢驗","types":"新北抽驗(製造端)、新北抽驗(販售端)","grade":""}},{"type":"Feature","geometry":{"type":"Point","coordinates":[121.510952,25.111621]},"properties":{"name":"協昌食品有限公司","address":"台北市北投區承德路7段401巷362號","district":"北投區","city":"臺北市","result":"檢驗","types":"新北抽驗(製造端)","grade":""}},{"type":"Feature","geometry":{"type":"Point","coordinates":[121.510952,25.111621]},"properties":{"name":"協昌食品有限公司","address":"台北市北投區承德路7段401巷185號","district":"北投區","city":"臺北市","result":"檢驗","types":"新北抽驗(製造端)","grade":""}},{"type":"Feature","geometry":{"type":"Point","coordinates":[121.512181,25.042381]},"properties":{"name":"台鮮有限公司","address":"台北市中正區衡陽路51號12樓之2","district":"中正區","city":"臺北市","result":"檢驗","types":"新北抽驗(製造端)","grade":""}},{"type":"Feature","geometry":{"type":"Point","coordinates":[121.553985,25.025334]},"properties":{"name":"鼎軒有限公司","address":"台北市信義區基隆路2段141號","district":"信義區","city":"臺北市","result":"檢驗","types":"新北抽驗(製造端)、新北抽驗(販售端)","grade":""}},{"type":"Feature","geometry":{"type":"Point","coordinates":[121.560938,24.986504]},"properties":{"name":"鼎軒有限公司","address":"台北市文山區興隆路四段68-5號","district":"文山區","city":"臺北市","result":"檢驗","types":"新北抽驗(製造端)、新北抽驗(販售端)","grade":""}},{"type":"Feature","geometry":{"type":"Point","coordinates":[121.557849,25.000833]},"properties":{"name":"觀展國際行銷股份有限公司","address":"台北市文山區興隆路三段111號  萬芳商場","district":"文山區","city":"臺北市","result":"檢驗","types":"新北抽驗(製造端)","grade":""}},{"type":"Feature","geometry":{"type":"Point","coordinates":[121.546231,25.083587]},"properties":{"name":"觀展國際行銷股份有限公司","address":"台北市中山區大直街70號  實踐商場","district":"中山區","city":"臺北市","result":"檢驗","types":"新北抽驗(製造端)","grade":""}},{"type":"Feature","geometry":{"type":"Point","coordinates":[121.588457,25.060084]},"properties":{"name":"台朔環保科技股份有限公司","address":"台北市內湖區石潭里南京東路六段390號5樓","district":"內湖區","city":"臺北市","result":"未檢驗","types":"新北抽驗(製造端)","grade":""}},{"type":"Feature","geometry":{"type":"Point","coordinates":[121.588457,25.060084]},"properties":{"name":"台朔環保科技股份有限公司","address":"台北市內湖區石潭里南京東路六段390號1樓","district":"內湖區","city":"臺北市","result":"未檢驗","types":"新北抽驗(製造端)","grade":""}},{"type":"Feature","geometry":{"type":"Point","coordinates":[121.530747,25.019036]},"properties":{"name":"康和皇家生活事業股份有限公司","address":"台北市大安區羅斯福路2段41號9樓之2","district":"大安區","city":"臺北市","result":"檢驗","types":"新北抽驗(販售端)","grade":""}},{"type":"Feature","geometry":{"type":"Point","coordinates":[121.509123,25.058054]},"properties":{"name":"鼎順食品有限公司","address":"台北市大同區歸綏街240號1樓","district":"大同區","city":"臺北市","result":"檢驗","types":"新北抽驗(製造端)","grade":""}},{"type":"Feature","geometry":{"type":"Point","coordinates":[121.501319,25.139342]},"properties":{"name":"福餐聯餐飲股份有限公司","address":"台北市北投區中和街219號","district":"北投區","city":"臺北市","result":"檢驗","types":"新北抽驗(製造端)","grade":""}},{"type":"Feature","geometry":{"type":"Point","coordinates":[121.557861,25.060048]},"properties":{"name":"福餐聯餐飲股份有限公司","address":"台北市松山區民生東路5段92號","district":"松山區","city":"臺北市","result":"檢驗","types":"新北抽驗(製造端)","grade":""}},{"type":"Feature","geometry":{"type":"Point","coordinates":[121.540578,25.066097]},"properties":{"name":"福餐聯餐飲股份有限公司","address":"台北市中山區龍江路356巷7號","district":"中山區","city":"臺北市","result":"檢驗","types":"新北抽驗(製造端)","grade":""}},{"type":"Feature","geometry":{"type":"Point","coordinates":[121.522341,25.094353]},"properties":{"name":"福餐聯餐飲股份有限公司","address":"台北市士林區中正路351號","district":"士林區","city":"臺北市","result":"檢驗","types":"新北抽驗(製造端)","grade":""}},{"type":"Feature","geometry":{"type":"Point","coordinates":[121.584186,25.078315]},"properties":{"name":"福餐聯餐飲股份有限公司","address":"台北市內湖區文德路212號","district":"內湖區","city":"臺北市","result":"檢驗","types":"新北抽驗(製造端)","grade":""}},{"type":"Feature","geometry":{"type":"Point","coordinates":[121.59363,25.084126]},"properties":{"name":"福餐聯餐飲股份有限公司","address":"台北市內湖區成功路4段327、329號","district":"內湖區","city":"臺北市","result":"檢驗","types":"新北抽驗(製造端)","grade":""}},{"type":"Feature","geometry":{"type":"Point","coordinates":[121.614526,25.068577]},"properties":{"name":"福餐聯餐飲股份有限公司","address":"台北市內湖區東湖路82號1-2樓","district":"內湖區","city":"臺北市","result":"檢驗","types":"新北抽驗(製造端)","grade":""}},{"type":"Feature","geometry":{"type":"Point","coordinates":[121.58351,25.045036]},"properties":{"name":"福餐聯餐飲股份有限公司","address":"台北市南港區玉成街148號","district":"南港區","city":"臺北市","result":"檢驗","types":"新北抽驗(製造端)","grade":""}},{"type":"Feature","geometry":{"type":"Point","coordinates":[121.523135,25.094644]},"properties":{"name":"福餐聯餐飲股份有限公司","address":"台北市士林區中正路251號","district":"士林區","city":"臺北市","result":"檢驗","types":"新北抽驗(製造端)","grade":""}},{"type":"Feature","geometry":{"type":"Point","coordinates":[121.568764,25.043147]},"properties":{"name":"福餐聯餐飲股份有限公司","address":"台北市信義區永吉路30巷157弄2號","district":"信義區","city":"臺北市","result":"檢驗","types":"新北抽驗(製造端)","grade":""}},{"type":"Feature","geometry":{"type":"Point","coordinates":[121.545373,25.043704]},"properties":{"name":"福餐聯餐飲股份有限公司","address":"台北市大安區復興南路一段107巷21號","district":"大安區","city":"臺北市","result":"檢驗","types":"新北抽驗(製造端)","grade":""}},{"type":"Feature","geometry":{"type":"Point","coordinates":[121.531777,25.063412]},"properties":{"name":"福餐聯餐飲股份有限公司","address":"台北市中山區民權東路二段19號","district":"中山區","city":"臺北市","result":"檢驗","types":"新北抽驗(製造端)","grade":""}},{"type":"Feature","geometry":{"type":"Point","coordinates":[121.531185,25.033424]},"properties":{"name":"福餐聯餐飲股份有限公司","address":"台北市大安區信義路二段218號","district":"大安區","city":"臺北市","result":"檢驗","types":"新北抽驗(製造端)","grade":""}},{"type":"Feature","geometry":{"type":"Point","coordinates":[121.521028,25.062525]},"properties":{"name":"福餐聯餐飲股份有限公司","address":"台北市中山區民權西路42號","district":"中山區","city":"臺北市","result":"檢驗","types":"新北抽驗(製造端)","grade":""}},{"type":"Feature","geometry":{"type":"Point","coordinates":[121.548464,25.040964]},"properties":{"name":"福餐聯餐飲股份有限公司","address":"台北市大安區敦化南路一段226號","district":"大安區","city":"臺北市","result":"檢驗","types":"新北抽驗(製造端)","grade":""}},{"type":"Feature","geometry":{"type":"Point","coordinates":[121.524226,25.094779]},"properties":{"name":"福餐聯餐飲股份有限公司","address":"台北市士林區中正路281號","district":"士林區","city":"臺北市","result":"檢驗","types":"新北抽驗(製造端)","grade":""}},{"type":"Feature","geometry":{"type":"Point","coordinates":[121.560687,25.052868]},"properties":{"name":"福餐聯餐飲股份有限公司","address":"台北市松山區南京東路五段123巷31號","district":"松山區","city":"臺北市","result":"檢驗","types":"新北抽驗(製造端)","grade":""}},{"type":"Feature","geometry":{"type":"Point","coordinates":[121.543569,25.060311]},"properties":{"name":"福餐聯餐飲股份有限公司","address":"台北市中山區錦州街459號","district":"中山區","city":"臺北市","result":"檢驗","types":"新北抽驗(製造端)","grade":""}},{"type":"Feature","geometry":{"type":"Point","coordinates":[121.515829,25.115725]},"properties":{"name":"福餐聯餐飲股份有限公司","address":"台北市北投區石牌路二段42號","district":"北投區","city":"臺北市","result":"檢驗","types":"新北抽驗(製造端)","grade":""}},{"type":"Feature","geometry":{"type":"Point","coordinates":[121.526308,25.118348]},"properties":{"name":"福餐聯餐飲股份有限公司","address":"台北市士林區天母西路32號","district":"士林區","city":"臺北市","result":"檢驗","types":"新北抽驗(製造端)","grade":""}},{"type":"Feature","geometry":{"type":"Point","coordinates":[121.515743,25.057145]},"properties":{"name":"福餐聯餐飲股份有限公司","address":"台北市大同區民生西路231號","district":"大同區","city":"臺北市","result":"檢驗","types":"新北抽驗(製造端)","grade":""}},{"type":"Feature","geometry":{"type":"Point","coordinates":[121.554146,25.032492]},"properties":{"name":"福餐聯餐飲股份有限公司","address":"台北市大安區文昌街205號","district":"大安區","city":"臺北市","result":"檢驗","types":"新北抽驗(製造端)","grade":""}},{"type":"Feature","geometry":{"type":"Point","coordinates":[121.515858,25.11579]},"properties":{"name":"福餐聯餐飲股份有限公司","address":"台北市北投區石牌路二段46號","district":"北投區","city":"臺北市","result":"檢驗","types":"新北抽驗(製造端)","grade":""}},{"type":"Feature","geometry":{"type":"Point","coordinates":[121.519132,25.053082]},"properties":{"name":"福餐聯餐飲股份有限公司","address":"台北市大同區南京西路61號","district":"大同區","city":"臺北市","result":"檢驗","types":"新北抽驗(製造端)","grade":""}},{"type":"Feature","geometry":{"type":"Point","coordinates":[121.533473,25.015274]},"properties":{"name":"福餐聯餐飲股份有限公司","address":"台北市中正區羅斯福路四段38之1號","district":"中正區","city":"臺北市","result":"檢驗","types":"新北抽驗(製造端)","grade":""}},{"type":"Feature","geometry":{"type":"Point","coordinates":[121.571986,25.023708]},"properties":{"name":"福餐聯餐飲股份有限公司","address":"台北市中山區錦州路436號1樓","district":"中山區","city":"臺北市","result":"檢驗","types":"新北抽驗(製造端)","grade":""}},{"type":"Feature","geometry":{"type":"Point","coordinates":[121.515808,25.071504]},"properties":{"name":"福餐聯餐飲股份有限公司","address":"台北市大同區大龍街298號1樓","district":"大同區","city":"臺北市","result":"檢驗","types":"新北抽驗(製造端)","grade":""}},{"type":"Feature","geometry":{"type":"Point","coordinates":[121.575471,25.0762]},"properties":{"name":"福餐聯餐飲股份有限公司","address":"台北市內湖區江南街130號","district":"內湖區","city":"臺北市","result":"檢驗","types":"新北抽驗(製造端)","grade":""}},{"type":"Feature","geometry":{"type":"Point","coordinates":[121.542728,25.022275]},"properties":{"name":"福餐聯餐飲股份有限公司","address":"台北市大安區復興南路二段2號","district":"大安區","city":"臺北市","result":"檢驗","types":"新北抽驗(製造端)","grade":""}},{"type":"Feature","geometry":{"type":"Point","coordinates":[121.524155,25.094763]},"properties":{"name":"福餐聯餐飲股份有限公司","address":"台北市士林區中正路283號","district":"士林區","city":"臺北市","result":"檢驗","types":"新北抽驗(製造端)","grade":""}},{"type":"Feature","geometry":{"type":"Point","coordinates":[121.562945,25.028571]},"properties":{"name":"福餐聯餐飲股份有限公司","address":"台北市信義區莊敬路290號1樓","district":"信義區","city":"臺北市","result":"檢驗","types":"新北抽驗(製造端)","grade":""}},{"type":"Feature","geometry":{"type":"Point","coordinates":[121.522479,25.120637]},"properties":{"name":"福餐聯餐飲股份有限公司","address":"台北市北投區石牌路二段201號","district":"北投區","city":"臺北市","result":"檢驗","types":"新北抽驗(製造端)","grade":""}},{"type":"Feature","geometry":{"type":"Point","coordinates":[121.559266,24.990038]},"properties":{"name":"爭鮮股份有限公司","address":"台北市文山區興隆路2段305號","district":"文山區","city":"臺北市","result":"檢驗","types":"新北抽驗(製造端)、新北抽驗(販售端)","grade":""}},{"type":"Feature","geometry":{"type":"Point","coordinates":[121.564064,25.026728]},"properties":{"name":"爭鮮股份有限公司","address":"台北市信義區吳興街273號1樓","district":"信義區","city":"臺北市","result":"檢驗","types":"新北抽驗(製造端)、新北抽驗(販售端)","grade":""}},{"type":"Feature","geometry":{"type":"Point","coordinates":[121.578764,25.036732]},"properties":{"name":"爭鮮股份有限公司","address":"台北市信義區松山路11號1樓","district":"信義區","city":"臺北市","result":"檢驗","types":"新北抽驗(製造端)、新北抽驗(販售端)","grade":""}},{"type":"Feature","geometry":{"type":"Point","coordinates":[121.507343,25.044226]},"properties":{"name":"爭鮮股份有限公司","address":"台北市萬華區漢中街42號2樓之1-24","district":"萬華區","city":"臺北市","result":"檢驗","types":"新北抽驗(製造端)、新北抽驗(販售端)","grade":""}},{"type":"Feature","geometry":{"type":"Point","coordinates":[121.514148,25.064724]},"properties":{"name":"爭鮮股份有限公司","address":"台北市大同區重慶北路2段171號","district":"大同區","city":"臺北市","result":"檢驗","types":"新北抽驗(製造端)、新北抽驗(販售端)","grade":""}},{"type":"Feature","geometry":{"type":"Point","coordinates":[121.495751,25.038089]},"properties":{"name":"爭鮮股份有限公司","address":"台北市萬華區桂林路1號1樓","district":"萬華區","city":"臺北市","result":"檢驗","types":"新北抽驗(製造端)、新北抽驗(販售端)","grade":""}},{"type":"Feature","geometry":{"type":"Point","coordinates":[121.528178,25.051888]},"properties":{"name":"爭鮮股份有限公司","address":"台北市中山區南京東路2段174號2樓","district":"中山區","city":"臺北市","result":"檢驗","types":"新北抽驗(製造端)、新北抽驗(販售端)","grade":""}},{"type":"Feature","geometry":{"type":"Point","coordinates":[121.509194,25.047845]},"properties":{"name":"爭鮮股份有限公司","address":"台北市萬華區中華路2段484巷6號1樓","district":"萬華區","city":"臺北市","result":"檢驗","types":"新北抽驗(製造端)、新北抽驗(販售端)","grade":""}},{"type":"Feature","geometry":{"type":"Point","coordinates":[121.533625,25.034714]},"properties":{"name":"爭鮮股份有限公司","address":"台北市大安區新生南路3段88之4號一樓","district":"大安區","city":"臺北市","result":"檢驗","types":"新北抽驗(製造端)、新北抽驗(販售端)","grade":""}},{"type":"Feature","geometry":{"type":"Point","coordinates":[121.530747,25.019036]},"properties":{"name":"爭鮮股份有限公司","address":"台北市大安區羅斯福路2段75號1樓","district":"大安區","city":"臺北市","result":"檢驗","types":"新北抽驗(製造端)、新北抽驗(販售端)","grade":""}},{"type":"Feature","geometry":{"type":"Point","coordinates":[121.533383,25.060575]},"properties":{"name":"爭鮮股份有限公司","address":"台北市中山區松江路289號2樓","district":"中山區","city":"臺北市","result":"檢驗","types":"新北抽驗(製造端)、新北抽驗(販售端)","grade":""}},{"type":"Feature","geometry":{"type":"Point","coordinates":[121.524817,25.054462]},"properties":{"name":"爭鮮股份有限公司","address":"台北市中山區中山北路二段45巷35號1樓","district":"中山區","city":"臺北市","result":"檢驗","types":"新北抽驗(製造端)、新北抽驗(販售端)","grade":""}},{"type":"Feature","geometry":{"type":"Point","coordinates":[121.570823,24.987577]},"properties":{"name":"爭鮮股份有限公司","address":"台北市文山區木新路3段153號","district":"文山區","city":"臺北市","result":"檢驗","types":"新北抽驗(製造端)、新北抽驗(販售端)","grade":""}},{"type":"Feature","geometry":{"type":"Point","coordinates":[121.518287,25.033191]},"properties":{"name":"爭鮮股份有限公司","address":"台北市中正區林森南路142號2樓","district":"中正區","city":"臺北市","result":"檢驗","types":"新北抽驗(製造端)、新北抽驗(販售端)","grade":""}},{"type":"Feature","geometry":{"type":"Point","coordinates":[121.611356,25.070142]},"properties":{"name":"爭鮮股份有限公司","address":"台北市內湖區康寧路三段72號1F","district":"內湖區","city":"臺北市","result":"檢驗","types":"新北抽驗(製造端)、新北抽驗(販售端)","grade":""}},{"type":"Feature","geometry":{"type":"Point","coordinates":[121.575362,25.060142]},"properties":{"name":"爭鮮股份有限公司","address":"台北市內湖區民善街88號1樓","district":"內湖區","city":"臺北市","result":"檢驗","types":"新北抽驗(製造端)、新北抽驗(販售端)","grade":""}},{"type":"Feature","geometry":{"type":"Point","coordinates":[121.542479,25.046855]},"properties":{"name":"爭鮮股份有限公司","address":"台北市中山區八德路二段306號B1","district":"中山區","city":"臺北市","result":"檢驗","types":"新北抽驗(製造端)、新北抽驗(販售端)","grade":""}},{"type":"Feature","geometry":{"type":"Point","coordinates":[121.578764,25.036732]},"properties":{"name":"爭鮮股份有限公司","address":"台北市信義區松山路11號","district":"信義區","city":"臺北市","result":"檢驗","types":"新北抽驗(製造端)、新北抽驗(販售端)","grade":""}},{"type":"Feature","geometry":{"type":"Point","coordinates":[121.57453,25.071681]},"properties":{"name":"爭鮮股份有限公司","address":"台北市內湖區湖元里舊宗路1段188號","district":"內湖區","city":"臺北市","result":"檢驗","types":"新北抽驗(製造端)、新北抽驗(販售端)","grade":""}},{"type":"Feature","geometry":{"type":"Point","coordinates":[121.514756,25.051384]},"properties":{"name":"爭鮮股份有限公司","address":"台北市大同區長安西路52-1號B1","district":"大同區","city":"臺北市","result":"檢驗","types":"新北抽驗(製造端)、新北抽驗(販售端)","grade":""}},{"type":"Feature","geometry":{"type":"Point","coordinates":[121.518991,25.046234]},"properties":{"name":"爭鮮股份有限公司","address":"台北市中正區忠孝西路1段171號1樓","district":"中正區","city":"臺北市","result":"檢驗","types":"新北抽驗(製造端)、新北抽驗(販售端)","grade":""}},{"type":"Feature","geometry":{"type":"Point","coordinates":[121.518991,25.046234]},"properties":{"name":"爭鮮股份有限公司","address":"台北市中正區忠孝西路1段49號B1","district":"中正區","city":"臺北市","result":"檢驗","types":"新北抽驗(製造端)、新北抽驗(販售端)","grade":""}},{"type":"Feature","geometry":{"type":"Point","coordinates":[121.526372,25.092844]},"properties":{"name":"爭鮮股份有限公司","address":"台北市士林區福德路1號","district":"士林區","city":"臺北市","result":"檢驗","types":"新北抽驗(製造端)、新北抽驗(販售端)","grade":""}},{"type":"Feature","geometry":{"type":"Point","coordinates":[121.555907,25.083572]},"properties":{"name":"爭鮮股份有限公司","address":"台北市中山區敬業三路11號1樓","district":"中山區","city":"臺北市","result":"檢驗","types":"新北抽驗(製造端)、新北抽驗(販售端)","grade":""}},{"type":"Feature","geometry":{"type":"Point","coordinates":[121.555907,25.083572]},"properties":{"name":"爭鮮股份有限公司","address":"台北市中山區成功里敬業三路11號","district":"中山區","city":"臺北市","result":"檢驗","types":"新北抽驗(製造端)、新北抽驗(販售端)","grade":""}},{"type":"Feature","geometry":{"type":"Point","coordinates":[121.515793,25.046433]},"properties":{"name":"爭鮮股份有限公司","address":"台北市中正區忠孝西路一段50號2F","district":"中正區","city":"臺北市","result":"檢驗","types":"新北抽驗(製造端)、新北抽驗(販售端)","grade":""}},{"type":"Feature","geometry":{"type":"Point","coordinates":[121.515793,25.046433]},"properties":{"name":"爭鮮股份有限公司","address":"台北市中正區忠孝西路一段50號2樓","district":"中正區","city":"臺北市","result":"檢驗","types":"新北抽驗(製造端)、新北抽驗(販售端)","grade":""}},{"type":"Feature","geometry":{"type":"Point","coordinates":[121.524502,25.09584]},"properties":{"name":"爭鮮股份有限公司","address":"台北市士林區文林路468號1樓","district":"士林區","city":"臺北市","result":"檢驗","types":"新北抽驗(製造端)、新北抽驗(販售端)","grade":""}},{"type":"Feature","geometry":{"type":"Point","coordinates":[121.507343,25.044226]},"properties":{"name":"爭鮮股份有限公司","address":"台北市萬華區漢中街42號2樓-16","district":"萬華區","city":"臺北市","result":"檢驗","types":"新北抽驗(製造端)、新北抽驗(販售端)","grade":""}},{"type":"Feature","geometry":{"type":"Point","coordinates":[121.538405,25.033755]},"properties":{"name":"爭鮮股份有限公司","address":"台北市大安區信義路三段89號","district":"大安區","city":"臺北市","result":"檢驗","types":"新北抽驗(製造端)、新北抽驗(販售端)","grade":""}},{"type":"Feature","geometry":{"type":"Point","coordinates":[121.538405,25.033755]},"properties":{"name":"爭鮮股份有限公司","address":"台北市大安區信義路三段89號(大安郵局)","district":"大安區","city":"臺北市","result":"檢驗","types":"新北抽驗(製造端)、新北抽驗(販售端)","grade":""}},{"type":"Feature","geometry":{"type":"Point","coordinates":[121.611534,25.05317]},"properties":{"name":"爭鮮股份有限公司","address":"台北市南港區忠孝東路7段369號1樓(A棟)","district":"南港區","city":"臺北市","result":"檢驗","types":"新北抽驗(製造端)、新北抽驗(販售端)","grade":""}},{"type":"Feature","geometry":{"type":"Point","coordinates":[121.526369,25.054925]},"properties":{"name":"爭鮮股份有限公司","address":"台北市中山區長春路40號2樓","district":"中山區","city":"臺北市","result":"檢驗","types":"新北抽驗(製造端)、新北抽驗(販售端)","grade":""}},{"type":"Feature","geometry":{"type":"Point","coordinates":[121.56515,25.040867]},"properties":{"name":"爭鮮股份有限公司","address":"台北市信義區忠孝東路五段6號1樓","district":"信義區","city":"臺北市","result":"檢驗","types":"新北抽驗(製造端)、新北抽驗(販售端)","grade":""}},{"type":"Feature","geometry":{"type":"Point","coordinates":[121.522781,25.105742]},"properties":{"name":"爭鮮股份有限公司","address":"台北市士林區德行西路47號","district":"士林區","city":"臺北市","result":"檢驗","types":"新北抽驗(製造端)、新北抽驗(販售端)","grade":""}},{"type":"Feature","geometry":{"type":"Point","coordinates":[121.521756,25.052539]},"properties":{"name":"爭鮮股份有限公司","address":"台北市中山區南京西路1號","district":"中山區","city":"臺北市","result":"檢驗","types":"新北抽驗(製造端)、新北抽驗(販售端)","grade":""}},{"type":"Feature","geometry":{"type":"Point","coordinates":[121.508025,25.042683]},"properties":{"name":"爭鮮股份有限公司","address":"台北市萬華區中華路一段152號2F","district":"萬華區","city":"臺北市","result":"檢驗","types":"新北抽驗(製造端)、新北抽驗(販售端)","grade":""}},{"type":"Feature","geometry":{"type":"Point","coordinates":[121.49851,25.132134]},"properties":{"name":"爭鮮股份有限公司","address":"台北市北投區光明路1號","district":"北投區","city":"臺北市","result":"檢驗","types":"新北抽驗(製造端)、新北抽驗(販售端)","grade":""}},{"type":"Feature","geometry":{"type":"Point","coordinates":[121.517041,25.046064]},"properties":{"name":"爭鮮股份有限公司","address":"台北市中正區忠孝西路一段36號B1","district":"中正區","city":"臺北市","result":"檢驗","types":"新北抽驗(製造端)、新北抽驗(販售端)","grade":""}},{"type":"Feature","geometry":{"type":"Point","coordinates":[121.512519,25.055512]},"properties":{"name":"爭鮮股份有限公司","address":"台北市大同區南京西路16號","district":"大同區","city":"臺北市","result":"檢驗","types":"新北抽驗(製造端)、新北抽驗(販售端)","grade":""}},{"type":"Feature","geometry":{"type":"Point","coordinates":[121.566264,25.035351]},"properties":{"name":"爭鮮股份有限公司","address":"台北市信義區松壽路12號5樓","district":"信義區","city":"臺北市","result":"檢驗","types":"新北抽驗(製造端)、新北抽驗(販售端)","grade":""}},{"type":"Feature","geometry":{"type":"Point","coordinates":[121.517244,25.046481]},"properties":{"name":"爭鮮股份有限公司","address":"台北市中正區忠孝西路一段49號B3","district":"中正區","city":"臺北市","result":"檢驗","types":"新北抽驗(製造端)、新北抽驗(販售端)","grade":""}},{"type":"Feature","geometry":{"type":"Point","coordinates":[121.522473,25.027345]},"properties":{"name":"爭鮮股份有限公司","address":"台北市大安區羅斯福路二段51號1F","district":"大安區","city":"臺北市","result":"檢驗","types":"新北抽驗(製造端)、新北抽驗(販售端)","grade":""}},{"type":"Feature","geometry":{"type":"Point","coordinates":[121.567907,25.084798]},"properties":{"name":"爭鮮股份有限公司","address":"台北市內湖區內湖路一段285巷21號1樓","district":"內湖區","city":"臺北市","result":"檢驗","types":"新北抽驗(製造端)、新北抽驗(販售端)","grade":""}},{"type":"Feature","geometry":{"type":"Point","coordinates":[121.557849,25.000833]},"properties":{"name":"爭鮮股份有限公司","address":"台北市文山區興隆路三段111號(萬芳商場)","district":"文山區","city":"臺北市","result":"檢驗","types":"新北抽驗(製造端)、新北抽驗(販售端)","grade":""}},{"type":"Feature","geometry":{"type":"Point","coordinates":[121.546231,25.083587]},"properties":{"name":"爭鮮股份有限公司","address":"台北市中山區大直街70號(實踐商場)","district":"中山區","city":"臺北市","result":"檢驗","types":"新北抽驗(製造端)、新北抽驗(販售端)","grade":""}},{"type":"Feature","geometry":{"type":"Point","coordinates":[121.607208,25.05267]},"properties":{"name":"爭鮮股份有限公司","address":"台北市南港區忠孝東路七段369號1F ( CITYLINK B棟)","district":"南港區","city":"臺北市","result":"檢驗","types":"新北抽驗(製造端)、新北抽驗(販售端)","grade":""}},{"type":"Feature","geometry":{"type":"Point","coordinates":[121.575438,25.039892]},"properties":{"name":"爭鮮股份有限公司","address":"台北市信義區忠孝東路五段51號","district":"信義區","city":"臺北市","result":"檢驗","types":"新北抽驗(製造端)、新北抽驗(販售端)","grade":""}},{"type":"Feature","geometry":{"type":"Point","coordinates":[121.52535,25.094837]},"properties":{"name":"爭鮮股份有限公司","address":"台北市士林區福德里美德街38號","district":"士林區","city":"臺北市","result":"檢驗","types":"新北抽驗(製造端)、新北抽驗(販售端)","grade":""}},{"type":"Feature","geometry":{"type":"Point","coordinates":[121.561111,25.044737]},"properties":{"name":"爭鮮股份有限公司","address":"台北市信義區菸廠路88號3樓","district":"信義區","city":"臺北市","result":"檢驗","types":"新北抽驗(製造端)、新北抽驗(販售端)","grade":""}},{"type":"Feature","geometry":{"type":"Point","coordinates":[121.515373,25.115841]},"properties":{"name":"爭鮮股份有限公司","address":"台北市北投區石牌路二段21號","district":"北投區","city":"臺北市","result":"檢驗","types":"新北抽驗(製造端)、新北抽驗(販售端)","grade":""}},{"type":"Feature","geometry":{"type":"Point","coordinates":[121.534075,25.024603]},"properties":{"name":"爭鮮股份有限公司","address":"台北市大安區新生南路3段88之4號","district":"大安區","city":"臺北市","result":"檢驗","types":"新北抽驗(製造端)、新北抽驗(販售端)","grade":""}},{"type":"Feature","geometry":{"type":"Point","coordinates":[121.525283,25.057021]},"properties":{"name":"爭鮮股份有限公司","address":"台北市中山區中山北路45巷35號1樓","district":"中山區","city":"臺北市","result":"檢驗","types":"新北抽驗(製造端)、新北抽驗(販售端)","grade":""}},{"type":"Feature","geometry":{"type":"Point","coordinates":[121.61258,25.053227]},"properties":{"name":"爭鮮股份有限公司","address":"台北市大安區忠孝東路4段209號2樓","district":"大安區","city":"臺北市","result":"檢驗","types":"新北抽驗(製造端)、新北抽驗(販售端)","grade":""}},{"type":"Feature","geometry":{"type":"Point","coordinates":[121.543934,25.036749]},"properties":{"name":"爭鮮股份有限公司","address":"台北市大安區復興南路2段191號1樓","district":"大安區","city":"臺北市","result":"檢驗","types":"新北抽驗(製造端)、新北抽驗(販售端)","grade":""}},{"type":"Feature","geometry":{"type":"Point","coordinates":[121.553174,25.041514]},"properties":{"name":"爭鮮股份有限公司","address":"台北市大安區忠孝東路四段67-1號2樓","district":"大安區","city":"臺北市","result":"檢驗","types":"新北抽驗(製造端)、新北抽驗(販售端)","grade":""}},{"type":"Feature","geometry":{"type":"Point","coordinates":[121.557878,25.059259]},"properties":{"name":"爭鮮股份有限公司","address":"台北市松山區民生東路五段10號","district":"松山區","city":"臺北市","result":"檢驗","types":"新北抽驗(製造端)、新北抽驗(販售端)","grade":""}},{"type":"Feature","geometry":{"type":"Point","coordinates":[121.577661,25.040488]},"properties":{"name":"爭鮮股份有限公司","address":"台北市信義區松山路460號1樓","district":"信義區","city":"臺北市","result":"檢驗","types":"新北抽驗(製造端)、新北抽驗(販售端)","grade":""}},{"type":"Feature","geometry":{"type":"Point","coordinates":[121.573666,25.073638]},"properties":{"name":"爭鮮股份有限公司","address":"台北市內湖區舊宗路1段188號1樓","district":"內湖區","city":"臺北市","result":"檢驗","types":"新北抽驗(製造端)、新北抽驗(販售端)","grade":""}},{"type":"Feature","geometry":{"type":"Point","coordinates":[121.59363,25.084126]},"properties":{"name":"爭鮮股份有限公司","address":"台北市內湖區成功路4段186號","district":"內湖區","city":"臺北市","result":"檢驗","types":"新北抽驗(製造端)、新北抽驗(販售端)","grade":""}},{"type":"Feature","geometry":{"type":"Point","coordinates":[121.608953,25.068023]},"properties":{"name":"爭鮮股份有限公司","address":"台北市內湖區康寧路3段18號1樓","district":"內湖區","city":"臺北市","result":"檢驗","types":"新北抽驗(製造端)、新北抽驗(販售端)","grade":""}},{"type":"Feature","geometry":{"type":"Point","coordinates":[121.504399,25.13711]},"properties":{"name":"爭鮮股份有限公司","address":"台北市北投區泉源路12號","district":"北投區","city":"臺北市","result":"檢驗","types":"新北抽驗(製造端)、新北抽驗(販售端)","grade":""}},{"type":"Feature","geometry":{"type":"Point","coordinates":[121.520458,25.092422]},"properties":{"name":"爭鮮股份有限公司","address":"台北市士林區基河路258號","district":"士林區","city":"臺北市","result":"檢驗","types":"新北抽驗(製造端)、新北抽驗(販售端)","grade":""}},{"type":"Feature","geometry":{"type":"Point","coordinates":[121.525854,25.09547]},"properties":{"name":"爭鮮股份有限公司","address":"台北市士林區中正路230號","district":"士林區","city":"臺北市","result":"檢驗","types":"新北抽驗(製造端)、新北抽驗(販售端)","grade":""}},{"type":"Feature","geometry":{"type":"Point","coordinates":[121.542298,24.99219]},"properties":{"name":"爭鮮股份有限公司","address":"台北市文山區景中街30巷12號1F","district":"文山區","city":"臺北市","result":"檢驗","types":"新北抽驗(製造端)、新北抽驗(販售端)","grade":""}},{"type":"Feature","geometry":{"type":"Point","coordinates":[121.578764,25.036732]},"properties":{"name":"爭鮮股份有限公司","address":"台北市信義區松山路11號B1(台鐵松山B1)","district":"信義區","city":"臺北市","result":"檢驗","types":"新北抽驗(製造端)、新北抽驗(販售端)","grade":""}},{"type":"Feature","geometry":{"type":"Point","coordinates":[121.543364,25.025122]},"properties":{"name":"爭鮮股份有限公司","address":"台北市大安區復興南路二段235號","district":"大安區","city":"臺北市","result":"檢驗","types":"新北抽驗(製造端)、新北抽驗(販售端)","grade":""}},{"type":"Feature","geometry":{"type":"Point","coordinates":[121.553373,25.02554]},"properties":{"name":"爭鮮股份有限公司","address":"台北市大安區基隆路3段85號(長興商場)","district":"大安區","city":"臺北市","result":"檢驗","types":"新北抽驗(製造端)、新北抽驗(販售端)","grade":""}},{"type":"Feature","geometry":{"type":"Point","coordinates":[121.530087,25.0146]},"properties":{"name":"爭鮮股份有限公司","address":"台北市中正區思源街16號(水源商場)","district":"中正區","city":"臺北市","result":"檢驗","types":"新北抽驗(製造端)、新北抽驗(販售端)","grade":""}},{"type":"Feature","geometry":{"type":"Point","coordinates":[121.517244,25.046481]},"properties":{"name":"爭鮮股份有限公司","address":"台北市中正區忠孝西路一段49號B1(北捷M6商場)","district":"中正區","city":"臺北市","result":"檢驗","types":"新北抽驗(製造端)、新北抽驗(販售端)","grade":""}},{"type":"Feature","geometry":{"type":"Point","coordinates":[121.520047,25.057707]},"properties":{"name":"爭鮮股份有限公司","address":"台北市大同區民生西路67號","district":"大同區","city":"臺北市","result":"檢驗","types":"新北抽驗(製造端)、新北抽驗(販售端)","grade":""}},{"type":"Feature","geometry":{"type":"Point","coordinates":[121.526369,25.054925]},"properties":{"name":"爭鮮股份有限公司","address":"台北市中山區台北市中山區長春路40號2F","district":"中山區","city":"臺北市","result":"檢驗","types":"新北抽驗(製造端)、新北抽驗(販售端)","grade":""}},{"type":"Feature","geometry":{"type":"Point","coordinates":[121.518555,25.040776]},"properties":{"name":"爭鮮股份有限公司","address":"台北市中正區中山南路7號(台大醫東址商場)","district":"中正區","city":"臺北市","result":"檢驗","types":"新北抽驗(製造端)、新北抽驗(販售端)","grade":""}},{"type":"Feature","geometry":{"type":"Point","coordinates":[121.563407,25.027553]},"properties":{"name":"爭鮮股份有限公司","address":"台北市信義區吳興街235號","district":"信義區","city":"臺北市","result":"檢驗","types":"新北抽驗(製造端)、新北抽驗(販售端)","grade":""}},{"type":"Feature","geometry":{"type":"Point","coordinates":[121.545852,25.05201]},"properties":{"name":"爭鮮股份有限公司","address":"台北市松山區南京東路三段285號1樓","district":"松山區","city":"臺北市","result":"檢驗","types":"新北抽驗(製造端)、新北抽驗(販售端)","grade":""}},{"type":"Feature","geometry":{"type":"Point","coordinates":[121.545852,25.05201]},"properties":{"name":"爭鮮股份有限公司","address":"台北市信義區南京東路三段285號1樓","district":"信義區","city":"臺北市","result":"檢驗","types":"新北抽驗(製造端)、新北抽驗(販售端)","grade":""}},{"type":"Feature","geometry":{"type":"Point","coordinates":[121.525917,25.043981]},"properties":{"name":"爭鮮股份有限公司","address":"台北市中正區忠孝東路一段152號","district":"中正區","city":"臺北市","result":"檢驗","types":"新北抽驗(製造端)、新北抽驗(販售端)","grade":""}},{"type":"Feature","geometry":{"type":"Point","coordinates":[121.563702,25.051214]},"properties":{"name":"爭鮮股份有限公司","address":"台北市松山區南京東路五段186號之1","district":"松山區","city":"臺北市","result":"檢驗","types":"新北抽驗(製造端)、新北抽驗(販售端)","grade":""}},{"type":"Feature","geometry":{"type":"Point","coordinates":[121.59151,25.082262]},"properties":{"name":"爭鮮股份有限公司","address":"台北市內湖區成功路四段30巷16號1樓","district":"內湖區","city":"臺北市","result":"檢驗","types":"新北抽驗(製造端)、新北抽驗(販售端)","grade":""}},{"type":"Feature","geometry":{"type":"Point","coordinates":[121.520156,25.051812]},"properties":{"name":"爭鮮股份有限公司","address":"台北市大同區南京西路18巷6弄1-1號","district":"大同區","city":"臺北市","result":"檢驗","types":"新北抽驗(製造端)、新北抽驗(販售端)","grade":""}},{"type":"Feature","geometry":{"type":"Point","coordinates":[121.537371,25.061259]},"properties":{"name":"三商餐飲股份有限公司","address":"台北市中山區建國北路二段145號5樓","district":"中山區","city":"臺北市","result":"檢驗","types":"新北抽驗(製造端)","grade":""}},{"type":"Feature","geometry":{"type":"Point","coordinates":[121.523561,25.118868]},"properties":{"name":"三商餐飲股份有限公司","address":"台北市北投區天母西路109號","district":"北投區","city":"臺北市","result":"檢驗","types":"新北抽驗(製造端)","grade":""}},{"type":"Feature","geometry":{"type":"Point","coordinates":[121.613842,25.055788]},"properties":{"name":"三商餐飲股份有限公司","address":"台北市南港區三重路7號","district":"南港區","city":"臺北市","result":"檢驗","types":"新北抽驗(製造端)","grade":""}},{"type":"Feature","geometry":{"type":"Point","coordinates":[121.553818,25.048061]},"properties":{"name":"三商餐飲股份有限公司","address":"台北市松山區八德路三段112號","district":"松山區","city":"臺北市","result":"檢驗","types":"新北抽驗(製造端)","grade":""}},{"type":"Feature","geometry":{"type":"Point","coordinates":[121.540857,25.060982]},"properties":{"name":"三商餐飲股份有限公司","address":"台北市中山區龍江路303號","district":"中山區","city":"臺北市","result":"檢驗","types":"新北抽驗(製造端)","grade":""}},{"type":"Feature","geometry":{"type":"Point","coordinates":[121.519591,25.057647]},"properties":{"name":"三商餐飲股份有限公司","address":"台北市大同區民生西路83號","district":"大同區","city":"臺北市","result":"檢驗","types":"新北抽驗(製造端)","grade":""}},{"type":"Feature","geometry":{"type":"Point","coordinates":[121.524844,25.094563]},"properties":{"name":"三商餐飲股份有限公司","address":"台北市士林區文林路430號1樓","district":"士林區","city":"臺北市","result":"檢驗","types":"新北抽驗(製造端)","grade":""}},{"type":"Feature","geometry":{"type":"Point","coordinates":[121.589991,25.079565]},"properties":{"name":"三商餐飲股份有限公司","address":"台北市內湖區成功路三段141號","district":"內湖區","city":"臺北市","result":"檢驗","types":"新北抽驗(製造端)","grade":""}},{"type":"Feature","geometry":{"type":"Point","coordinates":[121.576176,25.045653]},"properties":{"name":"三商餐飲股份有限公司","address":"台北市信義區永吉路343號1樓","district":"信義區","city":"臺北市","result":"檢驗","types":"新北抽驗(製造端)","grade":""}},{"type":"Feature","geometry":{"type":"Point","coordinates":[121.499084,25.135005]},"properties":{"name":"三商餐飲股份有限公司","address":"台北市北投區中央北路一段125號1樓","district":"北投區","city":"臺北市","result":"檢驗","types":"新北抽驗(製造端)","grade":""}},{"type":"Feature","geometry":{"type":"Point","coordinates":[121.544716,25.024748]},"properties":{"name":"三商餐飲股份有限公司","address":"台北市大安區和平東路二段95-1號","district":"大安區","city":"臺北市","result":"檢驗","types":"新北抽驗(製造端)","grade":""}},{"type":"Feature","geometry":{"type":"Point","coordinates":[121.557153,24.998429]},"properties":{"name":"三商餐飲股份有限公司","address":"台北市文山區興隆路三段31號","district":"文山區","city":"臺北市","result":"檢驗","types":"新北抽驗(製造端)","grade":""}},{"type":"Feature","geometry":{"type":"Point","coordinates":[121.51869,25.029388]},"properties":{"name":"三商餐飲股份有限公司","address":"台北市中正區南昌路一段151號","district":"中正區","city":"臺北市","result":"檢驗","types":"新北抽驗(製造端)","grade":""}},{"type":"Feature","geometry":{"type":"Point","coordinates":[121.494906,25.028123]},"properties":{"name":"三商餐飲股份有限公司","address":"台北市萬華區西園路二段244號","district":"萬華區","city":"臺北市","result":"檢驗","types":"新北抽驗(製造端)","grade":""}},{"type":"Feature","geometry":{"type":"Point","coordinates":[121.617555,25.068074]},"properties":{"name":"三商餐飲股份有限公司","address":"台北市內湖區東湖路161號","district":"內湖區","city":"臺北市","result":"檢驗","types":"新北抽驗(製造端)","grade":""}},{"type":"Feature","geometry":{"type":"Point","coordinates":[121.523143,25.094532]},"properties":{"name":"三商餐飲股份有限公司","address":"台北市士林區中正路331號1樓","district":"士林區","city":"臺北市","result":"檢驗","types":"新北抽驗(製造端)","grade":""}},{"type":"Feature","geometry":{"type":"Point","coordinates":[121.522781,25.105742]},"properties":{"name":"三商餐飲股份有限公司","address":"台北市士林區德行西路47號2樓","district":"士林區","city":"臺北市","result":"檢驗","types":"新北抽驗(製造端)","grade":""}},{"type":"Feature","geometry":{"type":"Point","coordinates":[121.554184,25.03263]},"properties":{"name":"三商餐飲股份有限公司","address":"台北市大安區信義路4段294巷9號","district":"大安區","city":"臺北市","result":"檢驗","types":"新北抽驗(製造端)","grade":""}},{"type":"Feature","geometry":{"type":"Point","coordinates":[121.542479,25.046855]},"properties":{"name":"三商餐飲股份有限公司","address":"台北市中山區八德路二段306號B1","district":"中山區","city":"臺北市","result":"檢驗","types":"新北抽驗(製造端)","grade":""}},{"type":"Feature","geometry":{"type":"Point","coordinates":[121.542487,25.060766]},"properties":{"name":"三商餐飲股份有限公司","address":"台北市中山區民權東路三段11號","district":"中山區","city":"臺北市","result":"檢驗","types":"新北抽驗(製造端)","grade":""}},{"type":"Feature","geometry":{"type":"Point","coordinates":[121.520959,25.063005]},"properties":{"name":"三商餐飲股份有限公司","address":"台北市中山區民權西路45號","district":"中山區","city":"臺北市","result":"檢驗","types":"新北抽驗(製造端)","grade":""}},{"type":"Feature","geometry":{"type":"Point","coordinates":[121.534873,25.050728]},"properties":{"name":"三商餐飲股份有限公司","address":"台北市中山區伊通街41之3號","district":"中山區","city":"臺北市","result":"檢驗","types":"新北抽驗(製造端)","grade":""}},{"type":"Feature","geometry":{"type":"Point","coordinates":[121.508858,25.039569]},"properties":{"name":"三商餐飲股份有限公司","address":"台北市中正區延平南路 187-1號","district":"中正區","city":"臺北市","result":"檢驗","types":"新北抽驗(製造端)","grade":""}},{"type":"Feature","geometry":{"type":"Point","coordinates":[121.515702,25.044598]},"properties":{"name":"三商餐飲股份有限公司","address":"台北市中正區信陽街16號1樓","district":"中正區","city":"臺北市","result":"檢驗","types":"新北抽驗(製造端)","grade":""}},{"type":"Feature","geometry":{"type":"Point","coordinates":[121.513686,25.045697]},"properties":{"name":"三商餐飲股份有限公司","address":"台北市中正區重慶南路一段11之2號","district":"中正區","city":"臺北市","result":"檢驗","types":"新北抽驗(製造端)","grade":""}},{"type":"Feature","geometry":{"type":"Point","coordinates":[121.575362,25.060142]},"properties":{"name":"三商餐飲股份有限公司","address":"台北市內湖區民善街88號1樓","district":"內湖區","city":"臺北市","result":"檢驗","types":"新北抽驗(製造端)","grade":""}},{"type":"Feature","geometry":{"type":"Point","coordinates":[121.578318,25.060964]},"properties":{"name":"三商餐飲股份有限公司","address":"台北市內湖區舊宗路一段128號","district":"內湖區","city":"臺北市","result":"檢驗","types":"新北抽驗(製造端)","grade":""}},{"type":"Feature","geometry":{"type":"Point","coordinates":[121.590495,25.080093]},"properties":{"name":"三商餐飲股份有限公司","address":"台北市內湖區成功路三段175號1樓","district":"內湖區","city":"臺北市","result":"檢驗","types":"新北抽驗(製造端)","grade":""}},{"type":"Feature","geometry":{"type":"Point","coordinates":[121.575986,25.062654]},"properties":{"name":"三商餐飲股份有限公司","address":"台北市內湖區舊宗路一段188號","district":"內湖區","city":"臺北市","result":"檢驗","types":"新北抽驗(製造端)","grade":""}},{"type":"Feature","geometry":{"type":"Point","coordinates":[121.574663,25.080388]},"properties":{"name":"三商餐飲股份有限公司","address":"台北市內湖區內湖路一段409-1號","district":"內湖區","city":"臺北市","result":"檢驗","types":"新北抽驗(製造端)","grade":""}},{"type":"Feature","geometry":{"type":"Point","coordinates":[121.556035,25.000328]},"properties":{"name":"三商餐飲股份有限公司","address":"台北市文山區興隆路三段55號一樓","district":"文山區","city":"臺北市","result":"檢驗","types":"新北抽驗(製造端)","grade":""}},{"type":"Feature","geometry":{"type":"Point","coordinates":[121.554261,25.044875]},"properties":{"name":"三商餐飲股份有限公司","address":"台北市松山區八德路三段108號","district":"松山區","city":"臺北市","result":"檢驗","types":"新北抽驗(製造端)","grade":""}},{"type":"Feature","geometry":{"type":"Point","coordinates":[121.550038,25.055496]},"properties":{"name":"三商餐飲股份有限公司","address":"台北市松山區敦化北路199巷2弄7號","district":"松山區","city":"臺北市","result":"檢驗","types":"新北抽驗(製造端)","grade":""}},{"type":"Feature","geometry":{"type":"Point","coordinates":[121.547992,25.051963]},"properties":{"name":"三商餐飲股份有限公司","address":"台北市松山區南京東路三段337號4樓","district":"松山區","city":"臺北市","result":"檢驗","types":"新北抽驗(製造端)","grade":""}},{"type":"Feature","geometry":{"type":"Point","coordinates":[121.566382,25.04801]},"properties":{"name":"三商餐飲股份有限公司","address":"台北市信義區東興路37號1樓","district":"信義區","city":"臺北市","result":"檢驗","types":"新北抽驗(製造端)","grade":""}},{"type":"Feature","geometry":{"type":"Point","coordinates":[121.619539,25.055385]},"properties":{"name":"三商餐飲股份有限公司","address":"台北市南港區南港路3段7號1樓","district":"南港區","city":"臺北市","result":"檢驗","types":"新北抽驗(製造端)","grade":""}},{"type":"Feature","geometry":{"type":"Point","coordinates":[121.507457,25.043476]},"properties":{"name":"三商餐飲股份有限公司","address":"台北市萬華區峨眉街19號","district":"萬華區","city":"臺北市","result":"檢驗","types":"新北抽驗(製造端)","grade":""}},{"type":"Feature","geometry":{"type":"Point","coordinates":[121.50027,25.038742]},"properties":{"name":"三商餐飲股份有限公司","address":"台北市萬華區桂林路1號4樓(家樂福)","district":"萬華區","city":"臺北市","result":"檢驗","types":"新北抽驗(製造端)","grade":""}},{"type":"Feature","geometry":{"type":"Point","coordinates":[121.553463,25.040792]},"properties":{"name":"三商餐飲股份有限公司","address":"台北市大安區忠孝東路四段216巷11弄10號","district":"大安區","city":"臺北市","result":"檢驗","types":"新北抽驗(製造端)","grade":""}},{"type":"Feature","geometry":{"type":"Point","coordinates":[121.550395,25.061297]},"properties":{"name":"三商餐飲股份有限公司","address":"台北市松山區敦化北路340-9號二樓（出境大廳）","district":"松山區","city":"臺北市","result":"檢驗","types":"新北抽驗(製造端)","grade":""}},{"type":"Feature","geometry":{"type":"Point","coordinates":[121.524789,25.094763]},"properties":{"name":"三商餐飲股份有限公司","address":"台北市士林區文林路438號","district":"士林區","city":"臺北市","result":"檢驗","types":"新北抽驗(製造端)","grade":""}},{"type":"Feature","geometry":{"type":"Point","coordinates":[121.553174,25.041514]},"properties":{"name":"三商餐飲股份有限公司","address":"台北市大安區忠孝東路四段96-1號2樓","district":"大安區","city":"臺北市","result":"檢驗","types":"新北抽驗(製造端)","grade":""}},{"type":"Feature","geometry":{"type":"Point","coordinates":[121.520312,25.062643]},"properties":{"name":"三商餐飲股份有限公司","address":"台北市中山區民權西路56之1號2樓","district":"中山區","city":"臺北市","result":"檢驗","types":"新北抽驗(製造端)","grade":""}},{"type":"Feature","geometry":{"type":"Point","coordinates":[121.534393,25.051833]},"properties":{"name":"三商餐飲股份有限公司","address":"台北市中山區南京東路二段160號B1","district":"中山區","city":"臺北市","result":"檢驗","types":"新北抽驗(製造端)","grade":""}},{"type":"Feature","geometry":{"type":"Point","coordinates":[121.515876,25.045453]},"properties":{"name":"三商餐飲股份有限公司","address":"台北市中正區許昌街30號B1.B2","district":"中正區","city":"臺北市","result":"檢驗","types":"新北抽驗(製造端)","grade":""}},{"type":"Feature","geometry":{"type":"Point","coordinates":[121.556198,25.000239]},"properties":{"name":"三商餐飲股份有限公司","address":"台北市文山區興隆路三段63號","district":"文山區","city":"臺北市","result":"檢驗","types":"新北抽驗(製造端)","grade":""}},{"type":"Feature","geometry":{"type":"Point","coordinates":[121.506159,25.043191]},"properties":{"name":"三商餐飲股份有限公司","address":"台北市萬華區西寧南路167號2-4樓","district":"萬華區","city":"臺北市","result":"檢驗","types":"新北抽驗(製造端)","grade":""}},{"type":"Feature","geometry":{"type":"Point","coordinates":[121.539945,25.052138]},"properties":{"name":"三商餐飲股份有限公司","address":"台北市中山區南京東路三段115號","district":"中山區","city":"臺北市","result":"檢驗","types":"新北抽驗(製造端)","grade":""}},{"type":"Feature","geometry":{"type":"Point","coordinates":[121.566353,25.047704]},"properties":{"name":"三商餐飲股份有限公司","address":"台北市信義區東興路45號1F","district":"信義區","city":"臺北市","result":"檢驗","types":"新北抽驗(製造端)","grade":""}},{"type":"Feature","geometry":{"type":"Point","coordinates":[121.543364,25.025122]},"properties":{"name":"三商餐飲股份有限公司","address":"台北市大安區復興南路二段277、279號2樓","district":"大安區","city":"臺北市","result":"檢驗","types":"新北抽驗(製造端)","grade":""}},{"type":"Feature","geometry":{"type":"Point","coordinates":[121.553503,25.024572]},"properties":{"name":"三商餐飲股份有限公司","address":"台北市信義區基隆路二段13號1樓及13-1號1樓","district":"信義區","city":"臺北市","result":"檢驗","types":"新北抽驗(製造端)","grade":""}},{"type":"Feature","geometry":{"type":"Point","coordinates":[121.514148,25.064724]},"properties":{"name":"三商餐飲股份有限公司","address":"台北市大同區重慶北路2段171號","district":"大同區","city":"臺北市","result":"檢驗","types":"新北抽驗(製造端)","grade":""}},{"type":"Feature","geometry":{"type":"Point","coordinates":[121.529909,25.065411]},"properties":{"name":"三商餐飲股份有限公司","address":"台北市中山區農安街13號","district":"中山區","city":"臺北市","result":"檢驗","types":"新北抽驗(製造端)","grade":""}},{"type":"Feature","geometry":{"type":"Point","coordinates":[121.566264,25.035351]},"properties":{"name":"三商餐飲股份有限公司","address":"台北市信義區松壽路１２號５樓","district":"信義區","city":"臺北市","result":"檢驗","types":"新北抽驗(製造端)","grade":""}},{"type":"Feature","geometry":{"type":"Point","coordinates":[121.531631,25.047124]},"properties":{"name":"三商餐飲股份有限公司","address":"台北市中山區興亞里松江路54號1樓","district":"中山區","city":"臺北市","result":"檢驗","types":"新北抽驗(製造端)","grade":""}},{"type":"Feature","geometry":{"type":"Point","coordinates":[121.504837,25.044003]},"properties":{"name":"三商餐飲股份有限公司","address":"台北市萬華區峨眉街40、42號2樓","district":"萬華區","city":"臺北市","result":"檢驗","types":"新北抽驗(製造端)","grade":""}},{"type":"Feature","geometry":{"type":"Point","coordinates":[121.554074,25.022375]},"properties":{"name":"三商餐飲股份有限公司","address":"台北市大安區和平東路1段129-1號1樓","district":"大安區","city":"臺北市","result":"檢驗","types":"新北抽驗(製造端)","grade":""}},{"type":"Feature","geometry":{"type":"Point","coordinates":[121.554074,25.022375]},"properties":{"name":"三商餐飲股份有限公司","address":"台北市大安區和平東路1段129-1號 B1","district":"大安區","city":"臺北市","result":"檢驗","types":"新北抽驗(製造端)","grade":""}},{"type":"Feature","geometry":{"type":"Point","coordinates":[121.526646,25.04967]},"properties":{"name":"三商餐飲股份有限公司","address":"台北市中山區長安東路二段106號1樓","district":"中山區","city":"臺北市","result":"檢驗","types":"新北抽驗(製造端)","grade":""}},{"type":"Feature","geometry":{"type":"Point","coordinates":[121.575317,25.08149]},"properties":{"name":"三商餐飲股份有限公司","address":"台北市內湖區內湖路一段49號","district":"內湖區","city":"臺北市","result":"檢驗","types":"新北抽驗(製造端)","grade":""}},{"type":"Feature","geometry":{"type":"Point","coordinates":[121.572847,25.041148]},"properties":{"name":"三商餐飲股份有限公司","address":"台北市信義區忠孝東路五段297號B1","district":"信義區","city":"臺北市","result":"檢驗","types":"新北抽驗(製造端)","grade":""}},{"type":"Feature","geometry":{"type":"Point","coordinates":[121.516777,25.031665]},"properties":{"name":"三商餐飲股份有限公司","address":"台北市中正區龍福里南昌路一段46號1、2樓","district":"中正區","city":"臺北市","result":"檢驗","types":"新北抽驗(製造端)","grade":""}},{"type":"Feature","geometry":{"type":"Point","coordinates":[121.567706,25.041254]},"properties":{"name":"三商餐飲股份有限公司","address":"台北市信義區忠孝東路五段135號2樓","district":"信義區","city":"臺北市","result":"檢驗","types":"新北抽驗(製造端)","grade":""}},{"type":"Feature","geometry":{"type":"Point","coordinates":[121.531685,25.047123]},"properties":{"name":"三商餐飲股份有限公司","address":"台北市中山區區興亞里松江路42號、42-1號","district":"中山區","city":"臺北市","result":"檢驗","types":"新北抽驗(製造端)","grade":""}},{"type":"Feature","geometry":{"type":"Point","coordinates":[121.539729,25.062134]},"properties":{"name":"三商餐飲股份有限公司","address":"台北市中山區江寧里民權東路三段12號1樓","district":"中山區","city":"臺北市","result":"檢驗","types":"新北抽驗(製造端)","grade":""}},{"type":"Feature","geometry":{"type":"Point","coordinates":[121.515503,25.115956]},"properties":{"name":"三商餐飲股份有限公司","address":"台北市北投區永明里石牌路二段29號","district":"北投區","city":"臺北市","result":"檢驗","types":"新北抽驗(製造端)","grade":""}},{"type":"Feature","geometry":{"type":"Point","coordinates":[121.513093,25.043076]},"properties":{"name":"三商餐飲股份有限公司","address":"台北市中正區重慶南路一段86號1樓","district":"中正區","city":"臺北市","result":"檢驗","types":"新北抽驗(製造端)","grade":""}},{"type":"Feature","geometry":{"type":"Point","coordinates":[121.54468,25.052838]},"properties":{"name":"三商餐飲股份有限公司","address":"台北市松山區中正里慶城街1號2樓","district":"松山區","city":"臺北市","result":"檢驗","types":"新北抽驗(製造端)","grade":""}},{"type":"Feature","geometry":{"type":"Point","coordinates":[121.549251,25.081756]},"properties":{"name":"三商餐飲股份有限公司","address":"台北市中山區成功里北安路620號1、2樓","district":"中山區","city":"臺北市","result":"檢驗","types":"新北抽驗(製造端)","grade":""}},{"type":"Feature","geometry":{"type":"Point","coordinates":[121.575682,24.98781]},"properties":{"name":"三商餐飲股份有限公司","address":"台北市文山區萬興里指南路二段103號","district":"文山區","city":"臺北市","result":"檢驗","types":"新北抽驗(製造端)","grade":""}},{"type":"Feature","geometry":{"type":"Point","coordinates":[121.567659,25.026994]},"properties":{"name":"三商餐飲股份有限公司","address":"台北市信義區莊敬路461號1樓","district":"信義區","city":"臺北市","result":"檢驗","types":"新北抽驗(製造端)","grade":""}},{"type":"Feature","geometry":{"type":"Point","coordinates":[121.56212,24.981738]},"properties":{"name":"三商餐飲股份有限公司","address":"台北市文山區樟腳里木新路3段183、187號","district":"文山區","city":"臺北市","result":"檢驗","types":"新北抽驗(製造端)","grade":""}},{"type":"Feature","geometry":{"type":"Point","coordinates":[121.502668,25.135381]},"properties":{"name":"三商餐飲股份有限公司","address":"台北市北投區長安里光明路161號","district":"北投區","city":"臺北市","result":"檢驗","types":"新北抽驗(製造端)","grade":""}},{"type":"Feature","geometry":{"type":"Point","coordinates":[121.617583,25.059345]},"properties":{"name":"三商餐飲股份有限公司","address":"台北市南港區經貿二路131號3樓","district":"南港區","city":"臺北市","result":"檢驗","types":"新北抽驗(製造端)","grade":""}},{"type":"Feature","geometry":{"type":"Point","coordinates":[121.575986,25.062654]},"properties":{"name":"三商餐飲股份有限公司","address":"台北市內湖區舊宗路一段188號1樓","district":"內湖區","city":"臺北市","result":"檢驗","types":"新北抽驗(製造端)","grade":""}},{"type":"Feature","geometry":{"type":"Point","coordinates":[121.502407,25.134568]},"properties":{"name":"三商餐飲股份有限公司","address":"台北市北投區光明路223-1號","district":"北投區","city":"臺北市","result":"檢驗","types":"新北抽驗(製造端)","grade":""}},{"type":"Feature","geometry":{"type":"Point","coordinates":[121.504121,25.136505]},"properties":{"name":"三商餐飲股份有限公司","address":"台北市北投區光明路223號2樓、2樓之1","district":"北投區","city":"臺北市","result":"檢驗","types":"新北抽驗(製造端)","grade":""}},{"type":"Feature","geometry":{"type":"Point","coordinates":[121.522479,25.120637]},"properties":{"name":"三商餐飲股份有限公司","address":"台北市北投區石牌路二段201號1樓","district":"北投區","city":"臺北市","result":"檢驗","types":"新北抽驗(製造端)","grade":""}},{"type":"Feature","geometry":{"type":"Point","coordinates":[121.521801,25.094996]},"properties":{"name":"三商餐飲股份有限公司","address":"台北市士林區福佳里文昌路16號1樓","district":"士林區","city":"臺北市","result":"檢驗","types":"新北抽驗(製造端)","grade":""}},{"type":"Feature","geometry":{"type":"Point","coordinates":[121.617583,25.059345]},"properties":{"name":"三商餐飲股份有限公司","address":"台北市南港區經貿二路131號B1","district":"南港區","city":"臺北市","result":"檢驗","types":"新北抽驗(製造端)","grade":""}},{"type":"Feature","geometry":{"type":"Point","coordinates":[121.530747,25.019036]},"properties":{"name":"山東切麵店","address":"台北市大安區羅斯福路2段77巷3之1號","district":"大安區","city":"臺北市","result":"檢驗","types":"新北抽驗(販售端)","grade":""}},{"type":"Feature","geometry":{"type":"Point","coordinates":[121.530747,25.019036]},"properties":{"name":"山東切麵店","address":"台北市大安區羅斯福路2段77巷3-1號","district":"大安區","city":"臺北市","result":"檢驗","types":"新北抽驗(販售端)","grade":""}},{"type":"Feature","geometry":{"type":"Point","coordinates":[121.530747,25.019036]},"properties":{"name":"山東切麵店","address":"台北市大安區羅斯福路2段77巷3-1號(古亭市場)","district":"大安區","city":"臺北市","result":"檢驗","types":"新北抽驗(販售端)","grade":""}},{"type":"Feature","geometry":{"type":"Point","coordinates":[121.489795,25.029872]},"properties":{"name":"英銘農產品","address":"台北市萬華區環河南路二段245號","district":"萬華區","city":"臺北市","result":"檢驗","types":"新北抽驗(製造端)","grade":""}},{"type":"Feature","geometry":{"type":"Point","coordinates":[121.507235,25.046018]},"properties":{"name":"高利水產行","address":"台北市萬華區福星里西寧南路４號地下樓","district":"萬華區","city":"臺北市","result":"檢驗","types":"新北抽驗(製造端)","grade":""}},{"type":"Feature","geometry":{"type":"Point","coordinates":[121.506465,25.044602]},"properties":{"name":"高利水產行","address":"台北市萬華區西寧南路西寧市場地下室24號","district":"萬華區","city":"臺北市","result":"檢驗","types":"新北抽驗(製造端)","grade":""}},{"type":"Feature","geometry":{"type":"Point","coordinates":[121.61258,25.053227]},"properties":{"name":"王師父食品有限公司","address":"台北市大安區忠孝東路4段45號B2","district":"大安區","city":"臺北市","result":"檢驗","types":"新北抽驗(製造端)、新北抽驗(販售端)","grade":""}},{"type":"Feature","geometry":{"type":"Point","coordinates":[121.517055,25.047176]},"properties":{"name":"王師父食品有限公司","address":"台北市中正區北平西路3號B1F","district":"中正區","city":"臺北市","result":"檢驗","types":"新北抽驗(製造端)、新北抽驗(販售端)","grade":""}},{"type":"Feature","geometry":{"type":"Point","coordinates":[121.501596,25.03927]},"properties":{"name":"協興蛋業有限公司","address":"台北市萬華區康定路172巷2號1樓","district":"萬華區","city":"臺北市","result":"檢驗","types":"新北抽驗(製造端)","grade":""}},{"type":"Feature","geometry":{"type":"Point","coordinates":[121.576113,25.063986]},"properties":{"name":"好市多股份有限公司","address":"台北市內湖區舊宗路一段268號","district":"內湖區","city":"臺北市","result":"未檢驗","types":"新北抽驗(製造端)、新北抽驗(販售端)","grade":""}},{"type":"Feature","geometry":{"type":"Point","coordinates":[121.574462,25.064669]},"properties":{"name":"好市多股份有限公司","address":"台北市內湖區民善街255號","district":"內湖區","city":"臺北市","result":"未檢驗","types":"新北抽驗(製造端)、新北抽驗(販售端)","grade":""}},{"type":"Feature","geometry":{"type":"Point","coordinates":[121.470068,25.127563]},"properties":{"name":"好市多股份有限公司","address":"台北市北投區112立德路117號","district":"北投區","city":"臺北市","result":"未檢驗","types":"新北抽驗(製造端)、新北抽驗(販售端)","grade":""}},{"type":"Feature","geometry":{"type":"Point","coordinates":[121.470068,25.127563]},"properties":{"name":"好市多股份有限公司","address":"台北市北投區立德路117號","district":"北投區","city":"臺北市","result":"未檢驗","types":"新北抽驗(製造端)、新北抽驗(販售端)","grade":""}},{"type":"Feature","geometry":{"type":"Point","coordinates":[121.56057,25.048497]},"properties":{"name":"永和豆漿大王","address":"台北市松山區吉祥里八德路４段２４３號１樓","district":"松山區","city":"臺北市","result":"檢驗","types":"新北抽驗(製造端)、新北抽驗(販售端)","grade":""}},{"type":"Feature","geometry":{"type":"Point","coordinates":[121.579008,25.051704]},"properties":{"name":"永和豆漿大王","address":"台北市松山區八德路4段243號1樓","district":"松山區","city":"臺北市","result":"檢驗","types":"新北抽驗(製造端)、新北抽驗(販售端)","grade":""}},{"type":"Feature","geometry":{"type":"Point","coordinates":[121.489536,25.030859]},"properties":{"name":"三泰蔬果行","address":"台北市萬華區長順街14巷27之1號1樓","district":"萬華區","city":"臺北市","result":"檢驗","types":"新北抽驗(製造端)","grade":""}},{"type":"Feature","geometry":{"type":"Point","coordinates":[121.489536,25.030859]},"properties":{"name":"三泰蔬果行","address":"台北市萬華區長順街14巷27之1號","district":"萬華區","city":"臺北市","result":"檢驗","types":"新北抽驗(製造端)","grade":""}},{"type":"Feature","geometry":{"type":"Point","coordinates":[121.563218,25.057458]},"properties":{"name":"巨林美而美","address":"台北市松山區三民路6號","district":"松山區","city":"臺北市","result":"檢驗","types":"新北抽驗(製造端)、新北抽驗(販售端)","grade":""}},{"type":"Feature","geometry":{"type":"Point","coordinates":[121.494508,25.028903]},"properties":{"name":"欣香國際食品有限公司","address":"台北市萬華區西藏路478號1樓","district":"萬華區","city":"臺北市","result":"未檢驗","types":"新北抽驗(製造端)","grade":""}},{"type":"Feature","geometry":{"type":"Point","coordinates":[121.549599,25.000698]},"properties":{"name":"欣香國際食品有限公司","address":"台北市文山區興隆路二段九十九號","district":"文山區","city":"臺北市","result":"未檢驗","types":"新北抽驗(製造端)","grade":""}},{"type":"Feature","geometry":{"type":"Point","coordinates":[121.564678,25.0281]},"properties":{"name":"大武企業股份有限公司","address":"台北市信義區莊敬路391巷2弄8號4樓","district":"信義區","city":"臺北市","result":"檢驗","types":"新北抽驗(製造端)","grade":""}},{"type":"Feature","geometry":{"type":"Point","coordinates":[121.570597,25.024966]},"properties":{"name":"南極食品股份有限公司","address":"台北市大安區信義路2段88號6樓之1","district":"大安區","city":"臺北市","result":"檢驗","types":"新北抽驗(製造端)","grade":""}},{"type":"Feature","geometry":{"type":"Point","coordinates":[121.516436,25.026319]},"properties":{"name":"南極食品股份有限公司","address":"台北市中正區重慶南路三段2號1樓","district":"中正區","city":"臺北市","result":"檢驗","types":"新北抽驗(製造端)","grade":""}},{"type":"Feature","geometry":{"type":"Point","coordinates":[121.559482,25.058821]},"properties":{"name":"南極食品股份有限公司","address":"台北市松山區民生東路五段89號1F","district":"松山區","city":"臺北市","result":"檢驗","types":"新北抽驗(製造端)","grade":""}},{"type":"Feature","geometry":{"type":"Point","coordinates":[121.518991,25.046234]},"properties":{"name":"豪季水餃專賣店","address":"台北市中正區忠孝西路1段29巷1號","district":"中正區","city":"臺北市","result":"檢驗","types":"新北抽驗(製造端)、新北抽驗(販售端)","grade":""}},{"type":"Feature","geometry":{"type":"Point","coordinates":[121.538424,25.066266]},"properties":{"name":"三仁肉鬆店","address":"台北市中山區民族東路410巷41號1樓","district":"中山區","city":"臺北市","result":"檢驗","types":"新北抽驗(製造端)、新北抽驗(販售端)","grade":""}},{"type":"Feature","geometry":{"type":"Point","coordinates":[121.538424,25.066266]},"properties":{"name":"三仁肉鬆店","address":"台北市中山區民族東路410巷41號","district":"中山區","city":"臺北市","result":"檢驗","types":"新北抽驗(製造端)、新北抽驗(販售端)","grade":""}},{"type":"Feature","geometry":{"type":"Point","coordinates":[121.518049,25.118504]},"properties":{"name":"永和豆漿","address":"台北市北投區永明里石牌路二段１７３號","district":"北投區","city":"臺北市","result":"未檢驗","types":"新北抽驗(販售端)","grade":""}},{"type":"Feature","geometry":{"type":"Point","coordinates":[121.585783,25.03886]},"properties":{"name":"巨森早餐吧","address":"台北市信義區福德街264號","district":"信義區","city":"臺北市","result":"檢驗","types":"新北抽驗(販售端)","grade":""}},{"type":"Feature","geometry":{"type":"Point","coordinates":[121.537882,25.084488]},"properties":{"name":"鑫富餐飲有限公司","address":"台北市中山區通北街132巷3號1樓","district":"中山區","city":"臺北市","result":"檢驗","types":"新北抽驗(製造端)、新北抽驗(販售端)","grade":""}},{"type":"Feature","geometry":{"type":"Point","coordinates":[121.511237,25.038024]},"properties":{"name":"鑫富餐飲有限公司","address":"台北市中正區博愛路127號","district":"中正區","city":"臺北市","result":"檢驗","types":"新北抽驗(製造端)、新北抽驗(販售端)","grade":""}},{"type":"Feature","geometry":{"type":"Point","coordinates":[121.49086,25.025819]},"properties":{"name":"東成春捲皮店","address":"台北市萬華區興義街89號1樓","district":"萬華區","city":"臺北市","result":"未檢驗","types":"新北抽驗(製造端)","grade":""}},{"type":"Feature","geometry":{"type":"Point","coordinates":[121.49086,25.025819]},"properties":{"name":"東成春捲皮店","address":"台北市萬華區信義街89號1樓","district":"萬華區","city":"臺北市","result":"未檢驗","types":"新北抽驗(製造端)","grade":""}},{"type":"Feature","geometry":{"type":"Point","coordinates":[121.574333,25.040053]},"properties":{"name":"美紐澳實業股份有限公司","address":"台北市信義區忠孝東路5段510號13樓之1","district":"信義區","city":"臺北市","result":"檢驗","types":"新北抽驗(製造端)","grade":""}},{"type":"Feature","geometry":{"type":"Point","coordinates":[121.579304,25.041189]},"properties":{"name":"美紐澳實業股份有限公司","address":"台北市信義區忠孝東路五段510號13樓之1","district":"信義區","city":"臺北市","result":"檢驗","types":"新北抽驗(製造端)","grade":""}},{"type":"Feature","geometry":{"type":"Point","coordinates":[121.530109,25.033506]},"properties":{"name":"鼎泰豐小吃店股份有限公司","address":"台北市大安區信義路二段194號","district":"大安區","city":"臺北市","result":"檢驗","types":"新北抽驗(販售端)","grade":""}},{"type":"Feature","geometry":{"type":"Point","coordinates":[121.543054,25.041212]},"properties":{"name":"鼎泰豐小吃店股份有限公司","address":"台北市大安區忠孝東路三段300號B2","district":"大安區","city":"臺北市","result":"檢驗","types":"新北抽驗(販售端)","grade":""}},{"type":"Feature","geometry":{"type":"Point","coordinates":[121.524275,25.105008]},"properties":{"name":"鼎泰豐小吃店股份有限公司","address":"台北市士林區中山北路六段77號B1","district":"士林區","city":"臺北市","result":"檢驗","types":"新北抽驗(販售端)","grade":""}},{"type":"Feature","geometry":{"type":"Point","coordinates":[121.563901,25.034027]},"properties":{"name":"鼎泰豐小吃店股份有限公司","address":"台北市信義區市府路45號B1","district":"信義區","city":"臺北市","result":"檢驗","types":"新北抽驗(販售端)","grade":""}},{"type":"Feature","geometry":{"type":"Point","coordinates":[121.521418,25.051211]},"properties":{"name":"鼎泰豐小吃店股份有限公司","address":"台北市中山區南京西路12號B2","district":"中山區","city":"臺北市","result":"檢驗","types":"新北抽驗(販售端)","grade":""}},{"type":"Feature","geometry":{"type":"Point","coordinates":[121.566664,25.03936]},"properties":{"name":"鼎泰豐小吃店股份有限公司","address":"台北市信義區松高路19號B2","district":"信義區","city":"臺北市","result":"檢驗","types":"新北抽驗(販售端)","grade":""}},{"type":"Feature","geometry":{"type":"Point","coordinates":[121.567968,25.036732]},"properties":{"name":"鼎泰豐小吃店股份有限公司","address":"台北市信義區松仁路58號1樓","district":"信義區","city":"臺北市","result":"檢驗","types":"新北抽驗(販售端)","grade":""}},{"type":"Feature","geometry":{"type":"Point","coordinates":[121.532179,25.033813]},"properties":{"name":"鼎泰豐小吃店股份有限公司","address":"台北市中正區信義路二段277號","district":"中正區","city":"臺北市","result":"檢驗","types":"新北抽驗(販售端)","grade":""}},{"type":"Feature","geometry":{"type":"Point","coordinates":[121.615696,25.053362]},"properties":{"name":"穀盛股份有限公司","address":"台北市大安區忠孝東路3段10巷18號1樓","district":"大安區","city":"臺北市","result":"檢驗","types":"新北抽驗(製造端)","grade":""}},{"type":"Feature","geometry":{"type":"Point","coordinates":[121.558003,25.081043]},"properties":{"name":"白雞食品工業開發有限公司","address":"台北市中山區金泰里敬業四路33號8樓","district":"中山區","city":"臺北市","result":"檢驗","types":"新北抽驗(製造端)","grade":""}},{"type":"Feature","geometry":{"type":"Point","coordinates":[121.560431,25.035595]},"properties":{"name":"台灣雪印股份有限公司","address":"台北市信義區基隆路1段333號11樓","district":"信義區","city":"臺北市","result":"檢驗","types":"新北抽驗(製造端)","grade":""}},{"type":"Feature","geometry":{"type":"Point","coordinates":[121.560431,25.035595]},"properties":{"name":"台灣雪印股份有限公司","address":"台北市信義區基隆路1段333號11樓1114室","district":"信義區","city":"臺北市","result":"檢驗","types":"新北抽驗(製造端)","grade":""}},{"type":"Feature","geometry":{"type":"Point","coordinates":[121.542069,25.049053]},"properties":{"name":"益汰商行","address":"台北市中山區遼寧街48之3號1樓","district":"中山區","city":"臺北市","result":"檢驗","types":"台北稽查","grade":""}},{"type":"Feature","geometry":{"type":"Point","coordinates":[121.489795,25.029872]},"properties":{"name":"林記","address":"台北市萬華區環河南路二段245號 - 家禽區11號攤","district":"萬華區","city":"臺北市","result":"檢驗","types":"新北抽驗(販售端)","grade":""}},{"type":"Feature","geometry":{"type":"Point","coordinates":[121.490154,25.027267]},"properties":{"name":"春捲皮","address":"台北市萬華區西園路二段372巷101弄15號2樓","district":"萬華區","city":"臺北市","result":"檢驗","types":"新北抽驗(製造端)","grade":""}},{"type":"Feature","geometry":{"type":"Point","coordinates":[121.540663,25.060935]},"properties":{"name":"永和豆漿","address":"台北市中山區江寧里龍江路２８２號","district":"中山區","city":"臺北市","result":"未檢驗","types":"新北抽驗(販售端)","grade":""}},{"type":"Feature","geometry":{"type":"Point","coordinates":[121.540663,25.060935]},"properties":{"name":"永和豆漿","address":"台北市中山區龍江路282號","district":"中山區","city":"臺北市","result":"未檢驗","types":"新北抽驗(販售端)","grade":""}},{"type":"Feature","geometry":{"type":"Point","coordinates":[121.560174,24.996307]},"properties":{"name":"麥味登早餐店","address":"台北市文山區興隆路三段177號","district":"文山區","city":"臺北市","result":"檢驗","types":"新北抽驗(販售端)","grade":""}},{"type":"Feature","geometry":{"type":"Point","coordinates":[121.579273,25.039327]},"properties":{"name":"青年小吃店","address":"台北市信義區林口街84號1樓","district":"信義區","city":"臺北市","result":"檢驗","types":"新北抽驗(製造端)、新北抽驗(販售端)","grade":""}},{"type":"Feature","geometry":{"type":"Point","coordinates":[121.579273,25.039327]},"properties":{"name":"青年小吃店","address":"台北市信義區林口街84號","district":"信義區","city":"臺北市","result":"檢驗","types":"新北抽驗(製造端)、新北抽驗(販售端)","grade":""}},{"type":"Feature","geometry":{"type":"Point","coordinates":[121.54087,24.989899]},"properties":{"name":"永和豆漿大王","address":"台北市文山區景行里景文街１０６號","district":"文山區","city":"臺北市","result":"檢驗","types":"新北抽驗(製造端)、新北抽驗(販售端)","grade":""}},{"type":"Feature","geometry":{"type":"Point","coordinates":[121.54087,24.989899]},"properties":{"name":"永和豆漿大王","address":"台北市文山區景文街106號","district":"文山區","city":"臺北市","result":"檢驗","types":"新北抽驗(製造端)、新北抽驗(販售端)","grade":""}},{"type":"Feature","geometry":{"type":"Point","coordinates":[121.501368,25.03852]},"properties":{"name":"巨林美而美","address":"台北市萬華區富民里桂林路９３號１樓","district":"萬華區","city":"臺北市","result":"檢驗","types":"新北抽驗(製造端)、新北抽驗(販售端)","grade":""}},{"type":"Feature","geometry":{"type":"Point","coordinates":[121.578395,25.079037]},"properties":{"name":"真味肉圓","address":"台北市內湖區港富里內湖路１段７３７巷５３號","district":"內湖區","city":"臺北市","result":"檢驗","types":"新北抽驗(製造端)、新北抽驗(販售端)","grade":""}},{"type":"Feature","geometry":{"type":"Point","coordinates":[121.570823,24.987577]},"properties":{"name":"東發排骨飯","address":"台北市文山區木新路3段251號","district":"文山區","city":"臺北市","result":"檢驗","types":"新北抽驗(販售端)","grade":""}},{"type":"Feature","geometry":{"type":"Point","coordinates":[121.567521,25.026779]},"properties":{"name":"真味肉圓","address":"台北市信義區莊敬路456號","district":"信義區","city":"臺北市","result":"檢驗","types":"新北抽驗(製造端)、新北抽驗(販售端)","grade":""}},{"type":"Feature","geometry":{"type":"Point","coordinates":[121.568764,25.043147]},"properties":{"name":"真味肉圓","address":"台北市信義區永吉路30巷157弄1號","district":"信義區","city":"臺北市","result":"檢驗","types":"新北抽驗(製造端)、新北抽驗(販售端)","grade":""}},{"type":"Feature","geometry":{"type":"Point","coordinates":[121.510038,25.058161]},"properties":{"name":"信揚商行","address":"台北市大同區歸綏街222號1樓","district":"大同區","city":"臺北市","result":"檢驗","types":"新北抽驗(製造端)","grade":""}},{"type":"Feature","geometry":{"type":"Point","coordinates":[121.510038,25.058161]},"properties":{"name":"信揚商行","address":"台北市大同區歸綏街222號","district":"大同區","city":"臺北市","result":"檢驗","types":"新北抽驗(製造端)","grade":""}},{"type":"Feature","geometry":{"type":"Point","coordinates":[121.578123,25.074357]},"properties":{"name":"雲泰廚房有限公司","address":"台北市內湖區瑞光路106號","district":"內湖區","city":"臺北市","result":"檢驗","types":"新北抽驗(販售端)","grade":""}},{"type":"Feature","geometry":{"type":"Point","coordinates":[121.569704,25.027327]},"properties":{"name":"呷尚寶","address":"台北市信義區信義路6段17號1樓","district":"信義區","city":"臺北市","result":"檢驗","types":"新北抽驗(製造端)、新北抽驗(販售端)","grade":""}},{"type":"Feature","geometry":{"type":"Point","coordinates":[121.516166,25.030525]},"properties":{"name":"芊語實業有限公司","address":"台北市中正區牯嶺街27號1樓","district":"中正區","city":"臺北市","result":"檢驗","types":"新北抽驗(製造端)","grade":""}},{"type":"Feature","geometry":{"type":"Point","coordinates":[121.50905,25.062361]},"properties":{"name":"大西南貿易有限公司","address":"台北市大同區迪化街1段163號1樓","district":"大同區","city":"臺北市","result":"檢驗","types":"新北抽驗(製造端)","grade":""}},{"type":"Feature","geometry":{"type":"Point","coordinates":[121.554514,25.040863]},"properties":{"name":"奇美食品股份有限公司","address":"台北市大安區延吉街108號1樓","district":"大安區","city":"臺北市","result":"檢驗","types":"新北抽驗(製造端)","grade":""}},{"type":"Feature","geometry":{"type":"Point","coordinates":[121.564697,25.03347]},"properties":{"name":"奇美食品股份有限公司","address":"台北市信義區信義路五段7號B1","district":"信義區","city":"臺北市","result":"檢驗","types":"新北抽驗(製造端)","grade":""}},{"type":"Feature","geometry":{"type":"Point","coordinates":[121.557849,25.000833]},"properties":{"name":"奇美食品股份有限公司","address":"台北市文山區興隆路三段111號","district":"文山區","city":"臺北市","result":"檢驗","types":"新北抽驗(製造端)","grade":""}},{"type":"Feature","geometry":{"type":"Point","coordinates":[121.546231,25.083587]},"properties":{"name":"奇美食品股份有限公司","address":"台北市中山區大直街70號","district":"中山區","city":"臺北市","result":"檢驗","types":"新北抽驗(製造端)","grade":""}},{"type":"Feature","geometry":{"type":"Point","coordinates":[121.500862,25.02314]},"properties":{"name":"健康活淨水有限公司","address":"台北市萬華區長泰街21號","district":"萬華區","city":"臺北市","result":"檢驗","types":"新北抽驗(製造端)","grade":""}},{"type":"Feature","geometry":{"type":"Point","coordinates":[121.533541,25.067198]},"properties":{"name":"維格餅家股份有限公司","address":"台北市中山區松江路485號","district":"中山區","city":"臺北市","result":"未檢驗","types":"新北抽驗(製造端)、新北抽驗(販售端)","grade":""}},{"type":"Feature","geometry":{"type":"Point","coordinates":[121.503653,25.045843]},"properties":{"name":"維格餅家股份有限公司","address":"台北市萬華區武昌街二段8號","district":"萬華區","city":"臺北市","result":"未檢驗","types":"新北抽驗(製造端)、新北抽驗(販售端)","grade":""}},{"type":"Feature","geometry":{"type":"Point","coordinates":[121.507914,25.042652]},"properties":{"name":"維格餅家股份有限公司","address":"台北市萬華區成都路3號","district":"萬華區","city":"臺北市","result":"未檢驗","types":"新北抽驗(製造端)、新北抽驗(販售端)","grade":""}},{"type":"Feature","geometry":{"type":"Point","coordinates":[121.506665,25.044938]},"properties":{"name":"維格餅家股份有限公司","address":"台北市萬華區西寧南路113號","district":"萬華區","city":"臺北市","result":"未檢驗","types":"新北抽驗(製造端)、新北抽驗(販售端)","grade":""}},{"type":"Feature","geometry":{"type":"Point","coordinates":[121.530332,25.032336]},"properties":{"name":"維格餅家股份有限公司","address":"台北市大安區永康街13巷2-1號","district":"大安區","city":"臺北市","result":"未檢驗","types":"新北抽驗(製造端)、新北抽驗(販售端)","grade":""}},{"type":"Feature","geometry":{"type":"Point","coordinates":[121.517244,25.046481]},"properties":{"name":"維格餅家股份有限公司","address":"台北市中正區忠孝西路一段49號B1","district":"中正區","city":"臺北市","result":"未檢驗","types":"新北抽驗(製造端)、新北抽驗(販售端)","grade":""}},{"type":"Feature","geometry":{"type":"Point","coordinates":[121.522177,25.101528]},"properties":{"name":"福國商行","address":"台北市士林區德華里福國路９５之２４號","district":"士林區","city":"臺北市","result":"檢驗","types":"新北抽驗(製造端)、新北抽驗(販售端)","grade":""}},{"type":"Feature","geometry":{"type":"Point","coordinates":[121.502038,25.020627]},"properties":{"name":"蓮盛春捲皮","address":"台北市萬華區青年路168巷30號","district":"萬華區","city":"臺北市","result":"未檢驗","types":"新北抽驗(製造端)","grade":""}},{"type":"Feature","geometry":{"type":"Point","coordinates":[121.497952,25.024659]},"properties":{"name":"蓮盛春捲皮","address":"台北市萬華區德昌街79號","district":"萬華區","city":"臺北市","result":"未檢驗","types":"新北抽驗(製造端)","grade":""}},{"type":"Feature","geometry":{"type":"Point","coordinates":[121.543269,25.060293]},"properties":{"name":"一餐幾十元的店","address":"台北市中山區江寧里錦州街449號","district":"中山區","city":"臺北市","result":"檢驗","types":"台北稽查","grade":""}},{"type":"Feature","geometry":{"type":"Point","coordinates":[121.528822,25.065197]},"properties":{"name":"婆媽小吃店","address":"台北市中山區農安街12之5號","district":"中山區","city":"臺北市","result":"檢驗","types":"台北稽查","grade":""}},{"type":"Feature","geometry":{"type":"Point","coordinates":[121.516268,25.111472]},"properties":{"name":"無市招","address":"台北市北投區西安街一段281巷17號3樓","district":"北投區","city":"臺北市","result":"未檢驗","types":"新北抽驗(製造端)、新北抽驗(販售端)","grade":""}},{"type":"Feature","geometry":{"type":"Point","coordinates":[121.508663,25.053025]},"properties":{"name":"霖祥企業股份有限公司","address":"台北市大同區西寧北路116號1樓","district":"大同區","city":"臺北市","result":"檢驗","types":"新北抽驗(製造端)","grade":""}},{"type":"Feature","geometry":{"type":"Point","coordinates":[121.499402,25.124435]},"properties":{"name":"浩綸實業股份有限公司","address":"台北市北投區台北市北投區大業路136號5樓","district":"北投區","city":"臺北市","result":"檢驗","types":"新北抽驗(製造端)","grade":""}},{"type":"Feature","geometry":{"type":"Point","coordinates":[121.608953,25.068023]},"properties":{"name":"逢國企業有限公司","address":"台北市內湖區康寧路3段56巷1號10樓之3","district":"內湖區","city":"臺北市","result":"檢驗","types":"新北抽驗(製造端)","grade":""}},{"type":"Feature","geometry":{"type":"Point","coordinates":[121.540147,24.990199]},"properties":{"name":"金煜實業有限公司","address":"台北市文山區羅斯福路5段176巷13號1樓","district":"文山區","city":"臺北市","result":"檢驗","types":"新北抽驗(製造端)","grade":""}},{"type":"Feature","geometry":{"type":"Point","coordinates":[121.565886,25.027535]},"properties":{"name":"媽媽好國際股份有限公司","address":"台北市信義區莊敬路399號","district":"信義區","city":"臺北市","result":"檢驗","types":"新北抽驗(販售端)","grade":""}},{"type":"Feature","geometry":{"type":"Point","coordinates":[121.574333,25.040053]},"properties":{"name":"媽媽好國際股份有限公司","address":"台北市信義區忠孝東路5段390號","district":"信義區","city":"臺北市","result":"檢驗","types":"新北抽驗(販售端)","grade":""}},{"type":"Feature","geometry":{"type":"Point","coordinates":[121.539572,25.058563]},"properties":{"name":"阿杏小吃店","address":"台北市中山區江山里合江街７１巷１４號１樓","district":"中山區","city":"臺北市","result":"檢驗","types":"台北稽查","grade":""}},{"type":"Feature","geometry":{"type":"Point","coordinates":[121.610297,25.055676]},"properties":{"name":"永和豆漿","address":"台北市南港區惠民街7號","district":"南港區","city":"臺北市","result":"未檢驗","types":"新北抽驗(販售端)","grade":""}},{"type":"Feature","geometry":{"type":"Point","coordinates":[121.520518,25.101832]},"properties":{"name":"福國商行","address":"台北市士林區福國路95-24號","district":"士林區","city":"臺北市","result":"檢驗","types":"新北抽驗(製造端)、新北抽驗(販售端)","grade":""}},{"type":"Feature","geometry":{"type":"Point","coordinates":[121.533164,25.063983]},"properties":{"name":"端強實業股份有限公司","address":"台北市中山區松江路72號3樓","district":"中山區","city":"臺北市","result":"檢驗","types":"新北抽驗(製造端)","grade":""}},{"type":"Feature","geometry":{"type":"Point","coordinates":[121.518771,25.143041]},"properties":{"name":"統一超商股份有限公司","address":"台北市北投區泉源路12-1號1樓","district":"北投區","city":"臺北市","result":"檢驗","types":"新北抽驗(製造端)、新北抽驗(販售端)","grade":""}},{"type":"Feature","geometry":{"type":"Point","coordinates":[121.603588,25.07218]},"properties":{"name":"統一超商股份有限公司","address":"台北市內湖區金湖路49號1樓","district":"內湖區","city":"臺北市","result":"檢驗","types":"新北抽驗(製造端)、新北抽驗(販售端)","grade":""}},{"type":"Feature","geometry":{"type":"Point","coordinates":[121.591023,25.080615]},"properties":{"name":"統一超商股份有限公司","address":"台北市內湖區成功路三段201號1樓","district":"內湖區","city":"臺北市","result":"檢驗","types":"新北抽驗(製造端)、新北抽驗(販售端)","grade":""}},{"type":"Feature","geometry":{"type":"Point","coordinates":[121.575788,25.072643]},"properties":{"name":"統一超商股份有限公司","address":"台北市內湖區陽光街383號","district":"內湖區","city":"臺北市","result":"檢驗","types":"新北抽驗(製造端)、新北抽驗(販售端)","grade":""}},{"type":"Feature","geometry":{"type":"Point","coordinates":[121.590933,25.082348]},"properties":{"name":"統一超商股份有限公司","address":"台北市內湖區內湖路二段366號","district":"內湖區","city":"臺北市","result":"檢驗","types":"新北抽驗(製造端)、新北抽驗(販售端)","grade":""}},{"type":"Feature","geometry":{"type":"Point","coordinates":[121.574789,25.084785]},"properties":{"name":"統一超商股份有限公司","address":"台北市內湖區環山路二段81號83號1樓","district":"內湖區","city":"臺北市","result":"檢驗","types":"新北抽驗(製造端)、新北抽驗(販售端)","grade":""}},{"type":"Feature","geometry":{"type":"Point","coordinates":[121.582936,25.076684]},"properties":{"name":"統一超商股份有限公司","address":"台北市內湖區文德路6號1樓","district":"內湖區","city":"臺北市","result":"檢驗","types":"新北抽驗(製造端)、新北抽驗(販售端)","grade":""}},{"type":"Feature","geometry":{"type":"Point","coordinates":[121.546621,25.052565]},"properties":{"name":"統一超商股份有限公司","address":"台北市松山區南京東路三段303巷5號","district":"松山區","city":"臺北市","result":"檢驗","types":"新北抽驗(製造端)、新北抽驗(販售端)","grade":""}},{"type":"Feature","geometry":{"type":"Point","coordinates":[121.562552,25.048795]},"properties":{"name":"統一超商股份有限公司","address":"台北市松山區八德路四段151號","district":"松山區","city":"臺北市","result":"檢驗","types":"新北抽驗(製造端)、新北抽驗(販售端)","grade":""}},{"type":"Feature","geometry":{"type":"Point","coordinates":[121.551182,25.057758]},"properties":{"name":"統一超商股份有限公司","address":"台北市松山區民生東路四段54號之2一樓","district":"松山區","city":"臺北市","result":"檢驗","types":"新北抽驗(製造端)、新北抽驗(販售端)","grade":""}},{"type":"Feature","geometry":{"type":"Point","coordinates":[121.555079,25.05812]},"properties":{"name":"統一超商股份有限公司","address":"台北市松山區民生東路四段130號","district":"松山區","city":"臺北市","result":"檢驗","types":"新北抽驗(製造端)、新北抽驗(販售端)","grade":""}},{"type":"Feature","geometry":{"type":"Point","coordinates":[121.566752,25.051552]},"properties":{"name":"統一超商股份有限公司","address":"台北市松山區南京東路五段315號","district":"松山區","city":"臺北市","result":"檢驗","types":"新北抽驗(製造端)、新北抽驗(販售端)","grade":""}},{"type":"Feature","geometry":{"type":"Point","coordinates":[121.558172,25.058661]},"properties":{"name":"統一超商股份有限公司","address":"台北市松山區民生東路五段65號","district":"松山區","city":"臺北市","result":"檢驗","types":"新北抽驗(製造端)、新北抽驗(販售端)","grade":""}},{"type":"Feature","geometry":{"type":"Point","coordinates":[121.55512,25.05268]},"properties":{"name":"統一超商股份有限公司","address":"台北市松山區南京東路四段133巷6弄1號","district":"松山區","city":"臺北市","result":"檢驗","types":"新北抽驗(製造端)、新北抽驗(販售端)","grade":""}},{"type":"Feature","geometry":{"type":"Point","coordinates":[121.562411,25.041021]},"properties":{"name":"統一超商股份有限公司","address":"台北市信義區忠孝東路四段514號","district":"信義區","city":"臺北市","result":"檢驗","types":"新北抽驗(製造端)、新北抽驗(販售端)","grade":""}},{"type":"Feature","geometry":{"type":"Point","coordinates":[121.566753,25.031805]},"properties":{"name":"統一超商股份有限公司","address":"台北市信義區松勤街100號1樓","district":"信義區","city":"臺北市","result":"檢驗","types":"新北抽驗(製造端)、新北抽驗(販售端)","grade":""}},{"type":"Feature","geometry":{"type":"Point","coordinates":[121.56524,25.039516]},"properties":{"name":"統一超商股份有限公司","address":"台北市信義區松高路11號B2樓","district":"信義區","city":"臺北市","result":"檢驗","types":"新北抽驗(製造端)、新北抽驗(販售端)","grade":""}},{"type":"Feature","geometry":{"type":"Point","coordinates":[121.506676,25.041848]},"properties":{"name":"統一超商股份有限公司","address":"台北市萬華區成都路27巷1號1樓","district":"萬華區","city":"臺北市","result":"檢驗","types":"新北抽驗(製造端)、新北抽驗(販售端)","grade":""}},{"type":"Feature","geometry":{"type":"Point","coordinates":[121.497196,25.019278]},"properties":{"name":"統一超商股份有限公司","address":"台北市萬華區華中里萬大路464號一樓","district":"萬華區","city":"臺北市","result":"檢驗","types":"新北抽驗(製造端)、新北抽驗(販售端)","grade":""}},{"type":"Feature","geometry":{"type":"Point","coordinates":[121.491661,25.026672]},"properties":{"name":"統一超商股份有限公司","address":"台北市萬華區興義街6號8號1樓","district":"萬華區","city":"臺北市","result":"檢驗","types":"新北抽驗(製造端)、新北抽驗(販售端)","grade":""}},{"type":"Feature","geometry":{"type":"Point","coordinates":[121.522344,25.117988]},"properties":{"name":"統一超商股份有限公司","address":"台北市北投區振興街31號","district":"北投區","city":"臺北市","result":"檢驗","types":"新北抽驗(製造端)、新北抽驗(販售端)","grade":""}},{"type":"Feature","geometry":{"type":"Point","coordinates":[121.542262,25.0332]},"properties":{"name":"統一超商股份有限公司","address":"台北市大安區信義路三段178號1樓","district":"大安區","city":"臺北市","result":"檢驗","types":"新北抽驗(製造端)、新北抽驗(販售端)","grade":""}},{"type":"Feature","geometry":{"type":"Point","coordinates":[121.542399,25.06106]},"properties":{"name":"統一超商股份有限公司","address":"台北市中山區復興北路56號58號1樓","district":"中山區","city":"臺北市","result":"檢驗","types":"新北抽驗(製造端)、新北抽驗(販售端)","grade":""}},{"type":"Feature","geometry":{"type":"Point","coordinates":[121.581227,24.998739]},"properties":{"name":"統一超商股份有限公司","address":"台北市文山區新光路二段30號1樓","district":"文山區","city":"臺北市","result":"檢驗","types":"新北抽驗(製造端)、新北抽驗(販售端)","grade":""}},{"type":"Feature","geometry":{"type":"Point","coordinates":[121.546091,25.057355]},"properties":{"name":"統一超商股份有限公司","address":"台北市松山區民生東路三段130巷2之1號1樓","district":"松山區","city":"臺北市","result":"檢驗","types":"新北抽驗(製造端)、新北抽驗(販售端)","grade":""}},{"type":"Feature","geometry":{"type":"Point","coordinates":[121.508212,25.125527]},"properties":{"name":"統一超商股份有限公司","address":"台北市北投區公館路259號1樓","district":"北投區","city":"臺北市","result":"檢驗","types":"新北抽驗(製造端)、新北抽驗(販售端)","grade":""}},{"type":"Feature","geometry":{"type":"Point","coordinates":[121.581731,25.048863]},"properties":{"name":"統一超商股份有限公司","address":"台北市南港區玉成街69號1樓","district":"南港區","city":"臺北市","result":"檢驗","types":"新北抽驗(製造端)、新北抽驗(販售端)","grade":""}},{"type":"Feature","geometry":{"type":"Point","coordinates":[121.577594,25.073065]},"properties":{"name":"統一超商股份有限公司","address":"台北市內湖區陽光街349號1樓","district":"內湖區","city":"臺北市","result":"檢驗","types":"新北抽驗(製造端)、新北抽驗(販售端)","grade":""}},{"type":"Feature","geometry":{"type":"Point","coordinates":[121.616162,25.06814]},"properties":{"name":"統一超商股份有限公司","address":"台北市內湖區東湖路120號1樓","district":"內湖區","city":"臺北市","result":"檢驗","types":"新北抽驗(製造端)、新北抽驗(販售端)","grade":""}},{"type":"Feature","geometry":{"type":"Point","coordinates":[121.607332,25.053576]},"properties":{"name":"統一超商股份有限公司","address":"台北市南港區南港路一段313號B2","district":"南港區","city":"臺北市","result":"檢驗","types":"新北抽驗(製造端)、新北抽驗(販售端)","grade":""}},{"type":"Feature","geometry":{"type":"Point","coordinates":[121.607496,25.052571]},"properties":{"name":"統一超商股份有限公司","address":"台北市南港區忠孝東路七段371號B2","district":"南港區","city":"臺北市","result":"檢驗","types":"新北抽驗(製造端)、新北抽驗(販售端)","grade":""}},{"type":"Feature","geometry":{"type":"Point","coordinates":[121.527007,25.087199]},"properties":{"name":"統一超商股份有限公司","address":"台北市士林區中山北路五段250號","district":"士林區","city":"臺北市","result":"檢驗","types":"新北抽驗(製造端)、新北抽驗(販售端)","grade":""}},{"type":"Feature","geometry":{"type":"Point","coordinates":[121.583183,25.06455]},"properties":{"name":"統一超商股份有限公司","address":"台北市內湖區新湖二路329號1樓","district":"內湖區","city":"臺北市","result":"檢驗","types":"新北抽驗(製造端)、新北抽驗(販售端)","grade":""}},{"type":"Feature","geometry":{"type":"Point","coordinates":[121.549961,25.038863]},"properties":{"name":"統一超商股份有限公司","address":"台北市大安區敦化南路一段247巷12號1樓","district":"大安區","city":"臺北市","result":"檢驗","types":"新北抽驗(製造端)、新北抽驗(販售端)","grade":""}},{"type":"Feature","geometry":{"type":"Point","coordinates":[121.533857,25.05131]},"properties":{"name":"統一超商股份有限公司","address":"台北市中山區南京東路二段11號1樓","district":"中山區","city":"臺北市","result":"檢驗","types":"新北抽驗(製造端)、新北抽驗(販售端)","grade":""}},{"type":"Feature","geometry":{"type":"Point","coordinates":[121.54062,25.013743]},"properties":{"name":"統一超商股份有限公司","address":"台北市大安區基隆路四段43號1樓","district":"大安區","city":"臺北市","result":"檢驗","types":"新北抽驗(製造端)、新北抽驗(販售端)","grade":""}},{"type":"Feature","geometry":{"type":"Point","coordinates":[121.518148,25.118564]},"properties":{"name":"統一超商股份有限公司","address":"台北市北投區石牌路二段179號1樓","district":"北投區","city":"臺北市","result":"檢驗","types":"新北抽驗(製造端)、新北抽驗(販售端)","grade":""}},{"type":"Feature","geometry":{"type":"Point","coordinates":[121.554384,25.032598]},"properties":{"name":"統一超商股份有限公司","address":"台北市大安區信義路四段294巷7號1樓","district":"大安區","city":"臺北市","result":"檢驗","types":"新北抽驗(製造端)、新北抽驗(販售端)","grade":""}},{"type":"Feature","geometry":{"type":"Point","coordinates":[121.567053,25.050614]},"properties":{"name":"統一超商股份有限公司","address":"台北市松山區南京東路五段16號1樓","district":"松山區","city":"臺北市","result":"檢驗","types":"新北抽驗(製造端)、新北抽驗(販售端)","grade":""}},{"type":"Feature","geometry":{"type":"Point","coordinates":[121.557788,25.082498]},"properties":{"name":"統一超商股份有限公司","address":"台北市中山區樂群三路218號1樓","district":"中山區","city":"臺北市","result":"檢驗","types":"新北抽驗(製造端)、新北抽驗(販售端)","grade":""}},{"type":"Feature","geometry":{"type":"Point","coordinates":[121.505386,25.120709]},"properties":{"name":"統一超商股份有限公司","address":"台北市北投區西安街二段345號1樓","district":"北投區","city":"臺北市","result":"檢驗","types":"新北抽驗(製造端)、新北抽驗(販售端)","grade":""}},{"type":"Feature","geometry":{"type":"Point","coordinates":[121.520583,25.088399]},"properties":{"name":"統一超商股份有限公司","address":"台北市士林區後港街210號","district":"士林區","city":"臺北市","result":"檢驗","types":"新北抽驗(製造端)、新北抽驗(販售端)","grade":""}},{"type":"Feature","geometry":{"type":"Point","coordinates":[121.518459,25.094758]},"properties":{"name":"統一超商股份有限公司","address":"台北市士林區基河路368號370號","district":"士林區","city":"臺北市","result":"檢驗","types":"新北抽驗(製造端)、新北抽驗(販售端)","grade":""}},{"type":"Feature","geometry":{"type":"Point","coordinates":[121.517244,25.046481]},"properties":{"name":"統一超商股份有限公司","address":"台北市中正區忠孝西路一段49號B3樓","district":"中正區","city":"臺北市","result":"檢驗","types":"新北抽驗(製造端)、新北抽驗(販售端)","grade":""}},{"type":"Feature","geometry":{"type":"Point","coordinates":[121.564697,25.03347]},"properties":{"name":"統一超商股份有限公司","address":"台北市信義區信義路五段7號35樓","district":"信義區","city":"臺北市","result":"檢驗","types":"新北抽驗(製造端)、新北抽驗(販售端)","grade":""}},{"type":"Feature","geometry":{"type":"Point","coordinates":[121.550928,25.051424]},"properties":{"name":"統一超商股份有限公司","address":"台北市松山區南京東路四段2號1樓","district":"松山區","city":"臺北市","result":"檢驗","types":"新北抽驗(製造端)、新北抽驗(販售端)","grade":""}},{"type":"Feature","geometry":{"type":"Point","coordinates":[121.530328,25.033053]},"properties":{"name":"統一超商股份有限公司","address":"台北市大安區信義路二段198巷6號1樓","district":"大安區","city":"臺北市","result":"檢驗","types":"新北抽驗(製造端)、新北抽驗(販售端)","grade":""}},{"type":"Feature","geometry":{"type":"Point","coordinates":[121.517558,25.049805]},"properties":{"name":"統一超商股份有限公司","address":"台北市大同區華陰街91號","district":"大同區","city":"臺北市","result":"檢驗","types":"新北抽驗(製造端)、新北抽驗(販售端)","grade":""}},{"type":"Feature","geometry":{"type":"Point","coordinates":[121.506407,25.044045]},"properties":{"name":"統一超商股份有限公司","address":"台北市萬華區西寧南路141號1樓2樓","district":"萬華區","city":"臺北市","result":"檢驗","types":"新北抽驗(製造端)、新北抽驗(販售端)","grade":""}},{"type":"Feature","geometry":{"type":"Point","coordinates":[121.523356,25.122271]},"properties":{"name":"統一超商股份有限公司","address":"台北市北投區石牌路二段348巷1號3號1樓","district":"北投區","city":"臺北市","result":"檢驗","types":"新北抽驗(製造端)、新北抽驗(販售端)","grade":""}},{"type":"Feature","geometry":{"type":"Point","coordinates":[121.573773,24.997623]},"properties":{"name":"統一超商股份有限公司","address":"台北市文山區木柵路四段117號119號1樓","district":"文山區","city":"臺北市","result":"檢驗","types":"新北抽驗(製造端)、新北抽驗(販售端)","grade":""}},{"type":"Feature","geometry":{"type":"Point","coordinates":[121.549815,25.063374]},"properties":{"name":"統一超商股份有限公司","address":"台北市松山區敦化北路340之10號1樓","district":"松山區","city":"臺北市","result":"檢驗","types":"新北抽驗(製造端)、新北抽驗(販售端)","grade":""}},{"type":"Feature","geometry":{"type":"Point","coordinates":[121.528122,25.021042]},"properties":{"name":"統一超商股份有限公司","address":"台北市大安區羅斯福路三段193號1樓","district":"大安區","city":"臺北市","result":"檢驗","types":"新北抽驗(製造端)、新北抽驗(販售端)","grade":""}},{"type":"Feature","geometry":{"type":"Point","coordinates":[121.528629,25.024167]},"properties":{"name":"一之軒食品有限公司","address":"台北市大安區師大路53號1樓","district":"大安區","city":"臺北市","result":"檢驗","types":"新北抽驗(製造端)、新北抽驗(販售端)","grade":""}},{"type":"Feature","geometry":{"type":"Point","coordinates":[121.520022,25.062653]},"properties":{"name":"一之軒食品有限公司","address":"台北市中山區民權西路66號","district":"中山區","city":"臺北市","result":"檢驗","types":"新北抽驗(製造端)、新北抽驗(販售端)","grade":""}},{"type":"Feature","geometry":{"type":"Point","coordinates":[121.562662,25.051223]},"properties":{"name":"一之軒食品有限公司","address":"台北市松山區南京東路五段154號","district":"松山區","city":"臺北市","result":"檢驗","types":"新北抽驗(製造端)、新北抽驗(販售端)","grade":""}},{"type":"Feature","geometry":{"type":"Point","coordinates":[121.528629,25.024167]},"properties":{"name":"一之軒食品有限公司","address":"台北市大安區師大路53號","district":"大安區","city":"臺北市","result":"檢驗","types":"新北抽驗(製造端)、新北抽驗(販售端)","grade":""}},{"type":"Feature","geometry":{"type":"Point","coordinates":[121.531553,25.017745]},"properties":{"name":"一之軒食品有限公司","address":"台北市大安區羅斯福路三段291號","district":"大安區","city":"臺北市","result":"檢驗","types":"新北抽驗(製造端)、新北抽驗(販售端)","grade":""}},{"type":"Feature","geometry":{"type":"Point","coordinates":[121.531525,25.033428]},"properties":{"name":"一之軒食品有限公司","address":"台北市大安區信義路二段226號","district":"大安區","city":"臺北市","result":"檢驗","types":"新北抽驗(製造端)、新北抽驗(販售端)","grade":""}},{"type":"Feature","geometry":{"type":"Point","coordinates":[121.519911,25.052889]},"properties":{"name":"一之軒食品有限公司","address":"台北市大同區南京西路35號","district":"大同區","city":"臺北市","result":"檢驗","types":"新北抽驗(製造端)、新北抽驗(販售端)","grade":""}},{"type":"Feature","geometry":{"type":"Point","coordinates":[121.55538,25.052589]},"properties":{"name":"一之軒食品有限公司","address":"台北市松山區南京東路5段154號","district":"松山區","city":"臺北市","result":"檢驗","types":"新北抽驗(製造端)、新北抽驗(販售端)","grade":""}},{"type":"Feature","geometry":{"type":"Point","coordinates":[121.555946,25.000376]},"properties":{"name":"一之軒食品有限公司","address":"台北市文山區興隆路三段51號","district":"文山區","city":"臺北市","result":"檢驗","types":"新北抽驗(製造端)、新北抽驗(販售端)","grade":""}},{"type":"Feature","geometry":{"type":"Point","coordinates":[121.523135,25.094644]},"properties":{"name":"一之軒食品有限公司","address":"台北市士林區中正路249-1號","district":"士林區","city":"臺北市","result":"檢驗","types":"新北抽驗(製造端)、新北抽驗(販售端)","grade":""}},{"type":"Feature","geometry":{"type":"Point","coordinates":[121.591665,25.081726]},"properties":{"name":"一之軒食品有限公司","address":"台北市內湖區成功路四段32號","district":"內湖區","city":"臺北市","result":"檢驗","types":"新北抽驗(製造端)、新北抽驗(販售端)","grade":""}},{"type":"Feature","geometry":{"type":"Point","coordinates":[121.533401,25.061422]},"properties":{"name":"一之軒食品有限公司","address":"台北市中山區松江路305號","district":"中山區","city":"臺北市","result":"檢驗","types":"新北抽驗(製造端)、新北抽驗(販售端)","grade":""}},{"type":"Feature","geometry":{"type":"Point","coordinates":[121.616512,25.068276]},"properties":{"name":"一之軒食品有限公司","address":"台北市內湖區東湖路125號","district":"內湖區","city":"臺北市","result":"檢驗","types":"新北抽驗(製造端)、新北抽驗(販售端)","grade":""}},{"type":"Feature","geometry":{"type":"Point","coordinates":[121.542161,25.021651]},"properties":{"name":"一之軒食品有限公司","address":"台北市大安區復興南路二段201號1樓","district":"大安區","city":"臺北市","result":"檢驗","types":"新北抽驗(製造端)、新北抽驗(販售端)","grade":""}},{"type":"Feature","geometry":{"type":"Point","coordinates":[121.511389,25.042249]},"properties":{"name":"一之軒食品有限公司","address":"台北市中正區衡陽路105號","district":"中正區","city":"臺北市","result":"檢驗","types":"新北抽驗(製造端)、新北抽驗(販售端)","grade":""}},{"type":"Feature","geometry":{"type":"Point","coordinates":[121.518555,25.040776]},"properties":{"name":"一之軒食品有限公司","address":"台北市中正區中山南路7號(B1微風台大商場)","district":"中正區","city":"臺北市","result":"檢驗","types":"新北抽驗(製造端)、新北抽驗(販售端)","grade":""}},{"type":"Feature","geometry":{"type":"Point","coordinates":[121.542161,25.021651]},"properties":{"name":"一之軒食品有限公司","address":"台北市大安區復興南路二段201號","district":"大安區","city":"臺北市","result":"檢驗","types":"新北抽驗(製造端)、新北抽驗(販售端)","grade":""}},{"type":"Feature","geometry":{"type":"Point","coordinates":[121.549257,25.04222]},"properties":{"name":"一之軒食品有限公司","address":"台北市大安區敦化南路一段197號","district":"大安區","city":"臺北市","result":"檢驗","types":"新北抽驗(製造端)、新北抽驗(販售端)","grade":""}},{"type":"Feature","geometry":{"type":"Point","coordinates":[121.577011,25.040669]},"properties":{"name":"一之軒食品有限公司","address":"台北市信義區忠孝東路五段472號","district":"信義區","city":"臺北市","result":"檢驗","types":"新北抽驗(製造端)、新北抽驗(販售端)","grade":""}},{"type":"Feature","geometry":{"type":"Point","coordinates":[121.549815,25.063374]},"properties":{"name":"一之軒食品有限公司","address":"台北市松山區敦化北路340之9號","district":"松山區","city":"臺北市","result":"檢驗","types":"新北抽驗(製造端)、新北抽驗(販售端)","grade":""}},{"type":"Feature","geometry":{"type":"Point","coordinates":[121.543833,25.062617]},"properties":{"name":"瑞盟行銷股份有限公司","address":"台北市中山區復興北路420號8樓","district":"中山區","city":"臺北市","result":"檢驗","types":"新北抽驗(製造端)","grade":""}},{"type":"Feature","geometry":{"type":"Point","coordinates":[121.554735,25.041611]},"properties":{"name":"新東陽股份有限公司","address":"台北市大安區忠孝東路四段289號8樓","district":"大安區","city":"臺北市","result":"檢驗","types":"新北抽驗(製造端)","grade":""}},{"type":"Feature","geometry":{"type":"Point","coordinates":[121.521418,25.051211]},"properties":{"name":"奇華股份有限公司","address":"台北市中山區南京西路12號B2","district":"中山區","city":"臺北市","result":"檢驗","types":"新北抽驗(製造端)","grade":""}},{"type":"Feature","geometry":{"type":"Point","coordinates":[121.529613,25.092198]},"properties":{"name":"奇華股份有限公司","address":"台北市中山區中山北路2段32號","district":"中山區","city":"臺北市","result":"檢驗","types":"新北抽驗(製造端)","grade":""}},{"type":"Feature","geometry":{"type":"Point","coordinates":[121.529384,25.090193]},"properties":{"name":"奇華股份有限公司","address":"台北市士林區中山北路6段77號B1","district":"士林區","city":"臺北市","result":"檢驗","types":"新北抽驗(製造端)","grade":""}},{"type":"Feature","geometry":{"type":"Point","coordinates":[121.61258,25.053227]},"properties":{"name":"奇華股份有限公司","address":"台北市大安區忠孝東路4段45號B2","district":"大安區","city":"臺北市","result":"檢驗","types":"新北抽驗(製造端)","grade":""}},{"type":"Feature","geometry":{"type":"Point","coordinates":[121.518991,25.046234]},"properties":{"name":"奇華股份有限公司","address":"台北市中正區忠孝西路1段66號B2","district":"中正區","city":"臺北市","result":"檢驗","types":"新北抽驗(製造端)","grade":""}},{"type":"Feature","geometry":{"type":"Point","coordinates":[121.566797,25.038814]},"properties":{"name":"奇華股份有限公司","address":"台北市信義區松高路12號B2","district":"信義區","city":"臺北市","result":"檢驗","types":"新北抽驗(製造端)","grade":""}},{"type":"Feature","geometry":{"type":"Point","coordinates":[121.517734,25.052245]},"properties":{"name":"奇華股份有限公司","address":"台北市大同區承德路一段1號B3","district":"大同區","city":"臺北市","result":"檢驗","types":"新北抽驗(製造端)","grade":""}},{"type":"Feature","geometry":{"type":"Point","coordinates":[121.512478,25.103921]},"properties":{"name":"友華生技醫藥股份有限公司","address":"台北市北投區承德路六段128號13樓","district":"北投區","city":"臺北市","result":"檢驗","types":"新北抽驗(製造端)","grade":""}},{"type":"Feature","geometry":{"type":"Point","coordinates":[121.52453,25.056488]},"properties":{"name":"老爺大酒店股份有限公司","address":"台北市中山區中山北路2段37之1號2樓","district":"中山區","city":"臺北市","result":"檢驗","types":"台北稽查","grade":""}},{"type":"Feature","geometry":{"type":"Point","coordinates":[121.496511,25.03168]},"properties":{"name":"擁潔股份有限公司","address":"台北市萬華區西園路2段157號9樓","district":"萬華區","city":"臺北市","result":"檢驗","types":"新北抽驗(製造端)","grade":""}},{"type":"Feature","geometry":{"type":"Point","coordinates":[121.497654,25.033408]},"properties":{"name":"中原食品工業開發股份有限公司","address":"台北市萬華區艋舺大道275巷15號1樓","district":"萬華區","city":"臺北市","result":"檢驗","types":"新北抽驗(製造端)","grade":""}},{"type":"Feature","geometry":{"type":"Point","coordinates":[121.509208,25.067835]},"properties":{"name":"光榮行","address":"台北市大同區環河北路1段325號1樓","district":"大同區","city":"臺北市","result":"檢驗","types":"新北抽驗(製造端)","grade":""}},{"type":"Feature","geometry":{"type":"Point","coordinates":[121.595903,25.0645]},"properties":{"name":"全家便利商店股份有限公司","address":"台北市松山區民權東路３段１７３號","district":"松山區","city":"臺北市","result":"檢驗","types":"新北抽驗(販售端)","grade":""}},{"type":"Feature","geometry":{"type":"Point","coordinates":[121.530595,25.019178]},"properties":{"name":"全家便利商店股份有限公司","address":"台北市大安區羅斯福路４段１號","district":"大安區","city":"臺北市","result":"檢驗","types":"新北抽驗(販售端)","grade":""}},{"type":"Feature","geometry":{"type":"Point","coordinates":[121.543202,25.021841]},"properties":{"name":"全家便利商店股份有限公司","address":"台北市大安區復興南路二段３６２號","district":"大安區","city":"臺北市","result":"檢驗","types":"新北抽驗(販售端)","grade":""}},{"type":"Feature","geometry":{"type":"Point","coordinates":[121.520131,25.054016]},"properties":{"name":"全家便利商店股份有限公司","address":"台北市大同區赤峰街２２號１樓","district":"大同區","city":"臺北市","result":"檢驗","types":"新北抽驗(販售端)","grade":""}},{"type":"Feature","geometry":{"type":"Point","coordinates":[121.532763,25.115118]},"properties":{"name":"全家便利商店股份有限公司","address":"台北市士林區忠誠路二段１５６號１樓","district":"士林區","city":"臺北市","result":"檢驗","types":"新北抽驗(販售端)","grade":""}},{"type":"Feature","geometry":{"type":"Point","coordinates":[121.520131,25.054016]},"properties":{"name":"全家便利商店股份有限公司","address":"台北市大同區台北市大同區赤峰街２２號１樓","district":"大同區","city":"臺北市","result":"檢驗","types":"新北抽驗(販售端)","grade":""}},{"type":"Feature","geometry":{"type":"Point","coordinates":[121.531262,25.019292]},"properties":{"name":"全家便利商店股份有限公司","address":"台北市大安區羅斯福路三段２８３巷５號","district":"大安區","city":"臺北市","result":"檢驗","types":"新北抽驗(販售端)","grade":""}},{"type":"Feature","geometry":{"type":"Point","coordinates":[121.534666,25.01309]},"properties":{"name":"全家便利商店股份有限公司","address":"台北市中正區汀州路三段１８４之１７號１樓","district":"中正區","city":"臺北市","result":"檢驗","types":"新北抽驗(販售端)","grade":""}},{"type":"Feature","geometry":{"type":"Point","coordinates":[121.576944,25.076815]},"properties":{"name":"全家便利商店股份有限公司","address":"台北市內湖區江南街９１號壹樓","district":"內湖區","city":"臺北市","result":"檢驗","types":"新北抽驗(販售端)","grade":""}},{"type":"Feature","geometry":{"type":"Point","coordinates":[121.516755,25.068439]},"properties":{"name":"全家便利商店股份有限公司","address":"台北市大同區民族西路１２０號１樓","district":"大同區","city":"臺北市","result":"檢驗","types":"新北抽驗(販售端)","grade":""}},{"type":"Feature","geometry":{"type":"Point","coordinates":[121.571314,24.998243]},"properties":{"name":"全家便利商店股份有限公司","address":"台北市文山區萬芳路３號１樓","district":"文山區","city":"臺北市","result":"檢驗","types":"新北抽驗(販售端)","grade":""}},{"type":"Feature","geometry":{"type":"Point","coordinates":[121.526788,25.030448]},"properties":{"name":"全家便利商店股份有限公司","address":"台北市大安區金山南路二段１１３號","district":"大安區","city":"臺北市","result":"檢驗","types":"新北抽驗(販售端)","grade":""}},{"type":"Feature","geometry":{"type":"Point","coordinates":[121.522207,25.024602]},"properties":{"name":"全家便利商店股份有限公司","address":"台北市中正區同安街４５號１樓","district":"中正區","city":"臺北市","result":"檢驗","types":"新北抽驗(販售端)","grade":""}},{"type":"Feature","geometry":{"type":"Point","coordinates":[121.541784,25.042409]},"properties":{"name":"全家便利商店股份有限公司","address":"台北市大安區忠孝東路三段１號設計館１樓","district":"大安區","city":"臺北市","result":"檢驗","types":"新北抽驗(販售端)","grade":""}},{"type":"Feature","geometry":{"type":"Point","coordinates":[121.543162,24.991942]},"properties":{"name":"全家便利商店股份有限公司","address":"台北市文山區景興路２０２巷１４號１樓","district":"文山區","city":"臺北市","result":"檢驗","types":"新北抽驗(販售端)","grade":""}},{"type":"Feature","geometry":{"type":"Point","coordinates":[121.592703,25.083105]},"properties":{"name":"全家便利商店股份有限公司","address":"台北市內湖區台北市內湖區成功路四段６３號","district":"內湖區","city":"臺北市","result":"檢驗","types":"新北抽驗(販售端)","grade":""}},{"type":"Feature","geometry":{"type":"Point","coordinates":[121.555469,24.978788]},"properties":{"name":"全家便利商店股份有限公司","address":"台北市文山區台北市文山區樟新街１９號１樓","district":"文山區","city":"臺北市","result":"檢驗","types":"新北抽驗(販售端)","grade":""}},{"type":"Feature","geometry":{"type":"Point","coordinates":[121.535517,25.059965]},"properties":{"name":"全家便利商店股份有限公司","address":"台北市中山區民生東路二段１４７巷３之１號１樓","district":"中山區","city":"臺北市","result":"檢驗","types":"新北抽驗(販售端)","grade":""}},{"type":"Feature","geometry":{"type":"Point","coordinates":[121.592532,25.082052]},"properties":{"name":"全家便利商店股份有限公司","address":"台北市內湖區成功路四段６３號","district":"內湖區","city":"臺北市","result":"檢驗","types":"新北抽驗(販售端)","grade":""}},{"type":"Feature","geometry":{"type":"Point","coordinates":[121.562085,24.98465]},"properties":{"name":"全家便利商店股份有限公司","address":"台北市文山區忠順街１段２６巷２９號１樓","district":"文山區","city":"臺北市","result":"檢驗","types":"新北抽驗(販售端)","grade":""}},{"type":"Feature","geometry":{"type":"Point","coordinates":[121.522548,25.066304]},"properties":{"name":"全家便利商店股份有限公司","address":"台北市中山區中山北路三段４５之１號１樓","district":"中山區","city":"臺北市","result":"檢驗","types":"新北抽驗(販售端)","grade":""}},{"type":"Feature","geometry":{"type":"Point","coordinates":[121.555469,24.978788]},"properties":{"name":"全家便利商店股份有限公司","address":"台北市文山區樟新街１９號１樓","district":"文山區","city":"臺北市","result":"檢驗","types":"新北抽驗(販售端)","grade":""}},{"type":"Feature","geometry":{"type":"Point","coordinates":[121.55934,25.027346]},"properties":{"name":"全家便利商店股份有限公司","address":"台北市信義區信安街４７巷２３號１樓","district":"信義區","city":"臺北市","result":"檢驗","types":"新北抽驗(販售端)","grade":""}},{"type":"Feature","geometry":{"type":"Point","coordinates":[121.520529,25.063646]},"properties":{"name":"全家便利商店股份有限公司","address":"台北市大同區撫順街２１號","district":"大同區","city":"臺北市","result":"檢驗","types":"新北抽驗(販售端)","grade":""}},{"type":"Feature","geometry":{"type":"Point","coordinates":[121.548923,25.082725]},"properties":{"name":"全家便利商店股份有限公司","address":"台北市中山區台北市中山區北安路４０９號１樓","district":"中山區","city":"臺北市","result":"檢驗","types":"新北抽驗(販售端)","grade":""}},{"type":"Feature","geometry":{"type":"Point","coordinates":[121.581758,25.070973]},"properties":{"name":"全家便利商店股份有限公司","address":"台北市內湖區瑞光路７０號","district":"內湖區","city":"臺北市","result":"檢驗","types":"新北抽驗(販售端)","grade":""}},{"type":"Feature","geometry":{"type":"Point","coordinates":[121.5664,25.082008]},"properties":{"name":"全家便利商店股份有限公司","address":"台北市內湖區內湖路一段２４６號","district":"內湖區","city":"臺北市","result":"檢驗","types":"新北抽驗(販售端)","grade":""}},{"type":"Feature","geometry":{"type":"Point","coordinates":[121.579304,25.041189]},"properties":{"name":"樹森開發股份有限公司","address":"台北市信義區忠孝東路五段510號13樓","district":"信義區","city":"臺北市","result":"檢驗","types":"新北抽驗(製造端)","grade":""}},{"type":"Feature","geometry":{"type":"Point","coordinates":[121.588084,25.057785]},"properties":{"name":"樹森開發股份有限公司","address":"台北市內湖區新明路219巷7號","district":"內湖區","city":"臺北市","result":"檢驗","types":"新北抽驗(製造端)","grade":""}},{"type":"Feature","geometry":{"type":"Point","coordinates":[121.588574,25.057842]},"properties":{"name":"樹森開發股份有限公司","address":"台北市內湖區潭美街291號1樓","district":"內湖區","city":"臺北市","result":"檢驗","types":"新北抽驗(製造端)","grade":""}},{"type":"Feature","geometry":{"type":"Point","coordinates":[121.568146,25.079247]},"properties":{"name":"萊爾富國際股份有限公司","address":"台北市內湖區瑞光路502號3樓","district":"內湖區","city":"臺北市","result":"檢驗","types":"新北抽驗(製造端)","grade":""}},{"type":"Feature","geometry":{"type":"Point","coordinates":[121.494508,25.028903]},"properties":{"name":"東合冷凍食品有限公司","address":"台北市萬華區西藏路478號1樓","district":"萬華區","city":"臺北市","result":"檢驗","types":"新北抽驗(製造端)","grade":""}},{"type":"Feature","geometry":{"type":"Point","coordinates":[121.516495,25.116092]},"properties":{"name":"全新行銷有限公司","address":"台北市北投區裕民三路15號3樓","district":"北投區","city":"臺北市","result":"檢驗","types":"新北抽驗(製造端)","grade":""}},{"type":"Feature","geometry":{"type":"Point","coordinates":[121.509022,25.053445]},"properties":{"name":"京奇貿易有限公司","address":"台北市大同區南京西路289號1樓","district":"大同區","city":"臺北市","result":"檢驗","types":"新北抽驗(製造端)","grade":""}},{"type":"Feature","geometry":{"type":"Point","coordinates":[121.500727,25.138692]},"properties":{"name":"譽文武企業有限公司","address":"台北市北投區雙全街48巷3號(1樓)","district":"北投區","city":"臺北市","result":"未檢驗","types":"新北抽驗(製造端)","grade":""}},{"type":"Feature","geometry":{"type":"Point","coordinates":[121.511621,25.088724]},"properties":{"name":"慶隆國際開發有限公司","address":"台北市士林區通河西街2段108巷2弄9號1樓","district":"士林區","city":"臺北市","result":"檢驗","types":"新北抽驗(製造端)","grade":""}},{"type":"Feature","geometry":{"type":"Point","coordinates":[121.518991,25.046234]},"properties":{"name":"中天健康事業股份有限公司","address":"台北市中正區忠孝西路1段66號22樓","district":"中正區","city":"臺北市","result":"檢驗","types":"新北抽驗(製造端)","grade":""}},{"type":"Feature","geometry":{"type":"Point","coordinates":[121.515299,25.046226]},"properties":{"name":"中天健康事業股份有限公司","address":"台北市中正區忠孝西路一段66號34樓","district":"中正區","city":"臺北市","result":"檢驗","types":"新北抽驗(製造端)","grade":""}},{"type":"Feature","geometry":{"type":"Point","coordinates":[121.522479,25.120637]},"properties":{"name":"小南門食品有限公司","address":"台北市北投區石牌路二段201號","district":"北投區","city":"臺北市","result":"檢驗","types":"新北抽驗(製造端)","grade":""}},{"type":"Feature","geometry":{"type":"Point","coordinates":[121.554168,25.03239]},"properties":{"name":"小南門食品有限公司","address":"台北市大安區文昌街192號","district":"大安區","city":"臺北市","result":"檢驗","types":"新北抽驗(製造端)","grade":""}},{"type":"Feature","geometry":{"type":"Point","coordinates":[121.518555,25.040776]},"properties":{"name":"小南門食品有限公司","address":"台北市中正區中山南路7號b1","district":"中正區","city":"臺北市","result":"檢驗","types":"新北抽驗(製造端)","grade":""}},{"type":"Feature","geometry":{"type":"Point","coordinates":[121.556709,25.082926]},"properties":{"name":"小南門食品有限公司","address":"台北市中山區敬業三路20號b1","district":"中山區","city":"臺北市","result":"檢驗","types":"新北抽驗(製造端)","grade":""}},{"type":"Feature","geometry":{"type":"Point","coordinates":[121.520661,25.052434]},"properties":{"name":"小南門食品有限公司","address":"台北市中山區南京西路14號b1","district":"中山區","city":"臺北市","result":"檢驗","types":"新北抽驗(製造端)","grade":""}},{"type":"Feature","geometry":{"type":"Point","coordinates":[121.561111,25.044737]},"properties":{"name":"小南門食品有限公司","address":"台北市信義區菸廠路88號b2","district":"信義區","city":"臺北市","result":"檢驗","types":"新北抽驗(製造端)","grade":""}},{"type":"Feature","geometry":{"type":"Point","coordinates":[121.56524,25.039516]},"properties":{"name":"小南門食品有限公司","address":"台北市信義區松高路11號B2","district":"信義區","city":"臺北市","result":"檢驗","types":"新北抽驗(製造端)","grade":""}},{"type":"Feature","geometry":{"type":"Point","coordinates":[121.556709,25.082926]},"properties":{"name":"立菽企業有限公司","address":"台北市中山區敬業三路20號B1","district":"中山區","city":"臺北市","result":"檢驗","types":"新北抽驗(製造端)","grade":""}},{"type":"Feature","geometry":{"type":"Point","coordinates":[121.509624,25.058624]},"properties":{"name":"生態綠股份有限公司","address":"台北市大同區大有里迪化街一段167號","district":"大同區","city":"臺北市","result":"檢驗","types":"新北抽驗(販售端)","grade":""}},{"type":"Feature","geometry":{"type":"Point","coordinates":[121.574038,25.045125]},"properties":{"name":"好點子國際商行","address":"台北市信義區永吉路278巷2號","district":"信義區","city":"臺北市","result":"檢驗","types":"新北抽驗(製造端)","grade":""}},{"type":"Feature","geometry":{"type":"Point","coordinates":[121.555213,25.052541]},"properties":{"name":"好點子國際商行","address":"台北市松山區南京東路四段133巷5號","district":"松山區","city":"臺北市","result":"檢驗","types":"新北抽驗(製造端)","grade":""}},{"type":"Feature","geometry":{"type":"Point","coordinates":[121.541514,25.136965]},"properties":{"name":"好點子國際商行","address":"台北市士林區光華路26巷7號","district":"士林區","city":"臺北市","result":"檢驗","types":"新北抽驗(製造端)","grade":""}},{"type":"Feature","geometry":{"type":"Point","coordinates":[121.506084,25.041834]},"properties":{"name":"好點子國際商行","address":"台北市萬華區內江街29號","district":"萬華區","city":"臺北市","result":"檢驗","types":"新北抽驗(製造端)","grade":""}},{"type":"Feature","geometry":{"type":"Point","coordinates":[121.562677,25.028139]},"properties":{"name":"好點子國際商行","address":"台北市信義區吳興街200號","district":"信義區","city":"臺北市","result":"檢驗","types":"新北抽驗(製造端)","grade":""}},{"type":"Feature","geometry":{"type":"Point","coordinates":[121.532606,25.015325]},"properties":{"name":"好點子國際商行","address":"台北市中正區羅斯福路三段316巷12號","district":"中正區","city":"臺北市","result":"檢驗","types":"新北抽驗(製造端)","grade":""}},{"type":"Feature","geometry":{"type":"Point","coordinates":[121.586036,25.068311]},"properties":{"name":"好點子國際商行","address":"台北市內湖區民權東路六段90巷2號","district":"內湖區","city":"臺北市","result":"檢驗","types":"新北抽驗(製造端)","grade":""}},{"type":"Feature","geometry":{"type":"Point","coordinates":[121.537824,25.058791]},"properties":{"name":"好點子國際商行","address":"台北市中山區合江街108號","district":"中山區","city":"臺北市","result":"檢驗","types":"新北抽驗(製造端)","grade":""}},{"type":"Feature","geometry":{"type":"Point","coordinates":[121.573451,25.05044]},"properties":{"name":"好點子國際商行","address":"台北市松山區饒河街85號","district":"松山區","city":"臺北市","result":"檢驗","types":"新北抽驗(製造端)","grade":""}},{"type":"Feature","geometry":{"type":"Point","coordinates":[121.554775,25.030055]},"properties":{"name":"好點子國際商行","address":"台北市大安區通化夜市臨江街基隆路口","district":"大安區","city":"臺北市","result":"檢驗","types":"新北抽驗(製造端)","grade":""}},{"type":"Feature","geometry":{"type":"Point","coordinates":[121.51813,25.116757]},"properties":{"name":"好點子國際商行","address":"台北市北投區裕民一路8號","district":"北投區","city":"臺北市","result":"檢驗","types":"新北抽驗(製造端)","grade":""}},{"type":"Feature","geometry":{"type":"Point","coordinates":[121.59361,25.050727]},"properties":{"name":"好點子國際商行","address":"台北市南港區忠孝東路六段443號","district":"南港區","city":"臺北市","result":"檢驗","types":"新北抽驗(製造端)","grade":""}},{"type":"Feature","geometry":{"type":"Point","coordinates":[121.507491,25.030758]},"properties":{"name":"好點子國際商行","address":"台北市中正區西藏路16號","district":"中正區","city":"臺北市","result":"檢驗","types":"新北抽驗(製造端)","grade":""}},{"type":"Feature","geometry":{"type":"Point","coordinates":[121.556204,25.027062]},"properties":{"name":"好點子國際商行","address":"台北市信義區嘉興街216巷17號右側","district":"信義區","city":"臺北市","result":"檢驗","types":"新北抽驗(製造端)","grade":""}},{"type":"Feature","geometry":{"type":"Point","coordinates":[121.531357,25.043424]},"properties":{"name":"好點子國際商行","address":"台北市中正區八德路一段28號","district":"中正區","city":"臺北市","result":"檢驗","types":"新北抽驗(製造端)","grade":""}},{"type":"Feature","geometry":{"type":"Point","coordinates":[121.494766,25.036074]},"properties":{"name":"好點子國際商行","address":"台北市萬華區西園路二段140巷","district":"萬華區","city":"臺北市","result":"檢驗","types":"新北抽驗(製造端)","grade":""}},{"type":"Feature","geometry":{"type":"Point","coordinates":[121.560666,25.050057]},"properties":{"name":"好點子國際商行","address":"台北市松山區光復北路11巷76號","district":"松山區","city":"臺北市","result":"檢驗","types":"新北抽驗(製造端)","grade":""}},{"type":"Feature","geometry":{"type":"Point","coordinates":[121.559479,24.983784]},"properties":{"name":"好點子國際商行","address":"台北市文山區忠順街一段26巷4號-1","district":"文山區","city":"臺北市","result":"檢驗","types":"新北抽驗(製造端)","grade":""}},{"type":"Feature","geometry":{"type":"Point","coordinates":[121.539894,24.993459]},"properties":{"name":"好點子國際商行","address":"台北市文山區景福街246號","district":"文山區","city":"臺北市","result":"檢驗","types":"新北抽驗(製造端)","grade":""}},{"type":"Feature","geometry":{"type":"Point","coordinates":[121.524963,25.037128]},"properties":{"name":"好點子國際商行","address":"台北市中正區杭州南路一段113號","district":"中正區","city":"臺北市","result":"檢驗","types":"新北抽驗(製造端)","grade":""}},{"type":"Feature","geometry":{"type":"Point","coordinates":[121.528942,25.05733]},"properties":{"name":"好點子國際商行","address":"台北市中山區中原街47號","district":"中山區","city":"臺北市","result":"檢驗","types":"新北抽驗(製造端)","grade":""}},{"type":"Feature","geometry":{"type":"Point","coordinates":[121.495299,25.026866]},"properties":{"name":"好點子國際商行","address":"台北市萬華區東園街28巷26號","district":"萬華區","city":"臺北市","result":"檢驗","types":"新北抽驗(製造端)","grade":""}},{"type":"Feature","geometry":{"type":"Point","coordinates":[121.507043,25.117361]},"properties":{"name":"好點子國際商行","address":"台北市北投區尊賢街245巷1號","district":"北投區","city":"臺北市","result":"檢驗","types":"新北抽驗(製造端)","grade":""}},{"type":"Feature","geometry":{"type":"Point","coordinates":[121.515595,25.059823]},"properties":{"name":"好點子國際商行","address":"台北市大同區錦西街67號","district":"大同區","city":"臺北市","result":"檢驗","types":"新北抽驗(製造端)","grade":""}},{"type":"Feature","geometry":{"type":"Point","coordinates":[121.58481,25.038435]},"properties":{"name":"好點子國際商行","address":"台北市信義區福德街219號","district":"信義區","city":"臺北市","result":"檢驗","types":"新北抽驗(製造端)","grade":""}},{"type":"Feature","geometry":{"type":"Point","coordinates":[121.535173,25.06803]},"properties":{"name":"好點子國際商行","address":"台北市中山區民族東路264號","district":"中山區","city":"臺北市","result":"檢驗","types":"新北抽驗(製造端)","grade":""}},{"type":"Feature","geometry":{"type":"Point","coordinates":[121.563839,25.042344]},"properties":{"name":"好點子國際商行","address":"台北市信義區忠孝東路四段559巷16弄1號","district":"信義區","city":"臺北市","result":"檢驗","types":"新北抽驗(製造端)","grade":""}},{"type":"Feature","geometry":{"type":"Point","coordinates":[121.491661,25.033085]},"properties":{"name":"好點子國際商行","address":"台北市萬華區環河南路二段256號","district":"萬華區","city":"臺北市","result":"檢驗","types":"新北抽驗(製造端)","grade":""}},{"type":"Feature","geometry":{"type":"Point","coordinates":[121.540703,25.065995]},"properties":{"name":"好點子國際商行","address":"台北市中山區龍江路356巷10號","district":"中山區","city":"臺北市","result":"檢驗","types":"新北抽驗(製造端)","grade":""}},{"type":"Feature","geometry":{"type":"Point","coordinates":[121.53189,25.043559]},"properties":{"name":"好點子國際商行","address":"台北市中正區八德路一段82巷9弄16號","district":"中正區","city":"臺北市","result":"檢驗","types":"新北抽驗(製造端)","grade":""}},{"type":"Feature","geometry":{"type":"Point","coordinates":[121.535236,25.109839]},"properties":{"name":"好點子國際商行","address":"台北市士林區德行東路270號","district":"士林區","city":"臺北市","result":"檢驗","types":"新北抽驗(製造端)","grade":""}},{"type":"Feature","geometry":{"type":"Point","coordinates":[121.522245,25.090441]},"properties":{"name":"好點子國際商行","address":"台北市士林區基河路191號","district":"士林區","city":"臺北市","result":"檢驗","types":"新北抽驗(製造端)","grade":""}},{"type":"Feature","geometry":{"type":"Point","coordinates":[121.507358,25.030385]},"properties":{"name":"好點子國際商行","address":"台北市萬華區汀州路一段86號","district":"萬華區","city":"臺北市","result":"檢驗","types":"新北抽驗(製造端)","grade":""}},{"type":"Feature","geometry":{"type":"Point","coordinates":[121.49291,25.028453]},"properties":{"name":"好點子國際商行","address":"台北市萬華區西藏路78號","district":"萬華區","city":"臺北市","result":"檢驗","types":"新北抽驗(製造端)","grade":""}},{"type":"Feature","geometry":{"type":"Point","coordinates":[121.505107,25.08682]},"properties":{"name":"好點子國際商行","address":"台北市士林區延平北路五段163巷4-5號","district":"士林區","city":"臺北市","result":"檢驗","types":"新北抽驗(製造端)","grade":""}},{"type":"Feature","geometry":{"type":"Point","coordinates":[121.554722,25.051019]},"properties":{"name":"好點子國際商行","address":"台北市松山區寧安街68巷2號","district":"松山區","city":"臺北市","result":"檢驗","types":"新北抽驗(製造端)","grade":""}},{"type":"Feature","geometry":{"type":"Point","coordinates":[121.509717,25.117088]},"properties":{"name":"好點子國際商行","address":"台北市北投區石牌路一段39巷122號","district":"北投區","city":"臺北市","result":"檢驗","types":"新北抽驗(製造端)","grade":""}},{"type":"Feature","geometry":{"type":"Point","coordinates":[121.614546,25.045514]},"properties":{"name":"好點子國際商行","address":"台北市南港區研究院路二段70巷12號","district":"南港區","city":"臺北市","result":"檢驗","types":"新北抽驗(製造端)","grade":""}},{"type":"Feature","geometry":{"type":"Point","coordinates":[121.568613,25.050996]},"properties":{"name":"好點子國際商行","address":"台北市松山區南京東路五段328號","district":"松山區","city":"臺北市","result":"檢驗","types":"新北抽驗(製造端)","grade":""}},{"type":"Feature","geometry":{"type":"Point","coordinates":[121.548473,25.080128]},"properties":{"name":"好點子國際商行","address":"台北市中山區北安路554巷13號","district":"中山區","city":"臺北市","result":"檢驗","types":"新北抽驗(製造端)","grade":""}},{"type":"Feature","geometry":{"type":"Point","coordinates":[121.571944,25.044108]},"properties":{"name":"好點子國際商行","address":"台北市信義區松信路126號","district":"信義區","city":"臺北市","result":"檢驗","types":"新北抽驗(製造端)","grade":""}},{"type":"Feature","geometry":{"type":"Point","coordinates":[121.598785,25.059949]},"properties":{"name":"好點子國際商行","address":"台北市內湖區安美街59-3號","district":"內湖區","city":"臺北市","result":"檢驗","types":"新北抽驗(製造端)","grade":""}},{"type":"Feature","geometry":{"type":"Point","coordinates":[121.510404,25.066034]},"properties":{"name":"好點子國際商行","address":"台北市大同區昌吉街129號","district":"大同區","city":"臺北市","result":"檢驗","types":"新北抽驗(製造端)","grade":""}},{"type":"Feature","geometry":{"type":"Point","coordinates":[121.501317,25.02192]},"properties":{"name":"好點子國際商行","address":"台北市萬華區萬大路423巷87號","district":"萬華區","city":"臺北市","result":"檢驗","types":"新北抽驗(製造端)","grade":""}},{"type":"Feature","geometry":{"type":"Point","coordinates":[121.61302,25.054684]},"properties":{"name":"好點子國際商行","address":"台北市南港區南港路一段171巷12號","district":"南港區","city":"臺北市","result":"檢驗","types":"新北抽驗(製造端)","grade":""}},{"type":"Feature","geometry":{"type":"Point","coordinates":[121.553757,25.044725]},"properties":{"name":"好點子國際商行","address":"台北市松山區延吉街2-8號","district":"松山區","city":"臺北市","result":"檢驗","types":"新北抽驗(製造端)","grade":""}},{"type":"Feature","geometry":{"type":"Point","coordinates":[121.617695,25.053869]},"properties":{"name":"好點子國際商行","address":"台北市南港區富康街2號1樓","district":"南港區","city":"臺北市","result":"檢驗","types":"新北抽驗(製造端)","grade":""}},{"type":"Feature","geometry":{"type":"Point","coordinates":[121.541725,24.992062]},"properties":{"name":"好點子國際商行","address":"台北市文山區景美街23之1號","district":"文山區","city":"臺北市","result":"檢驗","types":"新北抽驗(製造端)","grade":""}},{"type":"Feature","geometry":{"type":"Point","coordinates":[121.61206,25.067779]},"properties":{"name":"好點子國際商行","address":"台北市內湖區五分街1號","district":"內湖區","city":"臺北市","result":"檢驗","types":"新北抽驗(製造端)","grade":""}},{"type":"Feature","geometry":{"type":"Point","coordinates":[121.50058,25.031145]},"properties":{"name":"好點子國際商行","address":"台北市萬華區攤位164號","district":"萬華區","city":"臺北市","result":"檢驗","types":"新北抽驗(製造端)","grade":""}},{"type":"Feature","geometry":{"type":"Point","coordinates":[121.543744,24.972402]},"properties":{"name":"好點子國際商行","address":"台北市文山區試院路82號","district":"文山區","city":"臺北市","result":"檢驗","types":"新北抽驗(製造端)","grade":""}},{"type":"Feature","geometry":{"type":"Point","coordinates":[121.566783,25.053426]},"properties":{"name":"好點子國際商行","address":"台北市松山區南京東路五段291巷23號","district":"松山區","city":"臺北市","result":"檢驗","types":"新北抽驗(製造端)","grade":""}},{"type":"Feature","geometry":{"type":"Point","coordinates":[121.617962,25.042138]},"properties":{"name":"好點子國際商行","address":"台北市南港區舊莊街一段3巷2弄2號1樓","district":"南港區","city":"臺北市","result":"檢驗","types":"新北抽驗(製造端)","grade":""}},{"type":"Feature","geometry":{"type":"Point","coordinates":[121.535863,25.111538]},"properties":{"name":"好點子國際商行","address":"台北市北投區溫泉路83號","district":"北投區","city":"臺北市","result":"檢驗","types":"新北抽驗(製造端)","grade":""}},{"type":"Feature","geometry":{"type":"Point","coordinates":[121.533716,25.053576]},"properties":{"name":"好點子國際商行","address":"台北市中山區四平街64號之6","district":"中山區","city":"臺北市","result":"檢驗","types":"新北抽驗(製造端)","grade":""}},{"type":"Feature","geometry":{"type":"Point","coordinates":[121.529187,25.060228]},"properties":{"name":"好點子國際商行","address":"台北市中山區錦州街144號1樓","district":"中山區","city":"臺北市","result":"檢驗","types":"新北抽驗(製造端)","grade":""}},{"type":"Feature","geometry":{"type":"Point","coordinates":[121.60416,25.063502]},"properties":{"name":"立基食品股份有限公司","address":"台北市內湖區安康路252號2樓","district":"內湖區","city":"臺北市","result":"檢驗","types":"新北抽驗(製造端)","grade":""}},{"type":"Feature","geometry":{"type":"Point","coordinates":[121.554246,25.029925]},"properties":{"name":"同心堂蔘藥行","address":"台北市大安區通化街85號1樓","district":"大安區","city":"臺北市","result":"檢驗","types":"新北抽驗(販售端)","grade":""}},{"type":"Feature","geometry":{"type":"Point","coordinates":[121.582612,25.086044]},"properties":{"name":"旭梅企業有限公司","address":"台北市內湖區內湖路1段360巷17號3樓","district":"內湖區","city":"臺北市","result":"檢驗","types":"新北抽驗(製造端)、新北抽驗(販售端)","grade":""}},{"type":"Feature","geometry":{"type":"Point","coordinates":[121.570762,25.08131]},"properties":{"name":"旭梅企業有限公司","address":"台北市內湖區內湖路一段360巷17號3樓","district":"內湖區","city":"臺北市","result":"檢驗","types":"新北抽驗(製造端)、新北抽驗(販售端)","grade":""}},{"type":"Feature","geometry":{"type":"Point","coordinates":[121.510542,25.057273]},"properties":{"name":"可誠貿易有限公司","address":"台北市大同區民樂街50之1號1樓","district":"大同區","city":"臺北市","result":"檢驗","types":"新北抽驗(製造端)","grade":""}},{"type":"Feature","geometry":{"type":"Point","coordinates":[121.560431,25.035595]},"properties":{"name":"禾悅開發實業有限公司","address":"台北市信義區基隆路1段159號16樓之2","district":"信義區","city":"臺北市","result":"檢驗","types":"新北抽驗(製造端)","grade":""}},{"type":"Feature","geometry":{"type":"Point","coordinates":[121.54312,25.06075]},"properties":{"name":"群品餐飲股份有限公司","address":"台北市中山區民權東路三段19號","district":"中山區","city":"臺北市","result":"檢驗","types":"新北抽驗(製造端)","grade":""}},{"type":"Feature","geometry":{"type":"Point","coordinates":[121.526427,25.120351]},"properties":{"name":"群品餐飲股份有限公司","address":"台北市士林區天母西路40號","district":"士林區","city":"臺北市","result":"檢驗","types":"新北抽驗(製造端)","grade":""}},{"type":"Feature","geometry":{"type":"Point","coordinates":[121.561713,24.984798]},"properties":{"name":"群品餐飲股份有限公司","address":"台北市文山區興隆路四段149號","district":"文山區","city":"臺北市","result":"檢驗","types":"新北抽驗(製造端)","grade":""}},{"type":"Feature","geometry":{"type":"Point","coordinates":[121.526334,25.034251]},"properties":{"name":"群品餐飲股份有限公司","address":"台北市大安區信義路二段72號1樓","district":"大安區","city":"臺北市","result":"檢驗","types":"新北抽驗(製造端)","grade":""}},{"type":"Feature","geometry":{"type":"Point","coordinates":[121.555163,25.020694]},"properties":{"name":"群品餐飲股份有限公司","address":"台北市大安區安居街50號1樓","district":"大安區","city":"臺北市","result":"檢驗","types":"新北抽驗(製造端)","grade":""}},{"type":"Feature","geometry":{"type":"Point","coordinates":[121.495751,25.038089]},"properties":{"name":"群品餐飲股份有限公司","address":"台北市萬華區桂林路1號","district":"萬華區","city":"臺北市","result":"檢驗","types":"新北抽驗(製造端)","grade":""}},{"type":"Feature","geometry":{"type":"Point","coordinates":[121.54468,25.052838]},"properties":{"name":"群品餐飲股份有限公司","address":"台北市松山區慶城街1號地下一樓","district":"松山區","city":"臺北市","result":"檢驗","types":"新北抽驗(製造端)","grade":""}},{"type":"Feature","geometry":{"type":"Point","coordinates":[121.470719,25.126993]},"properties":{"name":"群品餐飲股份有限公司","address":"台北市北投區立德路115號3樓","district":"北投區","city":"臺北市","result":"檢驗","types":"新北抽驗(製造端)","grade":""}},{"type":"Feature","geometry":{"type":"Point","coordinates":[121.523135,25.094644]},"properties":{"name":"群品餐飲股份有限公司","address":"台北市士林區中正路183、185號","district":"士林區","city":"臺北市","result":"檢驗","types":"新北抽驗(製造端)","grade":""}},{"type":"Feature","geometry":{"type":"Point","coordinates":[121.542479,25.046855]},"properties":{"name":"群品餐飲股份有限公司","address":"台北市中山區八德路二段306號B1","district":"中山區","city":"臺北市","result":"檢驗","types":"新北抽驗(製造端)","grade":""}},{"type":"Feature","geometry":{"type":"Point","coordinates":[121.504399,25.13711]},"properties":{"name":"群品餐飲股份有限公司","address":"台北市北投區泉源路12號2樓","district":"北投區","city":"臺北市","result":"檢驗","types":"新北抽驗(製造端)","grade":""}},{"type":"Feature","geometry":{"type":"Point","coordinates":[121.553715,25.052713]},"properties":{"name":"群品餐飲股份有限公司","address":"台北市松山區南京東路四段103號","district":"松山區","city":"臺北市","result":"檢驗","types":"新北抽驗(製造端)","grade":""}},{"type":"Feature","geometry":{"type":"Point","coordinates":[121.547747,25.060446]},"properties":{"name":"群品餐飲股份有限公司","address":"台北市中山區民權東路三段17號1樓","district":"中山區","city":"臺北市","result":"檢驗","types":"新北抽驗(製造端)","grade":""}},{"type":"Feature","geometry":{"type":"Point","coordinates":[121.582006,25.044596]},"properties":{"name":"群品餐飲股份有限公司","address":"台北市南港區忠孝東路五段803號及805號1樓","district":"南港區","city":"臺北市","result":"檢驗","types":"新北抽驗(製造端)","grade":""}},{"type":"Feature","geometry":{"type":"Point","coordinates":[121.519823,25.057677]},"properties":{"name":"群品餐飲股份有限公司","address":"台北市大同區民生西路75號1樓","district":"大同區","city":"臺北市","result":"檢驗","types":"新北抽驗(製造端)","grade":""}},{"type":"Feature","geometry":{"type":"Point","coordinates":[121.556163,25.000258]},"properties":{"name":"群品餐飲股份有限公司","address":"台北市文山區興隆路三段61號1樓","district":"文山區","city":"臺北市","result":"檢驗","types":"新北抽驗(製造端)","grade":""}},{"type":"Feature","geometry":{"type":"Point","coordinates":[121.575986,25.062654]},"properties":{"name":"群品餐飲股份有限公司","address":"台北市內湖區舊宗路一段188號1樓","district":"內湖區","city":"臺北市","result":"檢驗","types":"新北抽驗(製造端)","grade":""}},{"type":"Feature","geometry":{"type":"Point","coordinates":[121.557849,25.000833]},"properties":{"name":"群品餐飲股份有限公司","address":"台北市文山區興隆路三段111號(萬芳商場)","district":"文山區","city":"臺北市","result":"檢驗","types":"新北抽驗(製造端)","grade":""}},{"type":"Feature","geometry":{"type":"Point","coordinates":[121.565414,25.040865]},"properties":{"name":"群品餐飲股份有限公司","address":"台北市信義區忠孝東路五段8號B2","district":"信義區","city":"臺北市","result":"檢驗","types":"新北抽驗(製造端)","grade":""}},{"type":"Feature","geometry":{"type":"Point","coordinates":[121.546231,25.083587]},"properties":{"name":"群品餐飲股份有限公司","address":"台北市中山區大直街70號(實踐商場)","district":"中山區","city":"臺北市","result":"檢驗","types":"新北抽驗(製造端)","grade":""}},{"type":"Feature","geometry":{"type":"Point","coordinates":[121.556892,25.043733]},"properties":{"name":"群品餐飲股份有限公司","address":"台北市大安區光復南路100號地下一樓","district":"大安區","city":"臺北市","result":"檢驗","types":"新北抽驗(製造端)","grade":""}},{"type":"Feature","geometry":{"type":"Point","coordinates":[121.558003,25.081043]},"properties":{"name":"勝閎實業有限公司","address":"台北市中山區敬業四路33號","district":"中山區","city":"臺北市","result":"檢驗","types":"新北抽驗(製造端)","grade":""}},{"type":"Feature","geometry":{"type":"Point","coordinates":[121.519891,25.103351]},"properties":{"name":"萊爾富國際股份有限公司","address":"台北市士林區文林路760號一樓","district":"士林區","city":"臺北市","result":"檢驗","types":"新北抽驗(製造端)","grade":""}},{"type":"Feature","geometry":{"type":"Point","coordinates":[121.529061,25.121145]},"properties":{"name":"萊爾富國際股份有限公司","address":"台北市士林區天玉街34號1樓","district":"士林區","city":"臺北市","result":"檢驗","types":"新北抽驗(製造端)","grade":""}},{"type":"Feature","geometry":{"type":"Point","coordinates":[121.534391,25.098108]},"properties":{"name":"萊爾富國際股份有限公司","address":"台北市士林區福林路237號1樓及235號B1","district":"士林區","city":"臺北市","result":"檢驗","types":"新北抽驗(製造端)","grade":""}},{"type":"Feature","geometry":{"type":"Point","coordinates":[121.549918,24.995661]},"properties":{"name":"萊爾富國際股份有限公司","address":"台北市文山區仙岩路32及36號1樓","district":"文山區","city":"臺北市","result":"檢驗","types":"新北抽驗(製造端)","grade":""}},{"type":"Feature","geometry":{"type":"Point","coordinates":[121.581546,25.045503]},"properties":{"name":"萊爾富國際股份有限公司","address":"台北市南港區永吉路555號1樓","district":"南港區","city":"臺北市","result":"檢驗","types":"新北抽驗(製造端)","grade":""}},{"type":"Feature","geometry":{"type":"Point","coordinates":[121.565657,25.0276]},"properties":{"name":"萊爾富國際股份有限公司","address":"台北市信義區莊敬路393號1樓","district":"信義區","city":"臺北市","result":"檢驗","types":"新北抽驗(製造端)","grade":""}},{"type":"Feature","geometry":{"type":"Point","coordinates":[121.509536,25.024809]},"properties":{"name":"萊爾富國際股份有限公司","address":"台北市萬華區中華路二段448號1樓及450號1樓","district":"萬華區","city":"臺北市","result":"檢驗","types":"新北抽驗(製造端)","grade":""}},{"type":"Feature","geometry":{"type":"Point","coordinates":[121.497498,25.023504]},"properties":{"name":"萊爾富國際股份有限公司","address":"台北市萬華區東園街142號","district":"萬華區","city":"臺北市","result":"檢驗","types":"新北抽驗(製造端)","grade":""}},{"type":"Feature","geometry":{"type":"Point","coordinates":[121.521561,25.091319]},"properties":{"name":"萊爾富國際股份有限公司","address":"台北市士林區基河路238-1號1樓","district":"士林區","city":"臺北市","result":"檢驗","types":"新北抽驗(製造端)","grade":""}},{"type":"Feature","geometry":{"type":"Point","coordinates":[121.55251,25.041663]},"properties":{"name":"萊爾富國際股份有限公司","address":"台北市大安區忠孝東路四段219號1樓","district":"大安區","city":"臺北市","result":"檢驗","types":"新北抽驗(製造端)","grade":""}},{"type":"Feature","geometry":{"type":"Point","coordinates":[121.534839,25.060689]},"properties":{"name":"萊爾富國際股份有限公司","address":"台北市中山區朱崙街60號1樓","district":"中山區","city":"臺北市","result":"檢驗","types":"新北抽驗(製造端)","grade":""}},{"type":"Feature","geometry":{"type":"Point","coordinates":[121.555222,24.978962]},"properties":{"name":"萊爾富國際股份有限公司","address":"台北市文山區樟新街26號1樓","district":"文山區","city":"臺北市","result":"檢驗","types":"新北抽驗(製造端)","grade":""}},{"type":"Feature","geometry":{"type":"Point","coordinates":[121.542742,25.051951]},"properties":{"name":"萊爾富國際股份有限公司","address":"台北市中山區南京東路三段91-1號1樓","district":"中山區","city":"臺北市","result":"檢驗","types":"新北抽驗(製造端)","grade":""}},{"type":"Feature","geometry":{"type":"Point","coordinates":[121.520565,25.057772]},"properties":{"name":"萊爾富國際股份有限公司","address":"台北市大同區民生西路47號地下一樓","district":"大同區","city":"臺北市","result":"檢驗","types":"新北抽驗(製造端)","grade":""}},{"type":"Feature","geometry":{"type":"Point","coordinates":[121.520565,25.057772]},"properties":{"name":"萊爾富國際股份有限公司","address":"台北市大同區大同區民生西路47號地下一樓","district":"大同區","city":"臺北市","result":"檢驗","types":"新北抽驗(製造端)","grade":""}},{"type":"Feature","geometry":{"type":"Point","coordinates":[121.526667,25.120438]},"properties":{"name":"萊爾富國際股份有限公司","address":"台北市士林區天母北路37號","district":"士林區","city":"臺北市","result":"檢驗","types":"新北抽驗(製造端)","grade":""}},{"type":"Feature","geometry":{"type":"Point","coordinates":[121.556946,25.020501]},"properties":{"name":"萊爾富國際股份有限公司","address":"台北市信義區和平東路三段355號1樓及地下室","district":"信義區","city":"臺北市","result":"檢驗","types":"新北抽驗(製造端)","grade":""}},{"type":"Feature","geometry":{"type":"Point","coordinates":[121.58837,25.048943]},"properties":{"name":"萊爾富國際股份有限公司","address":"台北市南港區忠孝東路六段254號一樓","district":"南港區","city":"臺北市","result":"檢驗","types":"新北抽驗(製造端)","grade":""}},{"type":"Feature","geometry":{"type":"Point","coordinates":[121.500664,25.039864]},"properties":{"name":"萊爾富國際股份有限公司","address":"台北市萬華區西昌街128、130號一樓","district":"萬華區","city":"臺北市","result":"檢驗","types":"新北抽驗(製造端)","grade":""}},{"type":"Feature","geometry":{"type":"Point","coordinates":[121.526186,25.078417]},"properties":{"name":"萊爾富國際股份有限公司","address":"台北市中山區中山北路四段1號(販賣部)","district":"中山區","city":"臺北市","result":"檢驗","types":"新北抽驗(製造端)","grade":""}},{"type":"Feature","geometry":{"type":"Point","coordinates":[121.567171,25.024934]},"properties":{"name":"萊爾富國際股份有限公司","address":"台北市信義區吳興街388號、390號","district":"信義區","city":"臺北市","result":"檢驗","types":"新北抽驗(製造端)","grade":""}},{"type":"Feature","geometry":{"type":"Point","coordinates":[121.565948,25.05157]},"properties":{"name":"萊爾富國際股份有限公司","address":"台北市松山區南京東路五段285及287號1樓","district":"松山區","city":"臺北市","result":"檢驗","types":"新北抽驗(製造端)","grade":""}},{"type":"Feature","geometry":{"type":"Point","coordinates":[121.502,25.022358]},"properties":{"name":"萊爾富國際股份有限公司","address":"台北市萬華區萬大路423巷12號1樓","district":"萬華區","city":"臺北市","result":"檢驗","types":"新北抽驗(製造端)","grade":""}},{"type":"Feature","geometry":{"type":"Point","coordinates":[121.555827,25.062158]},"properties":{"name":"萊爾富國際股份有限公司","address":"台北市松山區民權東路四段121號","district":"松山區","city":"臺北市","result":"檢驗","types":"新北抽驗(製造端)","grade":""}},{"type":"Feature","geometry":{"type":"Point","coordinates":[121.551175,25.006267]},"properties":{"name":"萊爾富國際股份有限公司","address":"台北市文山區萬壽路2號1樓","district":"文山區","city":"臺北市","result":"檢驗","types":"新北抽驗(製造端)","grade":""}},{"type":"Feature","geometry":{"type":"Point","coordinates":[121.521368,25.096854]},"properties":{"name":"萊爾富國際股份有限公司","address":"台北市士林區美崙街88號1樓","district":"士林區","city":"臺北市","result":"檢驗","types":"新北抽驗(製造端)","grade":""}},{"type":"Feature","geometry":{"type":"Point","coordinates":[121.543497,25.060101]},"properties":{"name":"萊爾富國際股份有限公司","address":"台北市中山區錦州街452號1樓及地下室","district":"中山區","city":"臺北市","result":"檢驗","types":"新北抽驗(製造端)","grade":""}},{"type":"Feature","geometry":{"type":"Point","coordinates":[121.562498,25.030009]},"properties":{"name":"承威企業有限公司","address":"台北市信義區莊敬路239巷1弄7號1樓","district":"信義區","city":"臺北市","result":"檢驗","types":"新北抽驗(製造端)、新北抽驗(販售端)","grade":""}},{"type":"Feature","geometry":{"type":"Point","coordinates":[121.555829,24.979698]},"properties":{"name":"美味大師股份有限公司","address":"台北市文山區一壽街20巷7號1樓","district":"文山區","city":"臺北市","result":"檢驗","types":"新北抽驗(製造端)","grade":""}},{"type":"Feature","geometry":{"type":"Point","coordinates":[121.557849,25.000833]},"properties":{"name":"美味大師股份有限公司","address":"台北市文山區興隆路三段111號B1樓","district":"文山區","city":"臺北市","result":"檢驗","types":"新北抽驗(製造端)","grade":""}},{"type":"Feature","geometry":{"type":"Point","coordinates":[121.546231,25.083587]},"properties":{"name":"美味大師股份有限公司","address":"台北市中山區大直街70號","district":"中山區","city":"臺北市","result":"檢驗","types":"新北抽驗(製造端)","grade":""}},{"type":"Feature","geometry":{"type":"Point","coordinates":[121.553373,25.02554]},"properties":{"name":"美味大師股份有限公司","address":"台北市大安區基隆路3段85號","district":"大安區","city":"臺北市","result":"檢驗","types":"新北抽驗(製造端)","grade":""}},{"type":"Feature","geometry":{"type":"Point","coordinates":[121.539987,24.99298]},"properties":{"name":"美味大師股份有限公司","address":"台北市文山區羅斯福路六段10號10樓之1","district":"文山區","city":"臺北市","result":"檢驗","types":"新北抽驗(製造端)","grade":""}},{"type":"Feature","geometry":{"type":"Point","coordinates":[121.580671,25.043915]},"properties":{"name":"捷盟行銷股份有限公司","address":"台北市信義區忠孝東路4段560號7樓","district":"信義區","city":"臺北市","result":"檢驗","types":"新北抽驗(製造端)","grade":""}},{"type":"Feature","geometry":{"type":"Point","coordinates":[121.56524,25.039516]},"properties":{"name":"海樂國際有限公司","address":"台北市信義區松高路11號 B2","district":"信義區","city":"臺北市","result":"檢驗","types":"新北抽驗(製造端)、新北抽驗(販售端)","grade":""}},{"type":"Feature","geometry":{"type":"Point","coordinates":[121.617583,25.059345]},"properties":{"name":"海樂國際有限公司","address":"台北市南港區經貿二路131號B1","district":"南港區","city":"臺北市","result":"檢驗","types":"新北抽驗(製造端)、新北抽驗(販售端)","grade":""}},{"type":"Feature","geometry":{"type":"Point","coordinates":[121.517055,25.047176]},"properties":{"name":"祿大食品有限公司","address":"台北市中正區北平西路3號地下一樓","district":"中正區","city":"臺北市","result":"檢驗","types":"新北抽驗(製造端)、新北抽驗(販售端)","grade":""}},{"type":"Feature","geometry":{"type":"Point","coordinates":[121.518609,25.058791]},"properties":{"name":"展鮮水產有限公司","address":"台北市大同區承德路2段219號","district":"大同區","city":"臺北市","result":"檢驗","types":"新北抽驗(製造端)","grade":""}},{"type":"Feature","geometry":{"type":"Point","coordinates":[121.590747,25.081033]},"properties":{"name":"登豐商事股份有限公司","address":"台北市內湖區成功路2段486巷4號4樓","district":"內湖區","city":"臺北市","result":"檢驗","types":"新北抽驗(製造端)","grade":""}},{"type":"Feature","geometry":{"type":"Point","coordinates":[121.595903,25.0645]},"properties":{"name":"力信國際實業有限公司","address":"台北市松山區民權東路3段106巷21弄14號(1樓)","district":"松山區","city":"臺北市","result":"檢驗","types":"新北抽驗(製造端)","grade":""}},{"type":"Feature","geometry":{"type":"Point","coordinates":[121.524091,25.09742]},"properties":{"name":"郭元益食品股份有限公司","address":"台北市士林區文林路546號1樓","district":"士林區","city":"臺北市","result":"檢驗","types":"新北抽驗(製造端)、新北抽驗(販售端)","grade":""}},{"type":"Feature","geometry":{"type":"Point","coordinates":[121.524986,25.057]},"properties":{"name":"郭元益食品股份有限公司","address":"台北市中山區中山北路二段34號","district":"中山區","city":"臺北市","result":"檢驗","types":"新北抽驗(製造端)、新北抽驗(販售端)","grade":""}},{"type":"Feature","geometry":{"type":"Point","coordinates":[121.566664,25.03936]},"properties":{"name":"郭元益食品股份有限公司","address":"台北市信義區松高路19號B2","district":"信義區","city":"臺北市","result":"檢驗","types":"新北抽驗(製造端)、新北抽驗(販售端)","grade":""}},{"type":"Feature","geometry":{"type":"Point","coordinates":[121.529901,25.032926]},"properties":{"name":"郭元益食品股份有限公司","address":"台北市大安區永康街9號","district":"大安區","city":"臺北市","result":"檢驗","types":"新北抽驗(製造端)、新北抽驗(販售端)","grade":""}},{"type":"Feature","geometry":{"type":"Point","coordinates":[121.563901,25.034027]},"properties":{"name":"郭元益食品股份有限公司","address":"台北市信義區市府路45號","district":"信義區","city":"臺北市","result":"檢驗","types":"新北抽驗(製造端)、新北抽驗(販售端)","grade":""}},{"type":"Feature","geometry":{"type":"Point","coordinates":[121.524091,25.09742]},"properties":{"name":"郭元益食品股份有限公司","address":"台北市士林區文林路546號4樓","district":"士林區","city":"臺北市","result":"檢驗","types":"新北抽驗(製造端)、新北抽驗(販售端)","grade":""}},{"type":"Feature","geometry":{"type":"Point","coordinates":[121.550395,25.061297]},"properties":{"name":"郭元益食品股份有限公司","address":"台北市松山區敦化北路340-9號","district":"松山區","city":"臺北市","result":"檢驗","types":"新北抽驗(製造端)、新北抽驗(販售端)","grade":""}},{"type":"Feature","geometry":{"type":"Point","coordinates":[121.524091,25.09742]},"properties":{"name":"郭元益食品股份有限公司","address":"台北市士林區文林路546號","district":"士林區","city":"臺北市","result":"檢驗","types":"新北抽驗(製造端)、新北抽驗(販售端)","grade":""}},{"type":"Feature","geometry":{"type":"Point","coordinates":[121.517055,25.047176]},"properties":{"name":"郭元益食品股份有限公司","address":"台北市中正區北平西路3號1樓","district":"中正區","city":"臺北市","result":"檢驗","types":"新北抽驗(製造端)、新北抽驗(販售端)","grade":""}},{"type":"Feature","geometry":{"type":"Point","coordinates":[121.613245,25.056525]},"properties":{"name":"台灣瑪氏股份有限公司","address":"台北市南港區三重路19之11號15樓","district":"南港區","city":"臺北市","result":"檢驗","types":"新北抽驗(製造端)","grade":""}},{"type":"Feature","geometry":{"type":"Point","coordinates":[121.5933,25.054614]},"properties":{"name":"協何有限公司","address":"台北市南港區成功路1段38號2樓","district":"南港區","city":"臺北市","result":"未檢驗","types":"新北抽驗(製造端)","grade":""}},{"type":"Feature","geometry":{"type":"Point","coordinates":[121.530852,25.057466]},"properties":{"name":"瑞牧食品股份有限公司","address":"台北市中山區松江路87號17樓","district":"中山區","city":"臺北市","result":"檢驗","types":"新北抽驗(製造端)","grade":""}},{"type":"Feature","geometry":{"type":"Point","coordinates":[121.608358,25.054164]},"properties":{"name":"永益國際開發有限公司","address":"台北市南港區南港路2段99之18號","district":"南港區","city":"臺北市","result":"檢驗","types":"新北抽驗(製造端)","grade":""}},{"type":"Feature","geometry":{"type":"Point","coordinates":[121.530852,25.057466]},"properties":{"name":"瑞福食品股份有限公司","address":"台北市中山區松江路87號17樓","district":"中山區","city":"臺北市","result":"檢驗","types":"新北抽驗(製造端)","grade":""}},{"type":"Feature","geometry":{"type":"Point","coordinates":[121.560431,25.035595]},"properties":{"name":"渥禾貿易有限公司","address":"台北市信義區基隆路1段155號11樓之2","district":"信義區","city":"臺北市","result":"檢驗","types":"新北抽驗(製造端)","grade":""}},{"type":"Feature","geometry":{"type":"Point","coordinates":[121.530125,25.05992]},"properties":{"name":"鑫魚小吃店","address":"台北市中山區吉林路254號","district":"中山區","city":"臺北市","result":"檢驗","types":"台北稽查","grade":""}},{"type":"Feature","geometry":{"type":"Point","coordinates":[121.524947,25.067546]},"properties":{"name":"莉山小吃店","address":"台北市中山區雙城街43巷17號一樓","district":"中山區","city":"臺北市","result":"檢驗","types":"台北稽查","grade":""}},{"type":"Feature","geometry":{"type":"Point","coordinates":[121.607496,25.052571]},"properties":{"name":"富鼎興貿易有限公司","address":"台北市南港區忠孝東路七段371號","district":"南港區","city":"臺北市","result":"未檢驗","types":"新北抽驗(製造端)","grade":""}},{"type":"Feature","geometry":{"type":"Point","coordinates":[121.565414,25.040865]},"properties":{"name":"富鼎興貿易有限公司","address":"台北市信義區忠孝東路五段8號B2","district":"信義區","city":"臺北市","result":"未檢驗","types":"新北抽驗(製造端)","grade":""}},{"type":"Feature","geometry":{"type":"Point","coordinates":[121.531881,25.016082]},"properties":{"name":"台灣中科生物技研股份有限公司","address":"台北市中正區羅斯福路2段102號24樓之1","district":"中正區","city":"臺北市","result":"檢驗","types":"新北抽驗(製造端)","grade":""}},{"type":"Feature","geometry":{"type":"Point","coordinates":[121.523164,25.068603]},"properties":{"name":"甲天下股份有限公司中山北路分公司","address":"台北市中山區中山北路三段59號1至2樓","district":"中山區","city":"臺北市","result":"檢驗","types":"台北稽查","grade":""}},{"type":"Feature","geometry":{"type":"Point","coordinates":[121.528178,25.051888]},"properties":{"name":"宣洋實業股份有限公司","address":"台北市中山區南京東路2段76號9樓","district":"中山區","city":"臺北市","result":"檢驗","types":"新北抽驗(製造端)、新北抽驗(販售端)","grade":""}},{"type":"Feature","geometry":{"type":"Point","coordinates":[121.550205,25.02722]},"properties":{"name":"嵩亮國際企業股份有限公司","address":"台北市大安區安和路2段181巷9號1樓","district":"大安區","city":"臺北市","result":"檢驗","types":"新北抽驗(製造端)","grade":""}},{"type":"Feature","geometry":{"type":"Point","coordinates":[121.569455,25.080909]},"properties":{"name":"台灣億滋股份有限公司","address":"台北市內湖區洲子街107號6樓","district":"內湖區","city":"臺北市","result":"檢驗","types":"新北抽驗(製造端)","grade":""}},{"type":"Feature","geometry":{"type":"Point","coordinates":[121.560785,25.028443]},"properties":{"name":"寶鴻企業有限公司","address":"台北市信義區吳興街156巷29弄1號1樓","district":"信義區","city":"臺北市","result":"檢驗","types":"新北抽驗(製造端)","grade":""}},{"type":"Feature","geometry":{"type":"Point","coordinates":[121.576702,25.060009]},"properties":{"name":"寶鴻企業有限公司","address":"台北市內湖區新湖一路128巷36號2樓","district":"內湖區","city":"臺北市","result":"檢驗","types":"新北抽驗(製造端)","grade":""}},{"type":"Feature","geometry":{"type":"Point","coordinates":[121.524444,25.044338]},"properties":{"name":"寶鴻企業有限公司","address":"台北市中正區忠孝東路一段86號2樓","district":"中正區","city":"臺北市","result":"檢驗","types":"新北抽驗(製造端)","grade":""}},{"type":"Feature","geometry":{"type":"Point","coordinates":[121.499402,25.124435]},"properties":{"name":"寶鴻企業有限公司","address":"台北市北投區大業路136號5樓","district":"北投區","city":"臺北市","result":"檢驗","types":"新北抽驗(製造端)","grade":""}},{"type":"Feature","geometry":{"type":"Point","coordinates":[121.549623,25.05838]},"properties":{"name":"達誼生物科技股份有限公司","address":"台北市松山區敦化北路303號10樓之7","district":"松山區","city":"臺北市","result":"檢驗","types":"新北抽驗(製造端)","grade":""}},{"type":"Feature","geometry":{"type":"Point","coordinates":[121.558259,25.059636]},"properties":{"name":"寶雅國際股份有限公司","address":"台北市松山區民生東路五段163-1號","district":"松山區","city":"臺北市","result":"檢驗","types":"新北抽驗(販售端)","grade":""}},{"type":"Feature","geometry":{"type":"Point","coordinates":[121.531892,25.03343]},"properties":{"name":"寶雅國際股份有限公司","address":"台北市大安區信義路二段230號地下一樓","district":"大安區","city":"臺北市","result":"檢驗","types":"新北抽驗(販售端)","grade":""}},{"type":"Feature","geometry":{"type":"Point","coordinates":[121.57584,25.049849]},"properties":{"name":"寶雅國際股份有限公司","address":"台北市松山區八德路四段660號1~2樓","district":"松山區","city":"臺北市","result":"檢驗","types":"新北抽驗(販售端)","grade":""}},{"type":"Feature","geometry":{"type":"Point","coordinates":[121.611356,25.070142]},"properties":{"name":"寶雅國際股份有限公司","address":"台北市內湖區康寧路三段72號B1-2、74號1樓","district":"內湖區","city":"臺北市","result":"檢驗","types":"新北抽驗(販售端)","grade":""}},{"type":"Feature","geometry":{"type":"Point","coordinates":[121.525257,25.106004]},"properties":{"name":"寶雅國際股份有限公司","address":"台北市士林區中山北路六段1號1~3樓","district":"士林區","city":"臺北市","result":"檢驗","types":"新北抽驗(販售端)","grade":""}},{"type":"Feature","geometry":{"type":"Point","coordinates":[121.526293,25.061296]},"properties":{"name":"寶雅國際股份有限公司","address":"台北市中山區林森北路487號1樓","district":"中山區","city":"臺北市","result":"檢驗","types":"新北抽驗(販售端)","grade":""}},{"type":"Feature","geometry":{"type":"Point","coordinates":[121.576317,25.040924]},"properties":{"name":"寶雅國際股份有限公司","address":"台北市信義區忠孝東路五段297-1號1樓","district":"信義區","city":"臺北市","result":"檢驗","types":"新北抽驗(販售端)","grade":""}},{"type":"Feature","geometry":{"type":"Point","coordinates":[121.553338,25.041161]},"properties":{"name":"寶雅國際股份有限公司","address":"台北市大安區忠孝東路四段218-2～218-7號","district":"大安區","city":"臺北市","result":"檢驗","types":"新北抽驗(販售端)","grade":""}},{"type":"Feature","geometry":{"type":"Point","coordinates":[121.520661,25.0284]},"properties":{"name":"寶雅國際股份有限公司","address":"台北市中正區羅斯福路二段100號1樓","district":"中正區","city":"臺北市","result":"檢驗","types":"新北抽驗(販售端)","grade":""}},{"type":"Feature","geometry":{"type":"Point","coordinates":[121.514389,25.045831]},"properties":{"name":"寶雅國際股份有限公司","address":"台北市中正區開封街一段2號地下一層","district":"中正區","city":"臺北市","result":"檢驗","types":"新北抽驗(販售端)","grade":""}},{"type":"Feature","geometry":{"type":"Point","coordinates":[121.505165,25.044509]},"properties":{"name":"寶雅國際股份有限公司","address":"台北市萬華區萬華區昆明街98之4號一樓","district":"萬華區","city":"臺北市","result":"檢驗","types":"新北抽驗(販售端)","grade":""}},{"type":"Feature","geometry":{"type":"Point","coordinates":[121.535127,25.012818]},"properties":{"name":"寶雅國際股份有限公司","address":"台北市中正區汀州路三段184-4號","district":"中正區","city":"臺北市","result":"檢驗","types":"新北抽驗(販售端)","grade":""}},{"type":"Feature","geometry":{"type":"Point","coordinates":[121.521756,25.052539]},"properties":{"name":"寶雅國際股份有限公司","address":"台北市中山區南京西路1號1樓","district":"中山區","city":"臺北市","result":"檢驗","types":"新北抽驗(販售端)","grade":""}},{"type":"Feature","geometry":{"type":"Point","coordinates":[121.532251,25.052121]},"properties":{"name":"寶雅國際股份有限公司","address":"台北市中山區南京東路二段15、17、19號1~3樓","district":"中山區","city":"臺北市","result":"檢驗","types":"新北抽驗(販售端)","grade":""}},{"type":"Feature","geometry":{"type":"Point","coordinates":[121.611534,25.05317]},"properties":{"name":"寶雅國際股份有限公司","address":"台北市南港區忠孝東路7段299號6樓","district":"南港區","city":"臺北市","result":"檢驗","types":"新北抽驗(販售端)","grade":""}},{"type":"Feature","geometry":{"type":"Point","coordinates":[121.49936,25.141771]},"properties":{"name":"寶雅國際股份有限公司","address":"台北市北投區中和街366號及366之1號","district":"北投區","city":"臺北市","result":"檢驗","types":"新北抽驗(販售端)","grade":""}},{"type":"Feature","geometry":{"type":"Point","coordinates":[121.563621,25.027925]},"properties":{"name":"寶雅國際股份有限公司","address":"台北市信義區莊敬路330號","district":"信義區","city":"臺北市","result":"檢驗","types":"新北抽驗(販售端)","grade":""}},{"type":"Feature","geometry":{"type":"Point","coordinates":[121.54325,25.042267]},"properties":{"name":"寶雅國際股份有限公司","address":"台北市大安區忠孝東路三段303號、305號1、2樓","district":"大安區","city":"臺北市","result":"檢驗","types":"新北抽驗(販售端)","grade":""}},{"type":"Feature","geometry":{"type":"Point","coordinates":[121.543457,25.05458]},"properties":{"name":"寶雅國際股份有限公司","address":"台北市中山區長春路350-1號","district":"中山區","city":"臺北市","result":"檢驗","types":"新北抽驗(販售端)","grade":""}},{"type":"Feature","geometry":{"type":"Point","coordinates":[121.498968,25.130513]},"properties":{"name":"寶雅國際股份有限公司","address":"台北市北投區北投路二段9號地下一樓","district":"北投區","city":"臺北市","result":"檢驗","types":"新北抽驗(販售端)","grade":""}},{"type":"Feature","geometry":{"type":"Point","coordinates":[121.542435,24.991484]},"properties":{"name":"寶雅國際股份有限公司","address":"台北市文山區景後街130號","district":"文山區","city":"臺北市","result":"檢驗","types":"新北抽驗(販售端)","grade":""}},{"type":"Feature","geometry":{"type":"Point","coordinates":[121.555048,25.030188]},"properties":{"name":"寶雅國際股份有限公司","address":"台北市大安區臨江街87號地下一樓","district":"大安區","city":"臺北市","result":"檢驗","types":"新北抽驗(販售端)","grade":""}},{"type":"Feature","geometry":{"type":"Point","coordinates":[121.550332,25.047995]},"properties":{"name":"寶雅國際股份有限公司","address":"台北市松山區八德路三段10號","district":"松山區","city":"臺北市","result":"檢驗","types":"新北抽驗(販售端)","grade":""}},{"type":"Feature","geometry":{"type":"Point","coordinates":[121.521344,25.11755]},"properties":{"name":"寶雅國際股份有限公司","address":"台北市北投區明德路365號","district":"北投區","city":"臺北市","result":"檢驗","types":"新北抽驗(販售端)","grade":""}},{"type":"Feature","geometry":{"type":"Point","coordinates":[121.467903,25.128383]},"properties":{"name":"寶雅國際股份有限公司","address":"台北市北投區中央北路四段532號1樓","district":"北投區","city":"臺北市","result":"檢驗","types":"新北抽驗(販售端)","grade":""}},{"type":"Feature","geometry":{"type":"Point","coordinates":[121.566264,25.035351]},"properties":{"name":"寶雅國際股份有限公司","address":"台北市信義區松壽路12號","district":"信義區","city":"臺北市","result":"檢驗","types":"新北抽驗(販售端)","grade":""}},{"type":"Feature","geometry":{"type":"Point","coordinates":[121.568702,25.082304]},"properties":{"name":"寶雅國際股份有限公司","address":"台北市內湖區內湖路一段337號","district":"內湖區","city":"臺北市","result":"檢驗","types":"新北抽驗(販售端)","grade":""}},{"type":"Feature","geometry":{"type":"Point","coordinates":[121.542728,25.02206]},"properties":{"name":"寶雅國際股份有限公司","address":"台北市中山區復興南路1段2號3樓","district":"中山區","city":"臺北市","result":"檢驗","types":"新北抽驗(販售端)","grade":""}},{"type":"Feature","geometry":{"type":"Point","coordinates":[121.514138,25.051815]},"properties":{"name":"寶雅國際股份有限公司","address":"台北市大同區重慶北路一段67號1、2樓","district":"大同區","city":"臺北市","result":"檢驗","types":"新北抽驗(販售端)","grade":""}},{"type":"Feature","geometry":{"type":"Point","coordinates":[121.512201,25.056881]},"properties":{"name":"寶雅國際股份有限公司","address":"台北市大同區民生西路300之3號1樓","district":"大同區","city":"臺北市","result":"檢驗","types":"新北抽驗(販售端)","grade":""}},{"type":"Feature","geometry":{"type":"Point","coordinates":[121.533099,25.038936]},"properties":{"name":"寶雅國際股份有限公司","address":"台北市大安區新生南路一段123號1樓","district":"大安區","city":"臺北市","result":"檢驗","types":"新北抽驗(販售端)","grade":""}},{"type":"Feature","geometry":{"type":"Point","coordinates":[121.516762,25.04688]},"properties":{"name":"寶雅國際股份有限公司","address":"台北市中正區忠孝西路一段47號地下街","district":"中正區","city":"臺北市","result":"檢驗","types":"新北抽驗(販售端)","grade":""}},{"type":"Feature","geometry":{"type":"Point","coordinates":[121.511871,25.113796]},"properties":{"name":"寶雅國際股份有限公司","address":"台北市北投區石牌路一段88號1、2樓","district":"北投區","city":"臺北市","result":"檢驗","types":"新北抽驗(販售端)","grade":""}},{"type":"Feature","geometry":{"type":"Point","coordinates":[121.544415,25.059683]},"properties":{"name":"寶雅國際股份有限公司","address":"台北市松山區復興北路331號1樓及地下1樓","district":"松山區","city":"臺北市","result":"檢驗","types":"新北抽驗(販售端)","grade":""}},{"type":"Feature","geometry":{"type":"Point","coordinates":[121.517632,25.03276]},"properties":{"name":"寶雅國際股份有限公司","address":"台北市中正區南海路110之1號","district":"中正區","city":"臺北市","result":"檢驗","types":"新北抽驗(販售端)","grade":""}},{"type":"Feature","geometry":{"type":"Point","coordinates":[121.533498,25.110132]},"properties":{"name":"寶雅國際股份有限公司","address":"台北市士林區忠誠路二段55號","district":"士林區","city":"臺北市","result":"檢驗","types":"新北抽驗(販售端)","grade":""}},{"type":"Feature","geometry":{"type":"Point","coordinates":[121.594547,25.084081]},"properties":{"name":"寶雅國際股份有限公司","address":"台北市內湖區成功路四段188號2樓","district":"內湖區","city":"臺北市","result":"檢驗","types":"新北抽驗(販售端)","grade":""}},{"type":"Feature","geometry":{"type":"Point","coordinates":[121.505706,25.045077]},"properties":{"name":"寶雅國際股份有限公司","address":"台北市萬華區萬華區武昌街二段77號B1","district":"萬華區","city":"臺北市","result":"檢驗","types":"新北抽驗(販售端)","grade":""}},{"type":"Feature","geometry":{"type":"Point","coordinates":[121.543777,25.03057]},"properties":{"name":"寶雅國際股份有限公司","address":"台北市大安區復興南路二段65號1樓","district":"大安區","city":"臺北市","result":"檢驗","types":"新北抽驗(販售端)","grade":""}},{"type":"Feature","geometry":{"type":"Point","coordinates":[121.533656,25.051838]},"properties":{"name":"寶雅國際股份有限公司","address":"台北市中山區南京東路二段132號1樓","district":"中山區","city":"臺北市","result":"檢驗","types":"新北抽驗(販售端)","grade":""}},{"type":"Feature","geometry":{"type":"Point","coordinates":[121.522158,25.088028]},"properties":{"name":"寶雅國際股份有限公司","address":"台北市士林區承德路四段220號1樓","district":"士林區","city":"臺北市","result":"檢驗","types":"新北抽驗(販售端)","grade":""}},{"type":"Feature","geometry":{"type":"Point","coordinates":[121.586753,25.046148]},"properties":{"name":"寶雅國際股份有限公司","address":"台北市南港區同德路100號2樓","district":"南港區","city":"臺北市","result":"檢驗","types":"新北抽驗(販售端)","grade":""}},{"type":"Feature","geometry":{"type":"Point","coordinates":[121.530932,25.091453]},"properties":{"name":"寶雅國際股份有限公司","address":"台北市中山區中山北路3段47號","district":"中山區","city":"臺北市","result":"檢驗","types":"新北抽驗(販售端)","grade":""}},{"type":"Feature","geometry":{"type":"Point","coordinates":[121.578219,25.077251]},"properties":{"name":"寶雅國際股份有限公司","address":"台北市內湖區江南街65巷6號地下室","district":"內湖區","city":"臺北市","result":"檢驗","types":"新北抽驗(販售端)","grade":""}},{"type":"Feature","geometry":{"type":"Point","coordinates":[121.505235,25.041923]},"properties":{"name":"明光食品有限公司","address":"台北市萬華區內江街55巷3號","district":"萬華區","city":"臺北市","result":"檢驗","types":"新北抽驗(販售端)","grade":""}},{"type":"Feature","geometry":{"type":"Point","coordinates":[121.533337,25.01803]},"properties":{"name":"爭鮮股份有限公司","address":"台北市大安區新生南路三段88之4號","district":"大安區","city":"臺北市","result":"檢驗","types":"新北抽驗(製造端)、新北抽驗(販售端)","grade":""}},{"type":"Feature","geometry":{"type":"Point","coordinates":[121.522781,25.105742]},"properties":{"name":"爭鮮股份有限公司","address":"台北市士林區德行西路47號1F","district":"士林區","city":"臺北市","result":"檢驗","types":"新北抽驗(製造端)、新北抽驗(販售端)","grade":""}},{"type":"Feature","geometry":{"type":"Point","coordinates":[121.540403,25.137522]},"properties":{"name":"金盃美而美","address":"台北市士林區華岡路55號","district":"士林區","city":"臺北市","result":"檢驗","types":"新北抽驗(製造端)、新北抽驗(販售端)","grade":""}},{"type":"Feature","geometry":{"type":"Point","coordinates":[121.509296,25.025265]},"properties":{"name":"隆安蔘藥行","address":"台北市中正區中華路2段313巷1號","district":"中正區","city":"臺北市","result":"檢驗","types":"新北抽驗(販售端)","grade":""}},{"type":"Feature","geometry":{"type":"Point","coordinates":[121.514037,25.044128]},"properties":{"name":"永和豆漿","address":"台北市中正區懷寧街62之1號","district":"中正區","city":"臺北市","result":"未檢驗","types":"新北抽驗(販售端)","grade":""}},{"type":"Feature","geometry":{"type":"Point","coordinates":[121.541743,25.046411]},"properties":{"name":"安東天下食堂","address":"台北市中山區安東街4之5號","district":"中山區","city":"臺北市","result":"檢驗","types":"台北稽查","grade":""}},{"type":"Feature","geometry":{"type":"Point","coordinates":[121.537882,25.084488]},"properties":{"name":"鑫富餐飲有限公司","address":"台北市中山區通北街132巷3號","district":"中山區","city":"臺北市","result":"檢驗","types":"新北抽驗(製造端)、新北抽驗(販售端)","grade":""}},{"type":"Feature","geometry":{"type":"Point","coordinates":[121.544729,25.064866]},"properties":{"name":"禾禾園國際貿易有限公司","address":"台北市松山區復興北路1號11樓之1","district":"松山區","city":"臺北市","result":"檢驗","types":"新北抽驗(製造端)","grade":""}},{"type":"Feature","geometry":{"type":"Point","coordinates":[121.522781,25.105742]},"properties":{"name":"楓丹養生事業有限公司","address":"台北市士林區德行西路47號","district":"士林區","city":"臺北市","result":"檢驗","types":"新北抽驗(製造端)","grade":""}},{"type":"Feature","geometry":{"type":"Point","coordinates":[121.575362,25.060142]},"properties":{"name":"楓丹養生事業有限公司","address":"台北市內湖區民善街88號","district":"內湖區","city":"臺北市","result":"檢驗","types":"新北抽驗(製造端)","grade":""}},{"type":"Feature","geometry":{"type":"Point","coordinates":[121.513714,25.058541]},"properties":{"name":"楓丹養生事業有限公司","address":"台北市大同區重慶北路二段171B1","district":"大同區","city":"臺北市","result":"檢驗","types":"新北抽驗(製造端)","grade":""}},{"type":"Feature","geometry":{"type":"Point","coordinates":[121.495751,25.038089]},"properties":{"name":"楓丹養生事業有限公司","address":"台北市萬華區桂林路1號3樓","district":"萬華區","city":"臺北市","result":"檢驗","types":"新北抽驗(製造端)","grade":""}},{"type":"Feature","geometry":{"type":"Point","coordinates":[121.531379,25.03798]},"properties":{"name":"淳信國際有限公司","address":"台北市中正區仁愛路二段94號2樓","district":"中正區","city":"臺北市","result":"檢驗","types":"新北抽驗(製造端)","grade":""}},{"type":"Feature","geometry":{"type":"Point","coordinates":[121.550141,25.030817]},"properties":{"name":"淳信國際有限公司","address":"台北市大安區敦化南路二段105號12樓","district":"大安區","city":"臺北市","result":"檢驗","types":"新北抽驗(製造端)","grade":""}},{"type":"Feature","geometry":{"type":"Point","coordinates":[121.581393,25.050156]},"properties":{"name":"淳信國際有限公司","address":"台北市南港區八德路四段768巷1弄20號10樓","district":"南港區","city":"臺北市","result":"檢驗","types":"新北抽驗(製造端)","grade":""}},{"type":"Feature","geometry":{"type":"Point","coordinates":[121.572138,25.079836]},"properties":{"name":"淳信國際有限公司","address":"台北市內湖區洲子街71號2樓","district":"內湖區","city":"臺北市","result":"檢驗","types":"新北抽驗(製造端)","grade":""}},{"type":"Feature","geometry":{"type":"Point","coordinates":[121.547669,25.027889]},"properties":{"name":"淳信國際有限公司","address":"台北市大安區四維路176巷10號","district":"大安區","city":"臺北市","result":"檢驗","types":"新北抽驗(製造端)","grade":""}},{"type":"Feature","geometry":{"type":"Point","coordinates":[121.579273,25.063546]},"properties":{"name":"圖騰包裝股份有限公司","address":"台北市內湖區行愛路140巷27號6樓","district":"內湖區","city":"臺北市","result":"檢驗","types":"新北抽驗(製造端)","grade":""}},{"type":"Feature","geometry":{"type":"Point","coordinates":[121.579393,25.063609]},"properties":{"name":"圖騰包裝股份有限公司","address":"台北市內湖區行愛路140巷25號6樓","district":"內湖區","city":"臺北市","result":"檢驗","types":"新北抽驗(製造端)","grade":""}},{"type":"Feature","geometry":{"type":"Point","coordinates":[121.50905,25.062361]},"properties":{"name":"金鎂麗食品有限公司","address":"台北市大同區迪化街1段159號1樓","district":"大同區","city":"臺北市","result":"檢驗","types":"新北抽驗(製造端)","grade":""}},{"type":"Feature","geometry":{"type":"Point","coordinates":[121.505894,25.048762]},"properties":{"name":"京品雞鴨有限公司","address":"台北市萬華區環河南路2段177號5樓","district":"萬華區","city":"臺北市","result":"檢驗","types":"新北抽驗(製造端)","grade":""}},{"type":"Feature","geometry":{"type":"Point","coordinates":[121.533847,25.051567]},"properties":{"name":"天工生技股份有限公司","address":"台北市中山區南京東路3段70號4樓","district":"中山區","city":"臺北市","result":"檢驗","types":"新北抽驗(製造端)","grade":""}},{"type":"Feature","geometry":{"type":"Point","coordinates":[121.521482,25.051338]},"properties":{"name":"台灣東利多股份有限公司","address":"台北市中山區南京西路15號 B1","district":"中山區","city":"臺北市","result":"檢驗","types":"台北稽查","grade":""}},{"type":"Feature","geometry":{"type":"Point","coordinates":[121.50905,25.062361]},"properties":{"name":"聯昇貿易有限公司","address":"台北市大同區迪化街1段64號2樓","district":"大同區","city":"臺北市","result":"檢驗","types":"新北抽驗(製造端)","grade":""}},{"type":"Feature","geometry":{"type":"Point","coordinates":[121.515705,25.074971]},"properties":{"name":"尚恆實業有限公司","address":"台北市大同區哈密街59巷18弄4號","district":"大同區","city":"臺北市","result":"檢驗","types":"新北抽驗(製造端)","grade":""}},{"type":"Feature","geometry":{"type":"Point","coordinates":[121.498194,25.019671]},"properties":{"name":"高洪有限公司","address":"台北市萬華區萬大路493巷12弄9號","district":"萬華區","city":"臺北市","result":"未檢驗","types":"新北抽驗(製造端)","grade":""}},{"type":"Feature","geometry":{"type":"Point","coordinates":[121.554878,25.036936]},"properties":{"name":"明德素食園","address":"台北市大安區仁愛路4段300巷17弄3號","district":"大安區","city":"臺北市","result":"檢驗","types":"新北抽驗(販售端)","grade":""}},{"type":"Feature","geometry":{"type":"Point","coordinates":[121.553562,25.035927]},"properties":{"name":"明德素食園","address":"台北市大安區仁愛路四段300巷17弄3號","district":"大安區","city":"臺北市","result":"檢驗","types":"新北抽驗(販售端)","grade":""}},{"type":"Feature","geometry":{"type":"Point","coordinates":[121.540163,24.991826]},"properties":{"name":"裕馥西點麵包店","address":"台北市文山區羅斯福路六段258號1樓","district":"文山區","city":"臺北市","result":"檢驗","types":"新北抽驗(製造端)、新北抽驗(販售端)","grade":""}},{"type":"Feature","geometry":{"type":"Point","coordinates":[121.540163,24.991826]},"properties":{"name":"裕馥西點麵包店","address":"台北市文山區羅斯福路六段258號","district":"文山區","city":"臺北市","result":"檢驗","types":"新北抽驗(製造端)、新北抽驗(販售端)","grade":""}},{"type":"Feature","geometry":{"type":"Point","coordinates":[121.597462,25.056746]},"properties":{"name":"茂業興業有限公司","address":"台北市南港區向陽路106號","district":"南港區","city":"臺北市","result":"檢驗","types":"新北抽驗(製造端)","grade":""}},{"type":"Feature","geometry":{"type":"Point","coordinates":[121.594497,25.05506]},"properties":{"name":"茂業興業有限公司","address":"台北市南港區東明里向陽路一０六號","district":"南港區","city":"臺北市","result":"檢驗","types":"新北抽驗(製造端)","grade":""}},{"type":"Feature","geometry":{"type":"Point","coordinates":[121.603188,25.058349]},"properties":{"name":"裕明興業股份有限公司","address":"台北市南港區重陽路263巷5號","district":"南港區","city":"臺北市","result":"檢驗","types":"新北抽驗(製造端)","grade":""}},{"type":"Feature","geometry":{"type":"Point","coordinates":[121.51616,25.045081]},"properties":{"name":"聯發國際餐飲事業股份有限公司","address":"台北市中正區南陽街11號","district":"中正區","city":"臺北市","result":"檢驗","types":"新北抽驗(製造端)","grade":""}},{"type":"Feature","geometry":{"type":"Point","coordinates":[121.552764,25.042432]},"properties":{"name":"聯發國際餐飲事業股份有限公司","address":"台北市大安區敦化南路一段187巷72號1樓","district":"大安區","city":"臺北市","result":"檢驗","types":"新北抽驗(製造端)","grade":""}},{"type":"Feature","geometry":{"type":"Point","coordinates":[121.551235,25.044033]},"properties":{"name":"聯發國際餐飲事業股份有限公司","address":"台北市大安區建安里忠孝東路四段181巷13號","district":"大安區","city":"臺北市","result":"檢驗","types":"新北抽驗(製造端)","grade":""}},{"type":"Feature","geometry":{"type":"Point","coordinates":[121.575147,25.04221]},"properties":{"name":"聯發國際餐飲事業股份有限公司","address":"台北市信義區虎林街133號","district":"信義區","city":"臺北市","result":"檢驗","types":"新北抽驗(製造端)","grade":""}},{"type":"Feature","geometry":{"type":"Point","coordinates":[121.575621,25.046805]},"properties":{"name":"聯發國際餐飲事業股份有限公司","address":"台北市信義區永吉路30巷114號","district":"信義區","city":"臺北市","result":"檢驗","types":"新北抽驗(製造端)","grade":""}},{"type":"Feature","geometry":{"type":"Point","coordinates":[121.526104,25.09477]},"properties":{"name":"聯發國際餐飲事業股份有限公司","address":"台北市士林區中正路235巷22號","district":"士林區","city":"臺北市","result":"檢驗","types":"新北抽驗(製造端)","grade":""}},{"type":"Feature","geometry":{"type":"Point","coordinates":[121.55953,25.042315]},"properties":{"name":"聯發國際餐飲事業股份有限公司","address":"台北市信義區忠孝東路四段515號","district":"信義區","city":"臺北市","result":"檢驗","types":"新北抽驗(製造端)","grade":""}},{"type":"Feature","geometry":{"type":"Point","coordinates":[121.570342,25.081868]},"properties":{"name":"聯發國際餐飲事業股份有限公司","address":"台北市內湖區內湖路一段395號","district":"內湖區","city":"臺北市","result":"檢驗","types":"新北抽驗(製造端)","grade":""}},{"type":"Feature","geometry":{"type":"Point","coordinates":[121.553751,25.032968]},"properties":{"name":"聯發國際餐飲事業股份有限公司","address":"台北市大安區信義路四段256號","district":"大安區","city":"臺北市","result":"檢驗","types":"新北抽驗(製造端)","grade":""}},{"type":"Feature","geometry":{"type":"Point","coordinates":[121.546747,25.043216]},"properties":{"name":"聯發國際餐飲事業股份有限公司","address":"台北市大安區大安路一段11號","district":"大安區","city":"臺北市","result":"檢驗","types":"新北抽驗(製造端)","grade":""}},{"type":"Feature","geometry":{"type":"Point","coordinates":[121.557084,24.998983]},"properties":{"name":"聯發國際餐飲事業股份有限公司","address":"台北市文山區興隆路三段112巷2弄5號","district":"文山區","city":"臺北市","result":"檢驗","types":"新北抽驗(製造端)","grade":""}},{"type":"Feature","geometry":{"type":"Point","coordinates":[121.548925,25.08273]},"properties":{"name":"聯發國際餐飲事業股份有限公司","address":"台北市中山區北安路569之1號","district":"中山區","city":"臺北市","result":"檢驗","types":"新北抽驗(製造端)","grade":""}},{"type":"Feature","geometry":{"type":"Point","coordinates":[121.516148,25.117057]},"properties":{"name":"聯發國際餐飲事業股份有限公司","address":"台北市北投區石牌路二段85號","district":"北投區","city":"臺北市","result":"檢驗","types":"新北抽驗(製造端)","grade":""}},{"type":"Feature","geometry":{"type":"Point","coordinates":[121.520156,25.051812]},"properties":{"name":"聯發國際餐飲事業股份有限公司","address":"台北市大同區南京西路18巷6弄1-3號","district":"大同區","city":"臺北市","result":"檢驗","types":"新北抽驗(製造端)","grade":""}},{"type":"Feature","geometry":{"type":"Point","coordinates":[121.503818,25.13624]},"properties":{"name":"聯發國際餐飲事業股份有限公司","address":"台北市北投區光明路215號","district":"北投區","city":"臺北市","result":"檢驗","types":"新北抽驗(製造端)","grade":""}},{"type":"Feature","geometry":{"type":"Point","coordinates":[121.534128,25.061109]},"properties":{"name":"金橞食品股份有限公司","address":"台北市中山區松江路297巷5號1樓","district":"中山區","city":"臺北市","result":"檢驗","types":"台北稽查","grade":""}},{"type":"Feature","geometry":{"type":"Point","coordinates":[121.522289,25.117637]},"properties":{"name":"貿信輝農產品有限公司","address":"台北市北投區北投區明德路337巷13號1樓","district":"北投區","city":"臺北市","result":"檢驗","types":"新北抽驗(製造端)","grade":""}},{"type":"Feature","geometry":{"type":"Point","coordinates":[121.564194,24.983011]},"properties":{"name":"巨林美而美","address":"台北市文山區順興里木新路２段２３０號１樓","district":"文山區","city":"臺北市","result":"檢驗","types":"新北抽驗(製造端)、新北抽驗(販售端)","grade":""}},{"type":"Feature","geometry":{"type":"Point","coordinates":[121.530904,25.059411]},"properties":{"name":"彰合商行","address":"台北市中山區吉林路161巷1之6號1樓","district":"中山區","city":"臺北市","result":"檢驗","types":"台北稽查","grade":""}},{"type":"Feature","geometry":{"type":"Point","coordinates":[121.614083,25.055975]},"properties":{"name":"永和豆漿","address":"台北市南港區三重里三重路２８號１樓","district":"南港區","city":"臺北市","result":"未檢驗","types":"新北抽驗(販售端)","grade":""}},{"type":"Feature","geometry":{"type":"Point","coordinates":[121.614083,25.055975]},"properties":{"name":"永和豆漿","address":"台北市南港區三重路２８號１樓","district":"南港區","city":"臺北市","result":"未檢驗","types":"新北抽驗(販售端)","grade":""}},{"type":"Feature","geometry":{"type":"Point","coordinates":[121.557861,25.060048]},"properties":{"name":"呷尚寶早餐店","address":"台北市松山區新東里民生東路５段２２３號１樓","district":"松山區","city":"臺北市","result":"檢驗","types":"新北抽驗(販售端)","grade":""}},{"type":"Feature","geometry":{"type":"Point","coordinates":[121.558259,25.059636]},"properties":{"name":"呷尚寶早餐店","address":"台北市松山區民生東路五段223號","district":"松山區","city":"臺北市","result":"檢驗","types":"新北抽驗(販售端)","grade":""}},{"type":"Feature","geometry":{"type":"Point","coordinates":[121.509897,25.081502]},"properties":{"name":"無市招早餐店","address":"台北市士林區葫蘆街30巷27號","district":"士林區","city":"臺北市","result":"檢驗","types":"新北抽驗(製造端)、新北抽驗(販售端)","grade":""}},{"type":"Feature","geometry":{"type":"Point","coordinates":[121.52453,25.056488]},"properties":{"name":"圓山老崔食品店","address":"台北市中山區中山北路2段137巷33號1樓","district":"中山區","city":"臺北市","result":"檢驗","types":"台北稽查","grade":""}},{"type":"Feature","geometry":{"type":"Point","coordinates":[121.525724,25.059113]},"properties":{"name":"凍未條雞肉飯","address":"台北市中山區林森北路399巷2號","district":"中山區","city":"臺北市","result":"檢驗","types":"台北稽查","grade":""}},{"type":"Feature","geometry":{"type":"Point","coordinates":[121.580256,25.055454]},"properties":{"name":"彰化肉圓","address":"台北市內湖區週美里新明路３８０巷５―１號","district":"內湖區","city":"臺北市","result":"檢驗","types":"新北抽驗(製造端)","grade":""}},{"type":"Feature","geometry":{"type":"Point","coordinates":[121.541434,25.060121]},"properties":{"name":"茂山商行","address":"台北市中山區錦州街398號1樓","district":"中山區","city":"臺北市","result":"檢驗","types":"台北稽查","grade":""}},{"type":"Feature","geometry":{"type":"Point","coordinates":[121.507298,25.04535]},"properties":{"name":"巨林美而美","address":"台北市萬華區漢口街二段34巷5號","district":"萬華區","city":"臺北市","result":"檢驗","types":"新北抽驗(製造端)、新北抽驗(販售端)","grade":""}},{"type":"Feature","geometry":{"type":"Point","coordinates":[121.50905,25.062361]},"properties":{"name":"正德蔘藥有限公司","address":"台北市大同區迪化街1段238號","district":"大同區","city":"臺北市","result":"檢驗","types":"新北抽驗(製造端)","grade":""}},{"type":"Feature","geometry":{"type":"Point","coordinates":[121.509327,25.060024]},"properties":{"name":"正德蔘藥有限公司","address":"台北市大同區迪化街一段238號","district":"大同區","city":"臺北市","result":"檢驗","types":"新北抽驗(製造端)","grade":""}},{"type":"Feature","geometry":{"type":"Point","coordinates":[121.576734,25.050322]},"properties":{"name":"越南美食","address":"台北市松山區八德路3段76號2樓","district":"松山區","city":"臺北市","result":"檢驗","types":"新北抽驗(販售端)","grade":""}},{"type":"Feature","geometry":{"type":"Point","coordinates":[121.579008,25.051704]},"properties":{"name":"永和豆漿大王","address":"台北市松山區慈祐里八德路４段６９１―１號１樓","district":"松山區","city":"臺北市","result":"檢驗","types":"新北抽驗(製造端)、新北抽驗(販售端)","grade":""}},{"type":"Feature","geometry":{"type":"Point","coordinates":[121.579008,25.051704]},"properties":{"name":"永和豆漿大王","address":"台北市松山區八德路4段691-1號1樓","district":"松山區","city":"臺北市","result":"檢驗","types":"新北抽驗(製造端)、新北抽驗(販售端)","grade":""}},{"type":"Feature","geometry":{"type":"Point","coordinates":[121.523706,25.064503]},"properties":{"name":"晴光臨時攤販集中場-陳家越南美食","address":"台北市中山區農安街2巷及雙城街12巷","district":"中山區","city":"臺北市","result":"檢驗","types":"台北稽查","grade":""}},{"type":"Feature","geometry":{"type":"Point","coordinates":[121.551037,25.023959]},"properties":{"name":"追求卓越股份有限公司","address":"台北市大安區和平東路2段295號13樓","district":"大安區","city":"臺北市","result":"檢驗","types":"新北抽驗(製造端)","grade":""}},{"type":"Feature","geometry":{"type":"Point","coordinates":[121.498041,25.14347]},"properties":{"name":"好點子國際商行","address":"台北市北投區中和街409號","district":"北投區","city":"臺北市","result":"檢驗","types":"新北抽驗(製造端)","grade":""}},{"type":"Feature","geometry":{"type":"Point","coordinates":[121.513129,25.054083]},"properties":{"name":"深坑大關臭豆腐有限公司","address":"台北市大同區南京西路163號2樓之73","district":"大同區","city":"臺北市","result":"檢驗","types":"新北抽驗(製造端)","grade":""}},{"type":"Feature","geometry":{"type":"Point","coordinates":[121.565071,25.039515]},"properties":{"name":"湘鄉食品有限公司","address":"台北市信義區松高路9號25樓","district":"信義區","city":"臺北市","result":"檢驗","types":"新北抽驗(製造端)","grade":""}},{"type":"Feature","geometry":{"type":"Point","coordinates":[121.520752,25.04994]},"properties":{"name":"韓濟名味品有限公司","address":"台北市中山區長安西路24號7樓","district":"中山區","city":"臺北市","result":"檢驗","types":"新北抽驗(製造端)、新北抽驗(販售端)","grade":""}},{"type":"Feature","geometry":{"type":"Point","coordinates":[121.543531,25.059373]},"properties":{"name":"泰德利股份有限公司","address":"台北市中山區中山北路2段52號10樓之2","district":"中山區","city":"臺北市","result":"檢驗","types":"新北抽驗(製造端)","grade":""}},{"type":"Feature","geometry":{"type":"Point","coordinates":[121.496171,25.132153]},"properties":{"name":"羅撒食品股份有限公司","address":"台北市北投區大業路474號3樓","district":"北投區","city":"臺北市","result":"檢驗","types":"新北抽驗(製造端)、新北抽驗(販售端)","grade":""}},{"type":"Feature","geometry":{"type":"Point","coordinates":[121.508688,25.05443]},"properties":{"name":"天藍有限公司","address":"台北市大同區西寧北路78之16號8樓","district":"大同區","city":"臺北市","result":"檢驗","types":"新北抽驗(製造端)","grade":""}},{"type":"Feature","geometry":{"type":"Point","coordinates":[121.560431,25.035595]},"properties":{"name":"巴斯貝利股份有限公司","address":"台北市信義區基隆路1段163號14樓之1","district":"信義區","city":"臺北市","result":"檢驗","types":"新北抽驗(製造端)","grade":""}},{"type":"Feature","geometry":{"type":"Point","coordinates":[121.547298,25.049742]},"properties":{"name":"旗山龍鳳食品股份有限公司","address":"台北市松山區八德路4段111號7樓","district":"松山區","city":"臺北市","result":"未檢驗","types":"新北抽驗(製造端)","grade":""}},{"type":"Feature","geometry":{"type":"Point","coordinates":[121.519481,25.0868]},"properties":{"name":"億可國際飲食股份有限公司","address":"台北市士林區後港街116號3樓","district":"士林區","city":"臺北市","result":"檢驗","types":"新北抽驗(製造端)","grade":""}},{"type":"Feature","geometry":{"type":"Point","coordinates":[121.550754,25.044752]},"properties":{"name":"統一超商股份有限公司","address":"台北市松山區市民大道四段105號","district":"松山區","city":"臺北市","result":"檢驗","types":"新北抽驗(製造端)、新北抽驗(販售端)","grade":""}},{"type":"Feature","geometry":{"type":"Point","coordinates":[121.557018,25.046071]},"properties":{"name":"統一超商股份有限公司","address":"台北市松山區光復南路46巷9號11號1樓","district":"松山區","city":"臺北市","result":"檢驗","types":"新北抽驗(製造端)、新北抽驗(販售端)","grade":""}},{"type":"Feature","geometry":{"type":"Point","coordinates":[121.5576,25.040571]},"properties":{"name":"統一超商股份有限公司","address":"台北市大安區光復南路686-2號686-3號688號","district":"大安區","city":"臺北市","result":"檢驗","types":"新北抽驗(製造端)、新北抽驗(販售端)","grade":""}},{"type":"Feature","geometry":{"type":"Point","coordinates":[121.526186,25.078417]},"properties":{"name":"萊爾富國際股份有限公司","address":"台北市中山區中山北路四段1號販賣部-","district":"中山區","city":"臺北市","result":"檢驗","types":"新北抽驗(製造端)","grade":""}},{"type":"Feature","geometry":{"type":"Point","coordinates":[121.501996,25.131766]},"properties":{"name":"八方雲集國際股份有限公司","address":"台北市北投區大興街14號","district":"北投區","city":"臺北市","result":"檢驗","types":"新北抽驗(製造端)","grade":""}},{"type":"Feature","geometry":{"type":"Point","coordinates":[121.471177,25.124974]},"properties":{"name":"八方雲集國際股份有限公司","address":"台北市北投區立德路15號三樓","district":"北投區","city":"臺北市","result":"檢驗","types":"新北抽驗(製造端)","grade":""}},{"type":"Feature","geometry":{"type":"Point","coordinates":[121.583875,25.078704]},"properties":{"name":"國際機能食品股份有限公司","address":"台北市內湖區文德路１１３號１樓","district":"內湖區","city":"臺北市","result":"未檢驗","types":"新北抽驗(製造端)","grade":""}},{"type":"Feature","geometry":{"type":"Point","coordinates":[121.56731,25.081278]},"properties":{"name":"安永生活事業股份有限公司","address":"台北市內湖區洲子街176號3樓","district":"內湖區","city":"臺北市","result":"檢驗","types":"新北抽驗(製造端)","grade":""}},{"type":"Feature","geometry":{"type":"Point","coordinates":[121.517211,25.052269]},"properties":{"name":"美強生營養品股份有限公司","address":"台北市大同區承德路一段70號17樓","district":"大同區","city":"臺北市","result":"檢驗","types":"新北抽驗(製造端)","grade":""}},{"type":"Feature","geometry":{"type":"Point","coordinates":[121.50549,25.041689]},"properties":{"name":"統一超商股份有限公司","address":"台北市萬華區內江街43號1樓","district":"萬華區","city":"臺北市","result":"檢驗","types":"新北抽驗(製造端)、新北抽驗(販售端)","grade":""}},{"type":"Feature","geometry":{"type":"Point","coordinates":[121.605718,25.054469]},"properties":{"name":"統一超商股份有限公司","address":"台北市南港區南港路二段1號","district":"南港區","city":"臺北市","result":"檢驗","types":"新北抽驗(製造端)、新北抽驗(販售端)","grade":""}},{"type":"Feature","geometry":{"type":"Point","coordinates":[121.59107,25.049542]},"properties":{"name":"萊爾富國際股份有限公司","address":"台北市南港區忠孝東路六段360號","district":"南港區","city":"臺北市","result":"檢驗","types":"新北抽驗(製造端)","grade":""}},{"type":"Feature","geometry":{"type":"Point","coordinates":[121.571783,25.040221]},"properties":{"name":"八方雲集國際股份有限公司","address":"台北市信義區忠孝東路五段236巷6之3號","district":"信義區","city":"臺北市","result":"檢驗","types":"新北抽驗(製造端)","grade":""}},{"type":"Feature","geometry":{"type":"Point","coordinates":[121.584182,25.056959]},"properties":{"name":"八方雲集國際股份有限公司","address":"台北市內湖區新明路226號","district":"內湖區","city":"臺北市","result":"檢驗","types":"新北抽驗(製造端)","grade":""}},{"type":"Feature","geometry":{"type":"Point","coordinates":[121.558523,25.081122]},"properties":{"name":"統一速邁自販股份有限公司","address":"臺北市中山區台北市中山區敬業四路34-98","district":"中山區","city":"臺北市","result":"檢驗","types":"新北抽驗(製造端)","grade":""}},{"type":"Feature","geometry":{"type":"Point","coordinates":[121.611431,25.065719]},"properties":{"name":"統一速邁自販股份有限公司","address":"臺北市內湖區台北市內湖區安康路6號1樓","district":"內湖區","city":"臺北市","result":"檢驗","types":"新北抽驗(製造端)","grade":""}},{"type":"Feature","geometry":{"type":"Point","coordinates":[121.505269,25.043016]},"properties":{"name":"寶雅國際股份有限公司","address":"台北市萬華區成都路81號1樓","district":"萬華區","city":"臺北市","result":"檢驗","types":"新北抽驗(販售端)","grade":""}},{"type":"Feature","geometry":{"type":"Point","coordinates":[121.561111,25.044737]},"properties":{"name":"同興實業股份有限公司","address":"台北市信義區菸廠路88號B1-R038A","district":"信義區","city":"臺北市","result":"檢驗","types":"新北抽驗(製造端)","grade":""}},{"type":"Feature","geometry":{"type":"Point","coordinates":[121.533566,25.015183]},"properties":{"name":"全家便利商店股份有限公司","address":"台北市中正區羅斯福路四段４２號１樓","district":"中正區","city":"臺北市","result":"檢驗","types":"新北抽驗(販售端)","grade":""}},{"type":"Feature","geometry":{"type":"Point","coordinates":[121.579171,25.08033]},"properties":{"name":"全家便利商店股份有限公司","address":"台北市內湖區內湖路一段７３７巷５１弄１之１號","district":"內湖區","city":"臺北市","result":"檢驗","types":"新北抽驗(販售端)","grade":""}},{"type":"Feature","geometry":{"type":"Point","coordinates":[121.516762,25.04688]},"properties":{"name":"不二弄咖啡","address":"台北市中正區忠孝西路一段47號B1(KB138)","district":"中正區","city":"臺北市","result":"檢驗","types":"新北抽驗(製造端)、新北抽驗(販售端)","grade":""}}]}